room_avg_temp,room_max_temp,room_min_temp,room_std_temp,room_avg_speed,room_max_speed,machine_machine_1_box_temp,machine_machine_1_surround_temp,machine_machine_2_box_temp,machine_machine_2_surround_temp,machine_machine_3_box_temp,machine_machine_3_surround_temp,machine_machine_4_box_temp,machine_machine_4_surround_temp,machine_machine_5_box_temp,machine_machine_5_surround_temp,machine_machine_6_box_temp,machine_machine_6_surround_temp,sim_ambient_mean,sim_ambient_median,ambient_cell_count,human_count,sim_wall_temp_mean,sim_wall_temp_median,frame,sim_time_s,sim_time_min,real_datetime,timestamp,ambient_temp_mean_c,background_pixels,background_confidence,date,time
20.815403312478974,27.96326250979049,20.67663153716208,0.4462725335785643,0.0,0.0,,20.85908123276924,24.785734176635746,20.85537722947743,27.957859262219333,21.445664104894913,27.066476119526044,21.33819602312141,20.78948527792449,20.78944547410647,24.037116960567914,21.080242081088077,20.786518700133126,20.788406825407392,6910,0,20.7984941152956,20.78652013270311,1,30.0,0.5,2025-04-29 09:00:30,,,,,,
20.803781486610962,27.963262515890246,20.660283504669245,0.4590232570139806,0.0,0.0,,20.9205784681805,24.785734176635746,20.909644173302375,27.958582993864713,21.71962753716354,27.067015762941697,21.581747577570706,20.779338979215492,20.779274284385334,24.037688169165637,21.195385313347714,20.773817940844697,20.777269113531315,6910,0,20.791667087986703,20.773828186702588,2,60.0,1.0,2025-04-29 09:01:00,,,,,,
20.79178197395822,27.963262518935235,20.645648420767987,0.466957053058081,0.0,0.0,,20.978953180069507,24.785734176635746,20.960517037227785,27.95890301315476,21.881219582711882,27.06724354927743,21.723062992473036,20.769548113192965,20.769467646391117,24.03789658360789,21.257906204832985,20.7618363085596,20.76655745800801,6910,0,20.783553037295842,20.761639034505144,3,90.0,1.5,2025-04-29 09:01:30,,,,,,
20.780077405633527,27.96326252093949,20.632485048151793,0.4727258018468331,0.0,0.0,,21.033445506870226,24.785734176635746,21.007533242051267,27.95909253156047,21.9933529924517,27.067371147046718,21.818329138079427,20.760100185133776,20.760010787770923,24.038002641190328,21.300247061339487,20.750508642971795,20.75625919793434,6910,0,20.7753693123578,20.74994932311974,4,120.0,2.0,2025-04-29 09:02:00,,,,,,
20.768881473848673,27.96326252238481,20.62060118246901,0.47735273036590414,0.0,0.0,,21.08404988314522,24.785734176635746,21.050806062718102,27.959224301217322,22.078906561757126,27.067455407219704,21.889569665245077,20.750983167306064,20.750890874784055,24.038072601050345,21.33290625151538,20.739786637702366,20.746358816866596,6910,0,20.767448175322713,20.738809477616332,5,150.0,2.5,2025-04-29 09:02:30,,,,,,
20.758261478956516,27.963262523502046,20.60984118888329,0.48128993357079447,0.0,0.0,,21.13097133404218,24.785734176635746,21.09061762186944,27.959324716107268,22.14835010604172,27.06751694320781,21.94676018696618,20.74218547370744,20.742095954193715,24.038125882675192,21.359822383846883,20.7296310925667,20.736841659469682,6910,0,20.75988633602137,20.728030434492414,6,180.0,3.0,2025-04-29 09:03:00,,,,,,
20.748228102599725,27.963262524403227,20.600076960638926,0.4847629888770185,0.0,0.0,,21.17446802478392,24.785734176635746,21.127278982389825,27.95940557062969,22.2071416715039,27.067564832633114,21.994882125249955,20.733695938088456,20.733614481546123,24.038169310164733,21.38276330930307,20.720007432648632,20.727691794098398,6910,0,20.752706017263954,20.71784438861018,7,210.0,3.5,2025-04-29 09:03:30,,,,,,
20.73876783274189,27.963262525151105,20.591201344115472,0.48789411156695167,0.0,0.0,,21.21480117006305,24.785734176635746,21.161084240709986,27.959472976679027,22.258359431363285,27.06760367566298,22.036625525138156,20.725503794577282,20.725435204098634,24.038205873488405,21.40267855142982,20.71088404956295,20.718896112082092,6910,0,20.7459029470146,20.708067440880264,8,240.0,4.0,2025-04-29 09:04:00,,,,,,
20.72985658412439,27.963262525784263,20.58312334193437,0.490754073344953,0.0,0.0,,21.252218757958538,24.785734176635746,21.192298183226466,27.959530465200082,22.30384350347395,27.06763606791652,22.073550754588503,20.717598660273257,20.71754717792735,24.038237196490297,21.420160174753562,20.702231652935755,20.71043947929539,6910,0,20.739462910559553,20.69880876417892,9,270.0,4.5,2025-04-29 09:04:30,,,,,,
20.72146598545882,27.96326252632808,20.575764598183834,0.49338675984873864,0.0,0.0,,21.286950787028633,24.785734176635746,21.22115565710775,27.959580258299574,22.34475502327683,27.06766360566458,22.106628783776117,20.709970519337535,20.709939809437298,24.038264318420094,21.43561940943805,20.694022952885568,20.702309232496837,6910,0,20.733368128750445,20.689867772151732,10,300.0,5.0,2025-04-29 09:05:00,,,,,,
20.713566436853363,27.96326252680018,20.569056808593018,0.4958215361623977,0.0,0.0,,21.319208615921145,24.785734176635746,21.24786456299141,27.959623857175092,22.381868815966964,27.067687342377518,22.13650726427382,20.702609708262916,20.702602883625694,24.038287978539927,21.449363260902945,20.686232459557612,20.69449307164188,6910,0,20.727599906826534,20.681319088961374,11,330.0,5.5,2025-04-29 09:05:30,,,,,,
20.706128626626363,27.96326252721337,20.562939798480993,0.4980796745544975,0.0,0.0,,21.34918579260965,24.785734176635746,21.272609537879035,27.959662337665456,22.4157324862888,27.067708014650936,22.163647554718366,20.695506902113944,20.695526573649182,24.03830873703456,21.46163201043671,20.678836331265135,20.686978861199773,6910,0,20.722139777970202,20.673182041014414,12,360.0,6.0,2025-04-29 09:06:00,,,,,,
20.69912427548716,27.963262527577324,20.557360083383568,0.5001777548666618,0.0,0.0,,21.3770593723234,24.785734176635746,21.29555535744733,27.95969650851942,22.446755054485276,27.06772616211452,22.18839800913658,20.688653101598955,20.688701436421706,24.038327034835724,21.47261972017935,20.6718122474099,20.67975478132115,6910,0,20.716969995294157,20.665419903633435,13,390.0,6.5,2025-04-29 09:06:30,,,,,,
20.692526481325686,27.96326252789958,20.552269779163684,0.5021294858753245,0.0,0.0,,21.402991337330192,24.785734176635746,21.316849814463545,27.959727000834448,22.47525736847679,27.067742195031446,22.21103457600326,20.682039620872825,20.68211840011518,24.0383432274681,21.482486564680617,20.665139296815163,20.672809830069994,6910,0,20.712073727895994,20.658007984667904,14,420.0,7.0,2025-04-29 09:07:00,,,,,,
20.686309854201685,27.963262528186167,20.547625765808508,0.503946693508927,0.0,0.0,,21.427129967612398,24.785734176635746,21.33662608127056,27.959754321236254,22.50150140334556,27.067756434525368,22.231784102383866,20.675658075994257,20.675768747941483,24.03835760633758,21.49136684421184,20.658797877226267,20.666132993476648,6910,0,20.70743511852414,20.65090878253913,15,450.0,7.5,2025-04-29 09:07:30,,,,,,
20.680450540732767,27.963262528441994,20.543389036024216,0.5056398668826702,0.0,0.0,,21.449611107993377,24.785734176635746,21.355004636050417,27.95977888513186,22.52570773539659,27.067769137731947,22.25083823524184,20.669500373972078,20.669644100889307,24.03837041319762,21.499374516428837,20.65276960374477,20.65971418179665,6910,0,20.703039275959195,20.644122659240324,16,480.0,8.0,2025-04-29 09:08:00,,,,,,
20.67492619083545,27.963262528671127,20.539524179101452,0.5072184689628891,0.0,0.0,,21.47055931773512,24.785734176635746,21.372094840443808,27.959801038558034,22.548066302204635,27.06778051425318,22.268362077159114,20.66355870234617,20.663736400832978,24.03838185052517,21.506607194875127,20.647037224839256,20.653543402372243,6910,0,20.698872237241495,20.637623251186668,17,510.0,8.5,2025-04-29 09:08:30,,,,,,
20.669715895462687,27.96326252887697,20.535998964449778,0.508691121719368,0.0,0.0,,21.490088905370115,24.785734176635746,21.38799624421107,27.959821073225463,22.568743291092925,27.06779073737306,22.284499836892607,20.65782551925343,20.658037894650544,24.038392089245328,21.513149141746624,20.641584545000864,20.647610873422572,6910,0,20.694920917051533,20.631412468964257,18,540.0,9.0,2025-04-29 09:09:00,,,,,,
20.66480011094899,27.9632625290624,20.532783999195072,0.5100657241554934,0.0,0.0,,21.50830485789249,24.785734176635746,21.402799677016787,27.95983923732454,22.5878857515638,27.06779995198627,22.299378706892277,20.65229354393615,20.65254111955653,24.03840127463403,21.519073568210825,20.636396353339318,20.641907616580546,6910,0,20.691173052883332,20.62550405571887,19,570.0,9.5,2025-04-29 09:09:30,,,,,,
20.660160578485705,27.963262529229866,20.52985244141384,0.5113495341720519,0.0,0.0,,21.525303675211337,24.785734176635746,21.41658817336079,27.959855743572398,22.605624836251273,27.06780828038335,22.313111658704948,20.646955747654907,20.647238889637528,24.03840953091451,21.52444443935582,20.63145835755077,20.63642469675096,6910,0,20.687617150312608,20.61979434395705,20,600.0,10.0,2025-04-29 09:10:00,,,,,,
20.655780243350858,27.96326252938146,20.527179755725545,0.5125492305876191,0.0,0.0,,21.541174120581584,24.785734176635746,21.429437765407798,27.959870775385795,22.622078189381583,27.067815826586713,22.325799551689023,20.641805344972788,20.642124283485835,24.03841696488801,21.5293179138995,20.6267571227773,20.631153720181622,6910,0,20.68424243043943,20.614371480591593,21,630.0,10.5,2025-04-29 09:10:30,,,,,,
20.65164317635682,27.963262529518992,20.52474350164902,0.5136709638542478,0.0,0.0,,21.55599789677783,24.785734176635746,21.441418169880784,27.95988449172931,22.637351785038863,27.067822679674148,22.337532786623694,20.636835785382605,20.637190632797154,24.03842366883418,21.533743508105324,20.62228001494093,20.62608630487165,6910,0,20.68103878043055,20.609190285434405,22,660.0,11.0,2025-04-29 09:11:00,,,,,,
20.647734498773428,27.963262529644023,20.522523147770205,0.5147203998918626,0.0,0.0,,21.569850256611268,24.785734176635746,21.45259338878575,27.959897030993627,22.651541394798826,27.067828916373724,22.348392643577846,20.63204074525211,20.632431511800164,24.038429722849934,21.537765047430987,20.618015148183236,20.62121467876309,6910,0,20.677996707482862,20.604240360167307,23,690.0,11.5,2025-04-29 09:11:30,,,,,,
20.644040311309304,27.96326252975791,20.520499906649313,0.5157027593117132,0.0,0.0,,21.582800555251225,24.785734176635746,21.4630222390225,27.959908514142622,22.664733794101526,27.067834603120865,22.358452390656268,20.627414120065968,20.627840727400525,24.038435196750793,21.541421452239216,20.61395133607981,20.616531281427303,6910,0,20.67510729621772,20.59951171326423,24,720.0,12.0,2025-04-29 09:12:00,,,,,,
20.640547627356323,27.96326252986183,20.518656586744655,0.5166228531903513,0.0,0.0,,21.5949127507931,24.785734176635746,21.472758822469135,27.959919047295593,22.677007776097053,27.067839797709695,22.367778219508264,20.622950016946287,20.623412309940683,24.03844015162769,21.54474739208673,20.610078046331434,20.612028844123635,6910,0,20.67236216936028,20.59485800023822,25,750.0,12.5,2025-04-29 09:12:30,,,,,,
20.637244310492342,27.963262529956822,20.516977458589476,0.517485115997338,0.0,0.0,,21.60624585863625,24.785734176635746,21.48185294557903,27.95992872386491,22.688435017789466,27.067844550632667,22.376430045171798,20.618642747435615,20.619140504494048,24.038444641130088,21.547773834760232,20.606385358660678,20.607703246933497,6910,0,20.669753451487274,20.590521109270494,26,780.0,13.0,2025-04-29 09:13:00,,,,,,
20.634119016121875,27.963262530043796,20.515448133144638,0.518293636007975,0.0,0.0,,21.61685436449611,24.785734176635746,21.490350495640794,27.959937626338345,22.6990808289445,27.067848906177012,22.384462196618465,20.614486820529045,20.61501976262816,24.03844871253,21.55052851018775,20.6028639256672,20.603554147582937,6910,0,20.667273735601558,20.58643789262337,27,810.0,13.5,2025-04-29 09:13:30,,,,,,
20.631161137074162,27.963262530123544,20.514055450736343,0.5190521834061496,0.0,0.0,,21.62678860025521,24.785734176635746,21.498293779446794,27.95994582777408,22.709004805371933,27.067852903328994,22.391924017279045,20.61047693594316,20.611044734584034,24.03845240760927,21.55303630489749,20.59950493641567,20.599560442351187,6910,0,20.664916052290994,20.582578164513514,28,840.0,14.0,2025-04-29 09:14:00,,,,,,
20.628360752948492,27.963262530196776,20.512787379340924,0.5197642362279362,0.0,0.0,,21.636095086339594,24.785734176635746,21.505721829056895,27.959953393061177,22.718261402556777,27.06785657652489,22.398860390184005,20.60660797761154,20.60721026182935,24.038455763403583,21.555319599357272,20.596300082549458,20.59571497412427,6910,0,20.662673841240967,20.578922787357328,29,870.0,14.5,2025-04-29 09:14:30,,,,,,
20.62570858298548,27.963262530264114,20.511632921226724,0.5204330042757055,0.0,0.0,,21.644816843871162,24.785734176635746,21.512670678540456,27.959960379987198,22.72690044189161,27.06785995627823,22.40531219918296,20.60287500739721,20.60351136995085,24.03845881282938,21.557398557991018,20.593241526740325,20.592014728339933,6910,0,20.66054092488699,20.57534128701001,30,900.0,15.0,2025-04-29 09:15:00,,,,,,
20.623195942242,27.963262530326116,20.510582027144416,0.5210614511258395,0.0,0.0,,21.652993679478453,24.785734176635746,21.519173614957655,27.959966840146176,22.73496755920298,27.06786306970674,22.411316735456943,20.59927325901399,20.599943261857874,24.038461585214776,21.55929137972089,20.590321873299462,20.588461754742056,6910,0,20.658511484013413,20.57184791413941,31,930.0,15.5,2025-04-29 09:15:30,,,,,,
20.620814700852687,27.96326253038327,20.509625517390447,0.5216523143514675,0.0,0.0,,21.660662445333365,24.785734176635746,21.525261406356318,27.95997281971383,22.742504603435695,27.067865940977153,22.416908056876736,20.59579813214887,20.59650131127382,24.03846410675119,21.561014515373206,20.58753414078975,20.585046137254714,6910,0,20.656580035123305,20.568590388809163,32,960.0,16.0,2025-04-29 09:16:00,,,,,,
20.618557246169196,27.96326253043602,20.508755009163988,0.522208124080694,0.0,0.0,,21.66785727671086,24.785734176635746,21.530962509174355,27.959978360111656,22.749549991998087,27.06786859168255,22.4221173064952,20.59244518677831,20.593181056495677,24.038466400879145,21.56258285710333,20.584871736491397,20.581774670303247,6910,0,20.65474140942298,20.565543755889117,33,990.0,16.5,2025-04-29 09:16:30,,,,,,
20.61641644757863,27.963262530484755,20.50796284970758,0.5227312200089552,0.0,0.0,,21.674609809134076,24.785734176635746,21.536303257126033,27.959983498577927,22.75613902822725,27.06787104116376,22.426972995467533,20.58921013767226,20.589978194405017,24.038468488619323,21.56400990406299,20.582328432585197,20.578619949716785,6910,0,20.652990733281303,20.562680415346577,34,1020.0,17.0,2025-04-29 09:17:00,2025-04-29 09:19:00,22.963472366333008,239110.0,0.8795618386934884,2025-04-29,09:19:00
20.61438562381369,27.96326253052983,20.507242054784147,0.5232237669809541,0.0,0.0,,21.680949376960694,24.785734176635746,21.54130803339574,27.959988268660062,22.762304185606908,27.067873306784353,22.43150125489709,20.586088849079562,20.586888574716085,24.038470388857604,21.565307907792487,20.579898343928196,20.575583140421486,6910,0,20.651323410038906,20.560060560121233,35,1050.0,17.5,2025-04-29 09:17:30,2025-04-29 09:19:00,22.963472366333008,239110.0,0.8795618386934884,2025-04-29,09:19:00
20.61245851257813,27.96326253057156,20.506586252080027,0.5236877692532259,0.0,0.0,,21.686903195086103,24.785734176635746,21.54599942774903,27.95999270064065,22.768075362704437,27.067875404166774,22.435726060452772,20.583077329589056,20.583908194447908,24.038472118591493,21.56648800022614,20.577575907306304,20.572663667840345,6910,0,20.649735103055747,20.557493284073328,36,1080.0,18.0,2025-04-29 09:18:00,2025-04-29 09:19:00,22.963472366333008,239110.0,0.8795618386934884,2025-04-29,09:19:00
20.610629242322567,27.96326253061023,20.505989629162688,0.5241250835429934,0.0,0.0,,21.69249652527751,24.785734176635746,21.55039837999212,27.95999682190703,22.773480112244343,27.067877347395875,22.439669433064452,20.580171727160838,20.58103319260937,24.03847369314391,21.567560306723422,20.575355862057567,20.569858716583177,6910,0,20.64822171989714,20.554999101615024,37,1110.0,18.5,2025-04-29 09:18:30,2025-04-29 09:19:00,22.963472366333008,239110.0,0.8795618386934884,2025-04-29,09:19:00
20.608892306016326,27.9632625306461,20.505446885651835,0.5245374309629788,0.0,0.0,,21.69775282850979,24.785734176635746,21.554524311057,27.96000065727297,22.778543847278453,27.067879149195022,22.443351618552054,20.57736832432234,20.578259845086908,24.03847512634916,21.568534046148336,20.57323323196782,20.567162613774393,6910,0,20.64677939756878,20.55260934225426,38,1140.0,19.0,2025-04-29 09:19:00,2025-04-29 09:19:00,22.963472366333008,239110.0,0.8795618386934884,2025-04-29,09:19:00
20.607242536771587,27.963262530679398,20.50495318928586,0.5249264079354791,0.0,0.0,,21.702693904546134,24.785734176635746,21.558395242856488,27.960004229259297,22.78329002702802,27.06788082107886,22.446791248662286,20.57466353352438,20.575584559725474,24.038476430715395,21.569417619705455,20.57120330834828,20.564584913511027,6910,0,20.64540448872,20.550231912820415,39,1170.0,19.5,2025-04-29 09:19:30,2025-04-29 09:19:30,23.10692596435547,238423.0,0.8774611588437358,2025-04-29,09:19:30
20.60567508518604,27.963262530710335,20.504504135590558,0.5252934961725281,0.0,0.0,,21.7073400198905,24.785734176635746,21.562027907938287,27.96000755833942,22.787740324645785,27.06788237348638,22.450005485663933,20.572053892652004,20.573003871594164,24.038477617566805,21.57021868997966,20.569261634211305,20.562104470569224,6910,0,20.6440935487428,20.54813837102904,40,1200.0,20.0,2025-04-29 09:20:00,2025-04-29 09:20:00,23.13458251953125,238457.0,0.8774984850518123,2025-04-29,09:20:00
20.604876466286537,28.142566650385213,20.50409571087581,0.5335422832595756,0.0,0.0,,21.718206312663625,24.84718132019043,21.566423797382672,28.139179733633572,22.80830942335585,27.13371647863646,22.458769261249554,20.569536060685586,20.57051443842995,24.170609637640627,21.582800360667168,20.567405210857704,20.55973973340568,6910,0,20.643357991390975,20.545957939936756,41,1230.0,20.5,2025-04-29 09:20:30,2025-04-29 09:20:30,23.258554458618164,239335.0,0.87435472246015,2025-04-29,09:20:30
20.603540591880225,28.142566650570675,20.50372425830569,0.5342885077891081,0.0,0.0,,21.72900721126179,24.84718132019043,21.570587671865255,28.139200898738977,22.81929458708137,27.133723543208596,22.464232636554232,20.5671068135074,20.568113037079822,24.170634401277226,21.588526781824587,20.565632465115154,20.557437957580017,6910,0,20.64243881318794,20.543902714764155,42,1260.0,21.0,2025-04-29 09:21:00,2025-04-29 09:21:00,23.17460060119629,239178.0,0.8752345272140414,2025-04-29,09:21:00
20.601625997942186,28.048847168913607,20.50338644680336,0.5277456302585946,0.0,0.0,,21.74169565203506,24.749582290649418,21.57293241523544,28.045562856812005,22.818643630120118,26.99575028029872,22.45636341993581,20.564763039849367,20.565796569754013,24.110899350965223,21.586655543969584,20.56393838481999,20.555232477090655,6910,0,20.64131324004557,20.541969385677206,43,1290.0,21.5,2025-04-29 09:21:30,2025-04-29 09:21:30,23.17664337158203,239092.0,0.8773525855110167,2025-04-29,09:21:30
20.600328382462823,28.04884716890525,20.503079242571403,0.5278664605483303,0.0,0.0,,21.75382483802383,24.749582290649418,21.57506758986823,28.045560705971113,22.821394255306284,26.99574082789868,22.454344715008855,20.562501737379783,20.563562071646604,24.110894111271858,21.586951956812303,20.562317486633297,20.55310522546054,6910,0,20.640333641038414,20.5400625257003,44,1320.0,22.0,2025-04-29 09:22:00,2025-04-29 09:22:00,23.41604423522949,239908.0,0.8717665990713107,2025-04-29,09:22:00
20.599730155245283,28.121416061844084,20.502799883019186,0.5349104054632053,0.0,0.0,,21.765464112929223,24.95732688903809,21.58039515430107,28.11807646236182,22.831373328654642,27.14085361090151,22.46687157377444,20.560320008930116,20.56140668617734,24.193147733574236,21.595146997836707,20.56076681773737,20.551060195751788,6910,0,20.63970457870516,20.538256239419027,45,1350.0,22.5,2025-04-29 09:22:30,2025-04-29 09:22:30,23.24438667297364,239039.0,0.8772740797526764,2025-04-29,09:22:30
20.598645108889976,28.121416061930656,20.50254585290718,0.5355226816423015,0.0,0.0,,21.776374724775206,24.95732688903809,21.585527582487053,28.118086145096314,22.83762289245046,27.14086502012703,22.47327961683949,20.558215058860167,20.55932763683241,24.193163584278373,21.59920060696322,20.559284743438376,20.549094214100002,6910,0,20.638991942952266,20.536535013968333,46,1380.0,23.0,2025-04-29 09:23:00,2025-04-29 09:23:00,23.27105140686035,239403.0,0.8787079866375943,2025-04-29,09:23:00
20.5979607083384,28.217336624054987,20.50231486252953,0.5402573362870312,0.0,0.0,,21.78640078458801,24.99655532836914,21.590989375672482,28.213940169646712,22.85139401597282,27.180274221925515,22.481055067127024,20.556184189549555,20.557322232067154,24.24743850584033,21.606736063854296,20.557868141493987,20.54720422936359,6910,0,20.638478238018894,20.534872369956556,47,1410.0,23.5,2025-04-29 09:23:30,2025-04-29 09:23:30,23.369892120361328,239907.0,0.8749477010883384,2025-04-29,09:23:30
20.596990116537363,28.217336624182757,20.502104827769642,0.5408477887713685,0.0,0.0,,21.79575490571923,24.99655532836914,21.596120196744003,28.21395426414313,22.85951730273567,27.18028058019356,22.48601333258756,20.554224798001467,20.555387881826682,24.247452404150955,21.610895058166914,20.556514307925237,20.545405486061625,6910,0,20.637870528643038,20.533336833475296,48,1440.0,24.0,2025-04-29 09:24:00,2025-04-29 09:24:00,23.269981384277344,239600.0,0.8816345602045075,2025-04-29,09:24:00
20.594401794144613,28.031829804888652,20.50191385187615,0.5229364789210784,0.0,0.0,,21.807542012789227,24.654096603393555,21.595415297428584,28.028595140491287,22.848726247153795,26.757944779855734,22.452846016706363,20.552334372555627,20.553522096306605,24.11021154369723,21.601520491448316,20.55521881001944,20.543663559394165,6910,0,20.63677327074438,20.531839761932165,49,1470.0,24.5,2025-04-29 09:24:30,2025-04-29 09:24:30,23.12406349182129,239056.0,0.8870641842288,2025-04-29,09:24:30
20.593334522171723,28.03182980478323,20.501740208816994,0.5223996250104879,0.0,0.0,,21.81885397423149,24.654096603393555,21.594517840889036,28.028582009851696,22.84658147697657,26.757910551385333,22.438966928922724,20.550510489711254,20.551722477727047,24.11019134365365,21.598626715659226,20.553975683645458,20.542003399985955,6910,0,20.635951138084614,20.530410609663612,50,1500.0,25.0,2025-04-29 09:25:00,2025-04-29 09:25:00,23.2081298828125,239218.0,0.8838098904555677,2025-04-29,09:25:00
20.59310448189204,28.138780563882527,20.501582328080957,0.5302831835419912,0.0,0.0,,21.830476225965416,24.778390884399418,21.595632921598103,28.135448405142395,22.856492094561208,26.906436334608504,22.444597783515764,20.548750811059623,20.549986696915358,24.24861231255759,21.61005422066237,20.55278380644211,20.540422846178338,6910,0,20.63562672229587,20.529080775360704,51,1530.0,25.5,2025-04-29 09:25:30,2025-04-29 09:25:30,23.28925895690918,239299.0,0.8817141421401677,2025-04-29,09:25:30
20.5922856236811,28.138780563964676,20.501438780805323,0.5306963460592561,0.0,0.0,,21.841453762566022,24.778390884399418,21.596787607408675,28.13545825598443,22.861695002262394,26.906442031382678,22.446101948276535,20.547053080320573,20.548312472285748,24.248635377758102,21.615028438253876,20.551643662248047,20.538925490418478,6910,0,20.63514227286608,20.527806650036688,52,1560.0,26.0,2025-04-29 09:26:00,2025-04-29 09:26:00,23.256023406982425,239545.0,0.8834622670061992,2025-04-29,09:26:00
20.591635245467444,28.17564961282182,20.501308267118194,0.5325073009561617,0.0,0.0,,21.85173873520886,24.805158615112305,21.598345992047456,28.172304332891972,22.868918179804655,26.91033368656706,22.446930870289304,20.545415120469137,20.546697595224295,24.324853240484526,21.624783283662175,20.550552974419688,20.537442583394558,6910,0,20.634814914548357,20.526536287918425,53,1590.0,26.5,2025-04-29 09:26:30,2025-04-29 09:26:30,23.34720039367676,239604.0,0.8819954617827749,2025-04-29,09:26:30
20.59088902893721,28.175649612886268,20.50118960459333,0.5328256090478902,0.0,0.0,,21.861362156882997,24.805158615112305,21.599850479412375,28.17231139387986,22.87361715802329,26.910333997483956,22.447262956849638,20.543834830945197,20.54513996434439,24.324871590600402,21.629850312403278,20.54950957423049,20.536017296714178,6910,0,20.63439059903812,20.525432710420695,54,1620.0,27.0,2025-04-29 09:27:00,2025-04-29 09:27:00,23.301420211791992,239769.0,0.8818846212396098,2025-04-29,09:27:00
20.59019706771903,28.171503040013338,20.501081717721,0.5336993961278265,0.0,0.0,,21.870621707605377,24.792001724243164,21.601068341733107,28.16817225906279,22.8769845159697,26.9509753129715,22.45097959528404,20.542310184953397,20.543637581172092,24.20949166741691,21.62293275718349,20.54851012066596,20.534637060333512,6910,0,20.633732762481525,20.524355247053236,55,1650.0,27.5,2025-04-29 09:27:30,2025-04-29 09:27:30,23.257226943969727,239561.0,0.8833709107492455,2025-04-29,09:27:30
20.589506039354372,28.171503040042246,20.500983628310014,0.5339395515063351,0.0,0.0,,21.879312520792205,24.792001724243164,21.602210907705725,28.168175098910595,22.880045508967296,26.950978642050575,22.452728580356187,20.540839226865465,20.542188532515603,24.20947612625862,21.621192042823974,20.547551538543356,20.533377793915776,6910,0,20.633207085315032,20.523289429259723,56,1680.0,28.0,2025-04-29 09:28:00,2025-04-29 09:28:00,23.326431274414062,239341.0,0.8831300712163817,2025-04-29,09:28:00
20.586241708771578,27.00592041015625,20.50089444673929,0.501311477410382,0.0,0.0,,21.887453887590034,24.919178009033203,21.605324033874467,27.000141767775474,22.776086418216757,27.003764237037558,22.458402550801008,20.53942006972837,20.540790959830968,24.24924000345211,21.62450311405518,20.546631723129146,20.532151611439097,6910,0,20.631785595441634,20.522245913788264,57,1710.0,28.5,2025-04-29 09:28:30,2025-04-29 09:28:30,23.39112091064453,239968.0,0.8806812913596813,2025-04-29,09:28:30
20.585389610590987,27.00592041015625,20.500813363986303,0.5000210591818443,0.0,0.0,,21.895081012162535,24.919178009033203,21.608332488818874,27.00002464599673,22.732494022096578,27.003769501621285,22.461291170928412,20.538050892870267,20.53944303470508,24.249246409367615,21.62623101265423,20.545745780774915,20.530926647958683,6910,0,20.63104430036581,20.521288977842282,58,1740.0,29.0,2025-04-29 09:29:00,2025-04-29 09:29:00,23.33859062194824,239518.0,0.8821779573977738,2025-04-29,09:29:00
20.584271472126463,26.96240234,20.50073964436446,0.4948984715765241,0.0,0.0,,21.902397242042923,24.862770080566406,21.61026085100335,26.88500891063597,22.696671320706617,26.960278671725547,22.459356170242778,20.536729939586714,20.53814297346598,24.267750005711722,21.629100537794265,20.54489232742295,20.529772907968276,6910,0,20.63038672237309,20.52038288960476,59,1770.0,29.5,2025-04-29 09:29:30,2025-04-29 09:29:30,23.320451736450195,239867.0,0.8822450957197113,2025-04-29,09:29:30
20.583564751328787,26.96240234,20.500672618908578,0.49434160319188264,0.0,0.0,,21.909273177300868,24.862770080566406,21.61202124742984,26.884967219813873,22.67480229709548,26.960276282922077,22.45898290568194,20.535455514893815,20.53688906066952,24.267755094114804,21.630805611569876,20.544070875417,20.528643013004828,6910,0,20.629845288991866,20.519559973960327,60,1800.0,30.0,2025-04-29 09:30:00,2025-04-29 09:30:00,23.267745971679688,239804.0,0.883769661890544,2025-04-29,09:30:00
20.58276613212903,26.99788472648191,20.500611679350328,0.49261339790262787,0.0,0.0,,21.914475193628487,24.744478225708008,21.611760900766686,26.995207877541752,22.669085337389838,26.823209928105182,22.447087644804874,20.534225983347415,20.53567965351731,24.193899162892627,21.62546259100821,20.54328018217057,20.52758330387654,6910,0,20.629263325812076,20.518737372338975,61,1830.0,30.5,2025-04-29 09:30:30,2025-04-29 09:30:30,23.43504905700684,240014.0,0.8814293775571425,2025-04-29,09:30:30
20.58213583002949,26.99788472637236,20.500556272633336,0.49227783946061676,0.0,0.0,,21.919240344260224,24.744478225708008,21.611433454205738,26.995200443899993,22.66100538284784,26.823197806906563,22.441794936553137,20.53303976693495,20.534513176100237,24.193887676615706,21.623691276442184,20.542518572334682,20.52657973478223,6910,0,20.628724485960696,20.51789759509888,62,1860.0,31.0,2025-04-29 09:31:00,2025-04-29 09:31:00,23.38457679748535,239880.0,0.8810770619684842,2025-04-29,09:31:00
20.581413898860383,26.89930532021381,20.500505895919982,0.48989449009424707,0.0,0.0,,21.923699982737055,24.89672279,21.61355828281094,26.89668569229872,22.64428375043225,26.82319270618887,22.438815908748968,20.53189534304402,20.53338810523932,24.337242783508533,21.635852666739478,20.541786008147618,20.52561554447544,6910,0,20.628441976808105,20.51715521410224,63,1890.0,31.5,2025-04-29 09:31:30,2025-04-29 09:31:30,23.4567928314209,239722.0,0.8812163803280466,2025-04-29,09:31:30
20.580858741459014,26.899305320023824,20.500460092045667,0.4896645197184253,0.0,0.0,,21.927892815469367,24.89672279,21.615665783861186,26.896666610120615,22.633340078698232,26.82318987586631,22.436874341002007,20.53079124250657,20.532302958101177,24.337267313196804,21.641050523693956,20.541082404936272,20.52470827543349,6910,0,20.628090948589655,20.516388388690913,64,1920.0,32.0,2025-04-29 09:32:00,2025-04-29 09:32:00,23.38041114807129,239406.0,0.88321075129696,2025-04-29,09:32:00
20.580314347597458,26.90212056645226,20.50041844538247,0.4894056349396317,0.0,0.0,,21.93184188395953,24.82433700561523,21.616508417031948,26.899467214765277,22.624849118331344,26.823188029454748,22.435467809368014,20.52972604771235,20.53125630934885,24.304282689584532,21.641077465744274,20.540405909073446,20.52379622856826,6910,0,20.62764691911263,20.515697587749926,65,1950.0,32.5,2025-04-29 09:32:30,2025-04-29 09:32:30,23.43767166137696,239747.0,0.8799758182584141,2025-04-29,09:32:30
20.579812041818233,26.902120566348298,20.500380578074292,0.4892681797795669,0.0,0.0,,21.935564662011526,24.82433700561523,21.617250472954158,26.899457720243614,22.617465582351556,26.823186697767312,22.434368461048923,20.528698390786875,20.530246813591095,24.30428146521071,21.641946588131454,20.53975489707281,20.522886865092723,6910,0,20.62724199674947,20.515109410884342,66,1980.0,33.0,2025-04-29 09:33:00,2025-04-29 09:33:00,23.42106819152832,239601.0,0.8827707965534367,2025-04-29,09:33:00
20.578650214627718,27.01593396572768,20.50034614661205,0.4820952921845188,0.0,0.0,,21.908995874630744,24.815370559692383,21.617792343748487,27.013177320259725,22.62129996078978,26.478630859784793,22.394481652878426,20.527706951839814,20.529273187430398,24.380545069932705,21.649783429627504,20.539120699062952,20.522029365499897,6910,0,20.626685795217092,20.514533667519512,67,2010.0,33.5,2025-04-29 09:33:30,2025-04-29 09:33:30,23.44052124023437,239630.0,0.8821952723991153,2025-04-29,09:33:30
20.57723048321767,27.01593396575323,20.500314838717046,0.4724075834376061,0.0,0.0,,21.867135245279943,24.815370559692383,21.61829565206622,27.013181998570534,22.61988277919254,26.163056790955192,22.350310382864077,20.526750457288472,20.528334182934138,24.380560205930106,21.653678851024452,20.538498881072574,20.521207147720467,6910,0,20.625750580356964,20.513932088513506,68,2040.0,34.0,2025-04-29 09:34:00,2025-04-29 09:34:00,23.43416213989257,239760.0,0.8838335731564898,2025-04-29,09:34:00
20.580938419201402,28.361160244107605,20.500286370506103,0.5253924947893492,0.0,0.0,,21.822039113320436,24.62010383605957,21.615645702720638,28.35739366615351,22.740040709696274,26.639759723637905,22.37406834808152,20.525827678250028,20.527428587685563,24.216354660137167,21.641526796677923,20.53789643949112,20.520400164879014,6910,0,20.62556727812197,20.51336132759338,69,2070.0,34.5,2025-04-29 09:34:30,2025-04-29 09:34:30,23.25546836853028,239610.0,0.886012035182171,2025-04-29,09:34:30
20.580755478226806,28.361160245275585,20.50026048391303,0.5271772173588863,0.0,0.0,,21.776090773208594,24.62010383605957,21.613040814456806,28.35752874420853,22.79012454225732,26.639782077953523,22.381863388461326,20.524937428991784,20.5265552353636,24.216328976061888,21.637213871225583,20.537311267074838,20.519621997554474,6910,0,20.624723164878656,20.512809697677568,70,2100.0,35.0,2025-04-29 09:35:00,2025-04-29 09:35:00,23.200416564941406,239726.0,0.8886279935217707,2025-04-29,09:35:00
20.576471246057512,26.568956355273038,20.50023694434335,0.47489047283748675,0.0,0.0,,21.730204121040032,24.58354377746582,21.610014155427688,26.566733958765056,22.655270497653408,26.53877449094635,22.37573241755053,20.524078565434593,20.525712987667706,25.147917437376286,21.718778223158065,20.536747123875863,20.518878698427592,6910,0,20.623828810513547,20.51224954052182,71,2130.0,35.5,2025-04-29 09:35:30,2025-04-29 09:35:30,23.234479904174805,239713.0,0.8857215451393958,2025-04-29,09:35:30
20.57581815370375,26.568956354042758,20.500215538540683,0.47303071806131125,0.0,0.0,,21.684857879349508,24.58354377746582,21.607185889405173,26.56658489105184,22.604029762211635,26.538768136902327,22.37233075841139,20.523249983705632,20.524900715581694,25.14808214025562,21.75350462423212,20.536201960145142,20.518160192269015,6910,0,20.622959290241745,20.51175658710703,72,2160.0,36.0,2025-04-29 09:36:00,2025-04-29 09:36:00,23.21708869934082,239802.0,0.8860240688151058,2025-04-29,09:36:00
20.574749245885062,26.590534188425668,20.50019607264739,0.46851668159045456,0.0,0.0,,21.64035072169966,24.59593391418457,21.60477016491824,26.588088065936134,22.57814726637118,26.5387651652732,22.369714640835166,20.52245061873075,20.524117389918437,24.169258247099926,21.685505533945776,20.535665317927016,20.51747174599167,6910,0,20.62022473950813,20.51123915523704,73,2190.0,36.5,2025-04-29 09:36:30,2025-04-29 09:36:30,23.18867492675781,239902.0,0.8875201514576786,2025-04-29,09:36:30
20.5741574049692,26.590534188124924,20.500178370440477,0.4675048031443224,0.0,0.0,,21.596882649468107,24.59593391418457,21.60255403693169,26.588058902533493,22.56071853360463,26.538763122393753,22.367460907828786,20.52167944287164,20.523362185821924,24.169113539475997,21.661829661406028,20.53512973280155,20.516815922105284,6910,0,20.61849475219697,20.5107855300148,74,2220.0,37.0,2025-04-29 09:37:00,2025-04-29 09:37:00,23.285579681396484,240288.0,0.8843835964550872,2025-04-29,09:37:00
20.57389584171399,26.62532231938525,20.50016227172752,0.4699527172643872,0.0,0.0,,21.55458931813123,24.594417572021484,21.600489044802686,26.622801432261376,22.550982623578946,26.61188555667068,22.371825692961934,20.520935464651206,20.52263430064514,24.15344659698983,21.65009402780621,20.53460048662365,20.516191195018358,6910,0,20.61708251046902,20.51034863029477,75,2250.0,37.5,2025-04-29 09:37:30,2025-04-29 09:37:30,23.24329948425293,240074.0,0.8866485567991536,2025-04-29,09:37:30
20.573432990388223,26.6253223192595,20.500147630888275,0.469572371860784,0.0,0.0,,21.51356068756309,24.594417572021484,21.598581316325294,26.622790723029368,22.542095292835725,26.6118905261492,22.37293137078248,20.52021772758476,20.521932723918503,24.15342581171836,21.643725612062784,20.534081167917723,20.51558420876851,6910,0,20.61579330762479,20.509887772254388,76,2280.0,38.0,2025-04-29 09:38:00,2025-04-29 09:38:00,23.29684066772461,240186.0,0.8849031323640845,2025-04-29,09:38:00
20.576675444033125,28.168817486363302,20.500134315548866,0.515777519743938,0.0,0.0,,21.4738529646208,24.58121681213379,21.596604806317803,28.165113140228527,22.67529009706766,26.611892011236556,22.372983893380646,20.519525309042358,20.521256311225844,24.1909177412264,21.642838910256277,20.533574625149818,20.51499273542092,6910,0,20.616037997355594,20.509492074066117,77,2310.0,38.5,2025-04-29 09:38:30,2025-04-29 09:38:30,23.25072479248047,240685.0,0.8862135026071422,2025-04-29,09:38:30
20.576570443229762,28.168817487640496,20.50012220537631,0.5175487942588759,0.0,0.0,,21.43549695530482,24.58121681213379,21.59476224714301,28.1652624683492,22.729383305737997,26.6118924590019,22.372624105628482,20.5188573190566,20.520603944926744,24.190917473842482,21.64105937125091,20.533086721561524,20.514424030891316,6910,0,20.61537770264224,20.50911834602347,78,2340.0,39.0,2025-04-29 09:39:00,2025-04-29 09:39:00,23.292346954345703,240079.0,0.8865476962791414,2025-04-29,09:39:00
20.572724867762346,26.62759015855011,20.500111190982498,0.47217486156842536,0.0,0.0,,21.398504186000828,24.57766342163086,21.59299295854238,26.62525960666991,22.61906864507526,26.611892512968087,22.37209678923187,20.518212899071294,20.51997461229412,24.24464562777569,21.644076046591795,20.53261595973642,20.513933593967373,6910,0,20.613239642895472,20.508732368630223,79,2370.0,39.5,2025-04-29 09:39:30,2025-04-29 09:39:30,23.273054122924805,240040.0,0.8836939937093817,2025-04-29,09:39:30
20.572156762359956,26.627590157558576,20.500101172927906,0.4705634472988957,0.0,0.0,,21.362871514109464,24.57766342163086,21.591346156368253,26.625137933219467,22.578457353326705,26.61189239785761,22.371507879185927,20.517591220683183,20.519367415743243,24.244652415770467,21.644507143375197,20.53215524985386,20.51341889215366,6910,0,20.611922560449575,20.508386940241614,80,2400.0,40.0,2025-04-29 09:40:00,2025-04-29 09:40:00,23.333166122436523,240156.0,0.8838479597636536,2025-04-29,09:40:00
20.57453201711896,28.194562878640255,20.500092060816105,0.5079826197210568,0.0,0.0,,21.328584662790572,24.57474136352539,21.58976753185901,28.19088364820209,22.69994670481518,26.278649135808106,22.332981298108393,20.51699148443323,20.518781551446203,24.302742839715595,21.649439576997484,20.53169990640557,20.512944520680183,6910,0,20.612328342019882,20.508030430118026,81,2430.0,40.5,2025-04-29 09:40:30,2025-04-29 09:40:30,23.27252197265625,239969.0,0.8876656333734774,2025-04-29,09:40:30
20.573561385956676,28.194562879785824,20.500083772470294,0.5013037679228574,0.0,0.0,,21.295620963780948,24.57474136352539,21.588296052743424,28.19101946933914,22.747821470314836,25.973485283219713,22.290291574371523,20.51641291868065,20.51821628481241,24.302752943833035,21.65121935880871,20.531259449635126,20.512472360487756,6910,0,20.611821270048505,20.507725893163435,82,2460.0,41.0,2025-04-29 09:41:00,2025-04-29 09:41:00,23.23381423950196,239788.0,0.8871207326888751,2025-04-29,09:41:00
20.56894303625037,26.5213126937421,20.50007623318504,0.4444034857644021,0.0,0.0,,21.263951503363824,24.486299514770508,21.58550893807654,26.519086033839592,22.6219527747008,25.692131138913698,22.244993023983987,20.51585477856988,20.517670928405867,24.994076247044262,21.713963492595948,20.530835814385014,20.512016180992745,6910,0,20.610866462018492,20.50739647160741,83,2490.0,41.5,2025-04-29 09:41:30,2025-04-29 09:41:30,23.22545623779297,240134.0,0.8869610951593694,2025-04-29,09:41:30
20.567621765971676,26.521312692586427,20.500069375046376,0.43492216802999834,0.0,0.0,,21.23354281042261,24.486299514770508,21.582845366742898,26.518946647925155,22.574061842517118,25.430919577979715,22.198114798012355,20.51531634508378,20.517144832613653,24.994202343353898,21.740974504477503,20.530425703005026,20.511575074398188,6910,0,20.610119829813172,20.50711464923316,84,2520.0,42.0,2025-04-29 09:42:00,2025-04-29 09:42:00,23.254558563232425,239958.0,0.8872712881004176,2025-04-29,09:42:00
20.57401107132298,28.17660900609537,20.500063136312747,0.5156632961742152,0.0,0.0,,21.20435818833776,24.47422981262207,21.580157724415578,28.172940698426764,22.699210173478495,26.57750552531142,22.273223989171264,20.51479692416974,20.51663742574536,25.05383459276845,21.761777112222227,20.530033992693223,20.511141665555797,6910,0,20.61097963819204,20.506811989013904,85,2550.0,42.5,2025-04-29 09:42:30,2025-04-29 09:42:30,23.263193130493164,240352.0,0.8878217546556717,2025-04-29,09:42:30
20.57419432328634,28.17660900725951,20.500057460854002,0.518487666284632,0.0,0.0,,21.17635876696662,24.47422981262207,21.57764631707527,28.17308011736488,22.747535088427995,26.57758001842895,22.302491632929105,20.514295845931986,20.516148268209093,25.053870462143085,21.775036342088065,20.52966119831584,20.51073110976325,6910,0,20.610804582642032,20.506540163120356,86,2580.0,43.0,2025-04-29 09:43:00,2025-04-29 09:43:00,23.267478942871094,240280.0,0.8882337143124688,2025-04-29,09:43:00
20.568986605262964,26.43322561247725,20.50005229764005,0.4582147386421278,0.0,0.0,,21.149504332888068,24.250633239746097,21.57172939691852,26.4310665078912,22.615078246780772,26.400032200268804,22.301168718587327,20.513812463903793,20.515676972177676,24.090272898994634,21.69876174140651,20.529300975708484,20.510356496472184,6910,0,20.60696826619183,20.506282782036894,87,2610.0,43.5,2025-04-29 09:43:30,2025-04-29 09:43:30,23.14509010314941,239972.0,0.8926426182012902,2025-04-29,09:43:30
20.568379484768787,26.433225611251284,20.500047600276186,0.45595206662859666,0.0,0.0,,21.123753982974385,24.250633239746097,21.566053718325247,26.430919441311428,22.56408256628564,26.400030230098036,22.301847260341177,20.51334615440293,20.515223102131355,24.09011453520013,21.67008647807353,20.528936668908248,20.510001497067037,6910,0,20.60513166219745,20.506022675456244,88,2640.0,44.0,2025-04-29 09:44:00,2025-04-29 09:44:00,23.09648323059082,240227.0,0.8934937059531194,2025-04-29,09:44:00
20.56763700256786,26.40197372436523,20.50004332658223,0.45153227112365346,0.0,0.0,,21.099066636609948,24.15084457397461,21.55914271392746,26.31954404115688,22.52588014919666,26.4000313539865,22.302406420157233,20.512896315934746,20.514786067149434,24.05790080706968,21.653286315900175,20.528571903658595,20.509658013088266,6910,0,20.603648087854474,20.5058010660262,89,2670.0,44.5,2025-04-29 09:44:30,2025-04-29 09:44:30,23.29361915588379,240511.0,0.8886887579985947,2025-04-29,09:44:30
20.56722626292514,26.40197372436523,20.500039438208375,0.45067485615454267,0.0,0.0,,21.07540143450576,24.15084457397461,21.552640704900274,26.319500519809424,22.502937759158772,26.400032541169704,22.302693517101897,20.51246236857791,20.5143650437362,24.057871349570274,21.6434451355804,20.528210967487052,20.509315946133285,6910,0,20.6024693435745,20.505582416112116,90,2700.0,45.0,2025-04-29 09:45:00,2025-04-29 09:45:00,23.19943618774414,240368.0,0.8911380804641217,2025-04-29,09:45:00
20.566911446703102,26.408370971679688,20.500035900285805,0.45038417066823444,0.0,0.0,,21.05271804638433,24.254993438720703,21.548255701321555,26.31082144597079,22.485817194033707,26.40642703456383,22.303334710566347,20.512043753274643,20.513959117965538,24.128317081821457,21.642776403706904,20.527856610778684,20.508975658009348,6910,0,20.601575341740695,20.50535041282104,91,2730.0,45.5,2025-04-29 09:45:30,2025-04-29 09:45:30,23.223934173583984,240211.0,0.8916823386522682,2025-04-29,09:45:30
20.566588027319973,26.408370971679688,20.50003268111145,0.4499663712378095,0.0,0.0,,21.030976905378512,24.254993438720703,21.544267490207496,26.31080196472074,22.472743576530032,26.40642823356577,22.30354282858019,20.511639930990423,20.51356745089582,24.12831850442516,21.639961342862385,20.52751052510652,20.508667382036563,6910,0,20.600689456997884,20.505164761049606,92,2760.0,46.0,2025-04-29 09:46:00,2025-04-29 09:46:00,23.19535255432129,240191.0,0.8903105367186948,2025-04-29,09:46:00
20.570562470132106,28.115117996052387,20.500029751859167,0.5041206999753554,0.0,0.0,,21.010139383498796,24.19961166381836,21.53969584853961,28.111381669522626,22.626564527177493,26.406428918444583,22.303563378139312,20.511250381790035,20.513189344593037,24.133781668970663,21.637376322360318,20.52717424690708,20.50834081308416,6910,0,20.601463773123225,20.50497535109858,93,2790.0,46.5,2025-04-29 09:46:30,2025-04-29 09:46:30,23.28824234008789,240410.0,0.8879716551932116,2025-04-29,09:46:30
20.57064615679483,28.115117997518333,20.500027086317864,0.506260761140304,0.0,0.0,,20.990167919768663,24.19961166381836,21.53540203248005,28.111553729222557,22.688518636680286,26.406429360810712,22.30348606146421,20.51087460391542,20.512824238935867,24.133777926033396,21.634698039508578,20.526853727871252,20.50802838770208,6910,0,20.60120103599206,20.504791618155032,94,2820.0,47.0,2025-04-29 09:47:00,2025-04-29 09:47:00,23.2841796875,240051.0,0.8897619672486263,2025-04-29,09:47:00
20.570010414620064,27.777152985732,20.50002466065406,0.4985519740762538,0.0,0.0,,20.971026110433762,24.31716728210449,21.533273329012708,27.77391535766767,22.69224676291845,26.46634908552136,22.308588073123175,20.510512112934926,20.512471669401904,24.21421782701203,21.639406892596263,20.526548408996216,20.507726656298868,6910,0,20.600604174634668,20.504621583579357,95,2850.0,47.5,2025-04-29 09:47:30,2025-04-29 09:47:30,23.341455459594727,240599.0,0.8859844985847821,2025-04-29,09:47:30
20.56986863916585,27.777152985855405,20.500022453195292,0.4988416497836054,0.0,0.0,,20.952678768887978,24.31716728210449,21.53137204118086,27.773921234662488,22.701764556043,26.466354508389315,22.310841955764367,20.510162440998545,20.512131224712306,24.214228589314114,21.640224664101304,20.52625525988301,20.507438462927563,6910,0,20.600071739509513,20.504461454866977,96,2880.0,48.0,2025-04-29 09:48:00,2025-04-29 09:48:00,23.242053985595703,240579.0,0.8900273532810428,2025-04-29,09:48:00
20.56929059045023,27.605962722066973,20.50002044423389,0.4935933695010345,0.0,0.0,,20.935091961520605,24.298568725585938,21.529311125662122,27.602871459095947,22.694875483704944,26.466356865470367,22.312091132775006,20.509825136198423,20.511802526088424,24.175644085830758,21.636475043647227,20.525972145754253,20.507163967083066,6910,0,20.59931993277144,20.504285967760673,97,2910.0,48.5,2025-04-29 09:48:30,2025-04-29 09:48:30,23.320220947265625,240571.0,0.8894158325400817,2025-04-29,09:48:30
20.56910139545434,27.60596272203933,20.500018615848422,0.493544637471261,0.0,0.0,,20.918233024503024,24.298568725585938,21.52736302064591,27.602864579315288,22.695641536284736,26.466358209229504,22.31288343890933,20.509499762017338,20.511485221019136,24.175637005977627,21.634381184183447,20.525697542386812,20.506901794622543,6910,0,20.598724369495606,20.504118178581585,98,2940.0,49.0,2025-04-29 09:49:00,2025-04-29 09:49:00,23.25486183166504,240616.0,0.8908966335364232,2025-04-29,09:49:00
20.570216347904594,28.09858509738203,20.500016951740868,0.5092451522695766,0.0,0.0,,20.980103613196416,24.11538887023925,21.52259239064859,28.095117044171865,22.743095527464888,26.466359098545805,22.313435697202614,20.509185896843995,20.511178965466446,24.201967669223244,21.635205040120713,20.525436313334662,20.506648759370677,6910,0,20.599683492512796,20.50399578040412,99,2970.0,49.5,2025-04-29 09:49:30,2025-04-29 09:49:30,23.205177307128903,240307.0,0.8919314018110167,2025-04-29,09:49:30
20.57028333892952,28.09858509785748,20.500015437089775,0.5101466894430409,0.0,0.0,,21.045512754148472,24.11538887023925,21.51799045685043,28.095170467444593,22.765431747038647,26.46635974059197,22.313847310778137,20.50888313353522,20.510883407662718,24.20197020585757,21.634928314878596,20.52519880929539,20.50641050420052,6910,0,20.600444663801547,20.503832305418,100,3000.0,50.0,2025-04-29 09:50:00,2025-04-29 09:50:00,23.40637969970703,240810.0,0.8883441561812218,2025-04-29,09:50:00
20.570384069936615,28.233064619875233,20.50001405841573,0.5106032781248293,0.0,0.0,,21.107828809416468,24.36614227294922,21.517675614750246,28.229574494434466,22.792297847997222,26.140504754058462,22.277016988306194,20.508591079003907,20.51059819219331,25.26573574489726,21.729688911603926,20.524983822797726,20.506173263174745,6910,0,20.603318201056386,20.503693613102968,101,3030.0,50.5,2025-04-29 09:50:30,2025-04-29 09:50:30,23.39703941345215,240660.0,0.8880912776323444,2025-04-29,09:50:30
20.5696762889381,28.233064620172232,20.500012803459718,0.5037714028253872,0.0,0.0,,21.16612465564834,24.36614227294922,21.51755999450437,28.229604928232884,22.808648857369217,25.842170455157998,22.236053155041446,20.508309353816042,20.51032297765405,25.265927093713515,21.76994858047925,20.524798638935337,20.505958543946342,6910,0,20.604939734444518,20.503549563466635,102,3060.0,51.0,2025-04-29 09:51:00,2025-04-29 09:51:00,23.37168312072754,240373.0,0.889173414859406,2025-04-29,09:51:00
20.56748112748078,27.841529817827457,20.500011661071124,0.4804441963703047,0.0,0.0,,21.220353080640074,24.355093002319336,21.51730464457324,27.838383740540927,22.785106788280736,25.56716496189495,22.192483714988175,20.508037591790465,20.51005752322856,24.36100993400521,21.711581790991666,20.52463058824512,20.505749558878364,6910,0,20.604119089357447,20.503449411306054,103,3090.0,51.5,2025-04-29 09:51:30,2025-04-29 09:51:30,23.35639953613281,240834.0,0.890319615897257,2025-04-29,09:51:30
20.56657937077605,27.841529817628434,20.500010621109553,0.4732870462876188,0.0,0.0,,21.270715084046223,24.355093002319336,21.517043700177382,27.838357412987765,22.779615221714057,25.31189023024547,22.147321227937358,20.50777543961676,20.509801779034042,24.360883798773386,21.692761463869473,20.524466965870033,20.505541647129988,6910,0,20.604322462683697,20.503337815135065,104,3120.0,52.0,2025-04-29 09:52:00,2025-04-29 09:52:00,23.383487701416016,240709.0,0.8888638615506691,2025-04-29,09:52:00
20.569448402202077,27.738880129574646,20.500009674350746,0.5008571004852368,0.0,0.0,,21.27883051528523,24.19019127,21.514132101075294,27.735778193947645,22.76949870283577,26.42464944151472,22.22079068094798,20.507522556536674,20.509555684877412,25.20871056570754,21.7615540020935,20.52431957476376,20.505347603109882,6910,0,20.605687295818377,20.50325159916273,105,3150.0,52.5,2025-04-29 09:52:30,2025-04-29 09:52:30,23.3204345703125,241085.0,0.8896083072360371,2025-04-29,09:52:30
20.569570939158538,27.738880129471042,20.500008812404452,0.5019292025332942,0.0,0.0,,21.265194165099047,24.19019127,21.51126861582373,27.735766215611463,22.76641621954939,26.424722017812936,22.249717321661738,20.50727861410188,20.50931893637341,25.208850832960135,21.79076175088903,20.52418282547334,20.505182608243217,6910,0,20.605987681316517,20.503152057225854,106,3180.0,53.0,2025-04-29 09:53:00,2025-04-29 09:53:00,23.41984367370605,240911.0,0.8881039704496682,2025-04-29,09:53:00
20.570592355540587,28.15678974867817,20.50000802763891,0.5157162329142585,0.0,0.0,,21.245945883555024,24.29252243041992,21.51019325203939,28.15335663683749,22.803814697000263,26.424749277795854,22.263971263983144,20.507043295924507,20.509091120038313,25.222463641330002,21.808642168250753,20.52405435458359,20.505013481716375,6910,0,20.606399063466906,20.503070901978475,107,3210.0,53.5,2025-04-29 09:53:30,2025-04-29 09:53:30,23.398223876953125,241153.0,0.8890574007994925,2025-04-29,09:53:30
20.570648243537548,28.15678974902958,20.500007313111936,0.5165648405813721,0.0,0.0,,21.224345389291816,24.29252243041992,21.509253004562144,28.153397644120734,22.820538591709727,26.424762647682712,22.27203370850263,20.506816297338528,20.508871952087397,25.222492961374854,21.821050930567406,20.523932361219128,20.504863562019665,6910,0,20.606417937106233,20.502989308815742,108,3240.0,54.0,2025-04-29 09:54:00,2025-04-29 09:54:00,23.52657127380371,240887.0,0.8863401849207304,2025-04-29,09:54:00
20.56954473326512,27.725749942063047,20.50000666250814,0.5028401642358071,0.0,0.0,,21.20159796138011,24.442768096923828,21.51078894771031,27.72270110742693,22.791760588929083,26.42477037609002,22.277113086982002,20.506597324999113,20.50866125709565,25.058824017842,21.81626010481199,20.523813398146267,20.504692288911407,6910,0,20.605655636598847,20.502907615008326,109,3270.0,54.5,2025-04-29 09:54:30,2025-04-29 09:54:30,23.34079360961914,241241.0,0.8896730214805941,2025-04-29,09:54:30
20.569417834167446,27.72574994179796,20.50000607008203,0.5025008045550267,0.0,0.0,,21.17831508445283,24.442768096923828,21.512321625743706,27.722668429605942,22.782623713940165,26.424775372474624,22.280616182150695,20.50638609649024,20.508458857010286,25.058809356935818,21.818362086762388,20.52369331003749,20.50453233858518,6910,0,20.605256667638653,20.502808911654306,110,3300.0,55.0,2025-04-29 09:55:00,2025-04-29 09:55:00,23.312442779541016,240972.0,0.8904934364780971,2025-04-29,09:55:00
20.569092023254967,28.106880157514322,20.50000553060716,0.5040599935813693,0.0,0.0,,21.1548758674689,24.056129455566406,21.507562529404456,28.10350004758362,22.81361003561829,26.099899942515172,22.245396068844705,20.506182339962646,20.508264508864382,24.742079150824516,21.79374423901241,20.52356569972539,20.50436982900608,6910,0,20.604570097375287,20.502704318310286,111,3330.0,55.5,2025-04-29 09:55:30,2025-04-29 09:55:30,23.181684494018555,240730.0,0.8936221986250156,2025-04-29,09:55:30
20.568162035997247,28.106880157798535,20.500005039328656,0.49644723498598853,0.0,0.0,,21.131539466823483,24.056129455566406,21.50281637439366,28.10353375864352,22.826904426010795,25.802669306850827,22.205920977492955,20.505985793778837,20.508077888946023,24.74202681912047,21.785579118650524,20.523433128205248,20.504211005397288,6910,0,20.60400291099112,20.502608543212876,112,3360.0,56.0,2025-04-29 09:56:00,2025-04-29 09:56:00,23.280405044555664,240809.0,0.8919916173191201,2025-04-29,09:56:00
20.571380055818224,28.54406356811523,20.500004591919975,0.5079386290718516,0.0,0.0,,21.10849027728322,24.213415145874023,21.500835721523543,27.539960797157885,22.783643502797048,25.52883984029336,22.163739766291158,20.5057979974184,20.58397405129484,25.005834331643747,21.806161745557663,20.523266421027554,20.504052423506916,6897,1,20.643715669360233,20.50251461043458,113,3390.0,56.5,2025-04-29 09:56:30,2025-04-29 09:56:30,23.32247734069824,239000.0,0.8842348980125523,2025-04-29,09:56:30
20.57089562520186,28.54406356811523,20.50000418444468,0.5026611539138729,0.0,0.0,,21.085861125010815,24.213415145874023,21.49909945229626,27.539911910875098,22.76746040581291,25.274779703027694,22.119878695860823,20.50564381178372,20.616480468197377,25.00587592295739,21.81538057065616,20.5232176002394,20.50390481746165,6897,1,20.645548820077316,20.502439326750732,114,3420.0,57.0,2025-04-29 09:57:00,2025-04-29 09:57:00,23.32972717285156,240070.0,0.8768490049777148,2025-04-29,09:57:00
20.580401142859085,28.542978286743164,20.500003813321282,0.563154576277466,0.0,0.0,,21.06377400576353,24.16800308227539,21.496784014981976,27.606563160551016,22.76511267891547,25.037784456441518,22.075066261642665,20.505571458684074,20.62617979130946,27.00895330190814,22.001007094508104,20.53276354271138,20.503750531997113,6880,1,20.646724505916886,20.502355308803665,115,3450.0,57.5,2025-04-29 09:57:30,2025-04-29 09:57:30,23.351879119873047,227078.0,0.8731059646905469,2025-04-29,09:57:30
20.580322952590688,28.542978286743164,20.500003475291088,0.5572169466239693,0.0,0.0,,21.04253671320837,24.16800308227539,21.494596090964357,27.606559544018094,22.762511796761693,24.815787326121306,22.029827873493087,20.505615976534568,20.63364818470461,27.0093235395811,22.083113463157694,20.532474210760576,20.503615915112164,6880,1,20.645809562690562,20.502304432318063,116,3480.0,58.0,2025-04-29 09:58:00,2025-04-29 09:58:00,23.351469039916992,232618.0,0.8796094885176555,2025-04-29,09:58:00
20.588871761843784,28.663562774658203,20.500003167388424,0.6038622487902395,0.0,0.0,,21.108197940464418,24.04100608825684,21.492810367357674,28.001001403852754,22.796524304154843,24.607167964671763,21.984548020278623,20.505791676453814,20.639347382729877,24.84355556327109,21.937523632693463,20.550903836214545,20.50348688965165,6882,1,20.642070319288703,20.5022139283918,117,3510.0,58.5,2025-04-29 09:58:30,2025-04-29 09:58:30,23.210914611816406,241759.0,0.8897806027903822,2025-04-29,09:58:30
20.588424848923474,28.663562774658203,20.500002886914945,0.5934155643623883,0.0,0.0,,21.178528326698896,24.04100608825684,21.495381368250122,28.00103876624299,22.810528846118654,24.41062459166995,21.93951160316144,20.506099346906467,20.643583324865784,24.84324177397827,21.889484382052814,20.550111230659436,20.503357681308945,6882,1,20.640598643831794,20.502138946406028,118,3540.0,59.0,2025-04-29 09:59:00,2025-04-29 09:59:00,23.20624542236328,232635.0,0.882036572850173,2025-04-29,09:59:00
20.597602501502482,29.636308670043945,20.500002631414695,0.640181532989294,0.0,0.0,,21.25336046129296,23.866605758666992,21.496865237235653,27.864907495279002,22.806169853086384,24.225087323116036,21.89493180521448,20.50653153503121,20.646590667985222,24.797279782019686,21.866341376787375,20.550019029568784,20.503223956707316,6853,2,20.639654556214648,20.502057997576664,119,3570.0,59.5,2025-04-29 09:59:30,2025-04-29 09:59:30,23.212549209594727,232019.0,0.8794025893353562,2025-04-29,09:59:30
20.597733235781625,29.636308670043945,20.50000239865283,0.6340137387165361,0.0,0.0,,21.32458988374406,23.866605758666992,21.498938270950823,27.864902390351162,22.806338285146484,24.049658560286527,21.850969176586226,20.507075944992103,20.6485587880766,24.797236628705104,21.855192425294543,20.54970804706944,20.50310642015445,6853,2,20.639103736461895,20.501995674061618,120,3600.0,60.0,2025-04-29 10:00:00,2025-04-29 10:00:00,23.33628845214844,235639.0,0.871968615127377,2025-04-29,10:00:00
20.610741999748498,30.948625564575195,20.50000218659547,0.7049356026637315,0.0,0.0,,21.391471433182982,24.05371666,21.504327319593894,27.274069613768674,22.753337235899757,25.251111781726852,21.926998296301683,20.507717666434505,20.649644084003683,24.968846226672316,21.863902815976367,20.584018491278304,20.503013842037426,6878,2,20.63854821145687,20.501967142871145,121,3630.0,60.5,2025-04-29 10:00:30,2025-04-29 10:00:30,23.36834716796875,235019.0,0.8709714693280117,2025-04-29,10:00:30
20.610577438472298,30.948625564575195,20.50000199339141,0.6936854929723083,0.0,0.0,,21.454067744933695,24.05371666,21.50969996081078,27.274009974192357,22.731150160777144,25.251190902189826,21.953674114833202,20.50844065327336,20.649977920859733,24.968864904189633,21.865830650029377,20.582324621784732,20.50292089895511,6878,2,20.63823778286542,20.501898235383877,122,3660.0,61.0,2025-04-29 10:01:00,2025-04-29 10:01:00,23.39602470397949,225555.0,0.8624116761987098,2025-04-29,10:01:00
20.6305346462514,30.334062576293945,20.500001817355923,0.7940133863539915,0.0,0.0,,21.512601365999814,23.848800659179688,21.511621198425512,27.059124926021084,22.698672885830337,25.251219081081338,21.964793511664645,20.509228707222462,20.64967204611281,24.75839220435296,21.8471386623653,20.612007040490695,20.503030310926114,6862,2,20.637351769485466,20.50184085750451,123,3690.0,61.5,2025-04-29 10:01:30,2025-04-29 10:01:30,23.262720108032227,226340.0,0.8693989821728373,2025-04-29,10:01:30
20.630434331838334,30.334062576293945,20.500001656955195,0.7802872248443031,0.0,0.0,,21.56733163282005,23.848800659179688,21.51336803442175,27.05908786246477,22.681424060860422,25.25123203304607,21.969606242834185,20.51006612528326,20.64882238369731,24.758353558667213,21.8387876138541,20.609835578566877,20.502988714496677,6862,2,20.636854799337794,20.501813658581767,124,3720.0,62.0,2025-04-29 10:02:00,2025-04-29 10:02:00,23.226696014404297,241029.0,0.8816940207402428,2025-04-29,10:02:00
20.630275870424654,30.874217987060547,20.50000151079343,0.7679841692596401,0.0,0.0,,21.573346207566846,23.98399353027344,21.517181911500458,26.982598753530663,22.66275482684326,25.25123890388451,21.971531172829817,20.510938114448454,20.647511748760998,24.753428953477663,21.833393492427057,20.626466425328292,20.502951169156095,6881,1,20.635826401761566,20.501756617758595,125,3750.0,62.5,2025-04-29 10:02:30,2025-04-29 10:02:30,23.38228416442871,226308.0,0.8655776226425933,2025-04-29,10:02:30
20.62868176636949,30.874217987060547,20.50000137759985,0.74758490197428,0.0,0.0,,21.5543086671993,23.98399353027344,21.520843961545257,26.982577294330913,22.650851278679095,25.25124287581485,21.972038467114874,20.51183104293221,20.645811895165647,24.75341924073057,21.829616236930676,20.623127121507128,20.502902119200193,6881,1,20.63455825106783,20.501710094571237,126,3780.0,63.0,2025-04-29 10:03:00,2025-04-29 10:03:00,23.28508758544922,225591.0,0.8671909977570027,2025-04-29,10:03:00
20.637489629854063,30.998605728149418,20.500001256217452,0.8013198364658,0.0,0.0,,21.528853865831618,23.95515823364257,21.52378582332096,26.78613835985887,22.623862894147816,24.99165345577104,21.9416099376619,20.5127325758965,20.643785182828527,24.583624810949747,21.811402862842463,20.61456220507141,20.50280769963137,6854,2,20.632738192839234,20.501651986381724,127,3810.0,63.5,2025-04-29 10:03:30,2025-04-29 10:03:30,23.32008171081543,233715.0,0.8583079953148065,2025-04-29,10:03:30
20.636011414056185,30.998605728149418,20.500001145593526,0.7839750277799575,0.0,0.0,,21.500716475001045,23.95515823364257,21.526438446781835,26.786107900612333,22.608685287226066,24.75413011444504,21.907903293839386,20.51363172971869,20.64148594758267,24.583589008665786,21.802348567247915,20.612356025654535,20.502734506681776,6854,2,20.63119888496807,20.5016224720143,128,3840.0,64.0,2025-04-29 10:04:00,2025-04-29 10:04:00,23.36339569091797,239909.0,0.8722833449349545,2025-04-29,10:04:00
20.638193785859137,30.566117091210156,20.50000104476927,0.7850500688501937,0.0,0.0,,21.471295217132223,23.91275978088379,21.528124076178454,27.240196811722804,22.63917077774338,24.535278196793513,21.872149455964067,20.514518869421757,20.63896164619959,24.948985667079267,21.829169028419358,20.64654473141273,20.502708158544,6883,1,20.630812047496917,20.501582601257788,129,3870.0,64.5,2025-04-29 10:04:30,2025-04-29 10:04:30,23.27876091003418,235543.0,0.8671264376355909,2025-04-29,10:04:30
20.63568047589194,30.266063690185547,20.50000095287185,0.760288828755183,0.0,0.0,,21.44130848493837,23.91275978088379,21.529534980061808,27.240230833597703,22.64822955528227,24.33219441702429,21.835161652382205,20.515385667277652,20.63625466108142,24.949041900089348,21.838628370798865,20.642543211499305,20.50265076674987,6883,1,20.629793492188014,20.501528422006395,130,3900.0,65.0,2025-04-29 10:05:00,2025-04-29 10:05:00,23.4459171295166,236052.0,0.8631690527934522,2025-04-29,10:05:00
20.639656225322483,30.51710319519043,20.500000869106433,0.7777874894835355,0.0,0.0,,21.411204050596456,24.02133178710937,21.53243585767599,27.157557565713724,22.64387728343811,25.088758529412576,21.881662659045432,20.516225035876598,20.633410165544955,24.894454033845218,21.837906271063886,20.638870517410073,20.50256896011782,6877,2,20.62846928249732,20.50149122964047,131,3930.0,65.5,2025-04-29 10:05:30,2025-04-29 10:05:30,23.364240646362305,235417.0,0.8639686439382033,2025-04-29,10:05:30
20.638146698087702,30.51710319519043,20.50000079274962,0.7616892213867786,0.0,0.0,,21.38128773087313,24.02133178710937,21.535059201899255,27.157553322755398,22.64156815084929,25.088805295172858,21.898652966836543,20.51703104600806,20.630508599625447,24.894451209855056,21.83813691110206,20.63539645512674,20.502508691234954,6877,2,20.627210248356917,20.501460099556297,132,3960.0,66.0,2025-04-29 10:06:00,2025-04-29 10:06:00,23.467235565185547,236042.0,0.8615697894866168,2025-04-29,10:06:00
20.637478420204783,30.80662727355957,20.500000723142215,0.7576864205392135,0.0,0.0,,21.35177593038663,24.035783767700195,21.53757647138695,27.207623350690913,22.644127657123832,25.088822262610243,21.90602573625927,20.51779884046464,20.62764179894421,24.888420210910578,21.837960456017534,20.63604112651189,20.502471942838717,6882,1,20.626012386383053,20.50141825700434,133,3990.0,66.5,2025-04-29 10:06:30,2025-04-29 10:06:30,23.31724548339844,241438.0,0.874016893053289,2025-04-29,10:06:30
20.635299803193835,30.80662727355957,20.500000659684403,0.739709468015536,0.0,0.0,,21.322823064313297,24.035783767700195,21.53974479951139,27.207626798051503,22.64418087382365,25.088830125929025,21.909411154703047,20.5185245572251,20.624876803795768,24.888419642421617,21.83805267548665,20.6321631425705,20.502418226027714,6882,1,20.624809701520388,20.501391144073622,134,4020.0,67.0,2025-04-29 10:07:00,2025-04-29 10:07:00,23.35435485839844,241386.0,0.8716893663054195,2025-04-29,10:07:00
20.63455532648671,30.45692072843865,20.500000601829843,0.7328550611920309,0.0,0.0,,21.294538471913416,24.07744026184082,21.54223284109474,28.009364388798126,22.716790151935207,25.08883431837327,21.910932339509596,20.519205267520647,20.62225161896077,24.90113144272498,21.839318857622864,20.660451146164366,20.50238258461723,6910,0,20.624384588251228,20.501350519417553,135,4050.0,67.5,2025-04-29 10:07:30,2025-04-29 10:07:30,23.399986267089844,241111.0,0.8702266539062922,2025-04-29,10:07:30
20.63214398894988,30.101463184550216,20.500000549080934,0.7125692191629531,0.0,0.0,,21.266997878848947,24.07744026184082,21.544373815702578,28.009446240186097,22.747549518250576,25.088836758482643,21.911516607644227,20.5198389223584,20.61978138323204,24.90113393344013,21.839914687438174,20.65546579853168,20.502337583438468,6910,0,20.62349008731119,20.501316847704427,136,4080.0,68.0,2025-04-29 10:08:00,2025-04-29 10:08:00,23.267333984375,241596.0,0.8719850882257985,2025-04-29,10:08:00
20.628344833774662,29.742994675541222,20.50000050098433,0.6837283312904198,0.0,0.0,,21.240251583327524,23.96445846557617,21.544352541892025,27.768159666925335,22.743489893431995,24.8382221551545,21.88258479405923,20.52042429688441,20.617465430999577,24.687445768571212,21.8211230576903,20.65064909277127,20.502280245892297,6910,0,20.62185511076083,20.501285187898937,137,4110.0,68.5,2025-04-29 10:08:30,2025-04-29 10:08:30,23.14375877380371,241433.0,0.8783565212709116,2025-04-29,10:08:30
20.62526040139808,29.383944926606162,20.50000045712743,0.6622472770879109,0.0,0.0,,21.2143304928521,23.96445846557617,21.544032239003112,27.768156286590663,22.74633618185306,24.608837075947793,21.85047988558191,20.520960924611,20.615293290595115,24.68740779441813,21.813158678088374,20.64599398571393,20.50223118554718,6910,0,20.620574609159902,20.501253411783658,138,4140.0,69.0,2025-04-29 10:09:00,2025-04-29 10:09:00,23.169139862060547,241190.0,0.8753675784651105,2025-04-29,10:09:00
20.620604496897624,29.026795800185948,20.500000417134444,0.6256836173082874,0.0,0.0,,21.189250673659703,23.92926597595215,21.54293789685346,27.047108017193597,22.684102263157747,24.39743302070545,21.816384030574934,20.521449018480773,20.613249184551126,24.737046166773172,21.813102951045238,20.641495411754917,20.50218962969023,6910,0,20.61883054601217,20.501213396397574,139,4170.0,69.5,2025-04-29 10:09:30,2025-04-29 10:09:30,23.29891967773437,241010.0,0.874263840193353,2025-04-29,10:09:30
20.61759696617259,28.673849242198752,20.50000038066284,0.6060190508052907,0.0,0.0,,21.165016833260076,23.92926597595215,21.541679473308204,27.04703892045939,22.659153061657598,24.201226239559087,21.781079312539557,20.521889380133267,20.611315146123513,24.73704781114399,21.811826963035923,20.637146853637972,20.502132701624006,6910,0,20.617511615436417,20.501173917255866,140,4200.0,70.0,2025-04-29 10:10:00,2025-04-29 10:10:00,23.17353248596192,240534.0,0.8777304481902767,2025-04-29,10:10:00
20.61500713474251,28.327108785443553,20.500000347400622,0.5904048895591207,0.0,0.0,,21.141625016823482,24.019176483154297,21.54173512614528,27.133506399851424,22.653234204193595,24.018143469418384,21.745119961035613,20.522283301506814,20.609473079009412,24.81735681801375,21.8175610212891,20.632944057638472,20.50208654527504,6910,0,20.61656242323129,20.50115615719904,141,4230.0,70.5,2025-04-29 10:10:30,2025-04-29 10:10:30,23.14801788330078,241224.0,0.8772772531961994,2025-04-29,10:10:30
20.612304129714257,27.98823386047432,20.50000031706389,0.5739343898924559,0.0,0.0,,21.119064711952046,24.019176483154297,21.5416498527504,27.133499511755907,22.647583796276795,23.846599983448435,21.708904857755815,20.522632464029932,20.607706008472586,24.81736920440491,21.819243190788644,20.62888403420845,20.502057666482358,6910,0,20.615530647015234,20.501120104740714,142,4260.0,71.0,2025-04-29 10:11:00,2025-04-29 10:11:00,23.177169799804688,235141.0,0.8675092816650435,2025-04-29,10:11:00
20.619930977001793,30.74515914916992,20.500000289393693,0.6647733860441387,0.0,0.0,,21.097320500712087,23.875268936157227,21.539074840627805,26.925165595077527,22.623991983205496,23.685353090873015,21.672725137749488,20.522938840544132,20.60602242270661,24.73485796983217,21.81231382856281,20.595746787190915,20.50197696278331,6860,2,20.614112371982756,20.501091054438895,143,4290.0,71.5,2025-04-29 10:11:30,2025-04-29 10:11:30,23.180627822875977,237557.0,0.8661080551194029,2025-04-29,10:11:30
20.618663155770832,30.74515914916992,20.500000264154227,0.6609504779731668,0.0,0.0,,21.076373360606155,23.875268936157227,21.536361414797742,26.92513914066346,22.612033667728607,23.533404184827678,21.636795836305883,20.523204605383373,20.60450730118541,24.73484409518091,21.809201391679565,20.59360621803154,20.501940622438514,6860,2,20.61292203571762,20.50104740303857,144,4320.0,72.0,2025-04-29 10:12:00,2025-04-29 10:12:00,23.15220642089844,232649.0,0.8563396468499758,2025-04-29,10:12:00
20.636020365615774,30.579172134399418,20.500000241130806,0.7522050665609267,0.0,0.0,,21.056201690537637,23.872913360595703,21.533567689085956,26.75004270700598,22.587943361560438,23.389932343162492,21.60127722639403,20.52343207118466,20.603691488641292,24.558657990972918,21.791508615166254,20.639665300808755,20.501890069047494,6855,2,20.61132340410586,20.501020959213903,145,4350.0,72.5,2025-04-29 10:12:30,2025-04-29 10:12:30,23.22196388244629,235895.0,0.8685129374297886,2025-04-29,10:12:30
20.63495544388911,30.579172134399418,20.500000220127237,0.7414239370633487,0.0,0.0,,21.036782119678215,23.872913360595703,21.53076135631803,26.750015627803723,22.574799852685167,23.254248658632314,21.566289429219758,20.523623799581515,20.603977494735254,24.558623286882142,21.783294304343777,20.63575304258375,20.501850037969895,6855,2,20.610060310287093,20.500992341975255,146,4380.0,73.0,2025-04-29 10:13:00,2025-04-29 10:13:00,23.26580619812012,237002.0,0.8612520279364732,2025-04-29,10:13:00
20.633170175537472,30.208186719090538,20.50000020096563,0.7217865200154283,0.0,0.0,,21.018090143969527,23.91066169738769,21.528557443168665,26.95888284688427,22.584604816661727,23.125764344866607,21.531922587438924,20.523782950513056,20.60537367134989,24.826016059707662,21.802173467476425,20.650934895469597,20.501824143795528,6881,1,20.609608712010814,20.500959794479677,147,4410.0,73.5,2025-04-29 10:13:30,2025-04-29 10:13:30,23.189884185791016,242058.0,0.8735738826025168,2025-04-29,10:13:30
20.63031765440683,29.784337659441473,20.5000001834834,0.6999676693231492,0.0,0.0,,21.000100625201654,23.91066169738769,21.52634162715659,26.95889378346785,22.585516033660316,23.00396810868878,21.49824407553479,20.523913455429685,20.607768211549303,24.826056331556124,21.808633471123056,20.646409029788636,20.501779851714062,6881,1,20.60880616414416,20.500945795866674,148,4440.0,74.0,2025-04-29 10:14:00,2025-04-29 10:14:00,23.24304962158203,235861.0,0.8561016207639245,2025-04-29,10:14:00
20.631033571299795,30.086326599121097,20.500000167532292,0.7118229724351887,0.0,0.0,,20.98278818021643,23.918237686157227,21.52421379206191,26.96029033505263,22.58442982660703,22.888409835042914,21.465303705129124,20.52401997814079,20.617207827513813,24.649634479243957,21.79552659427401,20.645117625999994,20.50174629288195,6883,1,20.60760338377009,20.500930038688907,149,4470.0,74.5,2025-04-29 10:14:30,2025-04-29 10:14:30,23.249860763549805,242145.0,0.8729127304920605,2025-04-29,10:14:30
20.628494111452476,30.086326599121097,20.500000152977545,0.6949498807090814,0.0,0.0,,20.966127482126115,23.918237686157227,21.52204687287009,26.960289512638862,22.58261282601337,22.778688629229737,21.433137553288944,20.524108083293623,20.626976524283037,24.649607525553847,21.790155632166307,20.640921943241803,20.501722994907396,6883,1,20.606578685828733,20.50090844112314,150,4500.0,75.0,2025-04-29 10:15:00,2025-04-29 10:15:00,23.071197509765625,242097.0,0.8800549857082078,2025-04-29,10:15:00
20.625718655638728,29.76480862437335,20.500000139696017,0.6757519876029475,0.0,0.0,,20.9500934910497,23.73447036743164,21.516896833588962,27.259965789046785,22.607961224881798,22.67444390766875,21.401770830047578,20.524184748212217,20.63635324165967,24.03663611714909,21.73223668119424,20.66516880855132,20.501712562042822,6910,0,20.604702598898445,20.500880563438386,151,4530.0,75.5,2025-04-29 10:15:30,2025-04-29 10:15:30,23.31681060791016,241903.0,0.8749225541849419,2025-04-29,10:15:30
20.622707021155993,29.428875956182893,20.50000012757538,0.6542474271962466,0.0,0.0,,20.934661628418795,23.73447036743164,21.51177361507667,27.259994620257185,22.617734963559403,22.575348650989422,21.37122006420204,20.524258275570638,20.644829079899786,24.03652085037389,21.706553049717254,20.65997742004216,20.501677715550905,6910,0,20.603342024234212,20.500855769194906,152,4560.0,76.0,2025-04-29 10:16:00,2025-04-29 10:16:00,23.227933883666992,236022.0,0.8623183167247122,2025-04-29,10:16:00
20.623183256937832,30.258251190185547,20.50000011651392,0.6703462585316121,0.0,0.0,,20.919807906162674,23.86204719543457,21.508835112020346,26.986123207708847,22.597797229274235,22.481104212219343,21.341494796896104,20.52433763486686,20.652435444630665,24.83308274284746,21.762754933287113,20.633362132670342,20.50162245791517,6882,1,20.603440642936548,20.50082358957192,153,4590.0,76.5,2025-04-29 10:16:30,2025-04-29 10:16:30,23.1516056060791,242429.0,0.8803750917794488,2025-04-29,10:16:30
20.62103111425813,30.258251190185547,20.50000010641847,0.65797446807866,0.0,0.0,,20.905509019886264,23.86204719543457,21.50602007955056,26.98610166541276,22.59006709527274,22.391436258903934,21.31259891348483,20.52443164525209,20.659210248972173,24.83320220750237,21.782334527759694,20.629719423634807,20.50159105062404,6882,1,20.602940612114555,20.500799160956994,154,4620.0,77.0,2025-04-29 10:17:00,2025-04-29 10:17:00,23.16246223449707,242112.0,0.8807269466197463,2025-04-29,10:17:00
20.618432397147405,29.92040460132268,20.50000009720389,0.6398944522625273,0.0,0.0,,20.89174241338881,23.90092086791992,21.503873811724937,27.13536429045391,22.599283462281672,22.306091553430807,21.28453170488861,20.524548279888762,20.665195246488796,24.626579143460653,21.7723336746402,20.65348884431558,20.501573315959543,6910,0,20.602033095036006,20.500773052711708,155,4650.0,77.5,2025-04-29 10:17:30,2025-04-29 10:17:30,23.07184219360352,242206.0,0.8831520869631636,2025-04-29,10:17:30
20.615699075644542,29.56404107505651,20.50000008879264,0.6208970409205281,0.0,0.0,,20.878486320448513,23.90092086791992,21.501737881912234,27.135375003437964,22.60208734984023,22.22483536133363,21.257288723197977,20.52469418939125,20.670434349294595,24.626556803864005,21.76910156178549,20.64872002583773,20.5015364111501,6910,0,20.601212840789717,20.5007679789856,156,4680.0,78.0,2025-04-29 10:18:00,2025-04-29 10:18:00,23.04630851745605,242195.0,0.8849234346291212,2025-04-29,10:18:00
20.612612296307983,29.195127697392987,20.500000081114802,0.6002900056640584,0.0,0.0,,20.865719788662194,23.826122283935547,21.498385739821188,27.078712210831757,22.59803269113511,22.14744933628391,21.230862478269124,20.524874442301968,20.67497228651605,24.11627497296397,21.721987397203836,20.64411212191918,20.50149825059657,6910,0,20.59941429413788,20.50075525406627,157,4710.0,78.5,2025-04-29 10:18:30,2025-04-29 10:18:30,23.07847785949707,242153.0,0.8843613335370613,2025-04-29,10:18:30
20.609987798602454,28.820192549261495,20.500000074105486,0.5835147676081209,0.0,0.0,,20.853422689234,23.826122283935547,21.495036851209047,27.078708191985964,22.596277988287195,22.07372977156566,21.20524300960969,20.525092443191596,20.6788535625738,24.116180898742947,21.701526777039483,20.639655975368722,20.501468623923476,6910,0,20.598220114350262,20.50074090321865,158,4740.0,79.0,2025-04-29 10:19:00,2025-04-29 10:19:00,23.02580642700196,242619.0,0.8870124686236445,2025-04-29,10:19:00
20.60807558492629,28.44533482543907,20.50000006770637,0.5722129517307455,0.0,0.0,,20.841575715878932,23.820293426513672,21.491646050362164,27.15532042685847,22.602121730219846,22.00348613679631,21.180418359144387,20.52534998062774,20.682121744527837,24.83818465483896,21.754358658212933,20.635352591464624,20.501433698727233,6910,0,20.598630685380652,20.50072685574873,159,4770.0,79.5,2025-04-29 10:19:30,2025-04-29 10:19:30,23.03395271301269,242837.0,0.8886066064891265,2025-04-29,10:19:30
20.60574021198864,28.075574124050668,20.50000006186374,0.5581094247150982,0.0,0.0,,20.830160375395458,23.820293426513672,21.488322351129774,27.15532732862492,22.604231608532476,21.936539839315255,21.156374964259548,20.525647361206932,20.684818991554973,24.838296067182974,21.773571074623625,20.631203550097304,20.50140272581381,6910,0,20.59831089096504,20.500712720132412,160,4800.0,80.0,2025-04-29 10:20:00,2025-04-29 10:20:00,22.843900680541992,236411.0,0.8826637587717999,2025-04-29,10:20:00
20.620551152715553,29.193506240844727,20.500000056529142,0.6412357975524372,0.0,0.0,,20.819158971948315,23.67684555053711,21.48983291972291,26.757053755555848,22.568863470443485,24.43104379219539,21.35444322310133,20.525983594034635,20.686986385175565,23.955279009062973,21.703380833257427,20.60704656716423,20.501329150865125,6853,2,20.595958742534698,20.500694150745602,161,4830.0,80.5,2025-04-29 10:20:30,2025-04-29 10:20:30,22.80923652648925,236122.0,0.8904800802127714,2025-04-29,10:20:30
20.62016758042667,29.193506240844727,20.50000005165794,0.6373915410906382,0.0,0.0,,20.808554586680508,23.67684555053711,21.49710664203954,26.75701458236749,22.55370556490369,24.431247052182954,21.439297512210572,20.526356598816673,20.688668280335847,23.95513515339787,21.674763231938424,20.604457831767196,20.501299784253852,6853,2,20.594910516682305,20.500671004935512,162,4860.0,81.0,2025-04-29 10:21:00,2025-04-29 10:21:00,22.675138473510746,242452.0,0.8970716368600795,2025-04-29,10:21:00
20.61817822985374,28.896390836007154,20.50000004721033,0.6192456491432984,0.0,0.0,,20.866115657549305,23.578838348388672,21.5041645046485,26.821030327151636,22.55046764822459,24.431329611184587,21.485752361607066,20.526763418898877,20.689912468336146,23.725607032812395,21.638595308999037,20.644691253989702,20.501313070443494,6910,0,20.59474860259756,20.500656099500027,163,4890.0,81.5,2025-04-29 10:21:30,2025-04-29 10:21:30,22.81049537658692,242152.0,0.8939805241129538,2025-04-29,10:21:30
20.6161712469925,28.587400764448535,20.500000043147335,0.6023389062750878,0.0,0.0,,20.926435160947353,23.578838348388672,21.51130748584105,26.82102672121586,22.546559975126158,24.43137417587854,21.515374370331493,20.52720042773738,20.6907648756491,23.725540435908222,21.619001807697455,20.640267684046492,20.50129278105753,6910,0,20.59499062428222,20.500637561171892,164,4920.0,82.0,2025-04-29 10:22:00,2025-04-29 10:22:00,22.86366271972656,242385.0,0.8948471053283,2025-04-29,10:22:00
20.6242609870401,30.05438995361328,20.50000003943703,0.6510650820746265,0.0,0.0,,20.986248223322672,23.835186004638672,21.522374697052708,26.694643473713356,22.53151541346188,24.43140261126907,21.53647563074126,20.52766352186117,20.691266112893302,23.85376265832277,21.616929751358338,20.636867270843233,20.50130065017458,6883,1,20.595583594114743,20.500618701484573,165,4950.0,82.5,2025-04-29 10:22:30,2025-04-29 10:22:30,22.89843940734864,236279.0,0.8815862285687682,2025-04-29,10:22:30
20.623139817701045,30.05438995361328,20.500000036048327,0.6404405360955249,0.0,0.0,,21.042386075810292,23.835186004638672,21.532970412621356,26.69462685758138,22.523447153624947,24.43142274857271,21.552767898573055,20.528148295410258,20.69145063292693,23.85376487533177,21.61106734045279,20.633159239243536,20.501291262408465,6883,1,20.596151763070978,20.500596649135787,166,4980.0,83.0,2025-04-29 10:23:00,2025-04-29 10:23:00,22.895034790039062,237735.0,0.8850051659410688,2025-04-29,10:23:00
20.62637577080283,30.02907943725586,20.500000032953135,0.6746974942942608,0.0,0.0,,21.094621573455417,23.629350662231445,21.53950708974786,26.585123292563928,22.507707236288383,24.208598501823296,21.53790915971452,20.52865019260052,20.691347384787036,24.418324276958742,21.655298460317695,20.629617680960443,20.50126436740958,6877,2,20.59758482642363,20.500580262152603,167,5010.0,83.5,2025-04-29 10:23:30,2025-04-29 10:23:30,22.850208282470703,237314.0,0.8870795259655984,2025-04-29,10:23:30
20.62434599197247,30.02907943725586,20.50000003012671,0.6591371424966476,0.0,0.0,,21.143120802902494,23.629350662231445,21.545235702559133,26.58510588075574,22.498797641861273,24.005773713763798,21.519353193618183,20.529164635963316,20.690980907635616,24.418417291603692,21.67094095835065,20.626125497569973,20.50125066345806,6877,2,20.598459176673995,20.500566667929995,168,5040.0,84.0,2025-04-29 10:24:00,2025-04-29 10:24:00,22.87615966796875,227259.0,0.8771275972568743,2025-04-29,10:24:00
20.632988779833948,29.92995834350586,20.50000002754258,0.7091291947421274,0.0,0.0,,21.18813213644566,23.524925231933597,21.548565834565867,26.272945886453517,22.463789885668234,23.81973632422187,21.49828556605071,20.52968712992433,20.690372415291296,24.293640665190946,21.666560367570238,20.6507011362078,20.50123443969673,6876,2,20.598595687309032,20.50056022773768,169,5070.0,84.5,2025-04-29 10:24:30,2025-04-29 10:24:30,22.86766242980957,225623.0,0.8769432997744024,2025-04-29,10:24:30
20.63119938832999,29.92995834350586,20.500000025184125,0.6919022476163664,0.0,0.0,,21.229915818543738,23.524925231933597,21.551224588696638,26.272906990439004,22.44621707547214,23.647781562978743,21.475498306169417,20.53021334085375,20.68954071667766,24.29363057114393,21.665429391871037,20.646907910946688,20.501220548001527,6876,2,20.598963039712906,20.500551114329667,170,5100.0,85.0,2025-04-29 10:25:00,2025-04-29 10:25:00,22.9558162689209,241959.0,0.8801867645964813,2025-04-29,10:25:00
20.629019217562657,29.75864601135254,20.50000002302688,0.6725903149868281,0.0,0.0,,21.235671765122323,23.57332992553711,21.55406035552491,26.312392984809517,22.43795776616748,23.487901279205026,21.451559443058223,20.530739155885644,20.688502822066088,24.49389586220395,21.682973073808572,20.64413561359344,20.50121078331905,6882,1,20.599329809446946,20.500533156204966,171,5130.0,85.5,2025-04-29 10:25:30,2025-04-29 10:25:30,22.990053176879883,227061.0,0.8738377297290155,2025-04-29,10:25:30
20.626487822133342,29.75864601135254,20.50000002105664,0.6533393346112504,0.0,0.0,,21.222875265403772,23.57332992553711,21.556307998672544,26.312383932159495,22.430362038131683,23.33856641335459,21.42688385014549,20.531260723464545,20.687274354396358,24.493932012340892,21.690387244325905,20.64050249501502,20.501189831028878,6882,1,20.599195854285515,20.500520122159276,172,5160.0,86.0,2025-04-29 10:26:00,2025-04-29 10:26:00,22.87843894958496,227561.0,0.879140922653706,2025-04-29,10:26:00
20.624255888516476,29.82565689086914,20.50000001925663,0.6416829265434794,0.0,0.0,,21.20520172600141,23.507402420043945,21.556901403445625,26.168178391938625,22.410543580939695,23.198583322295566,21.401779782264313,20.531774478783685,20.685869904686438,23.553948374861513,21.61025126661819,20.637550881098324,20.501168969684443,6878,2,20.597007307809037,20.50050638846256,173,5190.0,86.5,2025-04-29 10:26:30,2025-04-29 10:26:30,23.00630187988281,225577.0,0.8753304719674435,2025-04-29,10:26:30
20.621792046011674,29.82565689086914,20.500000017611672,0.6261444864665816,0.0,0.0,,21.185410562381414,23.507402420043945,21.55693362953711,26.168156709601273,22.39896970362865,23.06699764943961,21.376479841773758,20.532277157189117,20.68430329897818,23.553786048883563,21.576907821252632,20.63380210666403,20.50115299348842,6878,2,20.595828341215924,20.500497771896782,174,5220.0,87.0,2025-04-29 10:27:00,2025-04-29 10:27:00,23.04157829284668,225998.0,0.8768205360224427,2025-04-29,10:27:00
20.62982632319059,29.72213554382324,20.500000016108228,0.6680019232196196,0.0,0.0,,21.237178338702343,23.669580459594727,21.559065737192192,26.252442596994392,22.397977436891782,22.943029114042833,21.351161882542872,20.53276579835406,20.68258765794097,24.422447481272382,21.63625383644655,20.63275838328006,20.501132979717188,6854,2,20.597656110750624,20.500482378682072,175,5250.0,87.5,2025-04-29 10:27:30,2025-04-29 10:27:30,23.251192092895508,220648.0,0.8384681143722128,2025-04-29,10:27:30
20.62863441573944,29.72213554382324,20.500000014734063,0.6585031212276877,0.0,0.0,,21.29263474009329,23.669580459594727,21.560682393880516,26.252442034480143,22.394102689413184,22.8260266268316,21.325963347370674,20.533237743626014,20.68073537052462,24.422574486671405,21.656748552470933,20.62977125036537,20.50111569040741,6854,2,20.598715404322697,20.50046549648456,176,5280.0,88.0,2025-04-29 10:28:00,2025-04-29 10:28:00,22.93657684326172,234153.0,0.8653327098093981,2025-04-29,10:28:00
20.637979825272158,29.325265848664987,20.500000013478672,0.6987474057585012,0.0,0.0,,21.338907452495068,23.70353889465332,21.56226122846426,26.58456830247057,22.42019572309934,24.78635500108778,21.483925025342877,20.533690628625834,20.678896353506833,24.424213548006396,21.66571740534428,20.663037530890236,20.50111937850222,6881,1,20.599769652127254,20.50044923993474,177,5310.0,88.5,2025-04-29 10:28:30,2025-04-29 10:28:30,22.928068161010746,241571.0,0.8766516883235157,2025-04-29,10:28:30
20.636396605009395,28.90988361244038,20.500000012332777,0.6798958511652433,0.0,0.0,,21.38172198258336,23.70353889465332,21.563258666500314,26.584598286260512,22.42915132497106,24.78651275298402,21.55308703630508,20.534122379711157,20.677210384126596,24.42422947646497,21.670617109935943,20.658184785486053,20.501103787139584,6881,1,20.600540427734476,20.50043362018327,178,5340.0,89.0,2025-04-29 10:29:00,2025-04-29 10:29:00,22.95690155029297,241446.0,0.8758887856912104,2025-04-29,10:29:00
20.633762413573542,28.48673965983654,20.500000011280957,0.6564314323854424,0.0,0.0,,21.415591432284486,23.7087516784668,21.563772924312282,26.68140130131962,22.44191205337063,24.786577547772474,21.592102712450252,20.534531240232802,20.67566032889213,23.830334920004777,21.62064649864753,20.672633067114006,20.501100441229948,6910,0,20.600132345554236,20.500425958985936,179,5370.0,89.5,2025-04-29 10:29:30,2025-04-29 10:29:30,22.85277366638184,241490.0,0.8787942823719409,2025-04-29,10:29:30
20.631205778346416,28.063913771890988,20.500000010321845,0.6349656400917397,0.0,0.0,,21.44651287703612,23.7087516784668,21.563756866403004,26.681416684983592,22.447572103888067,24.786612992323818,21.617832301024723,20.53491581775217,20.67420201161867,23.830233374827305,21.600253203382564,20.667224003522062,20.501080367601304,6910,0,20.600251548513274,20.500420509000193,180,5400.0,90.0,2025-04-29 10:30:00,2025-04-29 10:30:00,22.86352729797364,237846.0,0.8638583369070744,2025-04-29,10:30:00
20.64299839773225,27.74964904785156,20.50000000944597,0.6805369469339124,0.0,0.0,,21.47518905384278,23.620859146118164,21.561844063828282,26.615390065753747,22.44465485881399,24.786635936093802,21.636775676018438,20.535275114434263,20.672792989283558,23.7317860526624,21.58034810309628,20.66312183550212,20.501023841314435,6864,2,20.600254771346357,20.50041058811763,181,5430.0,90.5,2025-04-29 10:30:30,2025-04-29 10:30:30,22.756986618041992,235947.0,0.8685101288636855,2025-04-29,10:30:30
20.641540058388557,27.74964904785156,20.500000008642,0.6667478221497569,0.0,0.0,,21.50187629005986,23.620859146118164,21.559515695509738,26.61538784154321,22.443953465783842,24.78665242849912,21.651881069134895,20.53560852306654,20.67139944604843,23.731750499184095,21.568945724160724,20.658448402003973,20.501002684328945,6864,2,20.600446280405272,20.50039616845856,182,5460.0,91.0,2025-04-29 10:31:00,2025-04-29 10:31:00,22.7194938659668,235539.0,0.8668395945045194,2025-04-29,10:31:00
20.639796348294663,28.079063415527344,20.5000000079108,0.6544708158600704,0.0,0.0,,21.526751653251647,23.57414054870605,21.556118676091003,26.495900608542403,22.432719103120537,24.54518915269212,21.634866649362444,20.535915791324772,20.66999493889279,24.37838320015573,21.618720989258712,20.657933220997265,20.500990205971526,6872,2,20.601765821763365,20.5003876287181,183,5490.0,91.5,2025-04-29 10:31:30,2025-04-29 10:31:30,22.64684295654297,235567.0,0.8712783942572602,2025-04-29,10:31:30
20.637109431760308,28.079063415527344,20.50000000723796,0.6363840886777912,0.0,0.0,,21.549960400430727,23.57414054870605,21.55246684159472,26.495888841607265,22.42775843706111,24.325114295531783,21.614122796606917,20.53619696553874,20.668559304138164,24.378487450092027,21.636961715262558,20.65350586863206,20.500979757712795,6872,2,20.602475071858734,20.500375016259465,184,5520.0,92.0,2025-04-29 10:32:00,2025-04-29 10:32:00,22.686767578125,235193.0,0.8693699828438771,2025-04-29,10:32:00
20.63391975436631,27.90970230102539,20.50000000662516,0.6169460242268392,0.0,0.0,,21.5404359901613,23.552316665649418,21.548273186493738,26.5176760416744,22.426687309829447,24.123034672589164,21.590920576661407,20.536452325657336,20.66707770235507,23.7488910680982,21.5890648652922,20.649975995317448,20.500972115960636,6875,2,20.601398553846735,20.500366503123097,185,5550.0,92.5,2025-04-29 10:32:30,2025-04-29 10:32:30,22.6855525970459,235216.0,0.8736060020364261,2025-04-29,10:32:30
20.63118288316545,27.90970230102539,20.500000006066184,0.6015886726372945,0.0,0.0,,21.514158472373463,23.552316665649418,21.543928018165985,26.517675396900753,22.425314536547994,23.936081180298345,21.566104009933564,20.53668232048026,20.665539762340106,23.748792291284026,21.569931497965605,20.645853566029096,20.50095541538187,6875,2,20.60064872366198,20.500358447088985,186,5580.0,93.0,2025-04-29 10:33:00,2025-04-29 10:33:00,22.66965675354004,236035.0,0.8736713437625776,2025-04-29,10:33:00
20.627556588754207,27.63229751586914,20.500000005549705,0.5789094921016809,0.0,0.0,,21.483800927113307,23.35200881958008,21.536261047768612,26.460859190594455,22.41884869340267,23.762121914124272,21.540272214251548,20.536887509059067,20.663938647567317,23.566373127458032,21.543344281837964,20.644373825933396,20.50094646078827,6882,1,20.599531835921514,20.50035460663048,187,5610.0,93.5,2025-04-29 10:33:30,2025-04-29 10:33:30,22.50349807739257,242071.0,0.8948464500084686,2025-04-29,10:33:30
20.62470990853299,27.63229751586914,20.50000000508237,0.5642154665774186,0.0,0.0,,21.451899576450945,23.35200881958008,21.528571136514685,26.46085245058922,22.41544731908592,23.599531954739025,21.513855303759843,20.537068511411487,20.662270211826577,23.566323819240235,21.529326946696894,20.64029280562098,20.500940095242157,6882,1,20.598648845738655,20.500346340004192,188,5640.0,94.0,2025-04-29 10:34:00,2025-04-29 10:34:00,22.28812599182129,242241.0,0.8949186966698454,2025-04-29,10:34:00
20.620523490127447,27.398487029971562,20.500000004656385,0.5359844137483379,0.0,0.0,,21.45804512060586,23.18130874633789,21.518262418310737,26.044538904783547,22.374997743323497,23.447041346819976,21.487165054183677,20.53722596960807,20.66053245653752,23.3518287574839,21.50056830352056,20.657501143317386,20.500950943237143,6910,0,20.597523122407956,20.500338997083123,189,5670.0,94.5,2025-04-29 10:34:30,2025-04-29 10:34:30,22.31227684020996,242096.0,0.8988832167817725,2025-04-29,10:34:30
20.61747158016867,27.152874095294653,20.50000000425885,0.5184762139604917,0.0,0.0,,21.467690851767742,23.18130874633789,21.508164180562403,26.044494053838115,22.356622072949627,23.303633402579162,21.46042858412788,20.537360518946677,20.65872514281186,23.351775432794277,21.4847923059342,20.65267666129099,20.500940506518127,6910,0,20.596964068888564,20.500333135723334,190,5700.0,95.0,2025-04-29 10:35:00,2025-04-29 10:35:00,22.4290714263916,242451.0,0.8970277112694937,2025-04-29,10:35:00
20.614851028936368,26.899836091947336,20.500000003899167,0.5049265046536097,0.0,0.0,,21.479623880290838,23.17951011657715,21.498356822827635,26.133506061415304,22.353246000924678,23.168475722825228,21.433811530764384,20.537472768193997,20.656849454838444,23.47232902890063,21.484500874509052,20.648012787018807,20.500929180977636,6910,0,20.596894830307065,20.50032853059163,191,5730.0,95.5,2025-04-29 10:35:30,2025-04-29 10:35:30,22.29752540588379,242496.0,0.9010603525418976,2025-04-29,10:35:30
20.612096087900596,26.64312263300531,20.5000000035737,0.4903815350035427,0.0,0.0,,21.491266427132025,23.17951011657715,21.488886183820647,26.13350236280894,22.348346825188173,23.040872720591185,21.407435411209867,20.53756328752792,20.65490769170178,23.472333882670704,21.480192531981874,20.643506719891207,20.50092751875021,6910,0,20.596705324489022,20.50031997889686,192,5760.0,96.0,2025-04-29 10:36:00,2025-04-29 10:36:00,22.4294548034668,236759.0,0.8941399798951677,2025-04-29,10:36:00
20.61618824035265,29.073223114013672,20.50000000327587,0.5430175512927108,0.0,0.0,,21.50438144571394,23.30719566345215,21.481787394643245,26.09738400005707,22.340449021175036,22.920232441254587,21.38138981028331,20.53763260270782,20.652903037090624,23.47971623378313,21.475828449745094,20.630186422199188,20.5008917057667,6882,1,20.596538235598004,20.500314342263664,193,5790.0,96.5,2025-04-29 10:36:30,2025-04-29 10:36:30,22.42617416381836,242233.0,0.8951620185936681,2025-04-29,10:36:30
20.614288556123626,29.073223114013672,20.50000000299452,0.5354856386999444,0.0,0.0,,21.51689374240041,23.30719566345215,21.474954749296515,26.09737551591631,22.33487072907004,22.806043005278415,21.355740924281505,20.537681194047757,20.650839442338814,23.479710809486328,21.471212342524378,20.62664943815801,20.500893374340706,6882,1,20.596382026326168,20.500310248682887,194,5820.0,97.0,2025-04-29 10:37:00,2025-04-29 10:37:00,22.3631649017334,220443.0,0.8699390261881756,2025-04-29,10:37:00
20.632799956796028,29.062503814697266,20.50000000273994,0.6458045952266654,0.0,0.0,,21.519208594281544,23.179311752319336,21.466246829943586,25.291070028507527,22.256574871798527,22.69785561142623,21.33053760978234,20.53770949891728,20.648721726099353,23.477999734076754,21.466647815985596,20.63730790731628,20.500829597059493,6822,4,20.598125456165025,20.500307064189755,195,5850.0,97.5,2025-04-29 10:37:30,2025-04-29 10:37:30,22.37274169921875,210815.0,0.859747364395323,2025-04-29,10:37:30
20.63208978594594,29.062503814697266,20.500000002509612,0.6379271845810837,0.0,0.0,,21.52046682281993,23.179311752319336,21.457725691464983,25.29098290268765,22.220692584474072,22.59527207272404,21.30581571117659,20.537717916704203,20.646555664042783,23.477993546588834,21.462477319819293,20.634446775280832,20.5008229475671,6822,4,20.599233321722682,20.50030488241912,196,5880.0,98.0,2025-04-29 10:38:00,2025-04-29 10:38:00,22.540515899658203,229071.0,0.862310225323153,2025-04-29,10:38:00
20.652180781551685,28.686826002099906,20.500000002301196,0.7282564930843396,0.0,0.0,,21.560921962954943,23.433734893798828,21.453531431875792,26.095797097416607,22.27152770329985,22.497935527271466,21.281601222607243,20.537706815424638,20.644347838126347,23.97527983440983,21.503210098629484,20.674226285600806,20.500824030932318,6825,3,20.60453405609648,20.50030381986563,197,5910.0,98.5,2025-04-29 10:38:30,2025-04-29 10:38:30,22.46760940551757,238971.0,0.888652022630361,2025-04-29,10:38:30
20.651093181346756,28.45298767089844,20.500000002112607,0.7114343806212056,0.0,0.0,,21.612704608031763,23.433734893798828,21.449513267254435,26.095853920485112,22.28656657350063,22.405523403870568,21.257912894861906,20.537676539394976,20.642105313633518,23.975364575945676,21.51879687063256,20.670007104106645,20.50082077998863,6825,3,20.60664575638741,20.500298135869507,198,5940.0,99.0,2025-04-29 10:39:00,2025-04-29 10:39:00,22.42693328857422,239411.0,0.8897999935257779,2025-04-29,10:39:00
20.649126392487155,28.192588535123036,20.500000001938087,0.6874099899379361,0.0,0.0,,21.640383898765133,23.08843421936035,21.439985964359558,26.07776593997566,22.290538996424658,22.31774201160653,21.23476411573145,20.537627417511942,20.63983530861892,23.67397597990154,21.499449028335516,20.703627583231714,20.500871160216647,6883,1,20.60670215882971,20.50029514862456,199,5970.0,99.5,2025-04-29 10:39:30,2025-04-29 10:39:30,22.114465713500977,241369.0,0.8941285826887463,2025-04-29,10:39:30
20.645871604210054,27.899457215232637,20.500000001768846,0.6610589758397729,0.0,0.0,,21.665023271607957,23.08843421936035,21.430561142468594,26.07777141656902,22.2919207448215,22.234322315458176,21.212163959752186,20.537559771733385,20.63754491153086,23.67393518044284,21.49259739180021,20.69772219013819,20.500869637181832,6883,1,20.60687229071425,20.500292644317216,200,6000.0,100.0,2025-04-29 10:40:00,2025-04-29 10:40:00,22.39393424987793,235953.0,0.8855168587600073,2025-04-29,10:40:00
20.662733879401465,28.10866355895996,20.50000000161572,0.7278284372258801,0.0,0.0,,21.69392534861718,23.302867889404297,21.424877114731007,26.013096791760592,22.286085693887348,22.15501658996222,21.19011786297265,20.5374739253658,20.63524075432543,24.028334470957514,21.52114720873797,20.700624572854213,20.500809538734277,6827,3,20.607764307449056,20.50028830955255,201,6030.0,100.5,2025-04-29 10:40:30,2025-04-29 10:40:30,22.651525497436523,218129.0,0.8461571908136928,2025-04-29,10:40:30
20.661181615555318,28.10866355895996,20.50000000147715,0.7115902098967909,0.0,0.0,,21.721017808938832,23.302867889404297,21.41947311631495,26.013091210134732,22.28295165527104,22.079595731475703,21.168628165553187,20.53737021076034,20.632928761817535,24.028393667021017,21.532749158781996,20.695646092558857,20.500812358689256,6827,3,20.608268245305712,20.500284600974283,202,6060.0,101.0,2025-04-29 10:41:00,2025-04-29 10:41:00,22.32893943786621,241466.0,0.8940868616078455,2025-04-29,10:41:00
20.653311292256326,27.821306562936382,20.500000001351772,0.6561574408319336,0.0,0.0,,21.74356577862232,23.29434394836425,21.414084353090317,24.628628856503592,22.154001565959934,22.007847070685788,21.14769459514625,20.53724897602506,20.63061412453743,23.399020895930185,21.482570185999407,20.739923101392527,20.500899157297205,6910,0,20.606150352471463,20.500278816870598,203,6090.0,101.5,2025-04-29 10:41:30,2025-04-29 10:41:30,22.458175659179688,241835.0,0.8887325035664813,2025-04-29,10:41:30
20.648883270798894,27.51690667931153,20.500000001238327,0.6249099184955133,0.0,0.0,,21.76358215205757,23.29434394836425,21.408812155887407,24.62848552506516,22.09717970420656,21.93957256974304,21.1273146924009,20.53711059044095,20.62830137480869,23.398918057256274,21.46256223229473,20.732366184633197,20.500901209809765,6910,0,20.60542503055532,20.50027144100818,204,6120.0,102.0,2025-04-29 10:42:00,2025-04-29 10:42:00,22.45960807800293,240516.0,0.893261518984184,2025-04-29,10:42:00
20.646390857191843,27.20118758806546,20.50000000113571,0.6072452779407425,0.0,0.0,,21.781323408107834,23.393518447875977,21.405238425390948,25.212720001159465,22.11583241701204,21.874587318620232,21.107484181328594,20.536955448417466,20.62599436055003,23.853412151164658,21.492692359016278,20.72505913897199,20.500895807285318,6910,0,20.606425914145202,20.500267533871586,205,6150.0,102.5,2025-04-29 10:42:30,2025-04-29 10:42:30,22.5813102722168,240478.0,0.8922366339124577,2025-04-29,10:42:30
20.642592045856322,26.87977375902057,20.50000000104283,0.5828827461144096,0.0,0.0,,21.79694772532393,23.393518447875977,21.40173986907773,25.212740686055245,22.113983949917937,21.812718266918342,21.08819728899737,20.536783971946033,20.62369620847521,23.853477083728954,21.503011371828087,20.718002362353335,20.500900607642333,6910,0,20.606676276214994,20.50026632032703,206,6180.0,103.0,2025-04-29 10:43:00,2025-04-29 10:43:00,22.22069931030273,239930.0,0.8993210259242279,2025-04-29,10:43:00
20.650000354459415,29.155275344848636,20.500000000958806,0.6271283802046037,0.0,0.0,,21.807728209647475,23.13563537597656,21.3941290976632,24.701841042776444,22.06155272435561,24.648408009168012,21.32299823629787,20.536596611576243,20.621409495487445,23.361298869284788,21.46330084707967,20.700361776778603,20.500872248726807,6884,1,20.605230337617186,20.50026056730563,207,6210.0,103.5,2025-04-29 10:43:30,2025-04-29 10:43:30,22.47453689575196,234824.0,0.89250246993493,2025-04-29,10:43:30
20.647827412409534,29.155275344848636,20.500000000882764,0.6132971571394713,0.0,0.0,,21.816613110430293,23.13563537597656,21.386614835445275,24.70178329179111,22.034839566909746,24.648645522164433,21.42666970303785,20.53639384603054,20.619136477146913,23.36121795464112,21.44676675990831,20.69468367502033,20.500872661002933,6884,1,20.604541036921937,20.500252674247225,208,6240.0,104.0,2025-04-29 10:44:00,2025-04-29 10:44:00,22.501649856567383,234692.0,0.8937941802447463,2025-04-29,10:44:00
20.65489648113289,29.42960357666016,20.500000000813976,0.6645485447154592,0.0,0.0,,21.826603069044555,23.384355545043945,21.383337471154483,25.148047570760603,22.057004434249215,24.64874379858099,21.485427514582327,20.536176180684453,20.61687917976901,23.758672992689036,21.473149293537315,20.685662728689863,20.500839278660187,6857,2,20.605302414543594,20.500247922738332,209,6270.0,104.5,2025-04-29 10:44:30,2025-04-29 10:44:30,22.487367630004883,215826.0,0.8652006564315698,2025-04-29,10:44:30
20.653102751039373,29.42960357666016,20.50000000075173,0.6537191565053839,0.0,0.0,,21.83535111916281,23.384355545043945,21.38026408738753,25.148073040531393,22.05985039931629,24.648797909823543,21.524279154547095,20.535944145189486,20.614639459859454,23.75872997181975,21.48192902850029,20.680800773258525,20.500831750527762,6857,2,20.605441514111313,20.50024431370305,210,6300.0,105.0,2025-04-29 10:45:00,2025-04-29 10:45:00,22.60793685913086,240411.0,0.8972672709443411,2025-04-29,10:45:00
20.65129371239929,29.114470112864197,20.500000000695344,0.6389353014088269,0.0,0.0,,21.842773199305604,23.7504997253418,21.38310687225928,25.66589101633558,22.105235132377334,24.64883313616976,21.552899873301,20.535698290493418,20.612419172814143,24.216469251615617,21.526465606185774,20.71604402139745,20.500900619867487,6910,0,20.6068362439873,20.5002410725648,211,6330.0,105.5,2025-04-29 10:45:30,2025-04-29 10:45:30,22.68877410888672,240471.0,0.8970817946862616,2025-04-29,10:45:30
20.648179818286625,28.773613267372596,20.50000000063465,0.6176885803173658,0.0,0.0,,21.848956522959654,23.7504997253418,21.38583670286856,25.665943222606266,22.122184119377394,24.648858566970706,21.57562544802484,20.535439185512505,20.610220303709614,24.216558336855606,21.545802152044473,20.709339189141968,20.500900134331577,6910,0,20.60736998225429,20.50024008847302,212,6360.0,106.0,2025-04-29 10:46:00,2025-04-29 10:46:00,22.56303977966309,240418.0,0.8995035469474,2025-04-29,10:46:00
20.644227947353237,28.418718001994872,20.500000000577977,0.5931594712242183,0.0,0.0,,21.860875400633503,23.675479888916016,21.387026763766837,25.605903355236684,22.124919958158394,24.41186278840576,21.56373466135363,20.53516741373258,20.608044939253286,24.13835258210716,21.549875787063495,20.702865019627243,20.500896298970485,6910,0,20.607516374896413,20.50023902209135,213,6390.0,106.5,2025-04-29 10:46:30,2025-04-29 10:46:30,22.598691940307617,240190.0,0.8986837893958949,2025-04-29,10:46:30
20.640551725717202,28.058379738733283,20.500000000526217,0.5716710382360133,0.0,0.0,,21.871984111146492,23.675479888916016,21.387868423038636,25.605908274890574,22.127036224044446,24.196356333052233,21.547625261335547,20.534883569980362,20.605895174511506,24.1383567911343,21.554691207271787,20.69661379401448,20.500904604722024,6910,0,20.607680589503694,20.500237537091692,214,6420.0,107.0,2025-04-29 10:47:00,2025-04-29 10:47:00,22.45287322998047,240186.0,0.899931784637739,2025-04-29,10:47:00
20.636328764500817,27.69911660003687,20.50000000047613,0.5482925991449683,0.0,0.0,,21.877770400635946,23.26647377,21.381877848124986,25.555701035404486,22.12362915599819,23.9988669144253,21.528589250687844,20.53458825751398,20.60377294870498,23.289986913054396,21.483154514300708,20.69057243007901,20.50089984869591,6910,0,20.60602177502708,20.50023607351668,215,6450.0,107.5,2025-04-29 10:47:30,2025-04-29 10:47:30,22.266357421875,240184.0,0.9028487014122506,2025-04-29,10:47:30
20.632770431394736,27.345738642731742,20.500000000430834,0.5294376689812598,0.0,0.0,,21.882151841382374,23.26647377,21.375788774485958,25.55569876813915,22.12221023132858,23.816477461871795,21.507492031169043,20.534282085472103,20.601679905637848,23.28984080296651,21.454547914741934,20.684726435108498,20.500896300207863,6910,0,20.605261522356315,20.500234624834462,216,6480.0,108.0,2025-04-29 10:48:00,2025-04-29 10:48:00,22.530067443847656,234936.0,0.8923631728428167,2025-04-29,10:48:00
20.643187237167073,29.27409172058105,20.500000000389797,0.6178620812423229,0.0,0.0,,21.880429552741596,23.29471206665039,21.37033197955538,26.777978528157725,22.232906599481797,24.63788139566635,21.57765841514749,20.53396566662293,20.599617290159934,23.704555400998515,21.47664157653342,20.6728562241597,20.50087118047717,6881,1,20.60658085425132,20.500233185082294,217,6510.0,108.5,2025-04-29 10:48:30,2025-04-29 10:48:30,22.30320930480957,240905.0,0.9000224414188166,2025-04-29,10:48:30
20.64148192614773,29.27409172058105,20.500000000352752,0.6105767601712931,0.0,0.0,,21.877701641071866,23.29471206665039,21.365118097228006,26.778103569430243,22.280317397951777,24.637946426193988,21.6115552043961,20.533639615303223,20.597585890709315,23.704605408860942,21.48253823885174,20.667853330413372,20.50086805638654,6881,1,20.60681835788987,20.500231728964035,218,6540.0,109.0,2025-04-29 10:49:00,2025-04-29 10:49:00,22.21795082092285,240321.0,0.9007487641529456,2025-04-29,10:49:00
20.63585529527022,28.96457188272889,20.500000000319194,0.565814033661062,0.0,0.0,,21.873187280140577,23.228614807128903,21.35908174455677,25.312786108940756,22.174544128016556,24.557372986483248,21.625705257360025,20.533304545421714,20.595586206888008,25.013753453985565,21.60122025325854,20.684981959216746,20.50089803168663,6910,0,20.607851531237014,20.500230312679957,219,6570.0,109.5,2025-04-29 10:49:30,2025-04-29 10:49:30,22.257902145385746,240476.0,0.9001304963904921,2025-04-29,10:49:30
20.632985316782765,28.630751093391318,20.50000000028883,0.5483195119507411,0.0,0.0,,21.868285123573852,23.228614807128903,21.35329055174882,25.312669701088662,22.136288953241547,24.55738303429907,21.637799557117187,20.532961068451865,20.593618654092626,25.01399251997051,21.651568321863447,20.679376738763978,20.500900366752344,6910,0,20.608267139331133,20.500228872826828,220,6600.0,110.0,2025-04-29 10:50:00,2025-04-29 10:50:00,22.207029342651367,239987.0,0.901099004841929,2025-04-29,10:50:00
20.629003640494645,28.283172470089898,20.5000000002613,0.5259609383288214,0.0,0.0,,21.86186104812963,23.239059448242188,21.347936328300957,25.281702907294303,22.11379096558627,24.55739188366633,21.648040986932806,20.532609791436595,20.59168368338308,23.016898064125975,21.500955667018424,20.673956224657555,20.500905527721535,6910,0,20.60466898549988,20.50022742775667,221,6630.0,110.5,2025-04-29 10:50:30,2025-04-29 10:50:30,22.1782341003418,240354.0,0.9024396047080556,2025-04-29,10:50:30
20.626157819264094,27.92973932950009,20.500000000236472,0.5111875681327999,0.0,0.0,,21.855242678499835,23.239059448242188,21.34284134320221,25.281677746336786,22.10033842962681,24.557399211564245,21.6569151165064,20.532251315082828,20.589781837965894,23.01658395858824,21.44406815035098,20.668697245969586,20.500909529844485,6910,0,20.603109260981118,20.500225976985796,222,6660.0,111.0,2025-04-29 10:51:00,2025-04-29 10:51:00,22.26594352722168,240207.0,0.9008447661808356,2025-04-29,10:51:00
20.624395904062073,27.5766146204206,20.500000000213923,0.5041362968775587,0.0,0.0,,21.850410708299826,23.32938766479492,21.3394306493182,25.48976735567296,22.110065985947667,24.557405356191843,21.66475150917704,20.53188623203125,20.58791341476766,23.712915062044342,21.478406812004614,20.66360726193153,20.500918752332232,6910,0,20.603688747715957,20.500224521297078,223,6690.0,111.5,2025-04-29 10:51:30,2025-04-29 10:51:30,22.233078002929688,240724.0,0.902431311377345,2025-04-29,10:51:30
20.62195516191902,27.228484477774956,20.500000000193655,0.492560690347772,0.0,0.0,,21.845628334925582,23.32938766479492,21.336209354541936,25.489778350162002,22.111262842765054,24.557410600567177,21.671761398390988,20.53151512530507,20.58607810238686,23.71299379269439,21.487400911515333,20.65869236898215,20.50092133719243,6910,0,20.603616700755598,20.5002230626649,224,6720.0,112.0,2025-04-29 10:52:00,2025-04-29 10:52:00,22.24899673461914,240530.0,0.9026007020953728,2025-04-29,10:52:00
20.621889559444114,27.794034957885746,20.500000000175252,0.5030126735068409,0.0,0.0,,21.836524540631224,23.216440200805664,21.331300231736567,24.62908388758436,22.031875801461464,24.177814236529795,21.64492321417286,20.531138566792922,20.584277548976818,23.62433339368739,21.481470632302948,20.64513735105891,20.500872325696164,6878,1,20.602341436831452,20.50022160414236,225,6750.0,112.5,2025-04-29 10:52:30,2025-04-29 10:52:30,22.176204681396484,233753.0,0.8960182462898872,2025-04-29,10:52:30
20.619872260068203,27.794034957885746,20.500000000158593,0.4951598896821658,0.0,0.0,,21.82719552268148,23.216440200805664,21.32652808269907,24.628995434070895,21.99656780222199,24.177785129047447,21.635335472431446,20.53075711575505,20.582531268536943,23.624321474601498,21.478072918904655,20.64106985018217,20.500870381793334,6878,1,20.601618616771635,20.500220149723045,226,6780.0,113.0,2025-04-29 10:53:00,2025-04-29 10:53:00,22.080904006958008,235827.0,0.8922340317266471,2025-04-29,10:53:00
20.627592730375845,27.53072367994325,20.50000000014353,0.5456480679209141,0.0,0.0,,21.818005291039466,23.14388084411621,21.320790391686774,25.017248330681078,22.010177370204026,24.17777454639046,21.631476525120906,20.530371318849802,20.580868787526164,23.41120949126848,21.456452601597267,20.65316096623912,20.5008650656451,6869,2,20.60096511335565,20.50021879491698,227,6810.0,113.5,2025-04-29 10:53:30,2025-04-29 10:53:30,22.278301239013672,236977.0,0.888708015440317,2025-04-29,10:53:30
20.625947217227466,27.34322929382324,20.50000000012989,0.536675574781298,0.0,0.0,,21.809019613462,23.14388084411621,21.31528292718795,25.017263299908578,22.009625173277996,24.177769676813917,21.629987130184784,20.52998171553174,20.57931245710915,23.41116715317191,21.446147139947538,20.64895702862575,20.500866315649013,6869,2,20.60035885393058,20.500217676455954,228,6840.0,114.0,2025-04-29 10:54:00,2025-04-29 10:54:00,22.26091384887696,236431.0,0.8876032410090048,2025-04-29,10:54:00
20.628445070708835,27.13286590576172,20.50000000011745,0.5552530002918526,0.0,0.0,,21.80457330270865,23.30463218688965,21.31261692057729,25.09836931968703,22.013626018818062,24.177767117651094,21.62958784128631,20.52958885060406,20.577873180586028,23.06183018984691,21.40831015482902,20.657441839111673,20.500876424946767,6878,2,20.59932889423618,20.500216579483087,229,6870.0,114.5,2025-04-29 10:54:30,2025-04-29 10:54:30,22.324010848999023,236346.0,0.886695115423997,2025-04-29,10:54:30
20.626355575262366,27.13286590576172,20.500000000106258,0.54292555600753,0.0,0.0,,21.800488232240518,23.30463218688965,21.31016045455882,25.098374324197184,22.01274973646698,24.177765661363157,21.629751343499937,20.52919329095465,20.576551761379942,23.061756882554796,21.389907411736377,20.6529725611631,20.50087310572151,6878,2,20.598655254887625,20.50021550706529,230,6900.0,115.0,2025-04-29 10:55:00,2025-04-29 10:55:00,22.440906524658203,234467.0,0.8916836511108173,2025-04-29,10:55:00
20.62930684050816,28.47624015808105,20.50000000009633,0.574307731720226,0.0,0.0,,21.79639953898856,23.428192138671875,21.309782097327897,25.391181105253487,22.037276068172456,24.581973594239145,21.665553354182418,20.528795641247132,20.575358096362837,23.711651347196607,21.436328910677908,20.652134641679062,20.50086859205429,6878,2,20.599611484219025,20.50021435788762,231,6930.0,115.5,2025-04-29 10:55:30,2025-04-29 10:55:30,22.431514739990234,233022.0,0.8878369719382719,2025-04-29,10:55:30
20.627563058637126,28.47624015808105,20.50000000008693,0.5648502051914823,0.0,0.0,,21.79225578654686,23.428192138671875,21.309427086787526,25.391209270945822,22.046173272675354,24.582008304694032,21.68257213262011,20.52839655485328,20.574346791762906,23.711750051170206,21.45226032615835,20.647934986279783,20.50087179410791,6878,2,20.599753561145704,20.500214135295806,232,6960.0,116.0,2025-04-29 10:56:00,2025-04-29 10:56:00,22.45683479309082,233404.0,0.8904867606167847,2025-04-29,10:56:00
20.636402447386665,28.87732696533203,20.500000000078938,0.6468708335787174,0.0,0.0,,21.788053347718254,23.31058692932129,21.30712845993148,25.589742039742962,22.068477348576497,27.95904022914064,21.988104451257854,20.527996743897717,20.57354644116404,23.73278419687702,21.46085202749032,20.645491510079857,20.50087833270175,6881,1,20.599867650636085,20.500213220182573,233,6990.0,116.5,2025-04-29 10:56:30,2025-04-29 10:56:30,22.39926147460937,240897.0,0.8961063364217903,2025-04-29,10:56:30
20.63532444900522,28.87732696533203,20.500000000071143,0.6418306343968239,0.0,0.0,,21.783801988757357,23.31058692932129,21.304794328749033,25.589768022907876,22.078475669216804,27.959342887454902,22.132041661130707,20.527596995453443,20.57294847308049,23.732799963690177,21.46520141569779,20.64155835701659,20.50087981568427,6881,1,20.59979157373308,20.50021226942703,234,7020.0,117.0,2025-04-29 10:57:00,2025-04-29 10:57:00,22.3189697265625,236057.0,0.8869384566015835,2025-04-29,10:57:00
20.637557541120714,28.580484661565666,20.500000000064748,0.6592751144121101,0.0,0.0,,21.77889065454793,23.279624938964844,21.302003722641995,25.33689650149428,22.061223689747965,27.959473868540925,22.218935043873223,20.52719818913289,20.572520278250515,23.547650707372313,21.45132523791958,20.64676039990585,20.500865691046627,6873,2,20.599083936814406,20.50021135557619,235,7050.0,117.5,2025-04-29 10:57:30,2025-04-29 10:57:30,22.265625,235059.0,0.890286919986046,2025-04-29,10:57:30
20.6361319606577,28.259121184608343,20.500000000058353,0.6510179368705321,0.0,0.0,,21.7739369870107,23.279624938964844,21.299285874990836,25.336878257152065,22.055160868455477,27.95954911314087,22.27983339867493,20.526801304629636,20.572221922488655,23.547622066168643,21.446160081402446,20.6428072330684,20.50086965104593,6873,2,20.598717257310735,20.500210480039993,236,7080.0,118.0,2025-04-29 10:58:00,2025-04-29 10:58:00,22.39592361450196,231380.0,0.8872466964517244,2025-04-29,10:58:00
20.641215603065678,28.162511825561523,20.500000000052957,0.674900326788473,0.0,0.0,,21.768312830864797,23.28993034362793,21.296830853431935,24.966126556418256,22.01815767955806,27.95959997391528,22.326974101835553,20.52640741172999,20.572024991983625,23.652920306263567,21.453052804766287,20.660487879069393,20.500890930621342,6881,1,20.598303241452243,20.50021123011539,237,7110.0,118.5,2025-04-29 10:58:30,2025-04-29 10:58:30,22.213342666625977,240179.0,0.9022168101707476,2025-04-29,10:58:30
20.63961868701825,28.162511825561523,20.50000000004816,0.6642485758887382,0.0,0.0,,21.76270751192366,23.28993034362793,21.294474202314493,24.96608579534669,22.00151417381832,27.959637901585676,22.365928041268983,20.52601764520754,20.57193867399114,23.65293539660379,21.45545832344991,20.65618116039294,20.500893995691914,6881,1,20.598037665373113,20.50021199803728,238,7140.0,119.0,2025-04-29 10:59:00,2025-04-29 10:59:00,22.136289596557617,228691.0,0.8938392853238649,2025-04-29,10:59:00
20.642340956945457,27.898478885026208,20.500000000043364,0.6614343302804425,0.0,0.0,,21.755468137379975,23.21002960205078,21.290928195555804,24.77870474388934,21.97414845983792,27.533980567316668,22.345624885313423,20.525633179694957,20.571969566608967,23.377599330762955,21.43183047602526,20.670093612254785,20.500894923575395,6880,1,20.597206908749186,20.500212767573274,239,7170.0,119.5,2025-04-29 10:59:30,2025-04-29 10:59:30,22.13577651977539,240354.0,0.9036110539038252,2025-04-29,10:59:30
20.639302799361374,27.60393371397001,20.500000000039034,0.6377424383398435,0.0,0.0,,21.74855662170925,23.21002960205078,21.2874944836804,24.778674398504585,21.959385093978135,27.146600115937698,22.317918536767966,20.52525521109202,20.572112118531525,23.377551692559205,21.421817261671254,20.665291873546398,20.500892950890517,6880,1,20.596916197370067,20.50021222534329,240,7200.0,120.0,2025-04-29 11:00:00,2025-04-29 11:00:00,22.080076217651367,240347.0,0.9039057331691264,2025-04-29,11:00:00
20.63794419795358,27.29014769223555,20.500000000035836,0.6126407293334359,0.0,0.0,,21.741860127144992,23.10717391967773,21.28256988071408,24.901183276003522,21.960354967314117,25.573015198789115,22.190268934703475,20.524884937530686,20.572351379318793,23.38837909568787,21.417112032506555,20.668774487842263,20.50089625119669,6881,1,20.59685277168803,20.500211559897558,241,7230.0,120.5,2025-04-29 11:00:30,2025-04-29 11:00:30,22.126873016357425,236631.0,0.8949198594013464,2025-04-29,11:00:30
20.63539272453011,26.966955610465117,20.50000000003264,0.5963061517501798,0.0,0.0,,21.735776644497346,23.10717391967773,21.277841969275514,24.901184580944708,21.957243872174764,25.572876244843847,22.139639489610396,20.524523535350536,20.57266762240268,23.38837202326168,21.413504411744032,20.663983140241495,20.500893462516444,6881,1,20.596725467358702,20.50021103502788,242,7260.0,121.0,2025-04-29 11:01:00,2025-04-29 11:01:00,22.20657730102539,234813.0,0.8927893552529034,2025-04-29,11:01:00
20.6456420535018,26.642389057510993,20.50000000002944,0.6429667327778487,0.0,0.0,,21.73260191103521,23.31335067749023,21.27666710892381,25.53159606463332,22.011160186639838,25.572822553320297,22.11519008993846,20.52417213035525,20.573039480295595,23.49189474199449,21.419787592540207,20.671314320783946,20.500866075813235,6855,2,20.59743453099876,20.500210654517787,243,7290.0,121.5,2025-04-29 11:01:30,2025-04-29 11:01:30,22.26363945007324,239608.0,0.9019962422999231,2025-04-29,11:01:30
20.644137981008548,26.62372589111328,20.500000000026244,0.631176828589773,0.0,0.0,,21.729990478059786,23.31335067749023,21.27567456559584,25.531656850526215,22.0324152863491,25.57279546477189,22.102041451450017,20.523831767246175,20.573445868206566,23.491909040210107,21.421177067525548,20.666878937352372,20.500867870834302,6855,2,20.59764743359023,20.500210233026348,244,7320.0,122.0,2025-04-29 11:02:00,2025-04-29 11:02:00,22.19457054138184,235927.0,0.8888081641779025,2025-04-29,11:02:00
20.65576990825495,27.373708724975582,20.500000000023512,0.6850759595171289,0.0,0.0,,21.728066352795537,23.17390823364257,21.27249546195964,25.172352921501265,22.0110517329518,25.572779465024336,22.094398487533184,20.523503380576905,20.573867109669916,23.370491068619053,21.410278427199227,20.672048336420023,20.50082329729247,6827,3,20.597139224124582,20.500209518194467,245,7350.0,122.5,2025-04-29 11:02:30,2025-04-29 11:02:30,22.222694396972656,232240.0,0.8929344374354117,2025-04-29,11:02:30
20.65443299793486,27.373708724975582,20.500000000021913,0.6732995618385148,0.0,0.0,,21.726367948871044,23.17390823364257,21.269371752382952,25.172330069883458,22.004143914035026,25.572769017914048,22.089689630174,20.523187769915072,20.574285546916585,23.37046961429426,21.40517025417204,20.667963656040545,20.50082114165821,6827,3,20.596922214305664,20.50020881480406,246,7380.0,123.0,2025-04-29 11:03:00,2025-04-29 11:03:00,22.2450008392334,239446.0,0.9002312238458776,2025-04-29,11:03:00
20.649881182732877,27.142553846426168,20.500000000020314,0.6406284892389144,0.0,0.0,,21.724271613211897,23.326305389404297,21.268817259333172,24.925129859388505,21.97816595207462,25.299191724630514,22.056779248366777,20.522885580887788,20.574685793884104,23.549112608404712,21.417947460039695,20.710941899854298,20.50094692278185,6910,0,20.596913728615945,20.500208122378925,247,7410.0,123.5,2025-04-29 11:03:30,2025-04-29 11:03:30,22.307573318481445,238538.0,0.8994884331846498,2025-04-29,11:03:30
20.645903162301025,26.89323064965529,20.500000000018716,0.613869157799717,0.0,0.0,,21.72225566685509,23.326305389404297,21.268354432223916,24.925101339017434,21.966275505055197,25.048127837571087,22.02073413795908,20.52259729282265,20.575054778753373,23.549139955435827,21.42233040578308,20.704642912881244,20.500948444186026,6910,0,20.596872301485163,20.500207440355,248,7440.0,124.0,2025-04-29 11:04:00,2025-04-29 11:04:00,22.439746856689453,238842.0,0.8970940386322339,2025-04-29,11:04:00
20.648938025971486,27.489784240722656,20.500000000017117,0.6312208546881989,0.0,0.0,,21.72033402640155,23.37108612060547,21.268607316609522,25.08116523070871,21.973136433188962,24.816243992847784,21.98277086783269,20.522323212935454,20.575381966068072,23.550001867414995,21.4242313410872,20.692715571606104,20.500898865721148,6880,1,20.596956742701437,20.500206768108193,249,7470.0,124.5,2025-04-29 11:04:30,2025-04-29 11:04:30,22.389026641845703,234229.0,0.8932764516776317,2025-04-29,11:04:30
20.645772924882152,27.489784240722656,20.50000000001552,0.6126413655384427,0.0,0.0,,21.718487700669495,23.37108612060547,21.2688197320693,25.081173225357738,21.973937636532483,24.600649639748486,21.943690568379033,20.522063476512248,20.575661621594286,23.550005453101424,21.42519801672016,20.68728245431458,20.500902626659755,6880,1,20.59692568441458,20.50020610499171,250,7500.0,125.0,2025-04-29 11:05:00,2025-04-29 11:05:00,22.368396759033203,238510.0,0.896527530292231,2025-04-29,11:05:00
20.64902935937815,27.247808944346335,20.50000000001392,0.6202125428162296,0.0,0.0,,21.716696109292826,23.40571403503418,21.26951619520264,24.935776523712356,21.960102479114422,24.39918562597199,21.904056475581893,20.521818052279997,20.575893190234755,23.53804616533094,21.424710182726812,20.701237645075857,20.500913119746095,6881,1,20.596710021701877,20.500205450364298,251,7530.0,125.5,2025-04-29 11:05:30,2025-04-29 11:05:30,22.50044631958008,234093.0,0.8709323057502787,2025-04-29,11:05:30
20.646006291750062,27.22162628173828,20.50000000001232,0.6009126135625847,0.0,0.0,,21.714940545885305,23.40571403503418,21.270128752415708,24.93576152919683,21.953410814785375,24.210195880598178,21.86427005450341,20.52158675216369,20.576078768078787,23.53804519416746,21.424645315077708,20.695570514887066,20.50091472646913,6881,1,20.59656808831784,20.500204924272502,252,7560.0,126.0,2025-04-29 11:06:00,2025-04-29 11:06:00,22.413497924804688,232863.0,0.8905155606515419,2025-04-29,11:06:00
20.648162825950738,27.61851692199707,20.500000000010722,0.6179636835512086,0.0,0.0,,21.71356172571445,23.31567955,21.269201745331504,25.153996388711555,21.968838021444245,24.03237675924603,21.82462102537648,20.521369244785358,20.57622652632588,23.509495811728407,21.422109121447285,20.695670658926797,20.50091670992768,6881,1,20.596552620016404,20.500204801428836,253,7590.0,126.5,2025-04-29 11:06:30,2025-04-29 11:06:30,22.341354370117188,238291.0,0.899034950963318,2025-04-29,11:06:30
20.645089455971544,27.61851692199707,20.500000000009123,0.6004920073327926,0.0,0.0,,21.712200911782137,23.31567955,21.268212566906968,25.15401397525931,21.973936445644522,23.864676341273512,21.78532063136808,20.52116507301494,20.57636286613575,23.509490876835507,21.421038062287096,20.69010436514505,20.500914720423644,6881,1,20.596428980495567,20.500204746764023,254,7620.0,127.0,2025-04-29 11:07:00,2025-04-29 11:07:00,22.73580741882324,230933.0,0.8499597962396019,2025-04-29,11:07:00
20.657726390000626,28.321870803833008,20.500000000007994,0.674377567204157,0.0,0.0,,21.710817232797265,23.435991287231445,21.26915053490853,24.933594079922155,21.95601066364832,24.44624029131354,21.81116781924498,20.520973678907115,20.576575847710743,23.45189121798467,21.415262232759467,20.695369051795954,20.500868180803543,6854,2,20.59600661262021,20.500204761184328,255,7650.0,127.5,2025-04-29 11:07:30,2025-04-29 11:07:30,22.417219161987305,232328.0,0.8897494194630006,2025-04-29,11:07:30
20.655922383310934,28.321870803833008,20.500000000007994,0.6624602735409293,0.0,0.0,,21.709398054446567,23.435991287231445,21.270067128843564,24.933574587317864,21.948371504600434,24.446267147432632,21.816427789733986,20.52079443895227,20.577047448083167,23.451879977958157,21.412600798178516,20.690253632092254,20.500867488089753,6854,2,20.595767195274817,20.50020484510828,256,7680.0,128.0,2025-04-29 11:08:00,2025-04-29 11:08:00,22.3205509185791,238533.0,0.8984210256023275,2025-04-29,11:08:00
20.661400464044053,28.06706306100068,20.500000000007994,0.6817061822356205,0.0,0.0,,22.8807397243343,23.406673431396484,21.270426981268493,25.22616366069506,21.970404283215345,24.446273746235104,21.81589179821142,20.520626722395384,20.577799973443,23.531553688820512,21.41810436096443,20.721794107541008,20.50091657668208,6888,1,20.600319899548662,20.50020545350212,257,7710.0,128.5,2025-04-29 11:08:30,2025-04-29 11:08:30,22.368019104003903,232347.0,0.8896265607044636,2025-04-29,11:08:30
20.65873649610651,27.787198289249577,20.500000000007994,0.6623950252011046,0.0,0.0,,23.087860201912825,23.406673431396484,21.270697884841212,25.226188615588043,21.9785051243594,24.446274852473692,21.813353432656637,20.52046997646942,20.578788391449873,23.531565565312814,21.419941230053393,20.71528255096075,20.500914883192245,6888,1,20.602232307673027,20.50020655564289,258,7740.0,129.0,2025-04-29 11:09:00,2025-04-29 11:09:00,22.35525703430176,228802.0,0.8896184665125305,2025-04-29,11:09:00
20.662886500673263,27.489560850608314,20.500000000007994,0.6684637155596042,0.0,0.0,,23.06468973698934,23.37144470214844,21.270337232435804,25.170885067678373,21.977594320082662,24.4164964201973,21.807516993784922,20.520323807023036,20.57995758470712,23.64127689681422,21.430504635341606,20.723991402541124,20.50097891332561,6882,1,20.602702170314934,20.500207783605106,259,7770.0,129.5,2025-04-29 11:09:30,2025-04-29 11:09:30,22.31154441833496,239637.0,0.8943212155259831,2025-04-29,11:09:30
20.66005533922522,27.181042733599778,20.500000000007994,0.6484843436497375,0.0,0.0,,23.036379833043508,23.37144470214844,21.26993292302569,25.170884622774565,21.9779243321172,24.416492371213426,21.802898993870162,20.52018802615081,20.58125358876233,23.64129809286608,21.435076181882593,20.71770092689319,20.5010026246934,6882,1,20.602970738606565,20.5002091336991,260,7800.0,130.0,2025-04-29 11:10:00,2025-04-29 11:10:00,22.28521728515625,225513.0,0.8974165292023076,2025-04-29,11:10:00
20.662055940338508,27.935009002685547,20.500000000007994,0.6675554291414497,0.0,0.0,,23.004844861141247,23.30017471313477,21.268373174459757,24.996399222984866,21.962363712940178,24.580429729515657,21.813127623215337,20.520062659968257,20.58305997721235,23.531760402816982,21.427870338177875,20.69739437384932,20.500972173592814,6852,2,20.602741798855114,20.50021060081153,261,7830.0,130.5,2025-04-29 11:10:30,2025-04-29 11:10:30,22.287696838378903,234122.0,0.8890149286483116,2025-04-29,11:10:30
20.659708740760365,27.935009002685547,20.500000000007994,0.6544298553372487,0.0,0.0,,22.97112777471908,23.30017471313477,21.266834150490762,24.996382217869325,21.95577800685875,24.58044166954615,21.81599829072909,20.519947947398492,20.5856265396633,23.53174498483231,21.425495910766028,20.6922298670679,20.50097984742326,6852,2,20.60265377987331,20.50021217843933,262,7860.0,131.0,2025-04-29 11:11:00,2025-04-29 11:11:00,22.236968994140625,234753.0,0.8900715592558988,2025-04-29,11:11:00
20.671407824121182,29.014129638671875,20.500000000007994,0.7137178264897253,0.0,0.0,,22.93405026219757,23.23039436340332,21.264245533584052,25.44277371922175,21.99266985656241,24.28158815308385,21.790337961407094,20.519844412892457,20.588689007318724,23.60575912751779,21.431175799119753,20.721788198502942,20.500999977302587,6855,2,20.603058950518623,20.500212994087967,263,7890.0,131.5,2025-04-29 11:11:30,2025-04-29 11:11:30,22.05074882507324,237819.0,0.8948347403908014,2025-04-29,11:11:30
20.669122335716125,29.014129638671875,20.500000000007994,0.6976900530792426,0.0,0.0,,22.895959311903795,23.23039436340332,21.261758610778305,25.442815174280554,22.007563902497512,24.28156365354281,21.777734409449387,20.519752961620267,20.591958575886242,23.60577089068814,21.43353282122862,20.715687168037967,20.501045303127682,6855,2,20.603088125756443,20.50021446350555,264,7920.0,132.0,2025-04-29 11:12:00,2025-04-29 11:12:00,22.06444549560547,238017.0,0.8938348547582736,2025-04-29,11:12:00
20.672704728258225,28.710103687243624,20.500000000007994,0.7087037372103707,0.0,0.0,,22.855728956983178,23.19770240783691,21.258890520136454,25.346883355525655,22.007246603375673,24.281553123929445,21.769618331008445,20.519674886178024,20.595230831026626,24.489108028625058,21.51400043032817,20.73251196284689,20.501099979641857,6872,2,20.60451870747599,20.500215787293612,265,7950.0,132.5,2025-04-29 11:12:30,2025-04-29 11:12:30,22.10821914672852,238423.0,0.8914631898977867,2025-04-29,11:12:30
20.66944803508947,28.37546637963496,20.500000000007994,0.6870870963229754,0.0,0.0,,22.815272339151292,23.19770240783691,21.25617916332693,25.3468835313393,22.00915846578304,24.28154694185241,21.763577359322106,20.519611767708017,20.598379571466563,24.48926960565194,21.548866233649754,20.725490696446602,20.50109744282487,6872,2,20.605002730268403,20.500217140981494,266,7980.0,133.0,2025-04-29 11:13:00,2025-04-29 11:13:00,22.00427627563477,238253.0,0.8948383519829761,2025-04-29,11:13:00
20.667528607921668,28.022651873370805,20.500000000007994,0.6758723464680159,0.0,0.0,,22.77472554942266,23.05081558227539,21.251284978716676,25.37972478276495,22.014146219348522,24.281542609202642,21.758700094407704,20.519565311209142,20.601328568707313,24.4461723160143,21.565111880313808,20.71842530210166,20.501105788108376,6870,2,20.605074071077905,20.500219600875354,267,8010.0,133.5,2025-04-29 11:13:30,2025-04-29 11:13:30,22.027454376220703,237324.0,0.8911621085520217,2025-04-29,11:13:30
20.664424789290518,27.661376524548338,20.500000000007994,0.6582836560688822,0.0,0.0,,22.73449515357661,23.05081558227539,21.24660429799387,25.379730598061673,22.017244003164603,24.28153925088277,21.75457900641423,20.51953716388191,20.60403379648762,24.44619714728787,21.577807775920746,20.71216025922677,20.501161257832862,6870,2,20.605040260284973,20.500221389503277,268,8040.0,134.0,2025-04-29 11:14:00,2025-04-29 11:14:00,22.23853874206543,235266.0,0.8912409251655573,2025-04-29,11:14:00
20.665631263731626,28.37267494,20.500000000007994,0.6755058884651906,0.0,0.0,,22.6968104995127,23.163063049316406,21.244010911220947,25.26683573269619,22.009312178173282,24.07816802406197,21.727808906147605,20.519528752298413,20.6064719903242,23.59625458061406,21.512214313351127,20.72270815054444,20.50118304422098,6882,1,20.60332958626315,20.50022191333246,269,8070.0,134.5,2025-04-29 11:14:30,2025-04-29 11:14:30,22.121870040893555,240325.0,0.902713447935088,2025-04-29,11:14:30
20.66182849687511,28.37267494,20.500000000007994,0.6561361711537131,0.0,0.0,,22.659770117867698,23.163063049316406,21.241672832158304,25.26682701605071,22.00684148320192,23.891655272970528,21.698806695515,20.519541157718486,20.608633315495368,23.596117237467723,21.48866483452088,20.716074695011805,20.50120064528219,6882,1,20.602552918409906,20.500224547326518,270,8100.0,135.0,2025-04-29 11:15:00,2025-04-29 11:15:00,22.19924545288086,239825.0,0.9006314500156364,2025-04-29,11:15:00
20.657764535142196,28.100897714130813,20.500000000007994,0.6334240267667978,0.0,0.0,,22.62441338817177,22.985795974731445,21.236668790749878,25.441868800213328,22.021887000430215,23.7194727144369,21.668478129359965,20.51957503577405,20.610516820707026,23.462753865146535,21.466086719294765,20.732157419310834,20.501248905124424,6910,0,20.60191118153132,20.500224803471824,271,8130.0,135.5,2025-04-29 11:15:30,2025-04-29 11:15:30,22.122291564941406,239686.0,0.903712630796125,2025-04-29,11:15:30
20.653554937891045,27.817174231141014,20.500000000007994,0.6104244152101151,0.0,0.0,,22.58968924373657,22.985795974731445,21.231865356810115,25.44188557540508,22.028443151254397,23.55943760553805,21.637413722316246,20.51963057835236,20.612127549211483,23.462711280963653,21.454887463302228,20.724955749674077,20.50124608504489,6910,0,20.601389426581733,20.5002255260595,272,8160.0,136.0,2025-04-29 11:16:00,2025-04-29 11:16:00,22.17058181762696,239664.0,0.9034941235437948,2025-04-29,11:16:00
20.653615817937922,27.5260258514577,20.500000000007994,0.6159843421752857,0.0,0.0,,22.556901878181833,23.04396629333496,21.22828280484629,25.41900118207193,22.030409843437862,23.40992205546117,21.606025689743053,20.519707511122647,20.61347474802782,23.368273286704436,21.43935000593378,20.70770881349159,20.501218935597194,6882,1,20.60075476944175,20.50022625061159,273,8190.0,136.5,2025-04-29 11:16:30,2025-04-29 11:16:30,22.232166290283203,233609.0,0.8998121594202279,2025-04-29,11:16:30
20.650123939200416,27.231666788233564,20.500000000007994,0.5990330699227754,0.0,0.0,,22.52478442807237,23.04396629333496,21.224977980777506,25.419003429082146,22.032472705107462,23.26967972426518,21.574605657292764,20.519805118563784,20.614571314732327,23.36824445894654,21.430484221096652,20.701540016344165,20.501223593620562,6882,1,20.600253477954404,20.50022925430069,274,8220.0,137.0,2025-04-29 11:17:00,2025-04-29 11:17:00,22.17752456665039,239253.0,0.9054985073332412,2025-04-29,11:17:00
20.646436206010875,26.937962553486546,20.500000000007994,0.5805752157758431,0.0,0.0,,22.49205646555018,22.969951629638672,21.220716810767147,25.550065680563208,22.046276893432992,23.137731441358145,21.543362433334543,20.519922288489166,20.615432932136674,23.319095228350484,21.4197879019979,20.71373002226074,20.501278740717943,6910,0,20.599781811835463,20.500230325603827,275,8250.0,137.5,2025-04-29 11:17:30,2025-04-29 11:17:30,22.11527633666992,239084.0,0.906715709750548,2025-04-29,11:17:30
20.642625207750626,26.648168961095188,20.500000000007994,0.5614849164548218,0.0,0.0,,22.45990924270665,22.969951629638672,21.2166833995155,25.550081046477267,22.053066763708244,23.013288733642753,21.512447018454424,20.520057569103248,20.616076429489937,23.319076172214203,21.41287327723228,20.70714835270174,20.50128616534326,6910,0,20.599297906495003,20.50023160827194,276,8280.0,138.0,2025-04-29 11:18:00,2025-04-29 11:18:00,22.04792022705078,239176.0,0.908217693246814,2025-04-29,11:18:00
20.638765227178606,26.36486322343965,20.500000000007994,0.5422997276816435,0.0,0.0,,22.42654772289687,22.875394821166992,21.21138943462162,25.484990414310577,22.051662934539415,22.895701991209656,21.481969375141688,20.520209232800113,20.616518498353575,23.318329585457693,21.407481974431317,20.700784212880336,20.50129298715919,6910,0,20.59870472678438,20.500232271910882,277,8310.0,138.5,2025-04-29 11:18:30,2025-04-29 11:18:30,21.985153198242188,239061.0,0.9085665504829312,2025-04-29,11:18:30
20.635173288052385,26.089974293906405,20.500000000007994,0.525444475712843,0.0,0.0,,22.393877792316943,22.875394821166992,21.206374808316763,25.48498881757151,22.052581227112228,22.784424818483703,21.45200982830178,20.52037534192882,20.616775006235976,23.318321101069046,21.402999081879212,20.694629804905265,20.501291706123574,6910,0,20.598153772956167,20.500233804981228,278,8340.0,139.0,2025-04-29 11:19:00,2025-04-29 11:19:00,22.114633560180664,239757.0,0.9061644315911528,2025-04-29,11:19:00
20.631540570225358,25.82485974187949,20.500000000007994,0.5082883999983715,0.0,0.0,,22.36224872426785,22.920372009277344,21.202400828520545,25.42225468927608,22.04818459717078,22.67898914103224,21.422626931542954,20.52055381272775,20.616860736690363,23.285309135893964,21.39615788045771,20.68867785802474,20.501292428618967,6910,0,20.59751467768556,20.500236413503245,279,8370.0,139.5,2025-04-29 11:19:30,2025-04-29 11:19:30,22.004722595214844,239793.0,0.9066221960190664,2025-04-29,11:19:30
20.62817322293507,25.57039900937152,20.500000000007994,0.493355707216873,0.0,0.0,,22.331535802176187,22.920372009277344,21.198725031431128,25.422249592143146,22.047095113760015,22.57898754694695,21.3938629812391,20.520742474635746,20.616789334990344,23.285297343240348,21.391458121047254,20.682921285464076,20.501301614439132,6910,0,20.596956895449352,20.50023909867834,280,8400.0,140.0,2025-04-29 11:20:00,2025-04-29 11:20:00,21.99626350402832,239809.0,0.9070982662243702,2025-04-29,11:20:00
20.62493588362068,25.409730892284017,20.500000000007994,0.47924695417477947,0.0,0.0,,22.30120114149151,22.92068099975586,21.195305818284695,25.407622126703465,22.045617465722465,22.484060556498616,21.365747946139543,20.520939123160066,20.61657334268475,23.366271201772907,21.39492545669879,20.677354150233583,20.501310670920745,6910,0,20.596555069599926,20.500240766556978,281,8430.0,140.5,2025-04-29 11:20:30,2025-04-29 11:20:30,22.03335762023925,239832.0,0.9059668590930318,2025-04-29,11:20:30
20.62180165762692,25.409730892266612,20.500000000007994,0.4660848450490469,0.0,0.0,,22.271754326549104,22.92068099975586,21.192110953254982,25.407620209873475,22.04526400444916,22.39388729336889,21.338302315745548,20.52114156533178,20.616224271304155,23.366280198252863,21.394766919876556,20.671970778017997,20.501314771960615,6910,0,20.596087941153833,20.50024116469359,282,8460.0,141.0,2025-04-29 11:21:00,2025-04-29 11:21:00,21.943012237548828,239607.0,0.9073680417308344,2025-04-29,11:21:00
20.62431711594534,25.291522961573225,20.500000000007994,0.48298276698197984,0.0,0.0,,22.242174581817036,22.73676490783691,21.18617577384348,25.289500679001318,22.03450375284903,24.62000667678344,21.51378656103639,20.52134765745725,20.615752703224057,23.10945424714052,21.370626137436062,20.666768109490988,20.501315041548306,6910,0,20.59496348424332,20.500241455094205,283,8490.0,141.5,2025-04-29 11:21:30,2025-04-29 11:21:30,21.87002182006836,239431.0,0.9085721721498052,2025-04-29,11:21:30
20.622128194663112,25.291522961465283,20.500000000007994,0.47435715301319414,0.0,0.0,,22.2134799350657,22.73676490783691,21.180492481953333,25.289488376172493,22.03003735547709,24.62018571965158,21.588341179298332,20.52155533537133,20.615168394702753,23.10940667169479,21.359403996011736,20.66173932020109,20.50131165621508,6910,0,20.594200354657985,20.500245166259194,284,8520.0,142.0,2025-04-29 11:22:00,2025-04-29 11:22:00,21.942916870117188,239907.0,0.9082155402926968,2025-04-29,11:22:00
20.6200398609893,25.341211300294724,20.500000000007994,0.46722993589716233,0.0,0.0,,22.186698806417706,22.879186630249023,21.177437105861323,25.339133858772236,22.032049995520666,24.620257955866684,21.6287351404357,20.521762637733037,20.61448033515259,23.229980231108875,21.363215720825924,20.656881422085814,20.501311913127573,6910,0,20.59388367387326,20.500246736676296,285,8550.0,142.5,2025-04-29 11:22:30,2025-04-29 11:22:30,22.01469612121582,239989.0,0.907116055319202,2025-04-29,11:22:30
20.617774883346556,25.341211300304852,20.500000000007994,0.45908622277507205,0.0,0.0,,22.160904032551937,22.879186630249023,21.17468713341951,25.339135780820964,22.032341679594737,24.620296612685838,21.654194048260315,20.521967723094054,20.613696792489904,23.22999113064092,21.36255650802817,20.65218870882618,20.501311546064528,6910,0,20.593468279559133,20.500247956372533,286,8580.0,143.0,2025-04-29 11:23:00,2025-04-29 11:23:00,21.923206329345703,239891.0,0.9084487199394724,2025-04-29,11:23:00
20.61555822618303,25.299249630676687,20.500000000007994,0.45142115104546243,0.0,0.0,,22.135697066782086,22.778270721435547,21.170523826248026,25.2972058499812,22.02846973937173,24.67459606331539,21.676854583758878,20.522168881547383,20.612825421829825,23.210456196910442,21.359038312919676,20.647654315636988,20.501315847443767,6910,0,20.592934572665687,20.500249450962485,287,8610.0,143.5,2025-04-29 11:23:30,2025-04-29 11:23:30,21.902023315429688,240040.0,0.9096651209173472,2025-04-29,11:23:30
20.61337330109085,25.29924963063551,20.500000000007994,0.4441154880028233,0.0,0.0,,22.111334950815213,22.778270721435547,21.16655807382667,25.29720132161465,22.026694161797202,24.674617981317116,21.692719455541745,20.522364541781595,20.61187337924725,23.210450572309707,21.35631626249613,20.643272009357492,20.501321803161858,6910,0,20.592456892973413,20.500251135143195,288,8640.0,144.0,2025-04-29 11:24:00,2025-04-29 11:24:00,21.92902374267578,239982.0,0.9097837936803592,2025-04-29,11:24:00
20.610322220773785,25.085069639445084,20.500000000007994,0.42920593598231904,0.0,0.0,,22.085182125643904,22.58559226989746,21.159745622357903,25.08318051069786,22.00600771264006,24.55410210365228,21.694533731751406,20.52255327435282,20.61084737439324,23.07761293767016,21.34205891562799,20.63903535653401,20.50133190284967,6910,0,20.591474050430914,20.50025573166755,289,8670.0,144.5,2025-04-29 11:24:30,2025-04-29 11:24:30,21.787023544311523,239828.0,0.9111697367488366,2025-04-29,11:24:30
20.608157213218636,25.085069639239432,20.500000000007994,0.4222196028291347,0.0,0.0,,22.059771191591615,22.58559226989746,21.1532371071947,25.083157202742203,21.99671987671272,24.55410292714754,21.69983486916269,20.522733791927912,20.609753694343624,23.077585776160994,21.334837264897423,20.634936929295925,20.5013365835257,6910,0,20.59077849062512,20.500257343379047,290,8700.0,145.0,2025-04-29 11:25:00,2025-04-29 11:25:00,21.89658164978028,240139.0,0.9094884889584782,2025-04-29,11:25:00
20.606651830731526,25.242193201653503,20.500000000007994,0.4208471049855567,0.0,0.0,,22.034165723597546,22.62328147888184,21.14773987031285,25.24015161145625,22.00534960683738,24.589994727117023,21.708755529489757,20.52290494715773,20.60859822326538,23.237837190634167,21.344373086986405,20.630973604684314,20.501332868968234,6910,0,20.590612488012944,20.50025891898207,291,8730.0,145.5,2025-04-29 11:25:30,2025-04-29 11:25:30,21.80942916870117,240015.0,0.910535083744766,2025-04-29,11:25:30
20.60471839452867,25.242193201721566,20.500000000007994,0.4152471291783802,0.0,0.0,,22.009474209372566,22.62328147888184,21.14264003851047,25.240160949363965,22.00740812263991,24.590002744033608,21.715755823981286,20.523065728739777,20.60738646493051,23.23785878112081,21.346686866803395,20.62714331649058,20.501341343394078,6910,0,20.590226240833015,20.500260455921794,292,8760.0,146.0,2025-04-29 11:26:00,2025-04-29 11:26:00,21.82457733154297,240292.0,0.909375364140296,2025-04-29,11:26:00
20.602248510541987,25.052522642376186,20.500000000007994,0.40469277661506076,0.0,0.0,,21.984526101324217,22.490461349487305,21.135763168079695,25.050635601560284,21.990529469259226,24.594492133196077,21.72213699705706,20.523215256136606,20.60612360251032,23.01894184852538,21.327276471389098,20.623439829322198,20.50134118307291,6910,0,20.58916189351316,20.500261902787766,293,8790.0,146.5,2025-04-29 11:26:30,2025-04-29 11:26:30,21.690879821777344,240071.0,0.9125739755114112,2025-04-29,11:26:30
20.600350459530535,25.052522642212004,20.500000000007994,0.39935546440709696,0.0,0.0,,21.960505099831263,22.490461349487305,21.12925852060315,25.050616815653466,21.982971036509593,24.59449732090065,21.72757737240896,20.523352773341486,20.60481455814225,23.01890355357633,21.31846528507072,20.619855976810232,20.501342512301218,6910,0,20.588442030050324,20.500262437740574,294,8820.0,147.0,2025-04-29 11:27:00,2025-04-29 11:27:00,21.79951286315918,240262.0,0.9099523384888164,2025-04-29,11:27:00
20.609888710755676,25.095508557961153,20.500000000007994,0.4435383149300805,0.0,0.0,,21.938222736559894,22.61720085144043,21.125206424589265,25.093561678325692,21.982114690321442,24.5945015499658,21.73235283635853,24.853851428100665,20.967866382384447,23.08607235748027,21.319076066537566,20.61640048829518,20.501338377399925,6910,0,20.588059319091208,20.500266402447053,295,8850.0,147.5,2025-04-29 11:27:30,2025-04-29 11:27:30,21.759923934936523,240326.0,0.9109796432762164,2025-04-29,11:27:30
20.609210575022967,25.095508557941905,20.500000000007994,0.44200235939782057,0.0,0.0,,21.916933344099338,22.61720085144043,21.121514473112633,25.09356062924995,21.980255023030672,24.594505135727324,21.736590092900027,24.85421757863596,21.12890193316884,23.08607616514293,21.317571503425736,20.61308498524587,20.50133825326835,6910,0,20.58765996626169,20.500266782413025,296,8880.0,148.0,2025-04-29 11:28:00,2025-04-29 11:28:00,21.64326477050781,240426.0,0.9123414013043516,2025-04-29,11:28:00
20.60700853144682,24.779325469933674,20.500000000007994,0.4296781597455196,0.0,0.0,,21.894162334955638,22.446245193481445,21.115342358283467,24.777613671096617,21.949491945451765,24.594508222723352,21.74036754268625,24.727389340551344,21.21424099426294,22.96830711886036,21.30506966591088,20.609893575666042,20.501343721545016,6910,0,20.58669973415088,20.500267072912443,297,8910.0,148.5,2025-04-29 11:28:30,2025-04-29 11:28:30,21.685426712036133,240384.0,0.9125517661325212,2025-04-29,11:28:30
20.60573357603561,24.77932546963171,20.500000000007994,0.4267271328234957,0.0,0.0,,21.872167743787138,22.446245193481445,21.109456200061032,24.777579477905086,21.935310735457808,24.594510900808814,21.743741746563906,24.727466412736884,21.276969279391295,22.96828349220769,21.29861623764348,20.60680925129817,20.50134988667438,6910,0,20.58608503870449,20.50026728211576,298,8940.0,149.0,2025-04-29 11:29:00,2025-04-29 11:29:00,21.70780563354492,240296.0,0.9121011169557546,2025-04-29,11:29:00
20.601608033729278,24.691198348999023,20.500000000007994,0.4011502978853815,0.0,0.0,,21.851686599126136,22.50097274780273,21.10480636289266,24.654469988107675,21.914992390345585,23.63134906756486,21.66249870321222,24.689499766228128,21.323209004380445,23.026232967558578,21.29940826509699,20.6038258816766,20.501354724594627,6910,0,20.585602364675072,20.500267409345746,299,8970.0,149.5,2025-04-29 11:29:30,2025-04-29 11:29:30,21.6197509765625,240287.0,0.9132934652103526,2025-04-29,11:29:30
20.600071328125082,24.691198348999023,20.500000000007994,0.39732732174800384,0.0,0.0,,21.832143072192117,22.50097274780273,21.10049579977587,24.65444724588948,21.903413344724616,23.63126736863405,21.62636801336704,24.689539200650607,21.362668096064123,23.026236853997865,21.29810326264954,20.600937969236245,20.501357653515363,6910,0,20.585185092476227,20.500267215961834,300,9000.0,150.0,2025-04-29 11:30:00,2025-04-29 11:30:00,21.62442207336425,240406.0,0.9141956731529164,2025-04-29,11:30:00
20.598387029014855,24.652505859414585,20.500000000007994,0.3922035581360873,0.0,0.0,,21.813366483567382,22.40772057,21.094978548737277,24.65080343044601,21.894749539210622,23.602712013251505,21.603264140866987,24.649351923347147,21.393410296718063,22.892352247352026,21.284324430794058,20.598142461253065,20.501352946129764,6910,0,20.584520056096224,20.500266966789503,301,9030.0,150.5,2025-04-29 11:30:30,2025-04-29 11:30:30,21.61495018005371,240701.0,0.9135457476288008,2025-04-29,11:30:30
20.597016564716398,24.652505859311404,20.500000000007994,0.38932719467191645,0.0,0.0,,21.795397550569856,22.40772057,21.08975663104176,24.650793805401058,21.887962383920076,23.602690873774176,21.588398675942827,24.649375952251525,21.421863159990494,22.89232599514059,21.27739176492864,20.59543671210832,20.501350588829123,6910,0,20.584026504411266,20.50026666385498,302,9060.0,151.0,2025-04-29 11:31:00,2025-04-29 11:31:00,21.632301330566406,240671.0,0.9137759638676866,2025-04-29,11:31:00
20.5964625201916,24.732460021972656,20.500000000007994,0.39299373611397154,0.0,0.0,,21.778736790367674,22.441659927368164,21.08540448204128,24.715109014903717,21.888159001714932,23.74660405757567,21.590113631540703,24.730855871573254,21.45440221815705,22.909257293535774,21.274265914409213,20.59281976782831,20.501338001670597,6910,0,20.58370849085847,20.500267815237628,303,9090.0,151.5,2025-04-29 11:31:30,2025-04-29 11:31:30,21.683324813842773,240692.0,0.9127996698062254,2025-04-29,11:31:30
20.595280569144396,24.732460021972656,20.500000000007994,0.3910046787361097,0.0,0.0,,21.76283144115526,22.441659927368164,21.081355858089147,24.71510948579591,21.885746953877323,23.746607188551543,21.587254203211586,24.730881769115683,21.48073459208215,22.909253415981993,21.27123480157202,20.590290831134087,20.50132932519125,6910,0,20.583373151533422,20.500268591521007,304,9120.0,152.0,2025-04-29 11:32:00,2025-04-29 11:32:00,21.6366024017334,240643.0,0.9142114823618388,2025-04-29,11:32:00
20.593376056660873,24.704326613834162,20.500000000007994,0.38311003227861806,0.0,0.0,,21.747242881206738,22.39133644104004,21.0767646907531,24.702566339014275,21.881716487083576,23.5689686448895,21.567855424199745,24.639126471916168,21.496073215227195,22.90171523894704,21.267778425063227,20.587846689771702,20.501312236321567,6910,0,20.583004298092032,20.500268419209696,305,9150.0,152.5,2025-04-29 11:32:30,2025-04-29 11:32:30,21.68047332763672,240165.0,0.9129521630962046,2025-04-29,11:32:30
20.592163820329358,24.704326613793317,20.500000000007994,0.3809512678779269,0.0,0.0,,21.73228278220336,22.39133644104004,21.072432493862614,24.702562325761203,21.878316990010575,23.56895040997924,21.556684803705505,24.63913500547245,21.513245071106898,22.901710099845637,21.264960159588238,20.585483063240037,20.50131494763412,6910,0,20.582665557653417,20.500268215753977,306,9180.0,153.0,2025-04-29 11:33:00,2025-04-29 11:33:00,21.69511604309082,240148.0,0.9125455968819228,2025-04-29,11:33:00
20.59092596115908,24.655437469482425,20.500000000007994,0.37804792773040863,0.0,0.0,,21.718809684139824,22.381629943847656,21.068211988168162,24.635703459882148,21.86910652869406,23.57192619800191,21.548797833059428,24.653942140445643,21.531064984065715,22.95070142961473,21.266886779662883,20.58319768728926,20.50130938087701,6910,0,20.582385587755805,20.500267982338073,307,9210.0,153.5,2025-04-29 11:33:30,2025-04-29 11:33:30,21.72243881225586,239821.0,0.9122097183941356,2025-04-29,11:33:30
20.589812969394192,24.655437469482425,20.500000000007994,0.3762792160945121,0.0,0.0,,21.705965206166184,22.381629943847656,21.064251298863073,24.635693749534006,21.863614891529924,23.571920074412947,21.542276230853286,24.653953787509458,21.547135130211558,22.950706924776803,21.266542611758908,20.580988622761843,20.50130369156842,6910,0,20.582110166708315,20.50026772020524,308,9240.0,154.0,2025-04-29 11:34:00,2025-04-29 11:34:00,21.76976776123047,239357.0,0.911822351132409,2025-04-29,11:34:00
20.58873668002395,24.65812873840332,20.500000000007994,0.37474084928073736,0.0,0.0,,21.694989689821618,22.402231216430664,21.060869815126118,24.65557058692432,21.861207236552584,23.541213051312784,21.533918642661085,24.656653589807693,21.562071500252134,22.980559719108868,21.268268946691148,20.57885340716117,20.501301176263595,6910,0,20.581939856317113,20.500269952847283,309,9270.0,154.5,2025-04-29 11:34:30,2025-04-29 11:34:30,21.7531681060791,239217.0,0.9117305756906908,2025-04-29,11:34:30
20.587703318130863,24.65812873840332,20.500000000007994,0.37327387082737007,0.0,0.0,,21.684551806801345,22.402231216430664,21.057712822957566,24.65556845053444,21.858420797972144,23.541206390836503,21.52759859094289,24.65666277253366,21.575687810592008,22.980564201128598,21.268318719044224,20.576789829088064,20.501282836224476,6910,0,20.581736818881282,20.500272861483456,310,9300.0,155.0,2025-04-29 11:35:00,2025-04-29 11:35:00,21.721160888671875,239416.0,0.9137656839977278,2025-04-29,11:35:00
20.585965841328363,24.630970001220703,20.500000000007994,0.3654539663079327,0.0,0.0,,21.673321464577185,22.34670639038086,21.05386109825093,24.490256671683078,21.84061972306329,23.46049843991412,21.515168766569577,24.629527706976123,21.58592157988173,22.881863997409532,21.259017032932864,20.574794483953568,20.501274957095788,6910,0,20.58116456466012,20.500272380510765,311,9330.0,155.5,2025-04-29 11:35:30,2025-04-29 11:35:30,21.69519424438477,238958.0,0.9142341436570444,2025-04-29,11:35:30
20.58492383924415,24.630970001220703,20.500000000007994,0.36384324134393387,0.0,0.0,,21.66242491574844,22.34670639038086,21.05020891479156,24.4902374430138,21.831597972980322,23.460487781399397,21.507134091498603,24.629532694140785,21.596405847729294,22.88184605939699,21.25463417279875,20.57286316947821,20.501268560148254,6910,0,20.580799141287713,20.50027189352789,312,9360.0,156.0,2025-04-29 11:36:00,2025-04-29 11:36:00,21.793777465820312,239389.0,0.912486972041322,2025-04-29,11:36:00
20.584271728322566,24.65384101867676,20.500000000007994,0.3651736130971064,0.0,0.0,,21.651940835634402,22.46346664428711,21.048647023856013,24.528325023065744,21.82884393516216,23.508872086868962,21.505081080374957,24.652396196203576,21.608285643790875,22.956352835551197,21.258521800561063,20.570994772219567,20.5012629402598,6910,0,20.580703013535764,20.500271403384072,313,9390.0,156.5,2025-04-29 11:36:30,2025-04-29 11:36:30,21.78035354614257,239711.0,0.9128777726095172,2025-04-29,11:36:30
20.583367412987432,24.65384101867676,20.500000000007994,0.3641084578571387,0.0,0.0,,21.64186882188714,22.46346664428711,21.047251050823764,24.528322426911437,21.8254212138594,23.50887188801372,21.50167943990782,24.652403464364674,21.61845325824761,22.956362157776407,21.259212757884146,20.569188829155056,20.501258658856663,6910,0,20.580531418152077,20.500270912314118,314,9420.0,157.0,2025-04-29 11:37:00,2025-04-29 11:37:00,21.689451217651367,239474.0,0.91436961841369,2025-04-29,11:37:00
20.58126920362282,24.522014602788126,20.500000000007994,0.3523694548316288,0.0,0.0,,21.632612823736583,22.235387802124023,21.04228331943345,24.5203296118051,21.82143826801842,23.338753650025986,21.483196130309807,24.378851902379996,21.604829758462376,22.91162078577534,21.254987277941694,20.56744230544863,20.50123834229931,6910,0,20.580191743285365,20.500270421970868,315,9450.0,157.5,2025-04-29 11:37:30,2025-04-29 11:37:30,21.57756423950196,239659.0,0.9159448946211076,2025-04-29,11:37:30
20.580291333427986,24.522014602748634,20.500000000007994,0.35084212247788094,0.0,0.0,,21.62375470608766,22.235387802124023,21.037465123880033,24.520325756474072,21.81812278800217,23.338736857451618,21.47280632655451,24.37883392006892,21.603059183072386,22.911612905331886,21.252794095967733,20.565750724357237,20.501238128855313,6910,0,20.57990353188846,20.500272443028418,316,9480.0,158.0,2025-04-29 11:38:00,2025-04-29 11:38:00,21.55402183532715,239916.0,0.9155934394746494,2025-04-29,11:38:00
20.57858019561301,24.3242301940918,20.500000000007994,0.3419438845055017,0.0,0.0,,21.609576829786437,22.19429397583008,21.032255914732385,24.285561926841673,21.79368781931516,23.335013289693187,21.465031545262846,24.322964015036888,21.600015838847316,22.77592777896876,21.23908778235191,20.564111700790964,20.50123135053662,6910,0,20.579081272187306,20.500270711560063,317,9510.0,158.5,2025-04-29 11:38:30,2025-04-29 11:38:30,21.43890380859375,239810.0,0.9174725563988158,2025-04-29,11:38:30
20.57763243014555,24.3242301940918,20.500000000007994,0.34044642245117046,0.0,0.0,,21.595559678345168,22.19429397583008,21.02735209912328,24.285535295729126,21.78173930275554,23.335007537902253,21.458863849284313,24.322957814952243,21.600716632192533,22.775901263439536,21.232623829218678,20.562521737953563,20.501225574295297,6910,0,20.578550101794338,20.50026897281898,318,9540.0,159.0,2025-04-29 11:39:00,2025-04-29 11:39:00,21.53484535217285,240170.0,0.915232049173502,2025-04-29,11:39:00
20.579484529337222,24.345849976515392,20.500000000007994,0.36257045921150505,0.0,0.0,,21.582770509905696,22.158313751220703,21.022189811678768,24.344251006134332,21.779086155655133,24.326843302874316,21.54035686397461,24.34426954403748,21.604413510854403,22.723912092462957,21.223878264701515,20.560980948614354,20.501219691286796,6910,0,20.578064694895343,20.500268483280973,319,9570.0,159.5,2025-04-29 11:39:30,2025-04-29 11:39:30,21.493438720703125,240369.0,0.9155055612412584,2025-04-29,11:39:30
20.578909656051152,24.345849976478203,20.500000000007994,0.36275104615700837,0.0,0.0,,21.570655864554798,22.158313751220703,21.017346063920264,24.34424847061367,21.77519953611885,24.326926076087435,21.57564444789755,24.344270633040214,21.60756277183125,22.723896507820303,21.218772113242725,20.55949168754606,20.501207669107796,6910,0,20.577646691281316,20.500268004521054,320,9600.0,160.0,2025-04-29 11:40:00,2025-04-29 11:40:00,21.41123962402344,240023.0,0.9172889160622107,2025-04-29,11:40:00
20.57774087543941,24.330055236816406,20.500000000007994,0.3578712805258201,0.0,0.0,,21.557780617993426,22.14580345153809,21.012618736033083,24.278599400819175,21.765428963053946,24.32872126539555,21.59522620429855,24.226771575951595,21.600733662003613,22.610145976206912,21.20482058009921,20.558051755520676,20.50119684233524,6910,0,20.576974461013787,20.500267527110207,321,9630.0,160.5,2025-04-29 11:40:30,2025-04-29 11:40:30,21.48984718322754,240339.0,0.9159042669937048,2025-04-29,11:40:30
20.57702514641027,24.330055236816406,20.500000000007994,0.35723573390348917,0.0,0.0,,21.545439090247132,22.14580345153809,21.008194952896574,24.278589107708118,21.75935394408482,24.32873966167615,21.607689717791942,24.226762378823985,21.599177922778296,22.610119952308576,21.19736913498873,20.55665693288894,20.50118398763793,6910,0,20.57648820014504,20.500267050142035,322,9660.0,161.0,2025-04-29 11:41:00,2025-04-29 11:41:00,21.548707962036133,240513.0,0.9140158224295568,2025-04-29,11:41:00
20.576647991474637,24.376575469970703,20.500000000007994,0.35921874750670724,0.0,0.0,,21.533709212325807,22.204761505126957,21.005005553372378,24.319325529650737,21.758315576786096,24.375245002043,21.62059816712369,24.22675895317727,21.599204844394027,22.765627727671482,21.206148666622557,20.555307077353888,20.50116554472667,6910,0,20.576413121399565,20.500266572563234,323,9690.0,161.5,2025-04-29 11:41:30,2025-04-29 11:41:30,21.56949806213379,240410.0,0.9143578288132772,2025-04-29,11:41:30
20.576014406684983,24.376575469970703,20.500000000007994,0.3588373333254001,0.0,0.0,,21.52257449834737,22.204761505126957,21.00206132785111,24.319324954240965,21.755859704268754,24.375257280096626,21.629255466313538,24.226757301147092,21.599825557691172,22.765647903562673,21.207960651370453,20.554002715897294,20.50115793652578,6910,0,20.576183114046234,20.50026609322188,324,9720.0,162.0,2025-04-29 11:42:00,2025-04-29 11:42:00,21.476747512817383,240404.0,0.9158687693424402,2025-04-29,11:42:00
20.5746386327049,24.252948760986328,20.500000000007994,0.3518552795643713,0.0,0.0,,21.51135863905327,22.07594871520996,20.99724172621635,24.2225006674316,21.744368332323187,24.197327355452135,21.620297787822146,24.251701656816213,21.6027618380168,22.58418898794152,21.191520774039542,20.55274071735525,20.501154184746035,6910,0,20.57544867707799,20.50026561092362,325,9750.0,162.5,2025-04-29 11:42:30,2025-04-29 11:42:30,21.41299629211425,240177.0,0.9164189327037976,2025-04-29,11:42:30
20.573942508622384,24.252948760986328,20.500000000007994,0.35108413013095296,0.0,0.0,,21.500657169723738,22.07594871520996,20.992637779387042,24.222488542592394,21.73798139902228,24.19731776524886,21.618514190134388,24.25170321281616,21.604630645017238,22.58415678916653,21.183820078359616,20.551517044688875,20.501139362358863,6910,0,20.574963973547135,20.500265124501084,326,9780.0,163.0,2025-04-29 11:43:00,2025-04-29 11:43:00,21.56998443603516,240710.0,0.9136638745793694,2025-04-29,11:43:00
20.573632294579987,24.34019088745117,20.500000000007994,0.35345446801403835,0.0,0.0,,21.490491562295183,22.09391975402832,20.988594753904707,24.185770284297853,21.72988875846489,24.338889872641353,21.63121561885273,24.251703766861635,21.606140840184345,22.682176307071707,21.187737440704442,20.550331681796457,20.501130246625067,6910,0,20.57471502539291,20.500264632892737,327,9810.0,163.5,2025-04-29 11:43:30,2025-04-29 11:43:30,21.44034004211425,240451.0,0.9159633225688394,2025-04-29,11:43:30
20.5730521098861,24.34019088745117,20.500000000007994,0.3531164816027962,0.0,0.0,,21.48083944295136,22.09391975402832,20.984819936720744,24.18576187296814,21.724523555247846,24.33890223754332,21.63795664755161,24.251704081321236,21.607463283226487,22.68218655668671,21.18775003493991,20.54918513918197,20.501116903307086,6910,0,20.57442169627463,20.500264135223993,328,9840.0,164.0,2025-04-29 11:44:00,2025-04-29 11:44:00,21.52238273620605,240609.0,0.9148269339467768,2025-04-29,11:44:00
20.572488128813127,24.297266006469727,20.500000000007994,0.3526564020322244,0.0,0.0,,21.47167314962022,22.07681655883789,20.98101484487585,24.221585711578534,21.723522507595156,24.296007791111386,21.63884117290351,24.25170432333564,21.608653550592322,22.741456377800052,21.192053995973353,20.548076289336695,20.50110748535652,6910,0,20.57426327282692,20.500263630881754,329,9870.0,164.5,2025-04-29 11:44:30,2025-04-29 11:44:30,21.454370498657227,240713.0,0.9166915060673916,2025-04-29,11:44:30
20.571934189251166,24.297266006469727,20.500000000007994,0.3523047753965694,0.0,0.0,,21.46296487935641,22.07681655883789,20.97744030530717,24.22158521387585,21.721271220400073,24.2960078754769,21.64071844577061,24.251704535917707,21.60973479420526,22.741466093265352,21.193069111885546,20.5470040352909,20.501102299725346,6910,0,20.57402864119253,20.500263063948207,330,9900.0,165.0,2025-04-29 11:45:00,2025-04-29 11:45:00,21.5022087097168,240815.0,0.9149986114859956,2025-04-29,11:45:00
20.570805803583664,24.265365600585938,20.500000000007994,0.34686579028433007,0.0,0.0,,21.440638378645765,22.135669708251957,20.97503246319365,24.261506538455876,21.72252319122788,24.264126935921116,21.63989617135106,24.045670959153135,21.588728974545067,22.70765773503216,21.19005599800467,20.54595676130677,20.50109813584018,6910,0,20.57357723660973,20.500262223162956,331,9930.0,165.5,2025-04-29 11:45:30,2025-04-29 11:45:30,21.5344295501709,241038.0,0.9149817663604908,2025-04-29,11:45:30
20.569700339727714,24.265365600585938,20.500000000007994,0.3418459524284421,0.0,0.0,,21.41157390868521,22.135669708251957,20.97281023671384,24.261508608948127,21.721758522026633,24.26412552668697,21.640475403708926,23.857476752690808,21.565107991137197,22.707652242233717,21.188449186022723,20.544936993825253,20.501091393501053,6910,0,20.573022475503954,20.500261375745964,332,9960.0,166.0,2025-04-29 11:46:00,2025-04-29 11:46:00,21.41169548034668,240863.0,0.9162883179442256,2025-04-29,11:46:00
20.567670229757365,24.091629015173922,20.500000000007994,0.3281537948037308,0.0,0.0,,21.38132357083098,21.975053787231445,20.968148543991003,24.090163183065215,21.704800110922758,24.08309008552077,21.625590344256967,23.68401659260623,21.539766864281127,22.601169107132193,21.17772658518257,20.543943469524297,20.50108005140831,6910,0,20.57203628459878,20.50026052233745,333,9990.0,166.5,2025-04-29 11:46:30,2025-04-29 11:46:30,21.37251281738281,240848.0,0.9166561353011028,2025-04-29,11:46:30
20.566531524258583,24.091629015015453,20.500000000007994,0.3233454159831532,0.0,0.0,,21.350984679936893,21.975053787231445,20.963666023778085,24.0901449832626,21.69661049488356,24.08307481989792,21.619324447267747,23.523031021646656,21.513332597934575,22.60114848194175,21.172647499432887,20.54297372046189,20.50106397723699,6910,0,20.571250353630006,20.50026052961448,334,10020.0,167.0,2025-04-29 11:47:00,2025-04-29 11:47:00,21.39598846435547,241347.0,0.9150504123730562,2025-04-29,11:47:00
20.56506359861534,24.02034378051757,20.500000000007994,0.31529336322336604,0.0,0.0,,21.320973708241404,21.903417587280277,20.95829242012342,24.009466639798752,21.68371983445515,24.01922233574968,21.61041865413775,23.372833181860905,21.486252005566534,22.54678245868956,21.16453804155201,20.542027289880068,20.501052071044434,6910,0,20.57031928076629,20.500260473315087,335,10050.0,167.5,2025-04-29 11:47:30,2025-04-29 11:47:30,21.345741271972656,241211.0,0.9162989042788264,2025-04-29,11:47:30
20.563998846581875,24.02034378051757,20.500000000007994,0.31119251198159636,0.0,0.0,,21.29150503199535,21.903417587280277,20.953214739652523,24.009452790656475,21.676253781798728,24.019213544393075,21.60580272319819,23.232130474136348,21.458848802127523,22.546767844259154,21.159967881205116,20.54110342350263,20.501042726876236,6910,0,20.56951190118284,20.50025993379807,336,10080.0,168.0,2025-04-29 11:48:00,2025-04-29 11:48:00,21.35249900817871,240753.0,0.9174446943547953,2025-04-29,11:48:00
20.562879434328973,23.99828147888184,20.500000000007994,0.3063343696719745,0.0,0.0,,21.262709229325793,21.921875,20.948757760804295,23.982668740619285,21.668310383012717,23.997159460868208,21.600932032670578,23.09990675994743,21.43136114747417,22.564602375478195,21.15828122298967,20.540202272449196,20.501036569186134,6910,0,20.56875779451438,20.500259394691483,337,10110.0,168.5,2025-04-29 11:48:30,2025-04-29 11:48:30,21.36241340637207,240996.0,0.9160205848852264,2025-04-29,11:48:30
20.561901148892307,23.99828147888184,20.500000000007994,0.30291271490129207,0.0,0.0,,21.234670911053154,21.921875,20.944608331218042,23.982660385536583,21.66278164352192,23.997154801041898,21.59790997208738,22.975343536888726,21.4039666397432,22.564600750313783,21.15627617274549,20.53932381470897,20.501025165114264,6910,0,20.568019649207255,20.500258858005502,338,10140.0,169.0,2025-04-29 11:49:00,2025-04-29 11:49:00,21.355348587036133,240683.0,0.9160166069061796,2025-04-29,11:49:00
20.560994653723327,24.00156021118164,20.500000000007994,0.2999091378649738,0.0,0.0,,21.235419596436724,21.88137435913086,20.940085441560353,23.98218586166581,21.658266492797154,24.000428895089847,21.595977804954316,22.85776645737076,21.37679918948039,22.53943759173745,21.15207707601748,20.538469413256678,20.50101560222469,6910,0,20.567615590107067,20.500258325831616,339,10170.0,169.5,2025-04-29 11:49:30,2025-04-29 11:49:30,21.38101959228516,240538.0,0.9150909237833524,2025-04-29,11:49:30
20.56013654507745,24.00156021118164,20.500000000007994,0.2971854626677588,0.0,0.0,,21.238783452734772,21.88137435913086,20.935829882652392,23.98218136553307,21.654403378619527,24.00042722023221,21.594320418535435,22.746608506169444,21.349960583839085,22.539430459886614,21.14931123716917,20.53764198145432,20.501005463036854,6910,0,20.567296243219143,20.50025780028401,340,10200.0,170.0,2025-04-29 11:50:00,2025-04-29 11:50:00,21.51500701904297,240598.0,0.913596019085778,2025-04-29,11:50:00
20.55970992158567,24.076974855048146,20.500000000007994,0.29846305597486644,0.0,0.0,,21.24305763139952,21.94300079345703,20.932832196668404,24.07544914957734,21.659515677031404,24.031421597372454,21.59558122946457,22.64138425524007,21.32352853531293,22.689044720147827,21.16053049823544,20.536841866715193,20.500995446513553,6910,0,20.567399113473037,20.500257283440604,341,10230.0,170.5,2025-04-29 11:50:30,2025-04-29 11:50:30,21.424245834350582,240177.0,0.915029072309172,2025-04-29,11:50:30
20.5589620488598,24.076974855096896,20.500000000007994,0.29640949512497994,0.0,0.0,,21.24712693407712,21.94300079345703,20.93006571304265,24.07545543638117,21.660103891021524,24.031423119191476,21.59553024670172,22.541671574523285,21.29756238748281,22.689068580461672,21.164360733508953,20.536069572446145,20.50098028754806,6910,0,20.56730427488256,20.500256777288598,342,10260.0,171.0,2025-04-29 11:51:00,2025-04-29 11:51:00,21.434717178344727,239912.0,0.9151474030061022,2025-04-29,11:51:00
20.557616546957064,23.97991371154785,20.500000000007994,0.28840386306382876,0.0,0.0,,21.250824304382867,21.88779830932617,20.926592272761265,23.923753868603416,21.64560513219981,23.978793352725404,21.590480776703888,22.447098425660368,21.272107254635365,22.50645072135675,21.14954252459835,20.535322238541116,20.500965643749836,6910,0,20.566665439171032,20.50025471765428,343,10290.0,171.5,2025-04-29 11:51:30,2025-04-29 11:51:30,21.38261985778809,239695.0,0.9160864588331004,2025-04-29,11:51:30
20.55683648332559,23.97991371154785,20.500000000007994,0.286208148859701,0.0,0.0,,21.25412914351993,21.88779830932617,20.9232944952145,23.92373841225861,21.638576628070528,23.97878855360845,21.587775202317356,22.357333166946223,21.247197076514496,22.506420913022772,21.143305640303332,20.534596383120487,20.500956620563365,6910,0,20.566298319123586,20.50025220851107,344,10320.0,172.0,2025-04-29 11:52:00,2025-04-29 11:52:00,21.4571533203125,240367.0,0.9163148825545936,2025-04-29,11:52:00
20.556427399098705,24.05606842041016,20.500000000007994,0.2875615755121069,0.0,0.0,,21.257059527379955,21.957218170166016,20.92130278327749,23.954088393022225,21.636562036912615,24.054897478416546,21.59254711586298,22.27207731699459,21.222856866975572,22.58702946654586,21.146971905965078,20.533892402218864,20.500942948278748,6910,0,20.566207012672017,20.50025030938285,345,10350.0,172.5,2025-04-29 11:52:30,2025-04-29 11:52:30,21.420209884643555,240380.0,0.9162069561735584,2025-04-29,11:52:30
20.55576328540522,24.05606842041016,20.500000000007994,0.2860333884146401,0.0,0.0,,21.259644902187738,21.957218170166016,20.919471909345923,23.954086682463714,21.633982355309804,24.054902621308003,21.594113666413048,22.191060064056185,21.199104417216,22.587038487559106,21.147494287659818,20.533211155070465,20.500929508116133,6910,0,20.566041455534844,20.500249271327117,346,10380.0,173.0,2025-04-29 11:53:00,2025-04-29 11:53:00,21.34765625,240373.0,0.9168157405365828,2025-04-29,11:53:00
20.55423723522675,23.852649688720703,20.500000000007994,0.275186841705258,0.0,0.0,,21.246187752510757,21.94188117980957,20.91750613434747,23.827385103734347,21.61991342062027,23.851601785152692,21.576861729319873,22.11403403210684,21.17595167059464,22.550213761165885,21.143856642866215,20.532550037810157,20.5009236744389,6910,0,20.565455994177373,20.500247130871443,347,10410.0,173.5,2025-04-29 11:53:30,2025-04-29 11:53:30,21.37251663208008,241082.0,0.916409211907152,2025-04-29,11:53:30
20.5534862856031,23.852649688720703,20.500000000007994,0.273165155696995,0.0,0.0,,21.22466025004586,21.94188117980957,20.915637979797033,23.827370022940805,21.61261478069545,23.851584802752516,21.568773598703974,22.04077196441701,21.1534058268585,22.55020705436212,21.14187664452974,20.531903263954707,20.50090602332532,6910,0,20.564858431369768,20.5002449665594,348,10440.0,174.0,2025-04-29 11:54:00,2025-04-29 11:54:00,21.321908950805664,241357.0,0.9171162297965256,2025-04-29,11:54:00
20.552330716585676,23.782108294831175,20.500000000007994,0.2667666401228983,0.0,0.0,,21.201437313220346,21.904407501220703,20.913265489849312,23.780762737051898,21.603219153759028,23.742983693600653,21.55432581501098,21.971064086226686,21.13147019566505,22.45417564545931,21.1318332244223,20.531270123787927,20.50089400856493,6910,0,20.56402306142641,20.500242780560786,349,10470.0,174.5,2025-04-29 11:54:30,2025-04-29 11:54:30,21.28635597229004,241436.0,0.9161217931460096,2025-04-29,11:54:30
20.551612144573213,23.782108294735387,20.500000000007994,0.26497261803790306,0.0,0.0,,21.177795986056633,21.904407501220703,20.911000443306236,23.780752747948064,21.59728432856161,23.742970092347615,21.54641320002698,21.904715976957423,21.110144871518525,22.45415639560208,21.126960428063892,20.53064969546701,20.500879328271832,6910,0,20.563313691037756,20.500240575069803,350,10500.0,175.0,2025-04-29 11:55:00,2025-04-29 11:55:00,21.26114273071289,241060.0,0.9164533726043308,2025-04-29,11:55:00
20.550647154729532,23.712738025384667,20.500000000007994,0.2603174323869866,0.0,0.0,,21.154210376368923,21.846925735473636,20.907936738216787,23.711428560989063,21.58635574157212,23.703038534309638,21.53753375250121,21.84154682983048,21.089427287763797,22.42676093184634,21.121346740708507,20.530042106772303,20.500863502269468,6910,0,20.56250951250646,20.500238352295106,351,10530.0,175.5,2025-04-29 11:55:30,2025-04-29 11:55:30,21.273923873901367,241358.0,0.9161658330156862,2025-04-29,11:55:30
20.54997439405542,23.712738025274586,20.500000000007994,0.2587749672644364,0.0,0.0,,21.13091944477753,21.846925735473636,20.90501800577575,23.71141688262207,21.57977544082297,23.703030632826994,21.531786239234513,21.781388009843432,21.069312676444348,22.42675123680716,21.117849887614614,20.529447020306044,20.50085462313519,6910,0,20.561790688177965,20.500236718437044,352,10560.0,176.0,2025-04-29 11:56:00,2025-04-29 11:56:00,21.22788619995117,241132.0,0.9171110118109584,2025-04-29,11:56:00
20.549243271958073,23.699668872463732,20.500000000007994,0.2565583909020512,0.0,0.0,,21.108067767411374,21.767059326171875,20.90098893300852,23.698350666149835,21.57357643421462,23.6911422759028,21.52637031571957,21.72408184439679,21.04979446651863,22.386189534033935,21.111542321574525,20.52886438185851,20.500844379785526,6910,0,20.560989929462085,20.500235992787353,353,10590.0,176.5,2025-04-29 11:56:30,2025-04-29 11:56:30,21.21708297729492,241323.0,0.917786599806069,2025-04-29,11:56:30
20.548620866069097,23.699668872398615,20.500000000007994,0.2552961891370534,0.0,0.0,,21.08574996285026,21.767059326171875,20.897160648871296,23.698344255480112,21.568890454701005,23.691137823827802,21.52227259861458,21.669480597520664,21.030864618851624,22.38617835191808,21.107740996171653,20.52829394722576,20.50083379637855,6910,0,20.56025743613847,20.500235282010294,354,10620.0,177.0,2025-04-29 11:57:00,2025-04-29 11:57:00,21.20230293273925,241470.0,0.9168355541061002,2025-04-29,11:57:00
20.547734985278183,23.65917969,20.500000000007994,0.25107737314258877,0.0,0.0,,21.06402899296681,21.748491287231445,20.893270668534356,23.627916103679063,21.558500746681187,23.658177370641056,21.515969564522575,21.61744559067305,21.012513901506672,22.325568458546798,21.099441530980762,20.527735568909375,20.50082396623833,6910,0,20.559373047218696,20.50023458619816,355,10650.0,177.5,2025-04-29 11:57:30,2025-04-29 11:57:30,21.18732452392578,241469.0,0.91727626009964,2025-04-29,11:57:30
20.547132568824562,23.65917969,20.500000000007994,0.24987785378626,0.0,0.0,,21.042945812947966,21.748491287231445,20.88962137764431,23.627905084900437,21.55225210880212,23.658172016372312,21.51165164966904,21.56784644184871,20.994732116110956,22.32555338043384,21.094717442765397,20.52718862758435,20.500808779518344,6910,0,20.558615934529726,20.50023390529066,356,10680.0,178.0,2025-04-29 11:58:00,2025-04-29 11:58:00,21.15613555908203,241458.0,0.9166979221023946,2025-04-29,11:58:00
20.54651767161547,23.665668487548828,20.500000000007994,0.24843362169188316,0.0,0.0,,21.022525380125984,21.69231605529785,20.885307874493552,23.608751809423453,21.545710098384266,23.66465380551778,21.50875132181044,21.52056040119974,20.977508288968483,22.309285280075336,21.089823276901136,20.52665340211769,20.50079145999417,6910,0,20.55784231679444,20.500233239073836,357,10710.0,178.5,2025-04-29 11:58:30,2025-04-29 11:58:30,21.210329055786133,241517.0,0.916545665004948,2025-04-29,11:58:30
20.545965255352513,23.665668487548828,20.500000000007994,0.24747799606972865,0.0,0.0,,21.0027807593435,21.69231605529785,20.881238748201532,23.608745069942884,21.54093054963647,23.664651885429294,21.5060312555658,21.475471766181418,20.960830832038912,22.30927728911764,21.08636788657796,20.526129994033425,20.500782592200693,6910,0,20.557126115611467,20.500232587180754,358,10740.0,179.0,2025-04-29 11:59:00,2025-04-29 11:59:00,21.181739807128903,241443.0,0.9170706828319728,2025-04-29,11:59:00
20.544982020582175,23.553579319258915,20.500000000007994,0.2415593842325746,0.0,0.0,,20.983716075056357,21.71310234069824,20.877762373243105,23.55233102573301,21.531785501886375,23.551521231185795,21.493635926519126,21.43247136285776,20.94468768746398,22.261776115835186,21.07928308995761,20.525618206044285,20.500770725127083,6910,0,20.556307486961895,20.500231949093948,359,10770.0,179.5,2025-04-29 11:59:30,2025-04-29 11:59:30,21.145898818969727,241672.0,0.9178566404051772,2025-04-29,11:59:30
20.544427257171805,23.55357931916863,20.500000000007994,0.2404977444740965,0.0,0.0,,20.96532870089455,21.71310234069824,20.874527067851893,23.55232143342132,21.526069487271155,23.551509794799696,21.48677544338058,21.391456082755816,20.929066450875094,22.261763556577495,21.075005264409437,20.525117262663542,20.500759254288685,6910,0,20.555596652186154,20.500231466765072,360,10800.0,180.0,2025-04-29 12:00:00,2025-04-29 12:00:00,21.18498039245605,241631.0,0.9166418138608042,2025-04-29,12:00:00
20.54377908530816,23.54821775870258,20.500000000007994,0.23796816838757998,0.0,0.0,,20.947610917649893,21.70488548278809,20.87137244587118,23.54695807826942,21.521107408514194,23.493302267614972,21.47685457550868,21.352328466770135,20.913954470886225,22.32211519920951,21.077186185393984,20.524627715515035,20.500740383787445,6910,0,20.555034540877998,20.50022995171974,361,10830.0,180.5,2025-04-29 12:00:30,2025-04-29 12:00:30,21.150936126708984,242146.0,0.9174187525294656,2025-04-29,12:00:30
20.543275133785574,23.548217758651973,20.500000000007994,0.23712232411751516,0.0,0.0,,20.930551187282738,21.70488548278809,20.868413497404656,23.546953141224623,21.51709508987619,23.49329355065675,21.47067347126951,21.31499632925281,20.89933893073248,22.32212139030791,21.076778259851405,20.52415007416698,20.500729539969555,6910,0,20.55443880583612,20.50022983299932,362,10860.0,181.0,2025-04-29 12:01:00,2025-04-29 12:01:00,21.076833724975582,241520.0,0.918875442509937,2025-04-29,12:01:00
20.54231863797068,23.46092032308847,20.500000000007994,0.23104047672167022,0.0,0.0,,20.943007466569163,21.593860626220703,20.863857290789834,23.459717599512828,21.505627779640726,23.41073618742228,21.45880514062023,21.27937241669645,20.8852069297418,22.170407859004676,21.0620873980194,20.523684952386223,20.500715947402085,6910,0,20.55384601376904,20.50022973045055,363,10890.0,181.5,2025-04-29 12:01:30,2025-04-29 12:01:30,21.05859565734864,241084.0,0.9197533328632344,2025-04-29,12:01:30
20.54185104482477,23.460920322977294,20.500000000007994,0.2301811963154817,0.0,0.0,,20.957391333186735,21.593860626220703,20.859515251704224,23.459705456573367,21.499066133573876,23.410725565858378,21.4516479885882,21.245374096419507,20.871545554720026,22.170379418087748,21.055044910173073,20.523233869646837,20.500704266889628,6910,0,20.553519658276027,20.500229642273723,364,10920.0,182.0,2025-04-29 12:02:00,2025-04-29 12:02:00,21.08635139465332,241283.0,0.917968345262617,2025-04-29,12:02:00
20.541705037106734,23.563827502970693,20.500000000007994,0.23249959101006323,0.0,0.0,,20.971261456947147,21.578039169311523,20.855183421653344,23.562528332898047,21.503571043866632,23.399865570716226,21.445406416979715,21.212923071460843,20.858341913662354,22.285533229711923,21.06084086762312,20.52279782753066,20.5006879648383,6910,0,20.553578046602155,20.50022799060371,365,10950.0,182.5,2025-04-29 12:02:30,2025-04-29 12:02:30,21.18838691711425,241992.0,0.9162021626747991,2025-04-29,12:02:30
20.541331703547506,23.563827503010963,20.500000000007994,0.2321061593393425,0.0,0.0,,20.98422562985971,21.578039169311523,20.85112222767526,23.562533937371963,21.50356190647725,23.399860658622398,21.440648074095687,21.18194511852084,20.845583156500982,22.285547108700406,21.061744027238543,20.52237775398623,20.500668817603064,6910,0,20.553486741759635,20.5002275502521,366,10980.0,183.0,2025-04-29 12:03:00,2025-04-29 12:03:00,21.191286087036133,242218.0,0.9161115967847144,2025-04-29,12:03:00
20.541187434977715,23.525632846912682,20.500000000007994,0.23400012579626997,0.0,0.0,,20.99622219421543,21.669448852539062,20.848792818187416,23.524368811494583,21.498963874723884,23.50751889167449,21.44608265937328,21.152369846286515,20.83325653599574,22.324319295579976,21.064770710640225,20.521972868289485,20.500657444835802,6910,0,20.553427706268955,20.50022498216777,367,11010.0,183.5,2025-04-29 12:03:30,2025-04-29 12:03:30,21.24932861328125,241891.0,0.9149184188332762,2025-04-29,12:03:30
20.54086048071169,23.52563284687371,20.500000000007994,0.23376235677761542,0.0,0.0,,21.007285578180724,21.669448852539062,20.846676744499767,23.524364405167464,21.496009464411646,23.507525491951238,21.446932945415355,21.124130471890897,20.82134947273278,22.32432619771718,21.065425772166382,20.521582744342016,20.50064630478789,6910,0,20.553344459770592,20.5002248610945,368,11040.0,184.0,2025-04-29 12:04:00,2025-04-29 12:04:00,22.15902137756348,218891.0,0.8899516483089757,2025-04-29,12:04:00
20.551244011791347,28.49466323852539,20.500000000007994,0.35134178469737226,0.0,0.0,,21.052636575498667,21.63891220092773,20.844214073781277,24.42815095231313,21.576258607489258,23.461012536752964,21.442303100890975,21.097163613607087,20.809849578656962,23.305446239799718,21.153387684234772,20.521420782198494,20.500634416673595,6883,1,20.556365308620816,20.500224744511712,369,11070.0,184.5,2025-04-29 12:04:30,2025-04-29 12:04:30,21.27502822875977,241773.0,0.9083406749306168,2025-04-29,12:04:30
20.55196713588556,28.49466323852539,20.500000000007994,0.3553500135173771,0.0,0.0,,21.098229787781953,21.63891220092773,20.841878690086368,24.42824101583306,21.609726915620435,23.46100875624175,21.43934702570269,21.07140909815564,20.798744670026608,23.30562321223915,21.19071398189948,20.521343995318052,20.500632328423954,6883,1,20.55783326804602,20.500224630975897,370,11100.0,185.0,2025-04-29 12:05:00,2025-04-29 12:05:00,21.31211471557617,242134.0,0.91165267733982,2025-04-29,12:05:00
20.548731899647983,28.183047989220842,20.500000000007994,0.3183602428018861,0.0,0.0,,21.141273211705105,21.62276077270508,20.839415199905915,23.497657777452744,21.5439680298256,23.447876473319358,21.435817373184758,21.04680978122318,20.7880228493973,22.293587113544756,21.12099698301219,20.53725268390969,20.50063291324738,6910,0,20.556122656339817,20.500224519044654,371,11130.0,185.5,2025-04-29 12:05:30,2025-04-29 12:05:30,21.199914932250977,241947.0,0.9141661190260676,2025-04-29,12:05:30
20.548016194762706,27.84046956058987,20.500000000007994,0.306512812430233,0.0,0.0,,21.181446108615173,21.62276077270508,20.83708424906956,23.497585857128975,21.520502840046415,23.44787390722677,21.433203908703177,21.023311379983504,20.777672596803395,22.29343961158165,21.096971685725457,20.53633913913796,20.500630764831946,6910,0,20.555874922636352,20.50022263969172,372,11160.0,186.0,2025-04-29 12:06:00,2025-04-29 12:06:00,21.31743812561035,243016.0,0.9116000849738288,2025-04-29,12:06:00
20.547073262291704,27.47387856374897,20.500000000007994,0.2937684585427159,0.0,0.0,,21.218812618618085,21.58356094360352,20.83425886751688,23.4396481868883,21.503146101888856,23.34271154413333,21.421801668881127,21.00086231659189,20.76768258243347,22.42546478971416,21.098382150640795,20.5354558730688,20.500626636750923,6910,0,20.55617645959023,20.500221587245278,373,11190.0,186.5,2025-04-29 12:06:30,2025-04-29 12:06:30,21.16188621520996,242071.0,0.9150242852303664,2025-04-29,12:06:30
20.546494003397804,27.093463596073843,20.500000000007994,0.2856023185034467,0.0,0.0,,21.253540232501056,21.58356094360352,20.831577450316868,23.439628902932313,21.49332891395288,23.342701092578903,21.4156066063095,20.979413571722112,20.758041443679364,22.42547076405985,21.09761833256024,20.53460536396765,20.50061695417733,6910,0,20.556477459986475,20.500219248154526,374,11220.0,187.0,2025-04-29 12:07:00,2025-04-29 12:07:00,21.12564468383789,241634.0,0.9170433770702798,2025-04-29,12:07:00
20.545359893845156,26.70910151904043,20.500000000007994,0.2739157656433312,0.0,0.0,,21.254882226843755,21.54570198059082,20.82844674485399,23.311672266765648,21.474942126440226,23.31175177704622,21.408606030924002,20.958918547233914,20.74873789078399,22.14886426792929,21.071717641817944,20.53378338399547,20.50061742364649,6910,0,20.555710731852592,20.50021783111312,375,11250.0,187.5,2025-04-29 12:07:30,2025-04-29 12:07:30,21.08148956298828,241765.0,0.9178244498790148,2025-04-29,12:07:30
20.544716590707022,26.328979275718286,20.500000000007994,0.2671824107888842,0.0,0.0,,21.23920158642088,21.54570198059082,20.825485027910624,23.311651907005025,21.464859788233728,23.311745897096234,21.403984621854622,20.939332937152603,20.739760899308187,22.148812875801354,21.060090579102454,20.532979974155158,20.500607617883308,6910,0,20.55507584236035,20.50021508846813,376,11280.0,188.0,2025-04-29 12:08:00,2025-04-29 12:08:00,21.20482635498047,242399.0,0.915255039212208,2025-04-29,12:08:00
20.54444353168576,25.959265782162472,20.500000000007994,0.2640434920195472,0.0,0.0,,21.21917130169073,21.48966407775879,20.82180536450182,23.346103328615648,21.460921984251677,23.361896072466696,21.4047855139838,20.920614606314803,20.73109975854652,22.359738854356582,21.07206588911456,20.53219733491561,20.500599751894676,6910,0,20.554885746246676,20.500212952566674,377,11310.0,188.5,2025-04-29 12:08:30,2025-04-29 12:08:30,21.06802558898925,242263.0,0.916402447959449,2025-04-29,12:08:30
20.54390783003257,25.60425284158635,20.500000000007994,0.25911421894262576,0.0,0.0,,21.197351265644652,21.48966407775879,20.818322519111092,23.346099017153442,21.4567085601219,23.361897889710736,21.403794542509846,20.90272347615916,20.72274403945978,22.359765592021194,21.075084993957773,20.531437785553067,20.500593286145875,6910,0,20.554455237952116,20.50021238508461,378,11340.0,189.0,2025-04-29 12:09:00,2025-04-29 12:09:00,21.07205581665039,242069.0,0.9159970271905944,2025-04-29,12:09:00
20.542726526112737,25.266669149032474,20.500000000007994,0.24826112376754675,0.0,0.0,,21.17470642190936,21.50183486938477,20.81525211568131,23.187099544680766,21.43831879604082,23.265564909557153,21.3939229894239,20.88562141718443,20.714683621509074,22.316369608125566,21.07169521507643,20.53069933101452,20.500579684622682,6910,0,20.553727207546665,20.500211816550866,379,11370.0,189.5,2025-04-29 12:09:30,2025-04-29 12:09:30,21.16331672668457,242555.0,0.9156268681330008,2025-04-29,12:09:30
20.542149004385458,24.948024783505605,20.500000000007994,0.2438945243030054,0.0,0.0,,21.151736320289213,21.50183486938477,20.81238823498119,23.187079322174107,21.428580767975006,23.265555885635685,21.388489642900165,20.86927214762944,20.70690873300586,22.31636303838952,21.069787787027643,20.529979494743323,20.50057411516166,6910,0,20.553109739096733,20.5002113004253,380,11400.0,190.0,2025-04-29 12:10:00,2025-04-29 12:10:00,21.07393455505371,243024.0,0.91562085946244,2025-04-29,12:10:00
20.549986711412373,26.669708251953125,20.500000000007994,0.318091998187078,0.0,0.0,,21.17903365869108,21.51099395751953,20.80985759147806,23.850817672939794,21.482405081167876,23.175993583266596,21.376815745694092,20.853641137976872,20.699409920277965,22.955553546313723,21.125724202298777,20.529649741547182,20.500555780879843,6884,1,20.554988054203672,20.500211179257583,381,11430.0,190.5,2025-04-29 12:10:30,2025-04-29 12:10:30,21.81720542907715,228364.0,0.8832427341875252,2025-04-29,12:10:30
20.550371363325834,26.669708251953125,20.500000000007994,0.31873108000279227,0.0,0.0,,21.21027873020634,21.51099395751953,20.807493556971853,23.85087790520542,21.50305500231639,23.175982997815055,21.370138916604347,20.838695520911184,20.69217800163148,22.955666529111635,21.14905002509297,20.529438184897433,20.500546388479187,6884,1,20.555868836206553,20.50020930561869,382,11460.0,191.0,2025-04-29 12:11:00,2025-04-29 12:11:00,21.151273727416992,243033.0,0.9152773877415824,2025-04-29,12:11:00
20.54812483670094,26.45471854608841,20.500000000007994,0.29426450756800626,0.0,0.0,,21.241465331810996,21.57826805114746,20.806356631569503,23.209600997910574,21.455381338432673,23.240456798378258,21.371021744136566,20.82440400637105,20.68520409812369,22.302381604914757,21.103371534525095,20.54179821664731,20.500550968546015,6910,0,20.554693191404102,20.50020744758373,383,11490.0,191.5,2025-04-29 12:11:30,2025-04-29 12:11:30,21.14566421508789,243098.0,0.9158972795950604,2025-04-29,12:11:30
20.54742807721841,26.207791964058664,20.500000000007994,0.28487163809004795,0.0,0.0,,21.271745392359044,21.57826805114746,20.805328253579873,23.209548844438128,21.437031260725345,23.240458818603035,21.369827116715513,20.810736801359333,20.67847968592331,22.30228531640835,21.087270065804287,20.540753260198397,20.500542516225217,6910,0,20.554494465068164,20.500204760148414,384,11520.0,192.0,2025-04-29 12:12:00,2025-04-29 12:12:00,21.04690933227539,242424.0,0.9168611863924364,2025-04-29,12:12:00
20.54649531705747,25.94195653397857,20.500000000007994,0.274504896894411,0.0,0.0,,21.300808033466677,21.55211067199707,20.80394040107557,23.16130674579682,21.42231021614276,23.186210178005535,21.36339859741036,20.79766553422071,20.67199646713831,22.208777806502184,21.071619226095777,20.53973889166045,20.500534186403918,6910,0,20.554320893395214,20.500201830920155,385,11550.0,192.5,2025-04-29 12:12:30,2025-04-29 12:12:30,21.119949340820312,242901.0,0.9150288466288736,2025-04-29,12:12:30
20.54588245026512,25.66723064601883,20.500000000007994,0.2675876873024578,0.0,0.0,,21.32853578221216,21.55211067199707,20.802606541230226,23.16129052743853,21.413381288860037,23.18620462477215,21.35943229138446,20.785163183105137,20.6657462145628,22.208748686969678,21.063802163977414,20.538755738830904,20.50052524937278,6910,0,20.554353318423363,20.50020126743094,386,11580.0,193.0,2025-04-29 12:13:00,2025-04-29 12:13:00,21.10799217224121,243351.0,0.9149225295971662,2025-04-29,12:13:00
20.552544758609095,25.834604263305664,20.500000000007994,0.3269764596189843,0.0,0.0,,22.424743818744144,21.54430389404297,20.80121036002024,23.525138480048074,21.440186620010586,23.703766302487093,21.40166426475422,20.773204008300144,20.659720815919705,22.68101195453809,21.10114689657683,20.532867610162278,20.500508748898913,6889,1,20.55939307785925,20.500200704549783,387,11610.0,193.5,2025-04-29 12:13:30,2025-04-29 12:13:30,21.43332862854004,236396.0,0.9093252820479196,2025-04-29,12:13:30
20.55260942673694,25.834604263305664,20.500000000007994,0.326242972603245,0.0,0.0,,22.525252894246517,21.54430389404297,20.79988076085818,23.525168653675564,21.44937354495578,23.70380922680391,21.41996038681629,20.7617634881328,20.65391237727779,22.68108894086682,21.115461622821538,20.53221446885001,20.500502013834627,6889,1,20.560705072822206,20.50019808008426,388,11640.0,194.0,2025-04-29 12:14:00,2025-04-29 12:14:00,21.102174758911133,244015.0,0.915144752884044,2025-04-29,12:14:00
20.5491810210068,25.66349022713477,20.500000000007994,0.2955823644370041,0.0,0.0,,22.45853061076078,21.51990318,20.798228562388203,23.09553766140254,21.414325578644863,23.11981183410113,21.378971497756798,20.75081825821613,20.648313320298342,22.178709861491946,21.077600400366762,20.54244770956495,20.500501275669894,6910,0,20.559382393448402,20.50019538652156,389,11670.0,194.5,2025-04-29 12:14:30,2025-04-29 12:14:30,21.10498237609864,244458.0,0.9149901900326436,2025-04-29,12:14:30
20.548276850080732,25.47860373188749,20.500000000007994,0.28687270697962136,0.0,0.0,,22.395290626480243,21.51990318,20.79665264831019,23.095499289649677,21.3996636276675,23.119770536566516,21.361904187319734,20.74034605387929,20.642916436850516,22.17863147806698,21.062972099431356,20.541399924377806,20.5004955350979,6910,0,20.558713271114236,20.50019483590962,390,11700.0,195.0,2025-04-29 12:15:00,2025-04-29 12:15:00,21.107009887695312,244129.0,0.9140455071908704,2025-04-29,12:15:00
20.547266858233172,25.284005970876834,20.500000000007994,0.2779648327183358,0.0,0.0,,22.33495461006051,21.38376235961914,20.792978896555862,23.08186325391771,21.3895723220547,23.08201292032248,21.34927434773711,20.730325655656774,20.63771477788016,22.055772134461865,21.044441538343435,20.54036821779521,20.500487150049224,6910,0,20.557902599734817,20.500194402095282,391,11730.0,195.5,2025-04-29 12:15:30,2025-04-29 12:15:30,20.98278045654297,243676.0,0.9155589158349612,2025-04-29,12:15:30
20.54650053366089,25.08756955001065,20.500000000007994,0.2712370863675215,0.0,0.0,,22.277009973932184,21.38376235961914,20.78944330432352,23.081852223120453,21.38266797984625,23.082001665699163,21.341714714655765,20.7207368376957,20.632701515204488,22.055737632846142,21.03479166016511,20.539356020309807,20.500479191087834,6910,0,20.557254078287276,20.500191273176902,392,11760.0,196.0,2025-04-29 12:16:00,2025-04-29 12:16:00,21.0432357788086,243718.0,0.9143409339892828,2025-04-29,12:16:00
20.545476358442286,24.89180329746296,20.500000000007994,0.26248589802183825,0.0,0.0,,22.221094787623457,21.443641662597656,20.787078708048053,23.065415869704456,21.375797687975883,22.972501702302843,21.326821828220254,20.71156031888778,20.62786995408028,22.076647424199855,21.030189318417627,20.538366332027817,20.50047532191917,6910,0,20.556683786116352,20.50018880471224,393,11790.0,196.5,2025-04-29 12:16:30,2025-04-29 12:16:30,20.970722198486328,242926.0,0.9171436208968986,2025-04-29,12:16:30
20.54476246661209,24.698369773587142,20.500000000007994,0.2568064764545652,0.0,0.0,,22.166967685845094,21.443641662597656,20.784910668066118,23.0654085749078,21.37068778115533,22.97248791944484,21.318276501371557,20.70277771652693,20.62321359277076,22.07664101317393,21.025937245163433,20.537400592074043,20.500467897336854,6910,0,20.55610493176902,20.50018825373074,394,11820.0,197.0,2025-04-29 12:17:00,2025-04-29 12:17:00,20.92605972290039,243661.0,0.9164114025223568,2025-04-29,12:17:00
20.543487580883408,24.508967280632746,20.500000000007994,0.2464803328988409,0.0,0.0,,22.11446959287602,21.37755775,20.781835269007697,22.922616142747998,21.35336999793197,22.88911806176686,21.304937945447673,20.694371502335287,20.61872616764317,22.01460201883439,21.01658471566938,20.53645903989404,20.500459857202273,6910,0,20.55525332762802,20.500187704095453,395,11850.0,197.5,2025-04-29 12:17:30,2025-04-29 12:17:30,20.982378005981445,244365.0,0.9155820954310152,2025-04-29,12:17:30
20.542781584391705,24.324813884002875,20.500000000007994,0.24141122757734088,0.0,0.0,,22.0634947512894,21.37755775,20.778916665020684,22.92259727875183,21.34403020715954,22.889105990167117,21.296806349864724,20.686324960740176,20.614401668054775,22.014585258791595,21.010835743294244,20.535540885775188,20.50045316134581,6910,0,20.55454751898209,20.50018518825982,396,11880.0,198.0,2025-04-29 12:18:00,2025-04-29 12:18:00,21.01718711853028,243784.0,0.9157878362607882,2025-04-29,12:18:00
20.542734114279323,24.146751596448222,20.500000000007994,0.2423671730305903,0.0,0.0,,22.013971103269924,21.43358803,20.77707735406495,23.05477547394755,21.34943233823081,22.989446666417304,21.29957988776435,20.678622149303894,20.610234317147192,22.067625135510305,21.011221166739205,20.53464704615262,20.500447004022934,6910,0,20.55411490669469,20.500180082946216,397,11910.0,198.5,2025-04-29 12:18:30,2025-04-29 12:18:30,20.96993827819824,244695.0,0.9154532300414802,2025-04-29,12:18:30
20.542166850454418,23.975329474344093,20.500000000007994,0.23858424962257385,0.0,0.0,,21.965847481426838,21.43358803,20.77539366527614,23.054781892803284,21.349255755616852,22.989450725444527,21.298746263877455,20.67124786120666,20.60621854325924,22.067628161017787,21.00957773768895,20.533779040771943,20.500441453522548,6910,0,20.55356213974092,20.50017849948987,398,11940.0,199.0,2025-04-29 12:19:00,2025-04-29 12:19:00,20.905323028564453,243511.0,0.9159452755727668,2025-04-29,12:19:00
20.540585967440567,23.810870084861765,20.500000000007994,0.22572892262288566,0.0,0.0,,21.919085371618,21.2661247253418,20.771136444157847,22.818037605175142,21.326120975706242,22.848147464696467,21.284601309389483,20.66418758967546,20.602348972083465,21.94964161343908,20.99692541379569,20.532935604527527,20.500437043607732,6910,0,20.55249949243412,20.500176396427744,399,11970.0,199.5,2025-04-29 12:19:30,2025-04-29 12:19:30,20.87867927551269,244683.0,0.9155665825782748,2025-04-29,12:19:30
20.53993195826574,23.653522619852783,20.500000000007994,0.22177869201052128,0.0,0.0,,21.873653667109558,21.2661247253418,20.767039044231254,22.818012465565385,21.314932279979065,22.848134332630814,21.276861198586403,20.65742749424906,20.598620425998618,21.94961769231249,20.99033456002111,20.532113864335784,20.500429511881944,6910,0,20.55170017751037,20.500173673435334,400,12000.0,200.0,2025-04-29 12:20:00,2025-04-29 12:20:00,20.913408279418945,244968.0,0.9149711646010908,2025-04-29,12:20:00
20.539270881415476,23.503305196684106,20.500000000007994,0.21764095926429664,0.0,0.0,,21.82952536321514,21.307308197021484,20.76384635130864,22.83568332905242,21.309006618902185,22.802396842887905,21.26741618890436,20.650954368776464,20.59502790119725,21.96983373097323,20.987612401332875,20.531314024880484,20.500420623520817,6910,0,20.551042497785904,20.500171206315045,401,12030.0,200.5,2025-04-29 12:20:30,2025-04-29 12:20:30,20.90522193908692,244299.0,0.9158446718979611,2025-04-29,12:20:30
20.538698547411645,23.360138384881754,20.500000000007994,0.2144376272750537,0.0,0.0,,21.786675506849356,21.307308197021484,20.760893018224355,22.835677179497655,21.30383249351116,22.80238877375458,21.261243785098735,20.644755611050545,20.591566540828406,21.969830607485612,20.984740712766044,20.530536540398643,20.50041465673879,6910,0,20.550386068275127,20.500168183760703,402,12060.0,201.0,2025-04-29 12:21:00,2025-04-29 12:21:00,20.96402168273925,245241.0,0.914991656166791,2025-04-29,12:21:00
20.53828287809914,23.223871624864405,20.500000000007994,0.2127751316963371,0.0,0.0,,21.745079955839,21.344900131225582,20.758747898169425,22.837726549641072,21.299528466943105,22.850151055960254,21.260651734740605,20.638819193977294,20.588231640957172,21.963388029547765,20.981461404155613,20.529781244031266,20.50040601924421,6910,0,20.549743057119716,20.500167666862378,403,12090.0,201.5,2025-04-29 12:21:30,2025-04-29 12:21:30,20.966028213500977,245548.0,0.9140872533068892,2025-04-29,12:21:30
20.53777391074547,23.094303909967156,20.500000000007994,0.21017126654250448,0.0,0.0,,21.704714658840302,21.344900131225582,20.75677138788567,22.837722348865263,21.295627720044912,22.850151765757804,21.25858155027711,20.633133638187637,20.585018664346094,21.96338319648522,20.97873315431106,20.529047923942546,20.500402827606226,6910,0,20.549119931621462,20.500167250584624,404,12120.0,202.0,2025-04-29 12:22:00,2025-04-29 12:22:00,20.915620803833008,244487.0,0.915137742497556,2025-04-29,12:22:00
20.53700556138761,22.97119986032959,20.500000000007994,0.2051958135792987,0.0,0.0,,21.665555267709458,21.30491065979004,20.754284012946876,22.80175788120568,21.288796189389217,22.79632566012351,21.251519635671936,20.627687986013655,20.581923238715714,21.886331929077123,20.969408191900953,20.52833573614398,20.50039319166761,6910,0,20.548325185280984,20.50016436148386,405,12150.0,202.5,2025-04-29 12:22:30,2025-04-29 12:22:30,20.89937973022461,244291.0,0.9158849614803656,2025-04-29,12:22:30
20.53649760122026,22.85430211435189,20.500000000007994,0.2027792555841323,0.0,0.0,,21.627576959711412,21.30491065979004,20.751924910028833,22.801750920740275,21.284138030514864,22.79631969038411,21.247004527731516,20.6224717767613,20.57894114661365,21.886314814615364,20.96427172333497,20.52764335485249,20.50038816949612,6910,0,20.54764928025758,20.500160731369576,406,12180.0,203.0,2025-04-29 12:23:00,2025-04-29 12:23:00,20.88358688354492,244698.0,0.9159202746855308,2025-04-29,12:23:00
20.53585506245594,22.78688239213937,20.500000000007994,0.19879979850557003,0.0,0.0,,21.590754389631797,21.27847480773925,20.749281625165924,22.785948242625917,21.278858691370715,22.736006160306285,21.23819508855464,20.61747502321373,20.576068311153826,21.94637352610954,20.965982519008563,20.5269709580216,20.500384786083153,6910,0,20.547107778952284,20.500158975160083,407,12210.0,203.5,2025-04-29 12:23:30,2025-04-29 12:23:30,20.90302467346192,245121.0,0.915372854121026,2025-04-29,12:23:30
20.535381236695883,22.78688239208794,20.500000000007994,0.19669426627710088,0.0,0.0,,21.55506171975337,21.27847480773925,20.74678505071648,22.785943015951737,21.274876673404837,22.735998547464327,21.232756252767146,20.61268818929984,20.573300783223672,21.9463790020581,20.9652640451521,20.52631855966689,20.500381760563066,6910,0,20.54653715119138,20.50015555017204,408,12240.0,204.0,2025-04-29 12:24:00,2025-04-29 12:24:00,20.87915229797364,244837.0,0.9154588052459391,2025-04-29,12:24:00
20.53970774102372,24.478200912475582,20.500000000007994,0.23262466222745568,0.0,0.0,,21.52047269395077,21.25221824645996,20.829377850879702,22.759677667683043,21.269075525653413,22.75763235453063,21.23054151008763,20.6081021688625,20.570634750342236,22.249501638739684,20.99114192030641,20.525680204499274,20.500370569969387,6883,1,20.546581346486935,20.50015352576822,409,12270.0,204.5,2025-04-29 12:24:30,2025-04-29 12:24:30,21.252534866333008,239809.0,0.9065441142742766,2025-04-29,12:24:30
20.53972429566562,24.478200912475582,20.500000000007994,0.23271527974362075,0.0,0.0,,21.486960734189157,21.25221824645996,20.878418370811264,22.759671873272335,21.26501344439204,22.75763134939596,21.228005651931074,20.603708265466775,20.568066550606442,22.249554739907328,21.00134373936206,20.52514793572941,20.500362930432583,6883,1,20.546408329548694,20.500153108364188,410,12300.0,205.0,2025-04-29 12:25:00,2025-04-29 12:25:00,21.09188270568848,246285.0,0.9127518043120776,2025-04-29,12:25:00
20.539530841545158,24.34552592932099,20.500000000007994,0.23012527757502413,0.0,0.0,,21.454499045643892,21.35772132873535,20.88681497234862,22.923524959112548,21.27663651541601,22.790312703163238,21.228410772722803,20.599498173199382,20.56559268810149,22.024368731690856,20.9863842141977,20.53352076717231,20.500363318190466,6910,0,20.545928943301455,20.50015111597856,411,12330.0,205.5,2025-04-29 12:25:30,2025-04-29 12:25:30,20.9569034576416,245821.0,0.9137885773591352,2025-04-29,12:25:30
20.53902146035742,24.194550683765133,20.500000000007994,0.2251218086388936,0.0,0.0,,21.423060721892654,21.35772132873535,20.894008526098116,22.923538565646542,21.280137518628997,22.790314114547588,21.22742289922703,20.595463958418446,20.563209844279903,22.024337301905565,20.981129419430356,20.53262652002098,20.500355554873117,6910,0,20.545561783660126,20.500149016778174,412,12360.0,206.0,2025-04-29 12:26:00,2025-04-29 12:26:00,21.62177848815918,233375.0,0.8904575522228173,2025-04-29,12:26:00
20.555571542410586,26.833789825439453,20.500000000007994,0.3670305343418007,0.0,0.0,,21.47178027639372,22.53883171081543,20.919032217932088,23.453606099647892,21.3298456651983,23.568449026185306,21.29412574984905,20.591598042419268,20.560914813724008,22.67574548431987,21.037167368047314,20.532624516878183,20.500334272789694,6856,2,20.548371639998468,20.500147493531017,413,12390.0,206.5,2025-04-29 12:26:30,2025-04-29 12:26:30,22.039289474487305,223713.0,0.8840375978374078,2025-04-29,12:26:30
20.556842942942506,26.833789825439453,20.500000000007994,0.36985832791863615,0.0,0.0,,21.524366883414654,22.53883171081543,20.942563442015377,23.453662276142374,21.351046494130657,23.568516160783613,21.32402749883124,20.5878931849706,20.558704438230382,22.675858973405752,21.06069366369547,20.532685123443013,20.50032768964939,6856,2,20.55032800692418,20.50014587842438,414,12420.0,207.0,2025-04-29 12:27:00,2025-04-29 12:27:00,21.90253448486328,223260.0,0.8932952331362537,2025-04-29,12:27:00
20.578334369218457,27.33607482910156,20.500000000007994,0.5016252185566862,0.0,0.0,,21.54571977979929,22.53883171081543,20.964017956952592,23.883266657376144,21.402764833719097,24.304688299040265,21.405562865298936,20.584342468652757,20.556575671006385,23.302603680520996,21.130112331078283,20.5530603683453,20.500309234199282,6825,3,20.553043660230387,20.500144597053797,415,12450.0,207.5,2025-04-29 12:27:30,2025-04-29 12:27:30,21.92244529724121,225611.0,0.8812048171410082,2025-04-29,12:27:30
20.57975820478495,27.33607482910156,20.500000000007994,0.4981268390410531,0.0,0.0,,21.57025407864259,22.53883171081543,20.983342220572172,23.883325390190016,21.428213326339325,24.304767977384824,21.446643223932796,20.58093928393705,20.554525678613192,23.30273821290231,21.163371964704925,20.552441999915086,20.500303922820684,6825,3,20.55466990429947,20.500143912242116,416,12480.0,208.0,2025-04-29 12:28:00,2025-04-29 12:28:00,21.76902198791504,219372.0,0.8765875573227212,2025-04-29,12:28:00
20.576874302135234,27.114071990356333,20.500000000007994,0.47361030850128405,0.0,0.0,,21.59794178673992,21.59650993347168,20.985528051580857,22.92391915457646,21.3569897906048,23.006942267267906,21.359130132013775,20.577677314992176,20.55255183032524,22.940759928520812,21.151918128818224,20.58216614335003,20.50031562248109,6881,1,20.55420367780554,20.500141234371085,417,12510.0,208.5,2025-04-29 12:28:30,2025-04-29 12:28:30,21.12324523925781,244837.0,0.9150811305072354,2025-04-29,12:28:30
20.575432028679707,26.91269302368164,20.500000000007994,0.4558079584685701,0.0,0.0,,21.622857151109066,21.59650993347168,20.986217460331872,22.92384085033856,21.331446989694427,23.0068523310959,21.32564985594716,20.574550526217006,20.550651659202394,22.940728418320493,21.15390876408114,20.579827189100392,20.500310332182472,6881,1,20.55455822388012,20.50013896187295,418,12540.0,209.0,2025-04-29 12:29:00,2025-04-29 12:29:00,20.92270851135254,247260.0,0.9157448131521476,2025-04-29,12:29:00
20.578767234217793,26.711538585119186,20.500000000007994,0.466033741658821,0.0,0.0,,21.645046741849296,21.285404205322266,20.98111130265248,22.580858068645867,21.287210760093114,22.687807840979264,21.281597186155537,20.57155314947944,20.54882272562521,23.263569498331613,21.188062792243045,20.595721677280128,20.500308135930965,6881,1,20.55528246174518,20.500138172605297,419,12570.0,209.5,2025-04-29 12:29:30,2025-04-29 12:29:30,21.81923484802246,223119.0,0.8870346373459903,2025-04-29,12:29:30
20.577598387477643,26.506226202204726,20.500000000007994,0.45050990384529244,0.0,0.0,,21.66476372248546,21.285404205322266,20.975578520104644,22.580808513291625,21.265943954592785,22.687765128172767,21.259775224826008,20.568679672003565,20.54706250363565,23.263634612332417,21.206139547410196,20.59307819093465,20.500302913231323,6881,1,20.555899438569515,20.50013521709574,420,12600.0,210.0,2025-04-29 12:30:00,2025-04-29 12:30:00,21.974618911743164,218536.0,0.87583567467145,2025-04-29,12:30:00
20.582839890927517,26.639427185058597,20.500000000007994,0.47253599418284153,0.0,0.0,,21.677557261474504,21.55150032043457,20.974173537008635,24.02803462484415,21.385035488505032,23.021021975111996,21.27573381148796,20.565924824805844,20.54536844627566,23.416906010728187,21.232441410075005,20.591036193331536,20.500295579797566,6881,1,20.558068223411187,20.50013295361351,421,12630.0,210.5,2025-04-29 12:30:30,2025-04-29 12:30:30,21.13865089416504,245191.0,0.9119843688185943,2025-04-29,12:30:30
20.582012723535964,26.639427185058597,20.500000000007994,0.46077241861423646,0.0,0.0,,21.68819066886175,21.55150032043457,20.972615981865765,24.02816688270461,21.43256999739853,23.021038983125912,21.28009170846412,20.563283571596664,20.543738102589238,23.41695279741482,21.248423069864646,20.58870986911368,20.5002912620817,6881,1,20.559166802920014,20.500128544135528,422,12660.0,211.0,2025-04-29 12:31:00,2025-04-29 12:31:00,21.125038146972656,244255.0,0.9119116036519213,2025-04-29,12:31:00
20.576966407589655,26.41385563025729,20.500000000007994,0.4236586354460222,0.0,0.0,,21.69723222591353,21.53961563110352,20.97059517891671,22.827037816512043,21.34947615484503,22.974822153797952,21.277156541243215,20.56075109812701,20.542169141173684,22.39746368516873,21.16898491867504,20.604002979557304,20.500296941641967,6910,0,20.556995362708506,20.50012590982218,423,12690.0,211.5,2025-04-29 12:31:30,2025-04-29 12:31:30,21.13107109069824,244408.0,0.9119912323860104,2025-04-29,12:31:30
20.5751295591291,26.181334407857243,20.500000000007994,0.4067398526172912,0.0,0.0,,21.70489786280589,21.53961563110352,20.96828795313134,22.82694619011876,21.32013267386737,22.974819147817016,21.275246587459197,20.55832280199405,20.540659327047226,22.397298161297464,21.13993111123015,20.60085047879957,20.500293813882273,6910,0,20.556513428854718,20.50012174155504,424,12720.0,212.0,2025-04-29 12:32:00,2025-04-29 12:32:00,21.187313079833984,243770.0,0.9096315174139558,2025-04-29,12:32:00
20.577972833387815,25.94345870520167,20.500000000007994,0.4183836950786006,0.0,0.0,,21.711390539888686,21.60033607,20.966690407934767,22.997817302617573,21.32080663471423,23.082755550389454,21.283094649728596,20.55599428291269,20.539206408745596,22.58380878671592,21.143123049420936,20.591855846565053,20.50028074461155,6882,1,20.55702901522887,20.50011742694238,425,12750.0,212.5,2025-04-29 12:32:30,2025-04-29 12:32:30,21.4395694732666,234937.0,0.89413917348055,2025-04-29,12:32:30
20.576858834364085,25.70287328460945,20.500000000007994,0.40730058387858437,0.0,0.0,,21.717070641378896,21.60033607,20.964832386118122,22.997817482165093,21.318262689774194,23.08276362498386,21.28602947365116,20.55376133342681,20.537808005425074,22.583818580877548,21.142290155303602,20.58936180770259,20.500272440681464,6882,1,20.557426480556764,20.500115469953904,426,12780.0,213.0,2025-04-29 12:33:00,2025-04-29 12:33:00,21.29756736755371,236459.0,0.8926303027163272,2025-04-29,12:33:00
20.58184523264809,25.46239469469109,20.500000000007994,0.42695853135621487,0.0,0.0,,21.70454742517946,21.674924850463867,20.963905380265913,23.08914397091172,21.32416820772784,23.363167736103126,21.311855215979048,20.551619929991954,20.536464626487742,22.535742242725433,21.13648203694364,20.60032606493436,20.50026898837718,6881,1,20.55757286750822,20.500115016857933,427,12810.0,213.5,2025-04-29 12:33:30,2025-04-29 12:33:30,21.41942596435547,243705.0,0.9048263397345152,2025-04-29,12:33:30
20.580829199525216,25.407623291015625,20.500000000007994,0.4161615670697899,0.0,0.0,,21.682661360981907,21.674924850463867,20.96270524189384,23.089150434897892,21.325685511400984,23.363193437426336,21.32376294838581,20.549566224413343,20.535189308470173,22.53573063098658,21.13322547600436,20.597522295407504,20.500264903538252,6881,1,20.557557065502312,20.500112754017202,428,12840.0,214.0,2025-04-29 12:34:00,2025-04-29 12:34:00,21.304777145385746,235280.0,0.8992864884393064,2025-04-29,12:34:00
20.578901150933373,25.234092345319027,20.500000000007994,0.40158963173126133,0.0,0.0,,21.658576782052215,21.348106384277344,20.955974712549992,22.55773051007811,21.27743999873738,23.076537441523577,21.30566460079312,20.54759653611185,20.533997901697163,22.471522095966172,21.125211499959587,20.597206104908512,20.500262118573758,6881,1,20.55684028999171,20.500111277776746,429,12870.0,214.5,2025-04-29 12:34:30,2025-04-29 12:34:30,21.000688552856445,246937.0,0.91046425809012,2025-04-29,12:34:30
20.57732268791214,25.039861457385612,20.500000000007994,0.38857432254260044,0.0,0.0,,21.633707942678946,21.348106384277344,20.94910517722466,22.557676748837515,21.256449597983142,23.076518798754226,21.29884243902913,20.545707346641546,20.532902216652083,22.471506390000542,21.12100573844899,20.594437411464977,20.500256010055438,6881,1,20.55651708104141,20.500109761697917,430,12900.0,215.0,2025-04-29 12:35:00,2025-04-29 12:35:00,21.26327896118164,239460.0,0.8987507699615802,2025-04-29,12:35:00
20.582404469268994,24.73481571182569,20.500000000007994,0.4067519358875051,0.0,0.0,,21.608564509655082,21.68061637878418,20.947645858780024,22.965098443293172,21.280955821395242,22.991527495192283,21.28811154921605,20.54389529761648,20.531908093633238,22.424273325296166,21.11393946695113,20.596523754610068,20.500248009677605,6864,2,20.55663915043444,20.50010808038722,431,12930.0,215.5,2025-04-29 12:35:30,2025-04-29 12:35:30,21.161148071289062,237936.0,0.901106481890088,2025-04-29,12:35:30
20.581249763192492,24.613021850585938,20.500000000007994,0.39693628722330143,0.0,0.0,,21.58339345869261,21.68061637878418,20.946199641032173,22.965125360146484,21.28788413884586,22.991517140350982,21.282826486128535,20.542157191573285,20.53101594227417,22.424259955947328,21.109938281483608,20.59395258379187,20.500244625078768,6864,2,20.556563433518928,20.500105759763976,432,12960.0,216.0,2025-04-29 12:36:00,2025-04-29 12:36:00,21.19674301147461,246483.0,0.9127163435206485,2025-04-29,12:36:00
20.581028252971834,24.473998421393066,20.500000000007994,0.3919285544113542,0.0,0.0,,21.55834109474826,21.91411018371582,20.948344254765377,23.08342394203578,21.301182140199035,23.3864301695133,21.314155586337762,20.54048999396562,20.5302219923305,22.858335268003827,21.14604144414522,20.609912801838885,20.50025267859165,6910,0,20.557410493808057,20.500104810366388,433,12990.0,216.5,2025-04-29 12:36:30,2025-04-29 12:36:30,21.363357543945312,242492.0,0.91101510565297,2025-04-29,12:36:30
20.579452825188067,24.330489192945674,20.500000000007994,0.379837178665516,0.0,0.0,,21.533504641088307,21.91411018371582,20.950208863754018,23.08343903558891,21.306698173335537,23.386461678563666,21.327832691516512,20.53889083418801,20.529519642161794,22.858408696533687,21.160415082058687,20.606586917447228,20.500248781689578,6910,0,20.557687012141024,20.50010197619069,434,13020.0,217.0,2025-04-29 12:37:00,2025-04-29 12:37:00,21.214618682861328,241393.0,0.907515182710352,2025-04-29,12:37:00
20.579756311493995,24.29652976989746,20.500000000007994,0.3732067486685909,0.0,0.0,,21.508952803940595,21.444366455078125,20.944133616155348,23.15982313395219,21.316621924749516,22.749372056093343,21.279817276711533,20.537357004031026,20.5289006539749,22.53814982062801,21.13925860646249,20.603835412067546,20.500236640794206,6881,1,20.55710912652897,20.50009812065005,435,13050.0,217.5,2025-04-29 12:37:30,2025-04-29 12:37:30,21.02538681030273,247143.0,0.901826384421165,2025-04-29,12:37:30
20.578346588667486,24.29652976989746,20.500000000007994,0.3628715106422565,0.0,0.0,,21.484735749148,21.444366455078125,20.937833380871858,23.159834563621015,21.321403683625096,22.749323532812713,21.25923408938231,20.53588595279553,20.52835607389053,22.538104554705832,21.132035420346117,20.600820875633165,20.50023436123653,6881,1,20.556743790215155,20.50009488107697,436,13080.0,218.0,2025-04-29 12:38:00,2025-04-29 12:38:00,20.84588050842285,246904.0,0.914014214532774,2025-04-29,12:38:00
20.574012206529993,24.16229509957973,20.500000000007994,0.33584358496968475,0.0,0.0,,21.460890667540465,21.21771240234375,20.92796735334814,22.423636093028218,21.257004512513372,22.53904966907544,21.229379805015324,20.53447527908233,20.527876779133525,22.118512926223104,21.091278600234606,20.60478631365696,20.50024655215264,6910,0,20.55491285601218,20.50009418935321,437,13110.0,218.5,2025-04-29 12:38:30,2025-04-29 12:38:30,20.80084991455078,247331.0,0.9149496272202028,2025-04-29,12:38:30
20.57206489157814,24.003505261106117,20.500000000007994,0.3232398517806923,0.0,0.0,,21.437445185328816,21.21771240234375,20.918351418245763,22.423564728482503,21.230048975686564,22.539021186224574,21.213411846710073,20.53312271981732,20.52745380256814,22.118431964206692,21.073458649329368,20.60161727739975,20.500245195600392,6910,0,20.55397575483145,20.50009386184287,438,13140.0,219.0,2025-04-29 12:39:00,2025-04-29 12:39:00,20.82685089111328,247086.0,0.914028478444752,2025-04-29,12:39:00
20.57040253112998,23.82995863135187,20.500000000007994,0.3125987840896306,0.0,0.0,,21.414419605690522,21.24880027770996,20.909635591162214,22.46399643062282,21.21791419814715,22.55416738206568,21.204224876119724,20.531826137333663,20.527078586748484,22.096078581421757,21.06109529233465,20.598541767595307,20.500243948233795,6910,0,20.5532791427776,20.50009354838231,439,13170.0,219.5,2025-04-29 12:39:30,2025-04-29 12:39:30,20.83126640319824,247220.0,0.9124945013550684,2025-04-29,12:39:30
20.568723630379633,23.649470960313504,20.500000000007994,0.3022213034724172,0.0,0.0,,21.39182847182446,21.24880027770996,20.901334594336365,22.46398260406969,21.208497038771416,22.554159656425103,21.197018394358786,20.53058350540773,20.526743156795874,22.096057682686222,21.05282988615651,20.59555984369697,20.50024564966783,6910,0,20.55266380700938,20.50009324985413,440,13200.0,220.0,2025-04-29 12:40:00,2025-04-29 12:40:00,20.729108810424805,247145.0,0.9151474210483724,2025-04-29,12:40:00
20.566738416203325,23.46791024869049,20.500000000007994,0.2903436231319423,0.0,0.0,,21.369681714527957,21.149858474731445,20.89182948312179,22.410943877651505,21.196156113729927,22.45757690570652,21.182644098384806,20.52939289509837,20.526440274250003,22.11322523033197,21.04794439941789,20.59267013408783,20.500246751053282,6910,0,20.55204006839721,20.50009725382762,441,13230.0,220.5,2025-04-29 12:40:30,2025-04-29 12:40:30,20.808887481689453,246956.0,0.914165440908502,2025-04-29,12:40:30
20.565155094711482,23.28946706355009,20.500000000007994,0.28118779369694225,0.0,0.0,,21.34798553181334,21.149858474731445,20.88271785434642,22.41093016813466,21.187838654607454,22.457563790659723,21.173682319403266,20.52825246111914,20.526163523213327,22.113218375836404,21.043223309406844,20.58987010366311,20.50024750415573,6910,0,20.551449994006028,20.500097114591043,442,13260.0,221.0,2025-04-29 12:41:00,2025-04-29 12:41:00,21.11227226257324,239877.0,0.90254686516423,2025-04-29,12:41:00
20.57227676667331,24.35155296325684,20.500000000007994,0.3271026774108618,0.0,0.0,,21.365370783539326,21.408252716064453,21.024048332558504,22.696499000299827,21.207353654795856,22.847302473562518,21.201016766903493,20.527160429316833,20.52590731150523,22.33745412909173,21.059054461901333,20.582296517376264,20.500228072645996,6858,2,20.55407123579882,20.50009700483091,443,13290.0,221.5,2025-04-29 12:41:30,2025-04-29 12:41:30,20.967849731445312,240979.0,0.8935905073678619,2025-04-29,12:41:30
20.571783139893743,24.35155296325684,20.500000000007994,0.32359057443501227,0.0,0.0,,21.384894486414243,21.408252716064453,21.079008077654684,22.696520934920702,21.213000371304325,22.84733106400827,21.21115555972893,20.52611508564853,20.525666823071667,22.337488148518517,21.06380216845203,20.580194243020557,20.500228279101123,6858,2,20.55524916181736,20.500096904513526,444,13320.0,222.0,2025-04-29 12:42:00,2025-04-29 12:42:00,21.00699806213379,243183.0,0.911777216129417,2025-04-29,12:42:00
20.570422735638896,24.226265571683577,20.500000000007994,0.3131376529231423,0.0,0.0,,21.40329355968512,21.536890029907227,21.085106027563576,22.651188222271912,21.210675518773296,22.814374500730782,21.21277023135618,20.525114766867382,20.525437966692753,22.784630649213057,21.10536864678105,20.59538614463051,20.50024993176072,6910,0,20.556502518288735,20.50009667698256,445,13350.0,222.5,2025-04-29 12:42:30,2025-04-29 12:42:30,20.806230545043945,247471.0,0.90994216241499,2025-04-29,12:42:30
20.56903581795669,24.08632481975354,20.500000000007994,0.30365299850318006,0.0,0.0,,21.420068523763575,21.536890029907227,21.088834068838796,22.65118626416866,21.20923221903914,22.81437637966516,21.21358726412151,20.52415785297543,20.525217329734534,22.78471413737463,21.122876729790587,20.592504955904783,20.500251207700085,6910,0,20.557233334937965,20.500096489658716,446,13380.0,223.0,2025-04-29 12:43:00,2025-04-29 12:43:00,21.26250457763672,228993.0,0.8926636813134026,2025-04-29,12:43:00
20.571757777136746,25.665264129638672,20.500000000007994,0.3259817642182904,0.0,0.0,,21.42139214579849,21.21210289001465,21.085392514831824,22.301433192205213,21.175834075294507,22.366290495667304,21.17464678278838,20.52324276139143,20.525002120754834,23.081677048913768,21.15926786087461,20.59025360536128,20.500241169191558,6881,1,20.557720440658606,20.500099735345326,447,13410.0,223.5,2025-04-29 12:43:30,2025-04-29 12:43:30,20.746156692504883,248165.0,0.9094732839038544,2025-04-29,12:43:30
20.5707041888737,25.665264129638672,20.500000000007994,0.3195597245021034,0.0,0.0,,21.42070548346061,21.21210289001465,21.0804820929542,22.30139656111135,21.16064348131248,22.366252345073043,21.156536713590427,20.522367942706897,20.524790116566617,23.08174672165221,21.177390139861018,20.587782535793238,20.500242223154924,6881,1,20.557985121876722,20.500100582354015,448,13440.0,224.0,2025-04-29 12:44:00,2025-04-29 12:44:00,20.75115203857422,247940.0,0.9121820677381623,2025-04-29,12:44:00
20.57493159600499,25.488712400259914,20.500000000007994,0.32366579992686184,0.0,0.0,,21.41924071185848,21.218042373657227,21.07467934209449,22.369765726759486,21.157255966993677,22.36216064167888,21.14526425670162,22.92722565412418,20.726440312533622,22.17780401723085,21.10804871290105,20.596775441533396,20.500252929744434,6910,0,20.556534525200437,20.500100451467652,449,13470.0,224.5,2025-04-29 12:44:30,2025-04-29 12:44:30,20.73969268798828,248309.0,0.9128443542118893,2025-04-29,12:44:30
20.573899872614316,25.294020092866003,20.500000000007994,0.3135229086621647,0.0,0.0,,21.41726636539148,21.218042373657227,21.06816160396431,22.369762250886627,21.152796198378105,22.36215116119994,21.137429923988048,22.927428355553417,20.81648125423507,22.17766022268922,21.08236525937922,20.593899318821485,20.50025659236299,6910,0,20.555967020718953,20.500100334488017,450,13500.0,225.0,2025-04-29 12:45:00,2025-04-29 12:45:00,20.746177673339844,247029.0,0.9085770926692818,2025-04-29,12:45:00
20.57278296041178,25.085700945134374,20.500000000007994,0.30454287640997113,0.0,0.0,,21.4148943310568,21.25686264038086,21.06172892745594,22.380791108138403,21.149645530723635,22.362144878927058,21.131371531147952,22.92751343706208,20.870535844348,22.21292910073573,21.073188223659212,20.59112227413872,20.500259345052548,6910,0,20.555746277687973,20.500100229941793,451,13530.0,225.5,2025-04-29 12:45:30,2025-04-29 12:45:30,20.78271102905273,247072.0,0.9070673857215712,2025-04-29,12:45:30
20.57158726243372,24.869054559917497,20.500000000007994,0.2961559368283684,0.0,0.0,,21.412186841473808,21.25686264038086,21.054872310089344,22.38078810350875,21.14631339309383,22.362140222976276,21.126359669588854,22.92756236764012,20.908834269670944,22.212914700358272,21.066940963266,20.58843842099152,20.500259512065288,6910,0,20.55556723308554,20.500100136273936,452,13560.0,226.0,2025-04-29 12:46:00,2025-04-29 12:46:00,20.767986297607425,248081.0,0.9110166513154978,2025-04-29,12:46:00
20.570436011339574,24.6490217876541,20.500000000007994,0.2888336733720633,0.0,0.0,,21.397385146675315,21.225954055786133,21.04717269740936,22.391061613143776,21.14409202568913,22.395677163301816,21.12496887252346,22.927595976320962,20.938709155664114,22.137781329380825,21.055420723356068,20.585842336644582,20.500259357081724,6910,0,20.555105746937212,20.50010005189316,453,13590.0,226.5,2025-04-29 12:46:30,2025-04-29 12:46:30,20.770069122314453,248344.0,0.9111430993903618,2025-04-29,12:46:30
20.569227331962388,24.429734671968834,20.500000000007994,0.28170509812415595,0.0,0.0,,21.376370270326067,21.225954055786133,21.039212049995093,22.391059704524405,21.141550501055644,22.39567702685184,21.12248955657194,22.927621400227356,20.963393404719227,22.137760293091038,21.048623945156155,20.583327920687516,20.500260821429837,6910,0,20.554631895312514,20.500101345898415,454,13620.0,227.0,2025-04-29 12:47:00,2025-04-29 12:47:00,20.77454376220703,247981.0,0.909419219617632,2025-04-29,12:47:00
20.567430498049966,24.21441305955896,20.500000000007994,0.2711228088832518,0.0,0.0,,21.353918577996442,21.22391891479492,21.03104008656067,22.311742948547565,21.13179822573262,22.395675674450814,21.11984108249549,22.782247901032594,20.96520938443776,22.152161973462167,21.044938309426115,20.58088251642905,20.500260096752783,6910,0,20.55410933738508,20.500101274239316,455,13650.0,227.5,2025-04-29 12:47:30,2025-04-29 12:47:30,20.731842041015625,246053.0,0.9014763841530076,2025-04-29,12:47:30
20.565849849369133,24.005423992935924,20.500000000007994,0.2622940623292054,0.0,0.0,,21.33100839339527,21.22391891479492,21.02274928800731,22.31173269776784,21.126297006891726,22.395674130496083,21.1172546850955,22.651000220659505,20.96394784617884,22.152156796423192,21.041421706268704,20.578514447956948,20.500259808924937,6910,0,20.553611922976035,20.500101207912877,456,13680.0,228.0,2025-04-29 12:48:00,2025-04-29 12:48:00,20.78217124938965,246656.0,0.907437509122016,2025-04-29,12:48:00
20.568470558546867,24.168716430664062,20.500000000007994,0.27783287174874416,0.0,0.0,,21.308023775410966,21.249164581298828,21.014792317498287,22.37039676072713,21.12755514800143,22.395672627619,21.114803239701885,22.531255703761676,20.960408650466828,22.221548806326574,21.044467058924404,20.576540925552656,20.500247640383716,6879,1,20.55330234714168,20.50010114559735,457,13710.0,228.5,2025-04-29 12:48:30,2025-04-29 12:48:30,20.85891342163086,244335.0,0.8960983383469417,2025-04-29,12:48:30
20.567364212190228,24.168716430664062,20.500000000007994,0.27182481347231907,0.0,0.0,,21.285170818442154,21.249164581298828,21.006792845383448,22.370398722094453,21.126452032158422,22.395671226164296,21.11251510594519,22.42111370558491,20.955162510875965,22.22155660132619,21.04427456631158,20.57443346201051,20.500248812098537,6879,1,20.552877819479473,20.500101086067673,458,13740.0,229.0,2025-04-29 12:49:00,2025-04-29 12:49:00,21.21331596374512,229608.0,0.8760136161414236,2025-04-29,12:49:00
20.572068117536556,24.967098236083984,20.500000000007994,0.3162363012634554,0.0,0.0,,21.31191409055701,21.209444046020508,20.998131617484578,22.855376539090837,21.169233696041392,22.293202168874547,21.098856002107567,22.319162674054986,20.94862552192754,22.146159326024204,21.03646258957473,20.568545208195996,20.500239459142037,6853,2,20.553312637105872,20.50010102819088,459,13770.0,229.5,2025-04-29 12:49:30,2025-04-29 12:49:30,20.75496292114257,246592.0,0.9024109156014792,2025-04-29,12:49:30
20.571219893552126,24.967098236083984,20.500000000007994,0.3126951014723139,0.0,0.0,,21.34534252259235,21.209444046020508,20.989486089757715,22.85542484413402,21.186669770551806,22.19946872472914,21.08409411763146,22.224327997225,20.941107612767237,22.146144556597893,21.03232940226621,20.56698485892034,20.500239209197286,6853,2,20.553590159634442,20.500100970914854,460,13800.0,230.0,2025-04-29 12:50:00,2025-04-29 12:50:00,20.703500747680664,245284.0,0.9023450240333654,2025-04-29,12:50:00
20.56786744106884,24.816397744203503,20.500000000007994,0.28976925756273275,0.0,0.0,,21.37789749028135,21.169015884399418,20.98025442553382,22.215667165274155,21.137931020732164,22.112953054855318,21.068673443673134,22.135771392960066,20.932844397638693,22.05241069084237,21.021026532997958,20.58718165510692,20.50026441988956,6910,0,20.553063792208885,20.500103068054955,461,13830.0,230.5,2025-04-29 12:50:30,2025-04-29 12:50:30,20.681480407714844,248072.0,0.9071033938735528,2025-04-29,12:50:30
20.565997182670298,24.651755170018404,20.500000000007994,0.27701275749725124,0.0,0.0,,21.407957860159964,21.169015884399418,20.971127568734385,22.215613851327475,21.119177239356027,22.03255237486033,21.052901268170892,22.05282350327978,20.924018392967017,22.05238954909289,21.015076720342417,20.584618946283936,20.500263930035977,6910,0,20.552997324499046,20.500103230465207,462,13860.0,231.0,2025-04-29 12:51:00,2025-04-29 12:51:00,20.782621383666992,247291.0,0.9077858297511838,2025-04-29,12:51:00
20.565237101830103,24.476975337128817,20.500000000007994,0.2709591702000299,0.0,0.0,,21.43548444569919,21.127864837646484,20.961486275410163,22.22210529997985,21.10936522268978,22.347444333579215,21.07130964052801,21.974938099250974,20.914773376514752,22.019077605649024,21.007989668005475,20.582142742949667,20.50026368812325,6910,0,20.552964248371016,20.500103389477914,463,13890.0,231.5,2025-04-29 12:51:30,2025-04-29 12:51:30,20.70134162902832,246969.0,0.9114944588187182,2025-04-29,12:51:30
20.563827107650766,24.296110347620097,20.500000000007994,0.26187567714548815,0.0,0.0,,21.460584448492508,21.127864837646484,20.95202522239006,22.222094538465967,21.102643419496985,22.347463064928544,21.077567315103273,21.901660505584402,20.905224261787463,22.01906544561383,21.00342940695102,20.57974921415736,20.500263623164578,6910,0,20.552990038601124,20.500103544051427,464,13920.0,232.0,2025-04-29 12:52:00,2025-04-29 12:52:00,20.741230010986328,248536.0,0.9158839162133452,2025-04-29,12:52:00
20.562153918553456,24.112839210765497,20.500000000007994,0.2516456766380958,0.0,0.0,,21.460007597833155,21.15498161315918,20.943212723017645,22.189846923055217,21.094619080897093,22.26048307839425,21.072376484116973,21.83260549161969,20.895464018117444,22.088846179084378,21.006144847609495,20.57743499876271,20.50026341733374,6910,0,20.55281964860853,20.50010369318467,465,13950.0,232.5,2025-04-29 12:52:30,2025-04-29 12:52:30,20.71372604370117,248475.0,0.9162579862159173,2025-04-29,12:52:30
20.56073837734531,23.930229225585883,20.500000000007994,0.2435139163154554,0.0,0.0,,21.446006579469348,21.15498161315918,20.93461414030889,22.18983828177904,21.089245903144647,22.26047826989213,21.069759732850315,21.767441542484935,20.88556860561382,22.08885356603765,21.00581206919307,20.57519238744186,20.500264125188927,6910,0,20.552415368420277,20.50010473365469,466,13980.0,233.0,2025-04-29 12:53:00,2025-04-29 12:53:00,20.8361930847168,242726.0,0.9002348584412053,2025-04-29,12:53:00
20.562983618541242,24.05615807,20.500000000007994,0.26132142546770604,0.0,0.0,,21.42826760773391,21.36071014404297,20.929518446253155,22.36425591321021,21.100967104249673,22.260476366616274,21.0679040634581,21.70587948623162,20.875600678005906,22.170681002733655,21.01202990545852,20.56939696602046,20.500254313066648,6876,2,20.552310844101328,20.500105036385186,467,14010.0,233.5,2025-04-29 12:53:30,2025-04-29 12:53:30,20.86259078979492,239155.0,0.8966557384332337,2025-04-29,12:53:30
20.56199190533215,24.05615807,20.500000000007994,0.25625796797912065,0.0,0.0,,21.4087886963584,21.36071014404297,20.924542524611816,22.364269289161747,21.104266573672273,22.2604752104263,21.06639719864467,21.647664135001133,20.865613245844234,22.170694520660987,21.013872422115792,20.567591315989894,20.500254071868675,6876,2,20.551980002312344,20.50010503108748,468,14040.0,234.0,2025-04-29 12:54:00,2025-04-29 12:54:00,21.56019592285156,232677.0,0.8977869535880212,2025-04-29,12:54:00
20.581601413582888,26.968053817749023,20.500000000007994,0.406447130852458,0.0,0.0,,21.413059216839745,22.147449493408203,20.932194424031664,23.474922859604906,21.206885128234628,23.583229528209877,21.180819074479526,21.592568040533017,20.85565197656761,24.306803281843077,21.20604834374937,20.57537025682555,20.500244236145562,6854,2,20.557123810729273,20.500105075951986,469,14070.0,234.5,2025-04-29 12:54:30,2025-04-29 12:54:30,22.03372383117676,226975.0,0.8829394068730037,2025-04-29,12:54:30
20.582189986866425,26.968053817749023,20.500000000007994,0.4071689553986259,0.0,0.0,,21.418941752868363,22.147449493408203,20.93952490962763,23.475037737765106,21.250799188908115,23.58334380651386,21.232999809784108,21.54038675378152,20.845757057019483,24.307189085490887,21.288053652964408,20.573772727940874,20.50024420942414,6854,2,20.559335209684768,20.500107630848532,470,14100.0,235.0,2025-04-29 12:55:00,2025-04-29 12:55:00,22.05208396911621,223392.0,0.8884730233177554,2025-04-29,12:55:00
20.584324088775986,26.80077171325684,20.500000000007994,0.4234208275722541,0.0,0.0,,21.435032130450832,21.316478729248047,20.93276608229943,22.282233785051453,21.167639792797136,23.930157910325683,21.293925770722282,21.49093516984873,20.835965269179788,24.264773333013956,21.330921546813265,20.592792865094907,20.50025639004118,6882,1,20.559421909089682,20.500107039746435,471,14130.0,235.5,2025-04-29 12:55:30,2025-04-29 12:55:30,20.846416473388672,249640.0,0.9157585047468354,2025-04-29,12:55:30
20.583250740889945,26.80077171325684,20.500000000007994,0.412649708935766,0.0,0.0,,21.450733971028015,21.316478729248047,20.925502553525668,22.282142512454932,21.13864317995074,23.930215289111402,21.32877279214901,21.44404466755905,20.82630947596372,24.264841850466563,21.36227034271464,20.590279320197542,20.50025562915943,6882,1,20.559954534570412,20.50010655677208,472,14160.0,236.0,2025-04-29 12:56:00,2025-04-29 12:56:00,20.78087043762207,248170.0,0.9091875654793086,2025-04-29,12:56:00
20.577942583251197,26.570482604594154,20.500000000007994,0.36744523725354644,0.0,0.0,,21.465130918142513,21.202756881713867,20.916420174358933,22.253015642384863,21.121535366881577,21.873409660576538,21.172920777557064,21.399560839412185,20.81681731412899,22.106349522711138,21.193940877101912,20.604932054330906,20.50025595757381,6881,1,20.556438440996207,20.50010607590318,473,14190.0,236.5,2025-04-29 12:56:30,2025-04-29 12:56:30,20.73103904724121,248824.0,0.9160788599572388,2025-04-29,12:56:30
20.575898153142738,26.331814489602387,20.500000000007994,0.3499014029725045,0.0,0.0,,21.478130732891866,21.202756881713867,20.907552457100444,22.252996343112518,21.11167309982626,21.873251407719387,21.108547952790587,21.3573416659371,20.807510612502327,22.10599989441293,21.132694066780726,20.60188675442441,20.50025485221869,6881,1,20.555209727082094,20.50010559666243,474,14220.0,237.0,2025-04-29 12:57:00,2025-04-29 12:57:00,21.686084747314453,228108.0,0.8824489797595876,2025-04-29,12:57:00
20.578748358668392,26.010518957809946,20.500000000007994,0.36668304228714754,0.0,0.0,,21.481593158434542,21.173046112060547,20.89853579557821,23.582943987906404,21.226753899196083,22.23331334068725,21.10617075486975,21.317256028226698,20.79840548267404,21.974060652267617,21.092402123554283,20.589090500099985,20.500254078230043,6882,1,20.555491606394476,20.50010511862194,475,14250.0,237.5,2025-04-29 12:57:30,2025-04-29 12:57:30,20.714990615844727,249309.0,0.9168704173335098,2025-04-29,12:57:30
20.577510406902576,25.98190116882324,20.500000000007994,0.35791206677933884,0.0,0.0,,21.48355277348258,21.173046112060547,20.889879722292086,23.58307212404351,21.27433916229718,22.233313563683534,21.099930104373886,21.279182480325726,20.78951280676108,21.97398800292201,21.07052083022679,20.586727303617263,20.50025403177866,6882,1,20.555340375462347,20.50010484451704,476,14280.0,238.0,2025-04-29 12:58:00,2025-04-29 12:58:00,21.00577163696289,244463.0,0.9084593067253532,2025-04-29,12:58:00
20.57792145139876,25.785068954903522,20.500000000007994,0.34607563726476165,0.0,0.0,,21.49908342054973,21.41872787475586,20.922408592359798,22.4646845333904,21.199623778585167,22.499692500927665,21.117555933932955,21.243008223215647,20.780839298896648,22.58108054970493,21.11026535172333,20.60121632283801,20.50025414306989,6882,1,20.55558537504264,20.500104792672293,477,14310.0,238.5,2025-04-29 12:58:30,2025-04-29 12:58:30,20.875720977783203,245530.0,0.9098849936871258,2025-04-29,12:58:30
20.576529311033493,25.581498075625255,20.500000000007994,0.33422857878197587,0.0,0.0,,21.514482865924762,21.41872787475586,20.933303800896418,22.464602311471253,21.174507843901104,22.49971034282206,21.123478272132925,21.20862823690353,20.772388594445285,22.581165602120198,21.122270326878247,20.598323438408784,20.50025349238738,6882,1,20.555922627907325,20.500104733295878,478,14340.0,239.0,2025-04-29 12:59:00,2025-04-29 12:59:00,20.93682289123535,244438.0,0.9102856603719552,2025-04-29,12:59:00
20.575041902430677,25.374169209786167,20.500000000007994,0.32224092915126107,0.0,0.0,,21.528675425227657,21.48879623413086,20.939227777994304,22.467780912018018,21.162764074341176,22.584639615513385,21.133164495791323,21.175944538095177,20.76416208870667,22.59757461505446,21.12778105957091,20.602235641793175,20.500265971708153,6910,0,20.556277173471774,20.50010650841597,479,14370.0,239.5,2025-04-29 12:59:30,2025-04-29 12:59:30,20.91210556030273,245507.0,0.9129832601514416,2025-04-29,12:59:30
20.573402492654616,25.165881261218708,20.500000000007994,0.31033076717751695,0.0,0.0,,21.5415616814119,21.48879623413086,20.944637997876825,22.467767321147225,21.155914447017786,22.58464892838648,21.137407922118232,21.144865538989468,20.756159537172802,22.597584365491777,21.129954182233714,20.599166703087306,20.500266291242205,6910,0,20.556578548434107,20.50010662594805,480,14400.0,240.0,2025-04-29 13:00:00,2025-04-29 13:00:00,21.328861236572266,242815.0,0.9099349684945328,2025-04-29,13:00:00
20.575734278119945,24.9609935686063,20.500000000007994,0.3252571692906921,0.0,0.0,,21.534450547714624,22.000364303588867,20.957520468783855,23.160796622737408,21.214851904178126,23.255856177803082,21.19835460696382,21.115305488602896,20.748379374960734,23.461239375256934,21.208491571052,20.596205822197167,20.50026374161385,6910,0,20.558980102851997,20.500106381035266,481,14430.0,240.5,2025-04-29 13:00:30,2025-04-29 13:00:30,20.91148567199707,249883.0,0.9171039546507764,2025-04-29,13:00:30
20.574583695289114,24.759967252707444,20.500000000007994,0.317351893234233,0.0,0.0,,21.525607282668226,22.000364303588867,20.969390052736966,23.16086199283765,21.23899989593522,23.255916516673828,21.226728919895884,21.087183982301138,20.74081894017218,23.46139631912545,21.242238063724976,20.593358080564798,20.500264898219193,6910,0,20.560000697067114,20.50010612736839,482,14460.0,241.0,2025-04-29 13:01:00,2025-04-29 13:01:00,20.832660675048828,250076.0,0.9180482258393448,2025-04-29,13:01:00
20.56882049370784,24.563768406368727,20.500000000007994,0.27902305281620293,0.0,0.0,,21.51664664828517,21.58505630493164,20.973289076376933,22.212824219808695,21.166215201600576,22.711055525126795,21.195958782318737,21.0604255283297,20.73347476727921,22.103940562386335,21.139777561936118,20.590607386843455,20.500263801848035,6910,0,20.557113376808427,20.500105866366923,483,14490.0,241.5,2025-04-29 13:01:30,2025-04-29 13:01:30,21.043670654296875,247828.0,0.912587939014155,2025-04-29,13:01:30
20.56706064089926,24.373267605492067,20.500000000007994,0.2692330583454391,0.0,0.0,,21.50786152437151,21.58505630493164,20.976017712622614,22.21274343425858,21.138419601225365,22.711023029512575,21.18565463297297,21.034959162483002,20.726342879356487,22.10372749685983,21.101433175414048,20.58793196013312,20.500264292864316,6910,0,20.55608776302152,20.500105599632967,484,14520.0,242.0,2025-04-29 13:02:00,2025-04-29 13:02:00,21.245832443237305,247606.0,0.9116266114310638,2025-04-29,13:02:00
20.566530627564703,24.18908282273171,20.500000000007994,0.2677935829168967,0.0,0.0,,21.499331586782855,21.261537551879883,20.97268638828885,22.849440157780066,21.18154480208491,22.548569031212235,21.167316449243607,21.010718103852177,20.719418771550615,22.065592617767855,21.079258287879384,20.585334670678,20.500264855482456,6910,0,20.555972883687016,20.500105328886416,485,14550.0,242.5,2025-04-29 13:02:30,2025-04-29 13:02:30,20.839977264404297,249453.0,0.9175365700151932,2025-04-29,13:02:30
20.565143067550146,24.011628041563988,20.500000000007994,0.26057246766085984,0.0,0.0,,21.491072669256937,21.261537551879883,20.968753904860026,22.849487482782592,21.196760035887518,22.548550850605796,21.159046730307832,20.987639445913914,20.712697320073648,22.06555413707661,21.06603279998523,20.58281929761505,20.500264285155872,6910,0,20.55568465861808,20.500105055901933,486,14580.0,243.0,2025-04-29 13:03:00,2025-04-29 13:03:00,20.8747673034668,249579.0,0.9166995345161252,2025-04-29,13:03:00
20.560645121980986,23.841153722510366,20.500000000007994,0.23222401600243378,0.0,0.0,,21.470505667643096,21.280431747436523,20.964794641915812,22.23646449434333,21.14850653170883,21.9012612346973,21.097869078184534,20.96566387816489,20.706173034515608,22.07731462281351,21.057544338769656,20.580383038984277,20.50026495480578,6910,0,20.554684767713287,20.500104782454496,487,14610.0,243.5,2025-04-29 13:03:30,2025-04-29 13:03:30,20.9554386138916,249590.0,0.9165071968027564,2025-04-29,13:03:30
20.55901733647137,23.677780388855044,20.500000000007994,0.22412652542031136,0.0,0.0,,21.443726733033422,21.280431747436523,20.960602248585097,22.236410872780603,21.129271843662966,21.90120065998508,21.068917428764045,20.944735434309113,20.699840369760157,22.07730157212805,21.050345255819693,20.57801657301865,20.500262507491904,6910,0,20.553937064503607,20.500104510275907,488,14640.0,244.0,2025-04-29 13:04:00,2025-04-29 13:04:00,20.91172218322754,249028.0,0.915050089748944,2025-04-29,13:04:00
20.557714608223986,23.521526385280865,20.500000000007994,0.21805646275915186,0.0,0.0,,21.415680887475816,21.293901443481445,20.95643083039847,22.268350692654984,21.12121162354913,21.93878063937157,21.054744793035997,20.924801263736004,20.693693890240635,22.073564345669322,21.043802727397164,20.575718317322387,20.50026138701056,6910,0,20.553265422384552,20.500105028756558,489,14670.0,244.5,2025-04-29 13:04:30,2025-04-29 13:04:30,20.90493965148925,248798.0,0.9161067663325267,2025-04-29,13:04:30
20.556344761176078,23.37233070816961,20.500000000007994,0.2115918582690795,0.0,0.0,,21.38736107625824,21.293901443481445,20.952086676426266,22.268341223102667,21.114961342803838,21.938768425899372,21.044085980305038,20.905811423586307,20.687728321524702,22.07355416754072,21.038224014978287,20.5734881728786,20.500260479271446,6910,0,20.55259120993617,20.50010475656531,490,14700.0,245.0,2025-04-29 13:05:00,2025-04-29 13:05:00,20.89631462097168,249151.0,0.9174925547158148,2025-04-29,13:05:00
20.5547084013948,23.2300716827977,20.500000000007994,0.20338062464222917,0.0,0.0,,21.359165365460267,21.273923873901367,20.94726558968682,22.198080185642304,21.10359394099769,21.873494730967845,21.029913628212164,20.887718689094896,20.68193854864752,22.09616316272525,21.03535762452369,20.571324982419558,20.500261036227002,6910,0,20.551890117310233,20.5001044915561,491,14730.0,245.5,2025-04-29 13:05:30,2025-04-29 13:05:30,20.89814758300781,249212.0,0.9167001262980916,2025-04-29,13:05:30
20.55341843507897,23.094582157250905,20.500000000007994,0.19763675680926446,0.0,0.0,,21.331311548990854,21.273923873901367,20.942316797056062,22.198067360311207,21.09674149854322,21.873482036613574,21.020216300170333,20.870478380189827,20.676319601458392,22.09615997408081,21.031867790582794,20.56922684610695,20.50026155722349,6910,0,20.551208398615206,20.500104234990935,492,14760.0,246.0,2025-04-29 13:06:00,2025-04-29 13:06:00,20.87827682495117,249933.0,0.9174157424189684,2025-04-29,13:06:00
20.552301473208672,22.965661789845893,20.500000000007994,0.19303372978340505,0.0,0.0,,21.303939857037832,21.269779205322266,20.93720692079699,22.18664694420668,21.090537885773706,21.934083489825785,21.017846086394695,20.854048202563394,20.670866645543075,22.073105296532294,21.026384154168333,20.567191938279947,20.500261269298612,6910,0,20.55047849300189,20.50010414609113,493,14790.0,246.5,2025-04-29 13:06:30,2025-04-29 13:06:30,20.914173126220703,249678.0,0.9178763497384632,2025-04-29,13:06:30
20.55112614591424,22.843086923882716,20.500000000007994,0.1881527215248933,0.0,0.0,,21.27714639337359,21.269779205322266,20.93202767617012,22.18663998768407,21.085840763563578,21.934082714280265,21.013800681294274,20.838388101641186,20.665574978846728,22.073096358840676,21.0223205915232,20.56521869975474,20.50026186603828,6910,0,20.549786882496925,20.50010415847813,494,14820.0,247.0,2025-04-29 13:07:00,2025-04-29 13:07:00,20.867158889770508,249801.0,0.918780661906878,2025-04-29,13:07:00
20.5498670096934,22.726618469725167,20.500000000007994,0.18275525298069256,0.0,0.0,,21.25099769079857,21.267484664916992,20.926764260458366,22.18227978913135,21.08151339446073,21.88366524444859,21.005149007265242,20.823460128064962,20.660440025066922,22.106266945998865,21.02187214962838,20.56330579640756,20.50026286013859,6910,0,20.549169563983494,20.500104870091114,495,14850.0,247.5,2025-04-29 13:07:30,2025-04-29 13:07:30,20.879499435424805,249696.0,0.917580277617583,2025-04-29,13:07:30
20.548756955452447,22.616008149032584,20.500000000007994,0.17844266672828527,0.0,0.0,,21.225538871731715,21.267484664916992,20.921472335007845,22.182275106859205,21.07791405504261,21.883658043748394,20.999019868944266,20.809228313474865,20.655457327751538,22.10626809546811,21.020112517303435,20.561451719816702,20.500263371175855,6910,0,20.5485321601166,20.500105987384035,496,14880.0,248.0,2025-04-29 13:08:00,2025-04-29 13:08:00,20.957365036010746,250357.0,0.9177326652540172,2025-04-29,13:08:00
20.54809913264205,22.51100339901206,20.500000000007994,0.1776840003833698,0.0,0.0,,21.200799003764864,21.29180908203125,20.9165592577049,22.263547019996665,21.082188763322133,21.95294413264667,21.000016868930302,20.795658555524742,20.650622554302753,22.16778071236123,21.02362293006834,20.55965514981481,20.50026352274765,6910,0,20.54809224544763,20.500107107668903,497,14910.0,248.5,2025-04-29 13:08:30,2025-04-29 13:08:30,20.87846565246582,249404.0,0.9169788901741752,2025-04-29,13:08:30
20.547108159106397,22.411351185291934,20.500000000007994,0.17419582100778314,0.0,0.0,,21.176794914190733,21.29180908203125,20.911639795649045,22.263552061273234,21.082553819611345,21.952946666721722,20.998374860929083,20.782718511198585,20.645931502354973,22.167789262278536,21.02400837916432,20.557915382624316,20.50026283338476,6910,0,20.547547225224093,20.50010754527039,498,14940.0,249.0,2025-04-29 13:09:00,2025-04-29 13:09:00,20.904687881469727,249634.0,0.9182384260557456,2025-04-29,13:09:00
20.547240264281132,22.428607940673828,20.500000000007994,0.18023419461449774,0.0,0.0,,21.153534025459404,21.27973365783691,20.906519329650195,22.22101677744231,21.07800177157651,22.427885094310625,21.037588305518536,20.770377497614106,20.64138010076216,22.12415236737222,21.01957607446683,20.55623052958286,20.50026290917627,6910,0,20.54686093896231,20.500108699691406,499,14970.0,249.5,2025-04-29 13:09:30,2025-04-29 13:09:30,20.87709045410156,249489.0,0.917046380301336,2025-04-29,13:09:30
20.546401434361,22.428607940673828,20.500000000007994,0.1777745430158349,0.0,0.0,,21.131016515598105,21.27973365783691,20.901405132454787,22.221012142898793,21.075313859363554,22.42792532585511,21.054232208640887,20.75860639960266,20.636964407854098,22.124144334541576,21.017118328437544,20.554599596450807,20.500262617835226,6910,0,20.546251282540645,20.500109854831617,500,15000.0,250.0,2025-04-29 13:10:00,2025-04-29 13:10:00,20.89421844482422,250216.0,0.9162964448716308,2025-04-29,13:10:00
20.54543251799129,22.428607940673828,20.500000000007994,0.1743283208213862,0.0,0.0,,21.10923699068689,21.26556396484375,20.896087794194734,22.181092101874658,21.069526036024477,22.427941680983935,21.063099669788205,20.74737758344111,20.63268059573236,22.091316548169072,21.012365310074674,20.55302075268772,20.50026160021516,6910,0,20.54557122914195,20.500109910677914,501,15030.0,250.5,2025-04-29 13:10:30,2025-04-29 13:10:30,20.86752891540528,249761.0,0.917751557989438,2025-04-29,13:10:30
20.54457643003379,22.428607940673828,20.500000000007994,0.1718925117168051,0.0,0.0,,21.088185793731896,21.26556396484375,20.890812552173767,22.181086061552342,21.066091836011935,22.427950395677204,21.068530717943787,20.73666481618412,20.628524933945183,22.09130823416977,21.00957708180095,20.551491661906372,20.50026193401614,6910,0,20.544970436372985,20.50010951380109,502,15060.0,251.0,2025-04-29 13:11:00,2025-04-29 13:11:00,20.871597290039062,249926.0,0.9163879383297456,2025-04-29,13:11:00
20.542812176087974,22.266609185060545,20.500000000007994,0.16105401652639786,0.0,0.0,,21.067850036682678,21.269514083862305,20.885660581659543,22.265849938088202,21.071228375653387,21.99121470059739,21.034019663679818,20.72644319010465,20.62449378703727,22.091429800133497,21.007502258217826,20.550010586203804,20.500261695164948,6910,0,20.54447974949791,20.500110442523223,503,15090.0,251.5,2025-04-29 13:11:30,2025-04-29 13:11:30,20.9610538482666,250952.0,0.917103295650164,2025-04-29,13:11:30
20.541909445880652,22.266609185109473,20.500000000007994,0.15836810795628944,0.0,0.0,,21.048214418217736,21.269514083862305,20.880576784664225,22.265856048693834,21.072373529301892,21.991180508058438,21.0191412571428,20.716689051807663,20.620583616599703,22.091426948955213,21.00574894021566,20.548575145812084,20.500261355560248,6910,0,20.543957253425443,20.50011137321522,504,15120.0,252.0,2025-04-29 13:12:00,2025-04-29 13:12:00,20.847442626953125,250471.0,0.9166875855887509,2025-04-29,13:12:00
20.540877619420076,22.176088326998542,20.500000000007994,0.15411199792796168,0.0,0.0,,21.029261873707842,21.242284774780277,20.875128671703123,22.175405169027854,21.064174109708816,21.99116712484041,21.010841857096374,20.707379935633806,20.616790986280936,22.13891876306744,21.00845548200348,20.547184252560168,20.500261787500207,6910,0,20.543436583891527,20.5001111637523,505,15150.0,252.5,2025-04-29 13:12:30,2025-04-29 13:12:30,20.97096061706543,250887.0,0.9155559200955012,2025-04-29,13:12:30
20.54006201468103,22.176088326924525,20.500000000007994,0.15189226878658676,0.0,0.0,,21.010974092478314,21.242284774780277,20.8697683413046,22.175396497173253,21.06028754537909,21.99116012620159,21.00539659964459,20.698494501017116,20.61311256441435,22.138925288540634,21.00886959330512,20.54583696115541,20.5002622272266,6910,0,20.542929203520043,20.500110748492038,506,15180.0,253.0,2025-04-29 13:13:00,2025-04-29 13:13:00,20.942045211791992,251261.0,0.9172938572838604,2025-04-29,13:13:00
20.539370193529795,22.2272949133955,20.500000000007994,0.15077336311149014,0.0,0.0,,20.993331929400455,21.31559562683105,20.865691712532485,22.226560482115815,21.06234408077726,21.99115573580571,21.001378530309886,20.690012473500296,20.60954512503386,22.06414608435464,21.001912568865908,20.544531572942294,20.50026161553754,6910,0,20.54235993588739,20.500110338107348,507,15210.0,253.5,2025-04-29 13:13:30,2025-04-29 13:13:30,20.93025588989257,251108.0,0.9157401272560014,2025-04-29,13:13:30
20.538628890842194,22.227294913414603,20.500000000007994,0.14896846776244435,0.0,0.0,,20.976315731896136,21.31559562683105,20.861700905141294,22.22656311322156,21.062299795157408,21.991152630064597,20.998156957032577,20.68191458914355,20.60608554653572,22.06413268536922,20.998596633771967,20.543266575612037,20.500261246731448,6910,0,20.541850909742287,20.50010993168901,508,15240.0,254.0,2025-04-29 13:14:00,2025-04-29 13:14:00,20.793949127197266,250459.0,0.9171094994589932,2025-04-29,13:14:00
20.537085980908994,22.09851836590579,20.500000000007994,0.13962425888204832,0.0,0.0,,20.959905598975997,21.16998672485352,20.85542067352269,22.097883935435807,21.049993626088746,21.83427464565282,20.981701992775168,20.674182542089714,20.6027307944598,21.89532423426161,20.98130733936086,20.542040117126746,20.500261401761406,6910,0,20.540896482617967,20.50010952830796,509,15270.0,254.5,2025-04-29 13:14:30,2025-04-29 13:14:30,20.834205627441406,250496.0,0.917371247944079,2025-04-29,13:14:30
20.5363063869683,22.0985183657899,20.500000000007994,0.13754583144473162,0.0,0.0,,20.94408158551943,21.16998672485352,20.849236339042676,22.09787061080865,21.044240241530716,21.834259080906143,20.972977411884507,20.666798935068865,20.599477901701373,21.895290736894395,20.973156625999124,20.54084906120785,20.50026123531942,6910,0,20.5402170607615,20.500109127045924,510,15300.0,255.0,2025-04-29 13:15:00,2025-04-29 13:15:00,20.82117080688477,250540.0,0.9159681961962162,2025-04-29,13:15:00
20.53551450434202,22.09049224273845,20.500000000007994,0.13513833203200798,0.0,0.0,,20.92882386236301,21.19128036499023,20.843573904453255,22.089844293029167,21.0397442763985,21.812680422117058,20.96518230632475,20.659747232639187,20.596323958182392,21.903557849325434,20.96876902389599,20.539693318385243,20.50025971778159,6910,0,20.539640532755357,20.500108727021342,511,15330.0,255.5,2025-04-29 13:15:30,2025-04-29 13:15:30,20.814741134643555,250870.0,0.9165070554470442,2025-04-29,13:15:30
20.534821343086712,22.09049224269044,20.500000000007994,0.13351751833272493,0.0,0.0,,20.914112840695505,21.19128036499023,20.838104488708947,22.089839529588005,21.036565818496683,21.8126738613505,20.959758415069285,20.653011716976714,20.59326610418539,21.903551416309504,20.96519192021443,20.538572709908326,20.50025824413743,6910,0,20.539100863276193,20.500108327409862,512,15360.0,256.0,2025-04-29 13:16:00,2025-04-29 13:16:00,20.814558029174805,250723.0,0.9170616701499263,2025-04-29,13:16:00
20.53418965580328,22.0951633394248,20.500000000007994,0.13232639271792945,0.0,0.0,,20.899929267616077,21.21365165710449,20.833175552586052,22.094503830085525,21.034446947114663,21.812669641190542,20.955455575911426,20.646577446043676,20.590301553481137,21.93196802016807,20.964675514921286,20.537486710044348,20.500256573192143,6910,0,20.5386491118098,20.500107927458167,513,15390.0,256.5,2025-04-29 13:16:30,2025-04-29 13:16:30,20.826318740844727,250836.0,0.9176810246535584,2025-04-29,13:16:30
20.53355868111222,22.09516333940172,20.500000000007994,0.1310048134874077,0.0,0.0,,20.886254298393435,21.21365165710449,20.828411100235435,22.09450175158866,21.03246612366081,21.812666478848207,20.951806253711514,20.64043021398573,20.58742761613213,21.931968742723047,20.963064610747868,20.53643470150325,20.500254405307672,6910,0,20.53818357263727,20.50010752649176,514,15420.0,257.0,2025-04-29 13:17:00,2025-04-29 13:17:00,20.81291007995605,251143.0,0.9177875005474968,2025-04-29,13:17:00
20.533003098918275,22.12951087380262,20.500000000007994,0.13044005675057163,0.0,0.0,,20.873069549909196,21.20970344543457,20.823728167596823,22.128821512014312,21.033812040234388,21.812663925039622,20.948592382120374,20.634556513633445,20.584641701981923,21.8842841267899,20.956992369351866,20.535415415742563,20.500252915612947,6910,0,20.537666423065406,20.50010714528807,515,15450.0,257.5,2025-04-29 13:17:30,2025-04-29 13:17:30,20.82648086547852,250487.0,0.9162423474072506,2025-04-29,13:17:30
20.53241755627214,22.129510873815196,20.500000000007994,0.12932775726921708,0.0,0.0,,20.86035713893709,21.20970344543457,20.819183010875918,22.128823323973634,21.033531752749337,21.812661774415346,20.945698859603308,20.628943500995923,20.581941313157685,21.884273213496964,20.953421836596302,20.534427621858974,20.50025229829332,6910,0,20.537191793465713,20.500106930576678,516,15480.0,258.0,2025-04-29 13:18:00,2025-04-29 13:18:00,20.821475982666016,250519.0,0.9158630433220634,2025-04-29,13:18:00
20.53165136398838,22.12144660336874,20.500000000007994,0.12652069974238542,0.0,0.0,,20.848099708244575,21.209238052368164,20.814765568494522,22.120765188640014,21.032107797144686,21.742473762797697,20.935234320895034,20.62357896164002,20.579324025983155,21.905439300243,20.952645552041496,20.533469669995117,20.500251661003933,6910,0,20.5367728095358,20.500106706788234,517,15510.0,258.5,2025-04-29 13:18:30,2025-04-29 13:18:30,20.831357955932617,250518.0,0.915417629671321,2025-04-29,13:18:30
20.53091738667739,22.121446603357587,20.500000000007994,0.12402234491899138,0.0,0.0,,20.83628044295502,21.209238052368164,20.810480489610228,22.120763958812287,21.03098019054554,21.678181874818325,20.92406609734462,20.618451278848536,20.57678747414823,21.905439297344834,20.951204634813006,20.532541378993812,20.500251003852597,6910,0,20.536352375431033,20.50010647355692,518,15540.0,259.0,2025-04-29 13:19:00,2025-04-29 13:19:00,20.8090934753418,250547.0,0.9168959566468566,2025-04-29,13:19:00
20.530896034762325,22.144674294835667,20.500000000007994,0.12790991235148658,0.0,0.0,,20.82488307915522,21.198949813842773,20.806159895621764,22.14397323656745,21.032076193272275,21.866119991996104,20.934660268034406,20.613549403450754,20.574329349345394,21.886235761940434,20.947954430577727,20.531643195704614,20.50025032695912,6910,0,20.535922903794944,20.50010623058894,519,15570.0,259.5,2025-04-29 13:19:30,2025-04-29 13:19:30,20.82888603210449,250363.0,0.9158151738675444,2025-04-29,13:19:30
20.530420182315723,22.144674294848393,20.500000000007994,0.12727553119757493,0.0,0.0,,20.813891906356254,21.198949813842773,20.80196983827014,22.143974794792793,21.0320322150726,21.866131176920515,20.937896219239864,20.608862825225344,20.57194740713053,21.886230381845262,20.945750207506197,20.530773396377406,20.500249726665825,6910,0,20.53551215881354,20.500105977653305,520,15600.0,260.0,2025-04-29 13:20:00,2025-04-29 13:20:00,20.823448181152344,250618.0,0.9173944509173324,2025-04-29,13:20:00
20.531153164619543,22.311872482299805,20.500000000007994,0.13939503113246385,0.0,0.0,,20.80329176511103,21.17602157592773,20.7975451591231,22.15864491704425,21.033024237960966,22.31117584531965,20.977689246204942,20.604381545785174,20.569639463480318,21.92313557544214,20.947267153644514,20.529931826339652,20.50024949564833,6910,0,20.53519374669799,20.500105714572882,521,15630.0,260.5,2025-04-29 13:20:30,2025-04-29 13:20:30,20.81128692626953,250491.0,0.9179779038967468,2025-04-29,13:20:30
20.530805638936602,22.311872482299805,20.500000000007994,0.13943909140318358,0.0,0.0,,20.793068040845238,21.17602157592773,20.793260686679258,22.15864636316151,21.033146301331506,22.311215940069278,20.995531872440587,20.600096052863215,20.56740338822692,21.923139804592278,20.947107830948735,20.52911909455632,20.500248303140232,6910,0,20.534843724868573,20.500105441216938,522,15660.0,261.0,2025-04-29 13:21:00,2025-04-29 13:21:00,20.819128036499023,250302.0,0.9174282466780128,2025-04-29,13:21:00
20.530328348865854,22.30548095703125,20.500000000007994,0.13819288438879568,0.0,0.0,,20.783206654760114,21.193044662475582,20.78939907815439,22.126335916559192,21.030044790068345,22.304845075183216,21.005090064645433,20.595997295921514,20.565237106834694,21.917684466836896,20.946003593367426,20.52833385626822,20.50024839132947,6910,0,20.534460413964553,20.500105157494694,523,15690.0,261.5,2025-04-29 13:21:30,2025-04-29 13:21:30,20.840633392333984,250718.0,0.9177416210643032,2025-04-29,13:21:30
20.529929769707813,22.30548095703125,20.500000000007994,0.137843187790674,0.0,0.0,,20.773694052504624,21.193044662475582,20.785679333549474,22.1263327776267,21.02851806331543,22.304853984455665,21.011457158212796,20.592076663011248,20.563138604680585,21.917682970510924,20.945065464708982,20.527574404769208,20.5002452890813,6910,0,20.53411105519425,20.5001048633505,524,15720.0,262.0,2025-04-29 13:22:00,2025-04-29 13:22:00,20.828414916992188,250608.0,0.9177595712227862,2025-04-29,13:22:00
20.529480561480547,22.30548095703125,20.500000000007994,0.13691848805351456,0.0,0.0,,20.764517191183494,21.17349624633789,20.781773630268844,22.106410730233634,21.025632696025497,22.30485991543063,21.016115465444873,20.588325958817865,20.561105921810775,21.905453993399682,20.94310864667593,20.526839569896197,20.500244228332715,6910,0,20.533731944967236,20.500104558760377,525,15750.0,262.5,2025-04-29 13:22:30,2025-04-29 13:22:30,20.801664352416992,250868.0,0.9182188815432816,2025-04-29,13:22:30
20.52909050297559,22.30548095703125,20.500000000007994,0.13654294912120576,0.0,0.0,,20.755663525159658,21.17349624633789,20.77799587764447,22.106407764523283,21.023992472777163,22.30486421501011,21.01977315333989,20.584737383829808,20.559137145628366,21.905450798626187,20.941836483469903,20.526128337269352,20.50024514711363,6910,0,20.533390857090954,20.50010425466887,526,15780.0,263.0,2025-04-29 13:23:00,2025-04-29 13:23:00,20.722213745117188,250104.0,0.9172645429501328,2025-04-29,13:23:00
20.526868065094448,22.000730509179647,20.500000000007994,0.11638692744020318,0.0,0.0,,20.747120991023806,21.108909606933597,20.773315830705034,22.000132493050224,21.013061136334965,21.721695163642664,20.971774418401164,20.58130351457096,20.55723040753012,21.782629494895293,20.9297945994134,20.52543889639376,20.500243573100896,6910,0,20.532722480765,20.50010402787477,527,15810.0,263.5,2025-04-29 13:23:30,2025-04-29 13:23:30,20.77458381652832,250508.0,0.9186095104747154,2025-04-29,13:23:30
20.5263169764295,22.000730509073954,20.500000000007994,0.1149273687802866,0.0,0.0,,20.738877992033082,21.108909606933597,20.768792908013335,22.00012052690068,21.007879851944917,21.721647107408447,20.9508412944701,20.578017284838328,20.555383881262784,21.782606094084773,20.924184815117957,20.524767621261123,20.50024206300514,6910,0,20.532258755150377,20.500103660125628,528,15840.0,264.0,2025-04-29 13:24:00,2025-04-29 13:24:00,20.768770217895508,250616.0,0.9182031100368692,2025-04-29,13:24:00
20.526415728041247,22.098205560210953,20.500000000007994,0.12003534464236892,0.0,0.0,,20.73092338226389,21.14723777770996,20.765074148750415,22.097516437978165,21.01342114679706,21.843857016491448,20.94984498369642,20.574871967891173,20.553595775098305,21.80668857353277,20.922838566720717,20.524115021720736,20.500240049814582,6910,0,20.53200398105358,20.500103276533668,529,15870.0,264.5,2025-04-29 13:24:30,2025-04-29 13:24:30,20.82146072387696,250430.0,0.9165346229485284,2025-04-29,13:24:30
20.52604524495188,22.09820556025907,20.500000000007994,0.11966068681139143,0.0,0.0,,20.72324645067045,21.14723777770996,20.76153190065616,22.097522732642663,21.014725073752842,21.84385722371142,20.947156170676088,20.57186115953927,20.551864322545633,21.806687552800355,20.921102237085417,20.52348261566098,20.50023945408517,6910,0,20.53169484585814,20.500102958509032,530,15900.0,265.0,2025-04-29 13:25:00,2025-04-29 13:25:00,20.761940002441406,250648.0,0.9177878439085888,2025-04-29,13:25:00
20.526286582654738,22.185903549194336,20.500000000007994,0.1260006606079798,0.0,0.0,,20.715836905197364,21.10215950012207,20.75741423442087,22.003136097900583,21.006324902397836,22.18528902768645,20.974393352633342,20.568978762079944,20.550187799269633,21.7199054345097,20.91162002254071,20.522869893534587,20.50023794848277,6910,0,20.53112377049506,20.500102641625496,531,15930.0,265.5,2025-04-29 13:25:30,2025-04-29 13:25:30,20.75067901611328,250421.0,0.9166856763210752,2025-04-29,13:25:30
20.525989881494763,22.185903549194336,20.500000000007994,0.12597584272295742,0.0,0.0,,20.708684857058007,21.10215950012207,20.753448132120447,22.003126988902288,21.00245888755735,22.185316569480985,20.985780351202184,20.56621896903872,20.548564541793855,21.719887518134264,20.906721331107224,20.52227621536882,20.50023604649023,6910,0,20.530710880556295,20.50010231649789,532,15960.0,266.0,2025-04-29 13:26:00,2025-04-29 13:26:00,20.784955978393555,250085.0,0.9170133404642422,2025-04-29,13:26:00
20.525829703327233,22.24091529846191,20.500000000007994,0.12753862252857456,0.0,0.0,,20.701780805266612,21.11693572998047,20.749887569789692,21.996271020491726,20.99929773814964,22.240307667910297,20.996616577306277,20.563576250679553,20.54699294121247,21.75491533213141,20.90652641731904,20.52170151726836,20.50023313790207,6910,0,20.53041403196299,20.500101983342965,533,15990.0,266.5,2025-04-29 13:26:30,2025-04-29 13:26:30,20.754240036010746,250158.0,0.9159916557735512,2025-04-29,13:26:30
20.525538328651898,22.24091529846191,20.500000000007994,0.1274379801501317,0.0,0.0,,20.695115621499113,21.11693572998047,20.746488317466216,21.996267654269385,20.997084841716685,22.24031799831197,21.00252940494334,20.56104534025376,20.545471427454842,21.754916637654862,20.905207176956228,20.52114559601665,20.5002323045046,6910,0,20.530110400096852,20.5001017083706,534,16020.0,267.0,2025-04-29 13:27:00,2025-04-29 13:27:00,20.76785659790039,250331.0,0.9168576429806936,2025-04-29,13:27:00
20.524233651649762,22.03303145777201,20.500000000007994,0.11577743275211123,0.0,0.0,,20.688680535343597,21.13017845153809,20.74344765206292,22.032380489820074,20.998616429681288,21.80927627785317,20.968671420734115,20.558621220951586,20.54399847537283,21.786000100856494,20.906479727337558,20.520607579020993,20.500230601632914,6910,0,20.529906956490212,20.500101442333843,535,16050.0,267.5,2025-04-29 13:27:30,2025-04-29 13:27:30,20.823728561401367,250870.0,0.9171576663212022,2025-04-29,13:27:30
20.523848342687458,22.033031457785057,20.500000000007994,0.11500296484992414,0.0,0.0,,20.682467119982764,21.13017845153809,20.74053811578432,22.032382389552957,20.99853020825807,21.809242278621095,20.95409834187969,20.556299113519305,20.542572616188796,21.786003738125707,20.906192729336215,20.52008581917129,20.500227681483416,6910,0,20.52965613645041,20.500101165446146,536,16080.0,268.0,2025-04-29 13:28:00,2025-04-29 13:28:00,20.767980575561523,249798.0,0.9167232123555832,2025-04-29,13:28:00
20.52342017636416,22.037248605583,20.500000000007994,0.11359876848086373,0.0,0.0,,20.676467278331895,21.13488388061523,20.737820060505143,22.03659652555786,20.998438396990466,21.763040130550255,20.941959888679502,20.554074464510762,20.541192436397033,21.820468203552316,20.908579836460195,20.51957984624208,20.500225719528828,6910,0,20.529467233469724,20.500100784743502,537,16110.0,268.5,2025-04-29 13:28:30,2025-04-29 13:28:30,20.767322540283203,250314.0,0.9155820289716116,2025-04-29,13:28:30
20.523099519724013,22.037248605583716,20.500000000007994,0.11317405278927806,0.0,0.0,,20.67067322964693,21.13488388061523,20.735208104724627,22.036596668763902,20.99800841127757,21.763028966732147,20.934821869728353,20.551942935145,20.53985657184398,21.82047371442346,20.90909977768985,20.519089625829793,20.500224631635703,6910,0,20.529241083346275,20.50010031176923,538,16140.0,269.0,2025-04-29 13:29:00,2025-04-29 13:29:00,20.78519821166992,250541.0,0.9172610470940884,2025-04-29,13:29:00
20.522823025546572,22.029199594407693,20.500000000007994,0.11309973996847417,0.0,0.0,,20.66507749661274,21.10434913635254,20.732204152233965,22.028553489066958,20.996745538072958,21.800398754100108,20.933131422311977,20.54990039074112,20.538563700665673,21.733750524064998,20.901270809398603,20.518614254398642,20.500223485663966,6910,0,20.52883079587242,20.500099833805308,539,16170.0,269.5,2025-04-29 13:29:30,2025-04-29 13:29:30,20.74380683898925,250414.0,0.9164647094411654,2025-04-29,13:29:30
20.522535663968647,22.029199594397408,20.500000000007994,0.11280150292535072,0.0,0.0,,20.659672892915896,21.10434913635254,20.72930494922843,22.028552325779113,20.995876892519863,21.800397820469918,20.930818929504078,20.547942890698703,20.537312538460192,21.733735225065516,20.897706537782984,20.51815274976897,20.500222415249773,6910,0,20.52852014730332,20.50009935155878,540,16200.0,270.0,2025-04-29 13:30:00,2025-04-29 13:30:00,20.766307830810547,250272.0,0.9156968468306482,2025-04-29,13:30:00
20.522401270242415,22.048843377821427,20.500000000007994,0.11404553112571113,0.0,0.0,,20.65445251130028,21.132417678833008,20.726974173104697,22.048180573062528,20.996935837507277,21.827281978479203,20.93091966716501,20.5460666789929,20.536101824821568,21.769949988848374,20.898751405781343,20.517705340709927,20.500221864284356,6910,0,20.528337408755657,20.500098865713362,541,16230.0,270.5,2025-04-29 13:30:30,2025-04-29 13:30:30,20.805828094482425,250317.0,0.9164768448607166,2025-04-29,13:30:30
20.522152274003922,22.048843377833034,20.500000000007994,0.11389646956120092,0.0,0.0,,20.649409712097505,21.132417678833008,20.72475052042357,22.04818197950518,20.997046535525392,21.82728264354123,20.92991594775839,20.544268175152016,20.534930310890537,21.769953234069526,20.898466091065416,20.51727226248798,20.50022181446062,6910,0,20.528121013894662,20.500098376924054,542,16260.0,271.0,2025-04-29 13:31:00,2025-04-29 13:31:00,20.82302474975586,250728.0,0.9175613114610256,2025-04-29,13:31:00
20.521965426905574,22.064327233928957,20.500000000007994,0.1143320729545459,0.0,0.0,,20.644538112218953,21.181819915771484,20.723406661204443,22.063654547728706,20.998316746777828,21.81714465429727,20.927753010026763,20.542543965683592,20.533796772388552,21.842301311630084,20.904342244181773,20.516853371790795,20.50021985575982,6910,0,20.528063980001615,20.50009813751655,543,16290.0,271.5,2025-04-29 13:31:30,2025-04-29 13:31:30,20.80377578735352,250444.0,0.9162184210841544,2025-04-29,13:31:30
20.52173666076013,22.064327233943768,20.500000000007994,0.11421717901407658,0.0,0.0,,20.639831574592222,21.181819915771484,20.722122411961603,22.063656192939195,20.998688466760516,21.817143012964433,20.926023501888928,20.540890795921396,20.5327000277415,21.842313702832133,20.906439196139644,20.516448670212892,20.50021699553723,6910,0,20.527923361503564,20.50009804205994,544,16320.0,272.0,2025-04-29 13:32:00,2025-04-29 13:32:00,20.859119415283203,250557.0,0.9171446018271292,2025-04-29,13:32:00
20.52159843659171,22.100246423150978,20.500000000007994,0.11511889003144032,0.0,0.0,,20.635284198025836,21.23375129699707,20.721698773750987,22.099548981216948,21.002064324814707,21.803546402269173,20.923304840759695,20.539305562273675,20.53163894454707,21.894425728376703,20.91203273066111,20.5160576049618,20.500216543330346,6910,0,20.527906027943935,20.500097722116458,545,16350.0,272.5,2025-04-29 13:32:30,2025-04-29 13:32:30,20.849315643310547,250618.0,0.917402306498336,2025-04-29,13:32:30
20.521391309602777,22.100246423186633,20.500000000007994,0.11505616829128676,0.0,0.0,,20.630890307490148,21.23375129699707,20.72127397148192,22.099552958177163,21.003452682264324,21.803544245215328,20.921364810656343,20.537785304860773,20.530612440015034,21.89443690338613,20.914520345556625,20.515679982245565,20.500215163681126,6910,0,20.527806477256473,20.500097232671344,546,16380.0,273.0,2025-04-29 13:33:00,2025-04-29 13:33:00,20.832902908325195,250563.0,0.9163524368122988,2025-04-29,13:33:00
20.521159613994712,22.074047082569155,20.500000000007994,0.11458246051057594,0.0,0.0,,20.626644444807646,21.201642990112305,20.720302764320483,22.0733751498427,21.001821608634152,21.83045926897691,20.922112986209278,20.53632720052941,20.529619471615273,21.839975184332054,20.911074856318375,20.51531474605295,20.50021422234405,6910,0,20.52755034761464,20.500096742268255,547,16410.0,273.5,2025-04-29 13:33:30,2025-04-29 13:33:30,20.83688735961914,250474.0,0.9153367714812716,2025-04-29,13:33:30
20.520955755402838,22.074047082557744,20.500000000007994,0.11446390142117495,0.0,0.0,,20.622541359745885,21.201642990112305,20.719308504510103,22.07337354418225,21.001274138539337,21.830460563149842,20.92178732804657,20.534928556227694,20.528659028632582,21.839967910793852,20.9099944101465,20.514960859929083,20.500211168781803,6910,0,20.527361993030684,20.5000962512797,548,16440.0,274.0,2025-04-29 13:34:00,2025-04-29 13:34:00,20.83806228637696,250677.0,0.9149705098593012,2025-04-29,13:34:00
20.520656820602472,22.06089972852099,20.500000000007994,0.11322826503864739,0.0,0.0,,20.618576001504454,21.1925106,20.718166304286026,22.06023562781476,20.99978821711702,21.79725936773224,20.91825246545222,20.533586802720816,20.52773011770553,21.867334366558758,20.912041855780867,20.51461821911098,20.500207877114345,6910,0,20.52723037554832,20.500095760029883,549,16470.0,274.5,2025-04-29 13:34:30,2025-04-29 13:34:30,20.8105583190918,250520.0,0.9161625069854702,2025-04-29,13:34:30
20.520458001568574,22.06089972850822,20.500000000007994,0.1130826509679574,0.0,0.0,,20.614743510581793,21.1925106,20.7170352897213,22.06023411415043,20.999080038422388,21.797256284609478,20.916190840771844,20.532299488625306,20.52683175175965,21.867338713497723,20.912890880769005,20.514286616334413,20.50020627932247,6910,0,20.527086132056603,20.500095268801104,550,16500.0,275.0,2025-04-29 13:35:00,2025-04-29 13:35:00,20.83353042602539,250663.0,0.9156760645767424,2025-04-29,13:35:00
20.520357293875165,22.056777948135405,20.500000000007994,0.11387612084227934,0.0,0.0,,20.61103921100218,21.186254501342773,20.715824701192894,22.056114760064858,20.998244229718484,21.837095573758166,20.918143743851907,20.531064274736046,20.525962959358544,21.85994534253258,20.912695963264035,20.513965589282385,20.500204676215507,6910,0,20.526921144869423,20.500094777842865,551,16530.0,275.5,2025-04-29 13:35:30,2025-04-29 13:35:30,20.835289001464844,250729.0,0.9152539320341884,2025-04-29,13:35:30
20.520183868054605,22.056777948127802,20.500000000007994,0.11382136866387604,0.0,0.0,,20.607458602876942,21.186254501342773,20.714640910016676,22.056113935754635,20.99773604266186,21.837098011516158,20.918479283773475,20.529878928625955,20.52512279856781,21.85994488101876,20.912732270986364,20.51365482330921,20.500203470399146,6910,0,20.52676861773831,20.500094287381188,552,16560.0,276.0,2025-04-29 13:36:00,2025-04-29 13:36:00,20.838911056518555,250615.0,0.9170898340083394,2025-04-29,13:36:00
20.533042689329456,26.470855712890625,20.500000000007994,0.27136597244381117,0.0,0.0,,20.603997355272735,21.17361259460449,20.713285950046224,22.090766755411153,21.000525583470957,23.30406048609914,21.04664988959795,20.528742051803725,20.607100890025357,25.543440211958774,21.243335846929075,20.513788932089536,20.500195320219355,6887,1,20.53349530937387,20.500093797627457,553,16590.0,276.5,2025-04-29 13:36:30,2025-04-29 13:36:30,21.8220329284668,240667.0,0.8825084946211986,2025-04-29,13:36:30
20.5342222473866,26.470855712890625,20.500000000007994,0.2770906038283054,0.0,0.0,,20.600651299365325,21.17361259460449,20.71196872035681,22.090769952708193,21.001577920215777,23.304188194711948,21.105435187060593,20.52765971971843,20.62092730612445,25.544103390185228,21.384759094619493,20.51397525313751,20.500194006747698,6887,1,20.536268113229845,20.500093308787353,554,16620.0,277.0,2025-04-29 13:37:00,2025-04-29 13:37:00,20.91164779663086,250441.0,0.9116098577109978,2025-04-29,13:37:00
20.528899595093083,26.25645820395949,20.500000000007994,0.22031490405566911,0.0,0.0,,20.59741642186679,21.26999282836914,20.71224269459652,22.125617052141806,21.005313088611015,21.90328305593201,21.01750945679999,20.526646874227207,20.623932488244343,22.4040429653718,21.18380079562165,20.526171781312208,20.50019863408304,6910,0,20.53205836896835,20.500092821067753,555,16650.0,277.5,2025-04-29 13:37:30,2025-04-29 13:37:30,20.877485275268555,250357.0,0.9119612817896044,2025-04-29,13:37:30
20.52818710853891,26.018225515658543,20.500000000007994,0.2087368760505384,0.0,0.0,,20.594288858719004,21.26999282836914,20.712525013404225,22.12562132320984,21.007020841162056,21.90319195469021,20.98474898321055,20.525720497442695,20.626439272344562,22.40360903222937,21.120617177785235,20.525431360876812,20.500196999183363,6910,0,20.530736726209632,20.5000923346834,556,16680.0,278.0,2025-04-29 13:38:00,2025-04-29 13:38:00,21.084178924560547,248524.0,0.9076094009029309,2025-04-29,13:38:00
20.54602922319321,26.919038772583008,20.500000000007994,0.3446946490204189,0.0,0.0,,20.591264889049476,21.483667373657227,20.71618891494294,23.345479499123066,21.119690570430162,23.088148414846977,21.07292590364203,20.52489456602368,20.628391744428153,24.12892684197734,21.25242455930192,20.524930333284196,20.500180891351192,6855,2,20.53460763297215,20.500091849865996,557,16710.0,278.5,2025-04-29 13:38:30,2025-04-29 13:38:30,21.87700462341309,226146.0,0.8696114733402315,2025-04-29,13:38:30
20.547294888299238,26.919038772583008,20.500000000007994,0.345271107212632,0.0,0.0,,20.588340929385726,21.483667373657227,20.719711227678467,23.34560515284534,21.168554746348185,23.088237070800293,21.112243456102863,20.524177971206388,20.62978919278336,24.12919558600884,21.308681550060296,20.524761524660242,20.500178391399402,6855,2,20.536175305599702,20.500091366885425,558,16740.0,279.0,2025-04-29 13:39:00,2025-04-29 13:39:00,21.30055046081543,248012.0,0.9024057429680822,2025-04-29,13:39:00
20.556400036189444,26.678259449302537,20.500000000007994,0.38163633159459365,0.0,0.0,,20.585513528131546,22.69008445739746,20.742330970621275,23.010234355829827,21.167309823553303,23.11249405038577,21.1375036375644,20.523574356409252,20.63065970100499,23.28519099441326,21.26567638661901,20.545626988475533,20.500176136029825,6852,2,20.535660342500364,20.50009088609316,559,16770.0,279.5,2025-04-29 13:39:30,2025-04-29 13:39:30,21.74313163757324,245897.0,0.9040785496569702,2025-04-29,13:39:30
20.556703447120768,26.412228124093932,20.500000000007994,0.37319339020978787,0.0,0.0,,20.582779360360977,22.69008445739746,20.764207038548054,23.01023401922367,21.174915139820257,23.11251615110613,21.154492709132644,20.523082789800373,20.631045528192505,23.285090875227397,21.257128254677895,20.54480269698777,20.50017369633489,6852,2,20.536102495092553,20.500090407984146,560,16800.0,280.0,2025-04-29 13:40:00,2025-04-29 13:40:00,21.776195526123047,228135.0,0.8670308287855875,2025-04-29,13:40:00
20.588138343551684,26.126358882248084,20.500000000007994,0.5153206628790721,0.0,0.0,,20.678980867218684,22.69008445739746,20.78489594254775,22.986165213067352,21.180942543475055,23.42121280466253,21.194387729958283,20.522698716268874,20.631105281119602,23.17194639737794,21.248004988629056,20.560008970548964,20.500142065273046,6736,7,20.53802646409767,20.5000899332587,561,16830.0,280.5,2025-04-29 13:40:30,2025-04-29 13:40:30,21.69758987426757,218987.0,0.8695565404567395,2025-04-29,13:40:30
20.590251106930488,25.828685931261063,20.500000000007994,0.5113102204991129,0.0,0.0,,20.77825959135494,22.69008445739746,20.804828475387094,22.98617198634166,21.18770557949086,23.421249993060304,21.217360989512475,20.522414930026155,20.630986896397882,23.171924540147405,21.24743141481884,20.55973530575169,20.500141503159,6736,7,20.54035063629992,20.50008946287269,562,16860.0,281.0,2025-04-29 13:41:00,2025-04-29 13:41:00,21.889890670776367,232908.0,0.8668293918628814,2025-04-29,13:41:00
20.59996472003694,26.01790237426757,20.500000000007994,0.5388092793717374,0.0,0.0,,20.831882194821432,21.870744705200195,20.970200948843743,22.888408011586186,21.18525646371098,23.42126955451688,21.233741085694295,20.52222247192569,20.63071179049502,22.85091226261368,21.22063139093968,20.618793895657426,20.500168463451544,6844,3,20.541379938839587,20.500088998072314,563,16890.0,281.5,2025-04-29 13:41:30,2025-04-29 13:41:30,21.41005516052246,241413.0,0.902616379917403,2025-04-29,13:41:30
20.59920329147415,26.01790237426757,20.500000000007994,0.52116830338893,0.0,0.0,,20.878279484315964,21.870744705200195,21.038389809054397,22.888404985282552,21.187462880176266,23.421282701162035,21.246744390070404,20.522111402301423,20.630280782526267,22.85085551801984,21.21111263378742,20.615611143773567,20.500167485540175,6844,3,20.542820383083683,20.50008854041774,564,16920.0,282.0,2025-04-29 13:42:00,2025-04-29 13:42:00,21.3165340423584,232703.0,0.8890459351619876,2025-04-29,13:42:00
20.612660417890254,27.95461845397949,20.500000000007994,0.5873494347494229,0.0,0.0,,20.92078542481882,21.944456100463867,21.073384106365303,22.888406834435692,21.190765749887753,23.430917362512158,21.25855554886482,20.52207150305768,20.63270434606031,23.626530866118706,21.276684415871298,20.615838523772616,20.500151706591495,6797,5,20.54577665535176,20.500088091793817,565,16950.0,282.5,2025-04-29 13:42:30,2025-04-29 13:42:30,21.99049949645996,224508.0,0.8885245737345663,2025-04-29,13:42:30
20.612319543792054,27.95461845397949,20.500000000007994,0.5757457096881717,0.0,0.0,,20.960167755705903,21.944456100463867,21.101626599133002,22.888409836777882,21.194327999531776,23.43092624168263,21.268530464562673,20.522093567443868,20.635457680415147,23.62666207156383,21.30445825665509,20.613055653606942,20.500149850982655,6797,5,20.54786978321067,20.500087654407615,566,16980.0,283.0,2025-04-29 13:43:00,2025-04-29 13:43:00,21.34383583068848,229229.0,0.8999805462005244,2025-04-29,13:43:00
20.617066340382298,27.32870014783817,20.500000000007994,0.5799752168553246,0.0,0.0,,22.142650051422432,21.959056854248047,21.124779868232597,23.335419946078297,21.238771004257877,23.01795180724468,21.241190395010555,20.522170060475947,20.638068548503284,23.185857354000365,21.280823837601762,20.627184853702804,20.50015147432682,6808,4,20.556314214309076,20.500087230769,567,17010.0,283.5,2025-04-29 13:43:30,2025-04-29 13:43:30,21.64788818359375,224797.0,0.8822764955715601,2025-04-29,13:43:30
20.616057974384038,26.785973563020185,20.500000000007994,0.565450642724562,0.0,0.0,,22.31099788317705,21.959056854248047,21.14363932591885,23.33546866042572,21.259811796034676,23.017921888186283,21.23244126836712,20.522294667020393,20.640185974564144,23.1858026251734,21.275363537702688,20.623958846789282,20.50015099296563,6808,4,20.559688263049022,20.500086823656662,568,17040.0,284.0,2025-04-29 13:44:00,2025-04-29 13:44:00,21.839130401611328,225477.0,0.8750312531876866,2025-04-29,13:44:00
20.62286624709007,26.37621122029654,20.500000000007994,0.5778564719267726,0.0,0.0,,22.26989807496508,21.959056854248047,21.15896404300716,23.123777515192298,21.254249672235584,22.792929326593157,21.21007060976618,20.522461769756813,20.641831954413465,23.230963558949792,21.279080871081312,20.653961802652148,20.500154333108632,6825,4,20.560536766385336,20.500086436068308,569,17070.0,284.5,2025-04-29 13:44:30,2025-04-29 13:44:30,21.35128402709961,225521.0,0.8873675428230631,2025-04-29,13:44:30
20.621409712315046,26.02963639926402,20.500000000007994,0.5609655565525459,0.0,0.0,,22.231408088393632,21.959056854248047,21.171334503629943,23.123770824387538,21.256399842538414,22.792905635671012,21.20077236923762,20.522666124356082,20.643039900860543,23.230969237358366,21.28201574439314,20.65010797618333,20.500151804042776,6825,4,20.561393318430063,20.500086071160027,570,17100.0,285.0,2025-04-29 13:45:00,2025-04-29 13:45:00,21.90119743347168,209115.0,0.8513918029553117,2025-04-29,13:45:00
20.634137069049565,28.36284828186035,20.500000000007994,0.6282190510726541,0.0,0.0,,22.194900956347734,21.959056854248047,21.21896278458424,23.075602233833134,21.255606562264308,22.909047715929518,21.206411723776654,20.522902705811386,20.64384736944166,23.115822537477335,21.274345287906954,20.642958273672498,20.50017003721789,6774,5,20.59022759848561,20.500114341479897,571,17130.0,285.5,2025-04-29 13:45:30,2025-04-29 13:45:30,21.58164978027344,233913.0,0.8973040991736244,2025-04-29,13:45:30
20.633515483731376,28.36284828186035,20.500000000007994,0.6179649719940848,0.0,0.0,,22.15999059381006,21.959056854248047,21.24663395260346,23.075600446778918,21.25758398722125,22.909052401877396,21.208727049342006,20.523166641515633,20.644292211455898,23.115804820347204,21.272424099216718,20.639790818540032,20.500185268706716,6774,5,20.59406884422077,20.50014788466833,572,17160.0,286.0,2025-04-29 13:46:00,2025-04-29 13:46:00,21.73860549926757,228949.0,0.8756080093164853,2025-04-29,13:46:00
20.647306221133224,27.975158050027378,20.500000000007994,0.6781214228567449,0.0,0.0,,22.13029789740847,23.11098861694336,21.306453282560057,23.208007288606016,21.272374424527193,23.01895115853589,21.219830143422417,20.523453191056976,20.644415555776952,23.437415867851815,21.301114122517582,20.661454316244697,20.500194221481436,6774,6,20.594322824121956,20.5001867811013,573,17190.0,286.5,2025-04-29 13:46:30,2025-04-29 13:46:30,21.773408889770508,227667.0,0.8965162798077895,2025-04-29,13:46:30
20.646450642100994,27.570306677761884,20.500000000007994,0.6641467755430593,0.0,0.0,,22.10194811309373,23.11098861694336,21.3542562378176,23.20802280594806,21.280439737336515,23.01896097134997,21.22546941263986,20.523757753968045,20.64427349066995,23.437472282595788,21.313886190664125,20.65769943490214,20.500199752905914,6774,6,20.59424922916263,20.500195351559114,574,17220.0,287.0,2025-04-29 13:47:00,2025-04-29 13:47:00,22.02011108398437,227241.0,0.8869214017276812,2025-04-29,13:47:00
20.655021725839394,27.72684097290039,20.500000000007994,0.6958671626388878,0.0,0.0,,22.08130400618808,23.11098861694336,22.170762888019215,23.37866542965126,21.302007764113803,23.75075329219888,21.293202999690532,20.524075900589548,20.64414181392267,23.601589615077003,21.336321628191396,20.666733549627125,20.500212726514032,6781,7,20.5976608026284,20.50020760193837,575,17250.0,287.5,2025-04-29 13:47:30,2025-04-29 13:47:30,21.91644287109375,230525.0,0.8797257618479557,2025-04-29,13:47:30
20.65350866154505,27.72684097290039,20.500000000007994,0.6802461561125976,0.0,0.0,,22.06172086211826,23.11098861694336,22.28938416132626,23.37868861328552,21.313670389652916,23.750819326969324,21.325535294285345,20.524403463817958,20.64422058908246,23.601630750337225,21.34837148972149,20.662310035929625,20.500218624108363,6781,7,20.59883971658771,20.50021626062177,576,17280.0,288.0,2025-04-29 13:48:00,2025-04-29 13:48:00,21.81511688232422,231124.0,0.8791524652351119,2025-04-29,13:48:00
20.65479607945874,27.464610526051807,20.500000000007994,0.6781077161894095,0.0,0.0,,22.04261587561394,23.11098861694336,22.25397467362307,23.012390413773524,21.28849108764579,23.750848119600523,21.34537952301805,20.52473671175368,20.64444770086646,23.327004256952044,21.332112310461273,20.671955333173045,20.500226534266993,6791,5,20.59806674952386,20.500224466306427,577,17310.0,288.5,2025-04-29 13:48:30,2025-04-29 13:48:30,21.67878150939941,229093.0,0.8825198718424395,2025-04-29,13:48:30
20.652386202452846,27.170096010064892,20.500000000007994,0.6592022991104273,0.0,0.0,,22.023900046818333,23.11098861694336,22.224635138156827,23.01236161328132,21.280742775569916,23.75086479087594,21.359496036149583,20.52507245797401,20.644726665140787,23.326967270646822,21.328313030668653,20.667478352712436,20.500228859179273,6791,5,20.597701307116694,20.50022724336819,578,17340.0,289.0,2025-04-29 13:49:00,2025-04-29 13:49:00,21.809101104736328,231775.0,0.8678900604034084,2025-04-29,13:49:00
20.665028421533414,26.860479767875145,20.500000000007994,0.7183474048588907,0.0,0.0,,23.284430719945828,23.09825325012207,22.20115327101847,22.946679615596054,21.271774891597342,23.75087614868656,21.370556204374033,20.525408065934073,20.645040607626385,23.933645933871126,21.382522304716762,20.658991962138618,20.500220426476837,6743,7,20.60924406228365,20.500240231580612,579,17370.0,289.5,2025-04-29 13:49:30,2025-04-29 13:49:30,21.90200424194336,231605.0,0.8872972706763671,2025-04-29,13:49:30
20.663976995958738,26.721635818481445,20.500000000007994,0.7068452960178483,0.0,0.0,,23.431487725148713,23.09825325012207,22.18048171882496,22.946668498800303,21.268101943455274,23.750884681929612,21.379779405398175,20.52574139610665,20.645420054198194,23.933753444123784,21.406666264920652,20.655669823610783,20.50022554607707,6743,7,20.61202330251783,20.50024699442031,580,17400.0,290.0,2025-04-29 13:50:00,2025-04-29 13:50:00,21.83378791809082,232020.0,0.896770415804672,2025-04-29,13:50:00
20.681433152239162,28.3730144026436,20.500000000007994,0.7953572245846651,0.0,0.0,,23.349636657760936,22.95409202575684,22.158017981466088,28.36788330711772,21.76240160297668,23.568526650767332,21.36589548947013,20.526070749592034,20.645845110779465,23.786153718925227,21.407926320014937,20.71219363371996,20.50025058870714,6819,4,20.616356967583382,20.50025344366695,581,17430.0,290.5,2025-04-29 13:50:30,2025-04-29 13:50:30,22.170862197875977,221780.0,0.8712505777121472,2025-04-29,13:50:30
20.67934695223547,28.373014407295805,20.500000000007994,0.7800970024950681,0.0,0.0,,23.269905187155423,22.95409202575684,22.135488435434734,28.368433060320964,21.97539798242149,23.40248937524422,21.34927355568513,20.52639480148645,20.64627772139306,23.786149754509832,21.412993780431947,20.706428476218857,20.500257282323005,6819,4,20.617512001542515,20.500276584730287,582,17460.0,291.0,2025-04-29 13:51:00,2025-04-29 13:51:00,21.532867431640625,235708.0,0.9085528360301728,2025-04-29,13:51:00
20.666075738415458,26.751006345942923,20.500000000007994,0.6871908155371306,0.0,0.0,,23.19031901360363,22.95409202575684,22.1129102792933,23.110923881456912,21.62223273935869,23.29258116576158,21.337944990125617,20.52671252720909,20.64668541458946,23.626534510406046,21.40428017794845,20.719493190366705,20.500264661119083,6834,4,20.61280904663465,20.500284871590758,583,17490.0,291.5,2025-04-29 13:51:30,2025-04-29 13:51:30,21.60950469970703,236272.0,0.8993468729896053,2025-04-29,13:51:30
20.66215515622139,26.47409743375451,20.500000000007994,0.6644372999302046,0.0,0.0,,23.11339744268526,22.95409202575684,22.090295374087383,23.11053385577655,21.50523001743367,23.292566584774608,21.33406974127102,20.527023132186713,20.64704182124722,23.626513314341462,21.403527997781485,20.71327297486433,20.50026915089901,6834,4,20.611127037219905,20.50029690589558,584,17520.0,292.0,2025-04-29 13:52:00,2025-04-29 13:52:00,21.6804313659668,215506.0,0.8800155216096072,2025-04-29,13:52:00
20.66767143196867,26.90181541442871,20.500000000007994,0.6922501210164912,0.0,0.0,,23.037009552354675,22.545061111450195,22.06110576971889,23.110397241388043,21.45091125190912,23.159342162688866,21.32107487201288,20.52732599221846,20.647324578232325,23.599213835011902,21.40255470253017,20.7069362841847,20.500263530687096,6809,5,20.609877670546787,20.50030779615151,585,17550.0,292.5,2025-04-29 13:52:30,2025-04-29 13:52:30,21.727039337158203,232938.0,0.8954157061106389,2025-04-29,13:52:30
20.664945835208744,26.90181541442871,20.500000000007994,0.6764927153537703,0.0,0.0,,22.963492851064323,22.545061111450195,22.032098983290403,23.110333074107643,21.420875531343803,23.159327924189824,21.31544587958616,20.52762060532356,20.647518838784915,23.599209907084173,21.403598340674446,20.701417942052366,20.50026869583181,6809,5,20.60884680402083,20.500325584712527,586,17580.0,293.0,2025-04-29 13:53:00,2025-04-29 13:53:00,21.47211265563965,223662.0,0.8946382404029294,2025-04-29,13:53:00
20.66604908991768,26.64854621887207,20.500000000007994,0.6716765367297297,0.0,0.0,,22.89225413264142,22.215909957885746,21.99826609174897,23.110296736210294,21.40239296692907,23.068692243250418,21.304580513521696,20.527906553232366,20.647615531657713,23.389934650720782,21.38643746105632,20.709845796031185,20.50027347222443,6808,5,20.609456666568327,20.50033453666429,587,17610.0,293.5,2025-04-29 13:53:30,2025-04-29 13:53:30,21.46668243408203,233151.0,0.8971878739529318,2025-04-29,13:53:30
20.663143133465663,26.64854621887207,20.500000000007994,0.6537828244901468,0.0,0.0,,22.823983818649296,22.215909957885746,21.965104511010473,23.11027340824564,21.39007181624564,23.068680710306605,21.29922615424399,20.528183470963757,20.647611215814162,23.38989845621718,21.38016375927109,20.704320729186232,20.50027613503839,6808,5,20.609515685684325,20.500353017895527,588,17640.0,294.0,2025-04-29 13:54:00,2025-04-29 13:54:00,21.700454711914062,228565.0,0.9003221867958786,2025-04-29,13:54:00
20.67937425943011,27.10069274902344,20.500000000007994,0.7244019971088995,0.0,0.0,,22.764139032499855,22.43620109558105,21.936363296643865,26.381371978519415,21.680596363359463,23.48903563526071,21.332773970164173,20.528451023629962,20.647507196246742,23.6029639799216,21.396447295123753,20.728154555097706,20.50029062829577,6813,5,20.612185800580104,20.500369960187,589,17670.0,294.5,2025-04-29 13:54:30,2025-04-29 13:54:30,21.783737182617188,231020.0,0.9042939328845988,2025-04-29,13:54:30
20.677493647392136,27.10069274902344,20.500000000007994,0.7101310358387475,0.0,0.0,,22.707327006403844,22.43620109558105,21.90846812042849,26.38169329394161,21.802975637759744,23.489068604772672,21.34752946396109,20.528708889854467,20.647311912746908,23.60299672238616,21.403066306597037,20.722123913573615,20.500297732933515,6813,5,20.612709738964774,20.50037348540727,590,17700.0,295.0,2025-04-29 13:55:00,2025-04-29 13:55:00,22.204853057861328,226015.0,0.8773236842687432,2025-04-29,13:55:00
20.684008636146473,28.09057617,20.500000000007994,0.7352807314808447,0.0,0.0,,22.67351692925244,23.37442207336425,22.095117478602678,24.119373868408083,21.668082236769884,23.729897495843023,21.37702709858923,20.528957018831957,20.658748887201185,24.108668413975312,21.452130497231394,20.724150523562077,20.50030223117562,6799,5,20.612240737041233,20.50038288745401,591,17730.0,295.5,2025-04-29 13:55:30,2025-04-29 13:55:30,22.246713638305664,226392.0,0.8774025666763843,2025-04-29,13:55:30
20.681582110734556,28.09057617,20.500000000007994,0.7198308326335909,0.0,0.0,,22.64264139373046,23.37442207336425,22.183687333333292,24.119224403416396,21.629071876523067,23.7299253769232,21.392396675909787,20.529198165030163,20.669605072312155,24.108764787731758,21.474179329797035,20.717951492872125,20.500310817699937,6799,5,20.61250977385016,20.50039879738366,592,17760.0,296.0,2025-04-29 13:56:00,2025-04-29 13:56:00,22.11949920654297,219088.0,0.839810301682429,2025-04-29,13:56:00
20.70144285637342,27.416183471679688,20.500000000007994,0.7907636505232399,0.0,0.0,,24.349466938778587,22.60913848876953,22.16766440174906,23.531152223726867,21.5602801109419,24.93622338389326,21.507936635812076,20.529459538922595,20.854545437179397,25.131082767475664,21.57917311033019,20.726225086504932,20.50030260850521,6759,6,20.629182486597347,20.50040853098423,593,17790.0,296.5,2025-04-29 13:56:30,2025-04-29 13:56:30,21.92420196533203,231022.0,0.8616067950238505,2025-04-29,13:56:30
20.699892617517108,27.416183471679688,20.500000000007994,0.7779872998184585,0.0,0.0,,24.609071791472747,22.60913848876953,22.149404405465535,23.531073347537692,21.53084081956669,24.936336489405686,21.563987484755,20.52983177785097,20.874528954552,25.131287556584034,21.628172098180762,20.720312294950116,20.50031095864235,6759,6,20.633421416046343,20.50042109541117,594,17820.0,297.0,2025-04-29 13:57:00,2025-04-29 13:57:00,22.26710700988769,205747.0,0.8480767641812518,2025-04-29,13:57:00
20.721919554190446,26.941972732543945,20.500000000007994,0.8472787784322945,0.0,0.0,,24.47908239235283,22.60913848876953,22.129738210661166,24.066238854084197,21.5635470482671,23.64934941387047,21.486201901698447,20.582335655909073,21.50182903873307,23.77756718938712,21.537119001161347,20.752340433018816,20.50031272190935,6745,7,20.664769752597273,20.50042572829299,595,17850.0,297.5,2025-04-29 13:57:30,2025-04-29 13:57:30,22.21016502380371,224257.0,0.8692643930847198,2025-04-29,13:57:30
20.719904797394527,26.941972732543945,20.500000000007994,0.8302360973972762,0.0,0.0,,24.344400596621526,22.60913848876953,22.109093561527388,24.066273011537128,21.57441314772389,23.649267346210177,21.459265161124996,20.6260959191537,21.543976179758488,23.777371630121817,21.507994390458276,20.746074673451677,20.50032136256227,6745,7,20.664656340017228,20.500429861271,596,17880.0,298.0,2025-04-29 13:58:00,2025-04-29 13:58:00,21.855274200439453,227370.0,0.8825223616792013,2025-04-29,13:58:00
20.724737852623264,26.617343176222914,20.500000000007994,0.8402102143605208,0.0,0.0,,24.212396556276573,22.15691947937012,22.080476996194424,26.361945382744658,21.79009763833333,23.649240235052275,21.448127925338053,20.650440638536654,21.5364862166436,24.03428289199466,21.520279755686214,20.782351135462086,20.500371230957143,6806,6,20.66559911720989,20.50043822903387,597,17910.0,298.5,2025-04-29 13:58:30,2025-04-29 13:58:30,21.455293655395508,233937.0,0.8883313803502653,2025-04-29,13:58:30
20.7213734935126,26.36524197621414,20.500000000007994,0.8181893911684329,0.0,0.0,,24.084786245541526,22.15691947937012,22.05150389594269,26.362184267981643,21.884408472170776,23.649228782527764,21.44330878386944,20.66833626725555,21.54662960619932,24.03430904983551,21.52553592459452,20.774977519076796,20.500383202429475,6806,6,20.66638772198798,20.500444057878575,598,17940.0,299.0,2025-04-29 13:59:00,2025-04-29 13:59:00,21.33404541015625,231386.0,0.9064800673982004,2025-04-29,13:59:00
20.728128096030403,26.563614855245998,20.500000000007994,0.8140612509091778,0.0,0.0,,23.95525273967641,22.022062301635746,22.703816136059903,23.716502420882662,21.69953611636207,23.649223194697537,21.44132950995002,24.36944966238335,21.85113723002764,24.068109303630564,21.532019507200076,20.770708168866374,20.500377089543,6788,6,20.667151567000243,20.500449980890757,599,17970.0,299.5,2025-04-29 13:59:30,2025-04-29 13:59:30,21.98252487182617,231708.0,0.881548112279248,2025-04-29,13:59:30
20.724983103940605,26.56361433044143,20.500000000007994,0.794007973187889,0.0,0.0,,23.83071935590809,22.022062301635746,22.742270481550282,23.7162969724384,21.635912632406658,23.64922021277635,21.44071611712191,24.36978566707064,21.96460916597061,24.068119730620005,21.536238719352657,20.76344895402775,20.500382409244317,6788,6,20.666025920500584,20.500462932578884,600,18000.0,300.0,2025-04-29 14:00:00,2025-04-29 14:00:00,21.519380569458008,244173.0,0.898372388634288,2025-04-29,14:00:00
20.714437986140222,26.00929706775394,20.500000000007994,0.7395904226976786,0.0,0.0,,23.71487824112123,22.265655517578125,22.680740295577255,23.173513505412156,21.55543213777846,23.17413488818691,21.39922527780705,24.369922314664684,22.017440190299663,23.49191882754305,21.487961157283728,20.787253876256603,20.500429233736853,6851,3,20.662348162001514,20.500475994611957,601,18030.0,300.5,2025-04-29 14:00:30,2025-04-29 14:00:30,21.611766815185547,234481.0,0.8981601920837936,2025-04-29,14:00:30
20.70925403486223,25.754920233251504,20.500000000007994,0.7137257758397183,0.0,0.0,,23.60467316846327,22.265655517578125,22.622096202231457,23.173421177879966,21.516170644081182,23.174092615673835,21.380492771665878,24.369997283249724,22.044544058600902,23.49181926277347,21.46888008481632,20.778883247329308,20.50044265164704,6851,3,20.659706145191628,20.500479127491793,602,18060.0,301.0,2025-04-29 14:01:00,2025-04-29 14:01:00,21.464750289916992,245987.0,0.8918734780699793,2025-04-29,14:01:00
20.7037257569914,25.517057205442423,20.500000000007994,0.6873836744691629,0.0,0.0,,23.49969873316657,22.035858154296875,22.56222025512223,23.069002932104066,21.482221356183704,23.174074457240845,21.369735285896354,24.37004609403923,22.058534956942378,23.230817614093926,21.435585582935843,20.775930676024085,20.50046227650479,6860,2,20.656724290296953,20.50048150125471,603,18090.0,301.5,2025-04-29 14:01:30,2025-04-29 14:01:30,21.45296859741211,244309.0,0.9084094067349135,2025-04-29,14:01:30
20.69899517995188,25.291436064593746,20.500000000007994,0.6655151596887554,0.0,0.0,,23.399720102952227,22.035858154296875,22.504587587994127,23.06896274123073,21.460928813580768,23.174064181770742,21.362591764719387,24.370080965156582,22.0649526960684,23.23075331008282,21.419143676258834,20.76776328764003,20.500468198406757,6860,2,20.654211459384122,20.5004846998847,604,18120.0,302.0,2025-04-29 14:02:00,2025-04-29 14:02:00,21.70680427551269,226974.0,0.8771949099896904,2025-04-29,14:02:00
20.705966600127805,26.21138381958008,20.500000000007994,0.6977804437820422,0.0,0.0,,23.349213447664393,22.035858154296875,22.449247284911813,23.389398811061866,21.474677480925035,23.124811077238995,21.353029420942974,24.161750779611115,22.034919681173854,23.501659529390672,21.432903657651067,20.750099270201606,20.500432992369674,6793,4,20.65333754456875,20.500487068908633,605,18150.0,302.5,2025-04-29 14:02:30,2025-04-29 14:02:30,21.712934494018555,227431.0,0.8866269467442873,2025-04-29,14:02:30
20.70213998113941,26.21138381958008,20.500000000007994,0.6810789134973714,0.0,0.0,,23.304595836404758,22.035858154296875,22.39641504329173,23.389412375118557,21.474989998004403,23.12480184161303,21.346892240084827,23.97177334275042,22.002257794339435,23.501690735276636,21.43532557763368,20.74318582471076,20.50044672048288,6793,4,20.652184419990878,20.50049231951187,606,18180.0,303.0,2025-04-29 14:03:00,2025-04-29 14:03:00,21.99773979187012,224914.0,0.8899365424117662,2025-04-29,14:03:00
20.715572762286566,26.86867332458496,20.500000000007994,0.7542820195295578,0.0,0.0,,23.262021239543554,22.374217987060547,22.351399788148413,26.539701457050118,21.760579438803337,23.691637620091416,21.39185800065787,23.796877362793225,21.967710600124242,22.983704722838688,21.38823537177649,20.73784397875185,20.500448157509023,6780,5,20.65302915909504,20.500498043728953,607,18210.0,303.5,2025-04-29 14:03:30,2025-04-29 14:03:30,21.73569107055664,236622.0,0.8827386744470083,2025-04-29,14:03:30
20.712846153847433,26.86867332458496,20.500000000007994,0.7424657507230454,0.0,0.0,,23.220795447153225,22.374217987060547,22.30841294677114,26.540018922993887,21.88137886759422,23.69168278641783,21.410942851570663,23.634691187972823,21.931806567406145,22.983610646026282,21.366966381458013,20.731820976424935,20.500455314858602,6780,5,20.65260184583009,20.500499754426112,608,18240.0,304.0,2025-04-29 14:04:00,2025-04-29 14:04:00,21.70157623291016,234693.0,0.8880848464802955,2025-04-29,14:04:00
20.705029018866334,26.643203093769202,20.500000000007994,0.6992981646920708,0.0,0.0,,23.18072590896448,22.374217987060547,22.267064106263707,23.065218893500973,21.634358524446018,23.691700553867374,21.42128162247508,23.48345097957849,21.895127471723878,23.071987759147497,21.36201290266028,20.738892145664906,20.50046627321913,6781,6,20.648974022186184,20.500503276273378,609,18270.0,304.5,2025-04-29 14:04:30,2025-04-29 14:04:30,21.954910278320312,232046.0,0.8823559633650224,2025-04-29,14:04:30
20.700940296179883,26.400564515969997,20.500000000007994,0.6821002056547988,0.0,0.0,,23.141764754175647,22.374217987060547,22.227178362488242,23.064945888380617,21.54635563905733,23.691709802187976,21.427812502502746,23.34181046078749,21.85808395001237,23.07198278862952,21.355873756565327,20.732679404578594,20.500477377572516,6781,6,20.647282218837447,20.50050762512958,610,18300.0,305.0,2025-04-29 14:05:00,2025-04-29 14:05:00,21.77906990051269,229461.0,0.8830594441974889,2025-04-29,14:05:00
20.70688456902531,26.74289894104004,20.500000000007994,0.7182187310216106,0.0,0.0,,23.0767467961009,22.374217987060547,22.640341496864114,23.064843923967373,21.501496563652942,23.58026226589973,21.422693088911146,23.20871543979817,21.82097262116421,22.865309964836424,21.331454679485326,20.74025732894465,20.500486042040087,6780,6,20.645388934712003,20.50052052905987,611,18330.0,305.5,2025-04-29 14:05:30,2025-04-29 14:05:30,22.042808532714844,230438.0,0.8764574147926991,2025-04-29,14:05:30
20.703178885231587,26.74289894104004,20.500000000007994,0.7034462276934222,0.0,0.0,,22.998259884170768,22.374217987060547,22.677170887984136,23.06479194344408,21.473841144667922,23.58025654429516,21.421779382605344,23.083320007729363,21.784012899767514,22.865263976703904,21.31817821255842,20.733870083873043,20.50049594577426,6780,6,20.643712559205188,20.500532579089004,612,18360.0,306.0,2025-04-29 14:06:00,2025-04-29 14:06:00,21.7939510345459,228508.0,0.8666595507597108,2025-04-29,14:06:00
20.709143010729722,26.625696182250977,20.500000000007994,0.7335452696072358,0.0,0.0,,22.917783826729522,22.27928793110479,22.74860776851384,23.06475979192909,21.454674203396326,22.899406306311157,21.362495922783573,22.96492980443045,21.747370360131725,22.79875944533193,21.302861782223715,20.727802381010065,20.500488723758618,6735,8,20.64467520269084,20.500538562107298,613,18390.0,306.5,2025-04-29 14:06:30,2025-04-29 14:06:30,21.78705406188965,220856.0,0.86295390152407,2025-04-29,14:06:30
20.705901334920036,26.625696182250977,20.500000000007994,0.7199315233611256,0.0,0.0,,22.837724043281074,22.199411175930443,22.756448305822406,23.064737311885,21.440252148051094,22.899347119695495,21.335735399494332,22.852963047058886,21.711171228986956,22.798733074825602,21.292749006326858,20.72221403151852,20.50049919739368,6735,8,20.643886440588446,20.500544577457386,614,18420.0,307.0,2025-04-29 14:07:00,2025-04-29 14:07:00,21.93083381652832,226903.0,0.8829991505180628,2025-04-29,14:07:00
20.707938208109514,26.857301712036133,20.500000000007994,0.7214078567818317,0.0,0.0,,22.758960465988334,22.13425181055128,22.703749428227486,23.257185009640732,21.446328415910894,22.899322250357393,21.320285525355263,22.74692334545963,21.675512105703707,22.997450924920955,21.302618930183506,20.754952963136045,20.500556834827933,6784,6,20.642851159058498,20.500550167816357,615,18450.0,307.5,2025-04-29 14:07:30,2025-04-29 14:07:30,22.029783248901367,213620.0,0.8644598176668852,2025-04-29,14:07:30
20.703956065333063,26.857301712036133,20.500000000007994,0.703741273191447,0.0,0.0,,22.681920101525854,22.080602148263164,22.68495810922226,23.25719105383113,21.44427129887972,22.899308416722395,21.309919833289698,22.646380432416986,21.640467268066814,22.997474838244734,21.303458081985504,20.74798492915612,20.500568612032666,6784,6,20.641430614646413,20.50055370148479,616,18480.0,308.0,2025-04-29 14:08:00,2025-04-29 14:08:00,22.11530876159668,211588.0,0.8419169860767152,2025-04-29,14:08:00
20.710251846964933,27.919586181640625,20.500000000007994,0.7374375794456864,0.0,0.0,,22.606845977942186,22.653759002685547,22.655960800330153,23.25718857709199,21.440492907484458,24.26749212682227,21.421883998277977,22.550956276042047,21.606093933849525,23.229230442716517,21.322624588728996,20.73344478741601,20.5005598058208,6759,7,20.640552443774986,20.500553961294987,617,18510.0,308.5,2025-04-29 14:08:30,2025-04-29 14:08:30,22.087383270263672,215790.0,0.8727989306733398,2025-04-29,14:08:30
20.70754732724844,27.919586181640625,20.500000000007994,0.7266314436366283,0.0,0.0,,22.533883657177267,22.653759002685547,22.638573035196266,23.257184297405242,21.436348621555865,24.26760448189474,21.4708401249796,22.46031490057266,21.57243589349243,23.229270701159983,21.329241903796003,20.727752636251243,20.500576253698426,6759,7,20.63939372172964,20.50055398943362,618,18540.0,309.0,2025-04-29 14:09:00,2025-04-29 14:09:00,21.991193771362305,227102.0,0.8797188322868138,2025-04-29,14:09:00
20.70551881608395,27.094887599571177,20.500000000007994,0.7167853096847935,0.0,0.0,,22.499863736143627,22.653759002685547,23.05512960687059,23.257179774270835,21.432243675599427,23.427626427353122,21.424829436159495,22.37415479753766,21.539526112685294,23.055807730688826,21.31637596041115,20.753230099239072,20.500634565967324,6807,7,20.640306449985072,20.500551604325437,619,18570.0,309.5,2025-04-29 14:09:30,2025-04-29 14:09:30,21.92147254943848,229327.0,0.8848813593689361,2025-04-29,14:09:30
20.701265746903765,26.803411898990962,20.500000000007994,0.6977689827547057,0.0,0.0,,22.471082401990795,22.653759002685547,23.114461233044675,23.2571754511571,21.428321888035242,23.427577974777765,21.40896373692794,22.292203171929742,21.507388522383415,23.055781838445284,21.31100622921177,20.7462177332974,20.50063818369341,6807,7,20.640108163927305,20.50054462124934,620,18600.0,310.0,2025-04-29 14:10:00,2025-04-29 14:10:00,22.42764663696289,215255.0,0.8511542269633691,2025-04-29,14:10:00
20.712982742115507,27.60863686,20.500000000007994,0.7555333974525408,0.0,0.0,,22.48414107115133,22.653759002685547,22.983967911068046,24.29610125878042,21.519700654319873,23.427562585014766,21.402061531410034,22.214211507005484,21.476041633615143,22.6116040130644,21.268031547401232,20.747331751681763,20.50062932140127,6772,6,20.63989771424392,20.500543070281495,621,18630.0,310.5,2025-04-29 14:10:30,2025-04-29 14:10:30,21.9816951751709,227852.0,0.8689484429585872,2025-04-29,14:10:30
20.709940249295002,27.60863686,20.500000000007994,0.7417221024972197,0.0,0.0,,22.49954254476873,22.653759002685547,22.944061715751346,24.296203542408055,21.55724558146809,23.42755618243981,21.398655538394376,22.139952090340177,21.445506899199614,22.611519587854087,21.24867133284678,20.74093645430522,20.50063311696792,6772,6,20.63962347863933,20.500549501053406,622,18660.0,311.0,2025-04-29 14:11:00,2025-04-29 14:11:00,21.90152740478516,225879.0,0.8921296772829701,2025-04-29,14:11:00
20.710231636041094,27.37499102101632,20.500000000007994,0.738560036974814,0.0,0.0,,22.464075798486657,22.58464143328053,22.907801468758016,24.296247473381737,21.57864261657654,23.492316257827184,21.402474444310943,22.06921525094374,21.415801187650718,22.60671846527793,21.236554295517134,20.75887081554047,20.500674546754517,6797,6,20.638717401294056,20.500552838688705,623,18690.0,311.5,2025-04-29 14:11:30,2025-04-29 14:11:30,21.8978271484375,228960.0,0.8789484926406359,2025-04-29,14:11:30
20.70621024180754,27.111678515384273,20.500000000007994,0.71999088810669,0.0,0.0,,22.425462794695186,22.518836034940527,22.862532960632606,24.296272715255856,21.59302818151302,23.492320098836075,21.403998103636994,22.001807130603037,21.386930588089612,22.606699293783493,21.227731205731114,20.75166193674299,20.500678960179073,6797,6,20.637786507307762,20.500550855508173,624,18720.0,312.0,2025-04-29 14:12:00,2025-04-29 14:12:00,21.948223114013672,225766.0,0.8751636788754729,2025-04-29,14:12:00
20.715994892460383,26.826687464240504,20.500000000007994,0.7632253549114016,0.0,0.0,,22.38771101317795,22.459498816757055,22.866086429837186,26.09529161305916,21.768332073506084,23.492321387097917,21.404854703517696,21.937547862306307,21.358894127241427,22.63748900225444,21.223290393821895,20.766173342957337,20.500686539517062,6794,5,20.638511998096888,20.500555140910784,625,18750.0,312.5,2025-04-29 14:12:30,2025-04-29 14:12:30,22.08067512512207,212451.0,0.8499551072953293,2025-04-29,14:12:30
20.712759399751317,26.665828704833984,20.500000000007994,0.7480706617508134,0.0,0.0,,22.351467074850753,22.405841334332724,22.8440810196816,26.095487788871473,21.84780131348972,23.492322001830814,21.405449371485332,21.87627006199063,21.3316875333627,22.637483988471452,21.218263169507388,20.758940311278938,20.50069590892489,6794,5,20.638098789892073,20.50055946519778,626,18780.0,313.0,2025-04-29 14:13:00,2025-04-29 14:13:00,21.91880226135254,229426.0,0.8667063399527517,2025-04-29,14:13:00
20.70863984649053,26.85606384277344,20.500000000007994,0.7198373198908148,0.0,0.0,,22.316862932287773,22.469505310058597,22.795430280813616,23.278979042894438,21.63975104034182,23.49232238028781,21.405919776611626,21.81781756365802,21.305302943188366,22.956633891819603,21.24208364126236,20.779257175915202,20.50075906430097,6822,4,20.635531742366883,20.500560481105392,627,18810.0,313.5,2025-04-29 14:13:30,2025-04-29 14:13:30,21.79226493835449,235808.0,0.8831730290108902,2025-04-29,14:13:30
20.704070855470622,26.85606384277344,20.500000000007994,0.6993624343858935,0.0,0.0,,22.283880479470866,22.469505310058597,22.748077134552908,23.2787490808708,21.564805259981153,23.49232265631847,21.406320925061028,21.762044345775585,21.279728194173018,22.956684688312084,21.249881224472265,20.771449124313826,20.500767644617483,6822,4,20.634200537091342,20.50055519307755,628,18840.0,314.0,2025-04-29 14:14:00,2025-04-29 14:14:00,22.41715812683105,203883.0,0.8422053794333024,2025-04-29,14:14:00
20.736156620988247,27.202312469482425,20.500000000007994,0.831708983013375,0.0,0.0,,22.247722404990334,22.52034950256348,22.70246376680627,26.760754106410026,21.84542947522748,24.062035139667948,21.45651655809785,26.414287963589295,21.656876555518767,23.030238715138374,21.25940083081731,20.79315407172826,20.500788705199607,6827,3,20.636363241378035,20.50055932604443,629,18870.0,314.5,2025-04-29 14:14:30,2025-04-29 14:14:30,22.00064849853516,224096.0,0.8740808905558333,2025-04-29,14:14:30
20.73454071842834,27.202312469482425,20.500000000007994,0.820485900723344,0.0,0.0,,22.212904392009737,22.52034950256348,22.657618671326922,26.7610649741981,21.959736814863998,24.062084861389906,21.479805745438384,26.414674725784256,21.81669192923631,23.030257819413126,21.263450833712703,20.78537831629514,20.500798266171206,6827,3,20.636465682490645,20.500555490347907,630,18900.0,315.0,2025-04-29 14:15:00,2025-04-29 14:15:00,22.145442962646484,230815.0,0.8748120789376773,2025-04-29,14:15:00
20.7682002914938,28.7880973815918,20.500000000007994,0.9405533826318313,0.0,0.0,,22.17973300782284,22.52034950256348,22.61347493700379,26.761196224090646,22.02650590028587,24.06210614004072,21.49371680248832,26.414833025729383,21.90704827648285,23.16207838175127,21.277432574634577,20.81280072952902,20.50070038222188,6750,6,20.639578835175442,20.50054520611966,631,18930.0,315.5,2025-04-29 14:15:30,2025-04-29 14:15:30,22.44029235839844,214051.0,0.8514073456793008,2025-04-29,14:15:30
20.76727475753978,28.7880973815918,20.500000000007994,0.9317453438973033,0.0,0.0,,22.148184134899576,22.52034950256348,22.57003525361756,26.761272164417594,22.073113634293456,24.062118253505364,21.503374251518483,26.414921477603848,21.96744356888436,23.162106291047785,21.283848835285564,20.80497477552782,20.500709042159258,6750,6,20.6410673389317,20.50053110040161,632,18960.0,316.0,2025-04-29 14:16:00,2025-04-29 14:16:00,22.215137481689453,213981.0,0.8646443054523533,2025-04-29,14:16:00
20.785940608079333,28.477550582666062,20.500000000007994,0.988252775525331,0.0,0.0,,22.160086958892823,22.52034950256348,22.52733669324008,26.761324571861106,22.109078746647292,24.06212638473527,21.510789697159073,26.414980767222975,22.02136395390693,22.90748937098339,21.264841688921493,20.857009935000352,20.50075152809768,6770,5,20.64124756874851,20.50051793888094,633,18990.0,316.5,2025-04-29 14:16:30,2025-04-29 14:16:30,22.299341201782227,216405.0,0.860792914327303,2025-04-29,14:16:30
20.78263249059541,28.126788879323747,20.500000000007994,0.9665967091568541,0.0,0.0,,22.174750111153433,22.52034950256348,22.485423177817072,26.761364537413666,22.138628504315456,24.06213241559229,21.516876251300648,26.41502523960836,22.066126000242313,22.907450243397403,21.257825157582005,20.847156809326552,20.500757976149494,6770,5,20.64166017968833,20.50051248224652,634,19020.0,317.0,2025-04-29 14:17:00,2025-04-29 14:17:00,22.073467254638672,235260.0,0.8766327015854799,2025-04-29,14:17:00
20.785632070888315,27.803815841674805,20.500000000007994,0.9539625553605413,0.0,0.0,,22.188742232675803,22.41929054260254,22.44271136670621,23.782475413441205,21.89134777493145,23.864307973641882,21.498755932335243,26.075076658896567,22.245667002822753,22.734737212794528,21.238923469495433,20.871390274721104,20.500776746318323,6776,5,20.639028673992755,20.500507132431444,635,19050.0,317.5,2025-04-29 14:17:30,2025-04-29 14:17:30,22.05193328857422,232690.0,0.8880429031114359,2025-04-29,14:17:30
20.779163535934014,27.803815841674805,20.500000000007994,0.9221725355007493,0.0,0.0,,22.20156658144778,22.41929054260254,22.40089259760282,23.782198805014616,21.796098750291254,23.683966451137017,21.477870827086804,25.76688372261376,22.250997099642742,22.7347007842413,21.230146171388462,20.860458815088474,20.500794100332847,6776,5,20.63830412012063,20.500501938561783,636,19080.0,318.0,2025-04-29 14:18:00,2025-04-29 14:18:00,22.201942443847656,211828.0,0.8688767390288347,2025-04-29,14:18:00
20.785632794883483,27.90981101989746,20.500000000007994,0.9461906071450125,0.0,0.0,,22.213174879388202,22.775127410888672,22.365756563833994,23.78208665152422,21.745534285580476,23.51800882566451,21.455141116569827,25.48472855183271,22.22478497068107,22.949840260067127,21.244041948734427,20.890224890794975,20.50084847879811,6815,4,20.638478295713284,20.500496580350703,637,19110.0,318.5,2025-04-29 14:18:30,2025-04-29 14:18:30,22.451478958129883,211018.0,0.8393862579258642,2025-04-29,14:18:30
20.779366041314773,27.90981101989746,20.500000000007994,0.9171632834838703,0.0,0.0,,22.223638044931118,22.775127410888672,22.33148360497544,23.78202600782098,21.713878226690046,23.364185873556938,21.4312117870404,25.224471065549114,22.196908909232373,22.94987057841471,21.24826353253965,20.879210614823354,20.500862328668067,6815,4,20.638503823097192,20.500493223920586,638,19140.0,319.0,2025-04-29 14:19:00,2025-04-29 14:19:00,22.02862930297852,232205.0,0.877942779548244,2025-04-29,14:19:00
20.789013805914333,28.46367835998535,20.500000000007994,0.9393552653202494,0.0,0.0,,22.197410556596477,22.47058486938477,22.29299393860509,23.794829172803738,21.69306302884848,25.013649508926985,21.565300940672863,24.983026015458933,22.167178940810306,22.962798424123598,21.250817145923804,20.89332972267116,20.500865145070627,6802,4,20.661003953663226,20.500490457453402,639,19170.0,319.5,2025-04-29 14:19:30,2025-04-29 14:19:30,22.26896858215332,220253.0,0.853876848442473,2025-04-29,14:19:30
20.78336897846583,28.46367835998535,20.500000000007994,0.9120534463793774,0.0,0.0,,22.152723809296397,22.47058486938477,22.25525021434372,23.79480279247486,21.677086918144465,25.013780818960548,21.625539922209782,24.758028194923146,22.135558564944784,22.962803570998183,21.251788089972,20.8819491555485,20.500895315308302,6802,4,20.66141526889462,20.500487180540564,640,19200.0,320.0,2025-04-29 14:20:00,2025-04-29 14:20:00,22.09129905700684,235022.0,0.8721109087659878,2025-04-29,14:20:00
20.781304354537273,28.203205018166496,20.500000000007994,0.9005133641250337,0.0,0.0,,22.104076046966902,22.06001853942871,22.2118398387394,23.067909333955292,21.597782069920775,25.013835588316464,21.660486464495207,24.547615170702596,22.10240719989971,22.707127377417372,21.22926696531876,20.909417385564662,20.50095352423765,6841,4,20.65736026106076,20.50048385217645,641,19230.0,320.5,2025-04-29 14:20:30,2025-04-29 14:20:30,21.68794631958008,240473.0,0.8915262186399304,2025-04-29,14:20:30
20.774622341243926,27.930146482908324,20.500000000007994,0.8701855808580717,0.0,0.0,,22.05436741796613,22.06001853942871,22.169557452863124,23.067818702636032,21.55844699431373,25.01386597823589,21.684150599107227,24.350284028120765,22.068045069250775,22.707082338935216,21.219655097822734,20.897370020315364,20.500971440725262,6841,4,20.653998417205894,20.500480482429417,642,19260.0,321.0,2025-04-29 14:21:00,2025-04-29 14:21:00,21.885889053344727,231925.0,0.8834877923897811,2025-04-29,14:21:00
20.780712569070392,27.57872486339089,20.500000000007994,0.8869008894519493,0.0,0.0,,22.05326811947229,22.06001853942871,22.172518528490567,23.33548783650997,21.5565808654612,25.013885933903907,21.701971227042275,24.16479523447153,22.032766272730075,23.054594688129228,21.245330274124353,20.871853321075463,20.50085724895075,6773,6,20.652602135196165,20.50047708088266,643,19290.0,321.5,2025-04-29 14:21:30,2025-04-29 14:21:30,21.98241233825684,216485.0,0.8834398168464328,2025-04-29,14:21:30
20.77526802619124,27.25526572303607,20.500000000007994,0.8631794614456219,0.0,0.0,,22.056769037850717,22.06001853942871,22.155047251829238,23.335483856789907,21.54696703312927,25.013900483927532,21.716395216546733,23.99010683444311,21.996839436439075,23.054648508468617,21.254736786548918,20.861204289981895,20.500862251167565,6773,6,20.651050942379673,20.500479459552132,644,19320.0,322.0,2025-04-29 14:22:00,2025-04-29 14:22:00,22.164304733276367,216767.0,0.8620697857607477,2025-04-29,14:22:00
20.778120643899317,28.01116752624512,20.500000000007994,0.8774060994786648,0.0,0.0,,22.032369462148438,22.18487930297852,22.126366202602618,23.535938043458163,21.555089063806385,24.75999011645364,21.69768225616131,23.82532847444605,21.960530314211525,22.940748257466772,21.248977338786485,20.862362410399484,20.50088397691666,6779,6,20.649159143397423,20.500483050030265,645,19350.0,322.5,2025-04-29 14:22:30,2025-04-29 14:22:30,21.82332420349121,237629.0,0.894342783288235,2025-04-29,14:22:30
20.772147981298545,28.01116752624512,20.500000000007994,0.8540089121136275,0.0,0.0,,22.006917127962797,22.18487930297852,22.097910529070717,23.535946580560292,21.55329764818293,24.528930996860584,21.675079121098122,23.669688613663755,21.92408577009627,22.940735449726795,21.247326462771813,20.852426690358502,20.500904881043084,6779,6,20.647290896142916,20.500486657060378,646,19380.0,323.0,2025-04-29 14:23:00,2025-04-29 14:23:00,21.70250129699707,240081.0,0.8917583414555921,2025-04-29,14:23:00
20.762464979097867,27.75623828869038,20.500000000007994,0.8082374494364032,0.0,0.0,,21.982516949156675,22.03727912902832,22.067325002028145,23.71172508240144,21.565138074576012,24.316627455317693,21.64981499697089,23.522510666378587,21.88768439656081,22.748721237645267,21.229581417403107,20.880327585420737,20.501014565624736,6842,4,20.645231190793027,20.500490277802434,647,19410.0,323.5,2025-04-29 14:23:30,2025-04-29 14:23:30,21.7723388671875,239035.0,0.8905008027067166,2025-04-29,14:23:30
20.755223827244286,27.47684333242303,20.500000000007994,0.7793431443353424,0.0,0.0,,21.959432946618676,22.03727912902832,22.0370769799157,23.711738592270493,21.567136004665638,24.120109448086225,21.622754178123444,23.383195293382574,21.85144699497792,22.748685839242718,21.22204358285176,20.868973671947497,20.501038807124708,6842,4,20.643315391714477,20.500490889749216,648,19440.0,324.0,2025-04-29 14:24:00,2025-04-29 14:24:00,22.16601181030273,222151.0,0.8521634074345827,2025-04-29,14:24:00
20.759944246355797,27.475738525390625,20.500000000007994,0.8108487613723907,0.0,0.0,,21.98593570961081,22.318099975585938,22.01179631736465,23.657005711468592,21.5612546064773,23.937168198783127,21.59451559821403,23.25120700461176,21.818212172764305,23.083661411288634,21.247846833425942,20.847271162359228,20.500926433237325,6792,5,20.642874544927686,20.500485190618086,649,19470.0,324.5,2025-04-29 14:24:30,2025-04-29 14:24:30,22.04493522644043,237640.0,0.8890303479001852,2025-04-29,14:24:30
20.754289340003314,27.475738525390625,20.500000000007994,0.7910500944331784,0.0,0.0,,22.015124133632245,22.318099975585938,21.98691938875244,23.65699997968496,21.55713867777776,23.766118493200768,21.5655504648793,23.126063978934067,21.78550737615438,23.083714809262272,21.257728972484966,20.837322550134036,20.500935849079234,6792,5,20.642291515676707,20.50047970864506,650,19500.0,325.0,2025-04-29 14:25:00,2025-04-29 14:25:00,22.1812801361084,224619.0,0.8764802843926828,2025-04-29,14:25:00
20.771476903008168,29.427305169355485,20.500000000007994,0.8958369848587329,0.0,0.0,,22.042990378378086,22.72738647460937,21.968878874939882,29.421648218720424,22.080953395472882,23.605641729503002,21.536193261449824,23.007330315387385,21.75310131664464,23.41574406464969,21.292529085818327,20.861839893341248,20.5010022466821,6825,4,20.647615293281167,20.500477697885312,651,19530.0,325.5,2025-04-29 14:25:30,2025-04-29 14:25:30,22.41796112060547,220958.0,0.8499506269290996,2025-04-29,14:25:30
20.766890467128402,29.42730517427626,20.500000000007994,0.8800723433881485,0.0,0.0,,22.068925033309846,22.72738647460937,21.950930804305685,29.422232743266456,22.304946442467205,23.454680940687563,21.506695685753915,22.894609700484413,21.720808291876267,23.41581212055501,21.308535234352142,20.851458231130923,20.500999322176707,6825,4,20.64910824766272,20.50048099313809,652,19560.0,326.0,2025-04-29 14:26:00,2025-04-29 14:26:00,22.022815704345703,230184.0,0.8883581314296389,2025-04-29,14:26:00
20.75305743752725,27.43010711669922,20.500000000007994,0.7974524502691243,0.0,0.0,,22.09285861347402,22.125396728515625,21.923202121254157,23.723494749648296,21.916734045467678,23.312369603866152,21.477249561093238,22.787540042835328,21.68871137618462,23.77502122983911,21.35055155236574,20.865152216615,20.5010555618921,6838,4,20.64498702728922,20.50047962375566,653,19590.0,326.5,2025-04-29 14:26:30,2025-04-29 14:26:30,22.0106143951416,229534.0,0.8770929633518346,2025-04-29,14:26:30
20.746370017195673,27.43010711669922,20.500000000007994,0.7728651927476499,0.0,0.0,,22.114876303710588,22.125396728515625,21.895565177255108,23.723067688741292,21.785206114882868,23.177982653000985,21.44800254939142,22.685788945002564,21.656885464440684,23.775101491964918,21.37159740593342,20.854427192351007,20.501062796460396,6838,4,20.643538579049263,20.500475070488847,654,19620.0,327.0,2025-04-29 14:27:00,2025-04-29 14:27:00,22.198305130004883,228621.0,0.857740540020383,2025-04-29,14:27:00
20.75457142568381,27.176598832006665,20.500000000007994,0.8118610782231683,0.0,0.0,,22.09560023400898,24.60303307,21.90815230951481,25.978986022405103,21.928517188432007,23.05090225202247,21.419069114186623,22.589049931716968,21.625397037007822,23.594686932729346,21.369251481401264,20.825981744895543,20.500927259607394,6772,5,20.644496048621082,20.500470662632186,655,19650.0,327.5,2025-04-29 14:27:30,2025-04-29 14:27:30,21.80429077148437,235156.0,0.8967765680016669,2025-04-29,14:27:30
20.749741018377847,26.896904789803724,20.500000000007994,0.7945123091779464,0.0,0.0,,22.055443777647174,24.60303307,21.920370492106247,25.9791433200369,21.98105721460017,22.930593500448573,21.390538309917194,22.497039330566544,21.594306102784852,23.59467614666578,21.373071631637348,20.816975743792845,20.50092482553432,6772,5,20.644110771004105,20.500466403134425,656,19680.0,328.0,2025-04-29 14:28:00,2025-04-29 14:28:00,21.74355697631836,230241.0,0.8815844729001351,2025-04-29,14:28:00
20.74932851311401,26.508315225585577,20.500000000007994,0.7752550200930353,0.0,0.0,,22.010518919747128,22.10912704467773,21.890844059106147,23.19341777781098,21.755904503727493,22.81658690838638,21.362479421632933,22.409493693521444,21.56366577653225,23.860062191949325,21.401969285392997,20.843440160534236,20.500930846178797,6772,5,20.64362429873027,20.500468191972995,657,19710.0,328.5,2025-04-29 14:28:30,2025-04-29 14:28:30,22.105165481567383,238626.0,0.8485659174817497,2025-04-29,14:28:30
20.74364084592205,26.22875200972601,20.500000000007994,0.7525616156965352,0.0,0.0,,21.964312499713678,22.10912704467773,21.860286234618783,23.193167135849745,21.666966886645845,22.708465546412018,21.334946126872723,22.3261676568657,21.533519816113568,23.86011684899749,21.417252279818022,20.83382054498816,20.500925087127236,6772,5,20.64237651360674,20.500470538430196,658,19740.0,329.0,2025-04-29 14:29:00,2025-04-29 14:29:00,22.291318893432617,200891.0,0.8766524041644473,2025-04-29,14:29:00
20.772358137838328,27.89818572998047,20.500000000007994,0.8916474842816552,0.0,0.0,,21.935588065176574,22.46699333190918,21.835918815525616,24.19917714255196,21.70959206739457,22.605855467906128,21.30797962503231,27.665914005935328,21.96754381588773,24.036551288267002,21.443705691679245,20.841206150778547,20.500921090660313,6768,5,20.642272431427415,20.500471527590562,659,19770.0,329.5,2025-04-29 14:29:30,2025-04-29 14:29:30,22.183818817138672,216860.0,0.8496957282348059,2025-04-29,14:29:30
20.769529013503288,27.89818572998047,20.500000000007994,0.8804706487653338,0.0,0.0,,21.910679074855587,22.46699333190918,21.81231004014723,24.19922157263268,21.716593677221663,22.50841845389046,21.281611032944326,27.666356544772068,22.152267892422632,24.036599002969982,21.459056084489365,20.832296749198047,20.500929924102216,6768,5,20.641611651470583,20.500461243006008,660,19800.0,330.0,2025-04-29 14:30:00,2025-04-29 14:30:00,22.19966697692871,235974.0,0.8811861953011773,2025-04-29,14:30:00
20.782134504087836,31.511621475219727,20.500000000007994,0.9526491469074614,0.0,0.0,,21.89785913030107,22.883281707763672,21.79604648811571,23.862892283328694,21.68564226968423,22.41584642917436,21.255863249661296,27.666537662934836,22.257254252243207,23.581441887085496,21.429495311031843,20.85192675640932,20.500939954702528,6773,6,20.640181327768673,20.50044854344361,661,19830.0,330.5,2025-04-29 14:30:30,2025-04-29 14:30:30,22.43240547180176,234233.0,0.8626846718865403,2025-04-29,14:30:30
20.777987189321486,31.511621475219727,20.500000000007994,0.936665907610708,0.0,0.0,,21.887117206993523,22.883281707763672,21.780242347512328,23.862856740001124,21.670273158747097,22.327857097947636,21.230752430332732,27.66663872089573,22.327720167402873,23.581376654902563,21.421374086697654,20.842279181647523,20.5009540673372,6773,6,20.639585897079016,20.50044211307258,662,19860.0,331.0,2025-04-29 14:31:00,2025-04-29 14:31:00,22.42202949523925,224844.0,0.8657950762528687,2025-04-29,14:31:00
20.787557565786216,31.116176772452604,20.500000000007994,0.9644511264374699,0.0,0.0,,21.877394713294702,22.26009750366211,21.75463485052565,27.088899198451262,21.954858085590953,22.244190481377366,21.206289167047295,27.66670604754996,22.380002729189222,23.816069741093763,21.440614346424233,20.883755373948052,20.501177776347596,6812,5,20.642337990519444,20.500442297116138,663,19890.0,331.5,2025-04-29 14:31:30,2025-04-29 14:31:30,21.90418815612793,238356.0,0.8923578334508047,2025-04-29,14:31:30
20.78289753421704,30.698280548227423,20.500000000007994,0.9421161521753844,0.0,0.0,,21.868400494058815,22.26009750366211,21.729396903155134,27.089215279992132,22.07376037595291,22.164606131419948,21.182479446210856,27.666755496789534,22.42128489112522,23.816107174745845,21.449840034862234,20.87276821077808,20.50120318093989,6812,5,20.64293016196052,20.50044438063599,664,19920.0,332.0,2025-04-29 14:32:00,2025-04-29 14:32:00,21.84048080444336,238566.0,0.8877881278136868,2025-04-29,14:32:00
20.780425411019078,30.26414705055558,20.500000000007994,0.9146829844299832,0.0,0.0,,21.859989966102145,22.13984107971191,21.702945972748758,27.089351969753015,22.143109746007905,22.0888808582612,21.159325432733258,27.25585526397352,22.401696268521913,22.8130682440018,21.36592704210187,20.867382926798754,20.50119216093571,6787,6,20.64118709308817,20.500446413005456,665,19950.0,332.5,2025-04-29 14:32:30,2025-04-29 14:32:30,22.01783943176269,228119.0,0.8522579634971221,2025-04-29,14:32:30
20.77394235701663,29.821405760713983,20.500000000007994,0.8849945637872677,0.0,0.0,,21.852072516678046,22.13984107971191,21.677342639643406,27.08943142779626,22.190888066370782,22.016806852874282,21.13682611796262,26.883213194596514,22.374850606585312,22.812896305547987,21.332308799293315,20.856612740867718,20.501218525676,6787,6,20.640412733767977,20.500448384634897,666,19980.0,333.0,2025-04-29 14:33:00,2025-04-29 14:33:00,22.46333122253418,226524.0,0.8750633211050485,2025-04-29,14:33:00
20.773861593797232,29.377317169865336,20.500000000007994,0.8822735499931491,0.0,0.0,,21.846088412832465,22.09473228,21.65193081480389,27.089485959594832,22.227199673020465,21.948190117278976,21.11497785896257,26.541865020272233,22.342837926353706,23.60740568921367,21.385857275505387,20.865341664510424,20.501283202983753,6818,4,20.644065179169083,20.50045028557429,667,20010.0,333.5,2025-04-29 14:33:30,2025-04-29 14:33:30,21.81106758117676,244798.0,0.8965582720242813,2025-04-29,14:33:30
20.767675667819287,28.938033205088534,20.500000000007994,0.8573898461971964,0.0,0.0,,21.840524769982334,22.09473228,21.627438342513802,27.08952718247264,22.25663829585446,21.88284913726915,21.093774830083973,26.226758284374093,22.307144004538277,23.607518464752854,21.404577772454665,20.854624293862745,20.50130846638199,6818,4,20.645623148099986,20.500452105698244,668,20040.0,334.0,2025-04-29 14:34:00,2025-04-29 14:34:00,21.7277774810791,244388.0,0.8999273823796585,2025-04-29,14:34:00
20.762166684253067,28.508390208904913,20.500000000007994,0.8307522743323353,0.0,0.0,,21.83521744246815,22.02978134155273,21.602811320913908,26.734782593449566,22.235247414309576,21.820613748379724,21.07320940298765,25.934135386396925,22.274839900736737,22.937392173268314,21.352894816289588,20.872407259766078,20.501348918812685,6848,3,20.644062497200586,20.500453046366644,669,20070.0,334.5,2025-04-29 14:34:30,2025-04-29 14:34:30,21.94300651550293,238316.0,0.8844531131984424,2025-04-29,14:34:30
20.754585879205607,28.09196295456552,20.500000000007994,0.7992415529479782,0.0,0.0,,21.830115463920144,22.02978134155273,21.57908006685835,26.409910322848738,22.20821345779768,21.76132415753963,21.053272467756234,25.66113188834562,22.240391768827404,22.937285178928587,21.332181456356757,20.861038819839273,20.501357154919884,6848,3,20.643028285802934,20.500446118006735,670,20100.0,335.0,2025-04-29 14:35:00,2025-04-29 14:35:00,21.685680389404297,244160.0,0.8986798487672019,2025-04-29,14:35:00
20.747765384858997,27.691229725804163,20.500000000007994,0.7703898240911498,0.0,0.0,,21.82518991364048,21.980722427368164,21.555451954553913,26.149996096370486,22.189745891502,21.704830091463347,21.03395370511303,25.405510675856117,22.20399951169216,23.081318545129797,21.33404025702123,20.864690609536748,20.50140490687846,6875,2,20.642350897634085,20.500439451096497,671,20130.0,335.5,2025-04-29 14:35:30,2025-04-29 14:35:30,21.514169692993164,245858.0,0.8998969298334811,2025-04-29,14:35:30
20.741124272482995,27.307769515136933,20.500000000007994,0.7452504074754157,0.0,0.0,,21.820420752469293,21.980722427368164,21.532699461366104,26.14996996184957,22.187592547147048,21.650990049245813,21.015241817785103,25.165482507803233,22.165863926174843,23.081325749927295,21.33209512567867,20.85358638222056,20.501415141191146,6875,2,20.64174191552519,20.5004406276101,672,20160.0,336.0,2025-04-29 14:36:00,2025-04-29 14:36:00,21.518779754638672,248104.0,0.896681998778738,2025-04-29,14:36:00
20.734192551154862,26.942452828071062,20.500000000007994,0.718889355331913,0.0,0.0,,21.795038373129184,21.742677688598636,21.50699065951027,26.1499632936349,22.189765713083727,21.599670641449734,20.997124727529396,24.93958385829455,22.126552013814713,22.99706744380832,21.321899425096518,20.841415179753703,20.501443603554833,6873,2,20.640594072697983,20.500442541390107,673,20190.0,336.5,2025-04-29 14:36:30,2025-04-29 14:36:30,21.52137565612793,247917.0,0.8953980187925797,2025-04-29,14:36:30
20.727754092641472,26.595609559280522,20.500000000007994,0.6960100947822877,0.0,0.0,,21.759476741859743,21.742677688598636,21.482202870227,26.149962303657837,22.19348965590304,21.550746001637552,20.979589743157867,24.726592808088583,22.086494564784015,22.997048110837387,21.316091000583167,20.831009904844116,20.501450601316524,6873,2,20.639335894149824,20.500442856669608,674,20220.0,337.0,2025-04-29 14:37:00,2025-04-29 14:37:00,21.44536399841309,245942.0,0.8989290411967049,2025-04-29,14:37:00
20.718786677059985,26.267168899431088,20.500000000007994,0.6476845859518348,0.0,0.0,,21.721952717381875,21.771316528320312,21.45889062605736,22.782495127397354,21.889649473874346,22.970601227540794,21.089339774036013,24.52547036081275,22.046024540734553,23.06582786362377,21.31806409123573,20.81174937734031,20.5014223797726,6849,3,20.635108051859483,20.50043603991019,675,20250.0,337.5,2025-04-29 14:37:30,2025-04-29 14:37:30,21.530242919921875,236403.0,0.9049833599827414,2025-04-29,14:37:30
20.712831784032414,25.956771878083146,20.500000000007994,0.626599735809734,0.0,0.0,,21.684079329633114,21.771316528320312,21.43657114790522,22.782153790969705,21.761251760041752,22.970714448931542,21.135015450449096,24.335318868716094,22.005403259068082,23.06583354329944,21.317279462487583,20.80242048673475,20.501431509043027,6849,3,20.63277633751465,20.500433220666316,676,20280.0,338.0,2025-04-29 14:38:00,2025-04-29 14:38:00,21.3801326751709,244446.0,0.9042417599388004,2025-04-29,14:38:00
20.70623630588683,25.663859612089045,20.500000000007994,0.6018744679241753,0.0,0.0,,21.646463032644395,21.589210510253903,21.412262441447226,22.78200305484754,21.685932357687314,22.97075980420297,21.159340934258108,24.155352102615176,21.96483844807294,22.822891156846886,21.29404392700704,20.808092136749046,20.501496987155345,6881,2,20.630348452082053,20.500434486536463,677,20310.0,338.5,2025-04-29 14:38:30,2025-04-29 14:38:30,21.31627082824707,243782.0,0.905302111620218,2025-04-29,14:38:30
20.700331596561462,25.38774112189922,20.500000000007994,0.5809498010009907,0.0,0.0,,21.60941402783879,21.589210510253903,21.38890249184393,22.781914033350397,21.633943101087507,22.970783930625323,21.1744081471817,23.984873344658848,21.92449661814144,22.822845403309394,21.283196798527563,20.79851955461882,20.501473814962388,6881,2,20.628305976337383,20.500435607970758,678,20340.0,339.0,2025-04-29 14:39:00,2025-04-29 14:39:00,21.4173583984375,245811.0,0.9073135076339138,2025-04-29,14:39:00
20.6944057897187,25.12764454404856,20.500000000007994,0.559039109377596,0.0,0.0,,21.573121323403832,21.673688888549805,21.367899711476497,22.830628443528038,21.598912014686878,22.970799099713112,21.18484628969769,23.823259081346425,21.884511777600185,22.86594148380608,21.280278615018812,20.789305702260098,20.50148431173561,6880,2,20.626543040193436,20.500433635893167,679,20370.0,339.5,2025-04-29 14:39:30,2025-04-29 14:39:30,21.3564510345459,244076.0,0.9047728089816288,2025-04-29,14:39:30
20.68900661984945,24.88275516682865,20.500000000007994,0.5406335997174029,0.0,0.0,,21.537708299276975,21.673688888549805,21.34784077388962,22.830586558143345,21.568876544489484,22.97080968901272,21.192710534567812,23.669946659333814,21.84499187263205,22.865938513584133,21.27679721647217,20.780404602361717,20.50150190693549,6880,2,20.624760222712613,20.500434397684664,680,20400.0,340.0,2025-04-29 14:40:00,2025-04-29 14:40:00,21.32779884338379,246341.0,0.902204223515371,2025-04-29,14:40:00
20.685596374835786,24.652243190476508,20.500000000007994,0.5316180778277635,0.0,0.0,,21.503255951208608,21.616138458251957,21.32770748836215,22.830551154837984,21.543022616712165,23.523072334273127,21.247318080542932,23.524424784896922,21.806023765365346,22.7874612311916,21.26642715936208,20.77117394361014,20.501498453942382,6876,2,20.622826465732373,20.500434988246255,681,20430.0,340.5,2025-04-29 14:40:30,2025-04-29 14:40:30,21.415002822875977,244615.0,0.9029589865707336,2025-04-29,14:40:30
20.680795834639593,24.555389404296875,20.500000000007994,0.516134703467943,0.0,0.0,,21.46981540589092,21.616138458251957,21.308384914617964,22.830521194751466,21.520325794436722,23.523126533118518,21.274836181365554,23.386226093202716,21.767677122379357,22.787442309603982,21.260369397523675,20.762881379268354,20.50150798491801,6876,2,20.62099551820793,20.50043540150735,682,20460.0,341.0,2025-04-29 14:41:00,2025-04-29 14:41:00,21.570772171020508,237019.0,0.9076494131272176,2025-04-29,14:41:00
20.679064182782778,26.02301025390625,20.500000000007994,0.5242710641146854,0.0,0.0,,21.43741587453239,21.890270233154297,21.294257183052697,22.830495496935626,21.500076196499997,23.18292855661601,21.26278436887288,23.254921245772227,21.730008497285677,23.42477653265689,21.313070294438305,20.742530312682607,20.501464971183736,6845,4,20.620473535292586,20.500435632847257,683,20490.0,341.5,2025-04-29 14:41:30,2025-04-29 14:41:30,21.59724235534668,238059.0,0.9017065491117748,2025-04-29,14:41:30
20.674924286529645,26.02301025390625,20.500000000007994,0.513032247906917,0.0,0.0,,21.406070183275,21.890270233154297,21.28078620741653,22.83047318645347,21.48180141539915,23.182914688477208,21.262116643734476,23.130114172327133,21.693066920253678,23.42488457003909,21.333788098880273,20.735440115761786,20.50148072935851,6845,4,20.6192949297907,20.500435679337414,684,20520.0,342.0,2025-04-29 14:42:00,2025-04-29 14:42:00,21.70727729797364,233780.0,0.8936431955257079,2025-04-29,14:42:00
20.677455433776593,26.699222564697266,20.500000000007994,0.5342264233603351,0.0,0.0,,21.442585463394433,21.99435043334961,21.269450331192754,23.67957365498443,21.542875590976248,23.379810796922925,21.28165546111011,23.011438181700747,21.656893636591402,23.473043059706164,21.34880352143506,20.735188378583015,20.501492021582685,6841,4,20.639369302658114,20.500435539934486,685,20550.0,342.5,2025-04-29 14:42:30,2025-04-29 14:42:30,21.674057006835938,237675.0,0.8957116466813927,2025-04-29,14:42:30
20.67414895463108,26.699222564697266,20.500000000007994,0.524471006423427,0.0,0.0,,21.482962284006028,21.99435043334961,21.258472609160663,23.679642962685964,21.561167845113452,23.379829423436625,21.292790887723665,22.89855274211157,21.621524662341198,23.473069811683743,21.35762274397632,20.728682547376522,20.501489996905185,6841,4,20.6412660886813,20.50043616904395,686,20580.0,343.0,2025-04-29 14:43:00,2025-04-29 14:43:00,21.889480590820312,242285.0,0.887301047836226,2025-04-29,14:43:00
20.67987193236359,26.95425605773925,20.500000000007994,0.5639896495748175,0.0,0.0,,21.52164547371069,21.58736228942871,21.241238735854317,22.873522623735646,21.493541849668823,24.932952232273188,21.436744607532937,22.791140784408007,21.586986442837244,23.967109670872535,21.408272416498527,20.741115038141523,20.50152586128696,6849,3,20.63947443665218,20.50043131386331,687,20610.0,343.5,2025-04-29 14:43:30,2025-04-29 14:43:30,21.3283805847168,245689.0,0.9014184980809072,2025-04-29,14:43:30
20.676785085690344,26.95425605773925,20.500000000007994,0.5537125337705441,0.0,0.0,,21.557780042958036,21.58736228942871,21.224413138095972,22.87344982025953,21.463064851935467,24.93309372366007,21.505893260023754,22.6889064191879,21.55329564009247,23.96720884255342,21.43228210945547,20.73440822095965,20.50153437874588,6849,3,20.637634722608183,20.500427767689516,688,20640.0,344.0,2025-04-29 14:44:00,2025-04-29 14:44:00,21.47231674194336,238333.0,0.8980822001149652,2025-04-29,14:44:00
20.68862660565638,26.73382992475349,20.500000000007994,0.6033349911030857,0.0,0.0,,21.591260663419273,22.097915649414062,21.216412407307242,22.873417088616286,21.44309903560415,24.933156249831054,21.54859812907491,22.59157298429587,21.520460666790665,24.32410017839094,21.479396531971634,20.734111015428827,20.501445254930537,6788,5,20.63671167232961,20.500426980057938,689,20670.0,344.5,2025-04-29 14:44:30,2025-04-29 14:44:30,21.87363052368164,224812.0,0.8707282362596303,2025-04-29,14:44:30
20.68609038743646,26.490698694080596,20.500000000007994,0.5928293491170268,0.0,0.0,,21.622197274605714,22.097915649414062,21.208892282110416,22.87339658076683,21.42769636075655,24.933192936793176,21.57910045253516,22.49888135798378,21.48848360918165,24.3241887037156,21.50446081910666,20.727978398770706,20.50147319376747,6788,5,20.635529037308686,20.500426034332634,690,20700.0,345.0,2025-04-29 14:45:00,2025-04-29 14:45:00,21.72258758544922,228460.0,0.8691844305348858,2025-04-29,14:45:00
20.69211957682908,26.89466667175293,20.500000000007994,0.6230925144341953,0.0,0.0,,21.616124455881767,22.14638328552246,21.202330844906488,22.87338134062173,21.41484138988839,24.93321818035753,21.603030085370364,22.410588487655144,21.457361706447465,23.371476896640313,21.43617400860353,20.753629594469768,20.501560175413008,6829,4,20.632162638909886,20.50042494039488,691,20730.0,345.5,2025-04-29 14:45:30,2025-04-29 14:45:30,21.999521255493164,216893.0,0.8646126776797776,2025-04-29,14:45:30
20.688581129712144,26.89466667175293,20.500000000007994,0.6085004703470566,0.0,0.0,,21.59139036010127,22.14638328552246,21.195845807480538,22.873368987007606,21.40364590647277,24.933237258456376,21.62296428388057,22.326466095507925,21.427088471148778,23.37133240264403,21.41323860138239,20.74623261636841,20.50158203179786,6829,4,20.629643704371222,20.500423709504688,692,20760.0,346.0,2025-04-29 14:46:00,2025-04-29 14:46:00,22.05631446838379,220780.0,0.8691811418606757,2025-04-29,14:46:00
20.701935312929994,29.567117636178484,20.500000000007994,0.7275686304732897,0.0,0.0,,21.5621867149075,22.226768493652344,21.190682976638954,29.561173323124454,22.005608568736076,23.88464029097588,21.548474931096447,22.246299531092887,21.397654449361013,23.451645253401264,21.41110052746609,20.73780355004105,20.501619836166842,6830,4,20.633668457401534,20.500422354140582,693,20790.0,346.5,2025-04-29 14:46:30,2025-04-29 14:46:30,22.56078338623047,196544.0,0.8441496401569114,2025-04-29,14:46:30
20.699265947250968,29.56711764183036,20.500000000007994,0.7209310599437939,0.0,0.0,,21.531351129593567,22.226768493652344,21.185521470057388,29.561846046770544,22.260368638221692,23.88456179763949,21.521479241773072,22.169886747344687,21.36904778675364,23.45164301169496,21.409458451340672,20.731290194809237,20.50165460010676,6830,4,20.633754543253712,20.500420887899647,694,20820.0,347.0,2025-04-29 14:47:00,2025-04-29 14:47:00,22.657888412475582,187779.0,0.8331213986920796,2025-04-29,14:47:00
20.72216295421366,29.567117644617664,20.500000000007994,0.8274269846906684,0.0,0.0,,21.499922649720947,22.60490226745605,21.18639602926992,29.56214200241518,22.410378716542766,23.741019084471635,21.49759982404714,22.097037381523904,21.34125489137548,24.10158517644938,21.466654507637546,20.745242514881774,20.501573351391237,6775,5,20.634410778736605,20.500419325445726,695,20850.0,347.5,2025-04-29 14:47:30,2025-04-29 14:47:30,22.451391220092773,196129.0,0.8467334477563236,2025-04-29,14:47:30
20.72040274162682,29.567117646460613,20.500000000007994,0.8210344757489247,0.0,0.0,,21.468434727685356,22.60490226745605,21.18709921817951,29.562316489617672,22.514416332394514,23.740993906334552,21.487010859715767,22.02757192622354,21.314261024193303,24.101699853808142,21.49082894175827,20.738689287578925,20.501582766532245,6775,5,20.634219470053143,20.500417682471575,696,20880.0,348.0,2025-04-29 14:48:00,2025-04-29 14:48:00,22.7192440032959,213498.0,0.8447044878640549,2025-04-29,14:48:00
20.727678486549376,29.567117647785643,20.500000000007994,0.8509693363289246,0.0,0.0,,21.43724265060396,22.543569564819336,21.186450635695987,29.56243742335675,22.593832763404176,24.370996892415892,21.5369043820237,21.96132097846041,21.28805072443156,25.801503425763464,21.65706547515849,20.751590131122708,20.50163294016123,6791,5,20.636864559681094,20.500415975634652,697,20910.0,348.5,2025-04-29 14:48:30,2025-04-29 14:48:30,22.58065223693848,208523.0,0.8466757863640941,2025-04-29,14:48:30
20.72461431942452,29.56711764880786,20.500000000007994,0.8382880975314919,0.0,0.0,,21.40659437495513,22.543569564819336,21.185434489094114,29.562529404456956,22.658384598757277,24.37104498161947,21.55961946749808,21.898124557041427,21.2626081101809,25.801831232264885,21.732010700028063,20.744601674341183,20.50165122515496,6791,5,20.63754877623661,20.500410628882445,698,20940.0,349.0,2025-04-29 14:49:00,2025-04-29 14:49:00,22.54296493530273,210484.0,0.8544214613699853,2025-04-29,14:49:00
20.72569530198199,29.13411331176757,20.500000000007994,0.8284518118184867,0.0,0.0,,21.37665663760074,22.661163330078125,21.18600096221347,27.938497617032535,22.56453658925011,23.930075869570118,21.534717171661658,21.83783150663934,21.248252612083874,24.94841490196774,21.700641323349696,20.758607202720434,20.501724572223555,6794,6,20.66638029764679,20.500403469081206,699,20970.0,349.5,2025-04-29 14:49:30,2025-04-29 14:49:30,22.728729248046875,210126.0,0.8332412011126658,2025-04-29,14:49:30
20.72219309887107,29.13411331176757,20.500000000007994,0.8139282335119036,0.0,0.0,,21.34753973134728,22.661163330078125,21.186266735845308,27.938393713036476,22.548298932798883,23.93004798830476,21.526643942438383,21.78029972446721,21.233619098135172,24.94833378124276,21.701956353915744,20.751650247948852,20.501791461284583,6794,6,20.66652732078093,20.50040169422682,700,21000.0,350.0,2025-04-29 14:50:00,2025-04-29 14:50:00,22.88353729248047,202776.0,0.8498450106274904,2025-04-29,14:50:00
20.718806434200367,29.17814445495605,20.500000000007994,0.7911346837725853,0.0,0.0,,21.319313866631752,22.84547615051269,21.1891814470802,24.300973701097305,22.21961818833448,24.38102709055888,21.563205661170883,21.725397539936125,21.215515152115938,22.893705731764765,21.527559194719853,20.764674600092345,20.501840154154593,6798,4,20.65673048417072,20.500399931602526,701,21030.0,350.5,2025-04-29 14:50:30,2025-04-29 14:50:30,21.69448471069336,237762.0,0.8600378214348803,2025-04-29,14:50:30
20.714077397679922,29.17814445495605,20.500000000007994,0.7702113726103068,0.0,0.0,,21.292020137804677,22.84547615051269,21.191843914549864,24.30060434194297,22.087442444934265,24.381062190597248,21.58055500430315,21.673002934764494,21.197683856413747,22.893347864672215,21.46039987349691,20.757065306280754,20.501858591719746,6798,4,20.65147629947256,20.500406502258098,702,21060.0,351.0,2025-04-29 14:51:00,2025-04-29 14:51:00,21.771615982055664,228278.0,0.8730804654850665,2025-04-29,14:51:00
20.709578553257792,28.805891594073273,20.500000000007994,0.747653747617995,0.0,0.0,,21.265678208649962,21.89903450012207,21.17906381670448,23.4183652503022,21.934605914313803,23.22531568032798,21.490311898726997,21.623001190819732,21.180048492783964,23.191706833919817,21.45348089775758,20.779642752677933,20.501904326406446,6803,5,20.647005251761968,20.500404854619134,703,21090.0,351.5,2025-04-29 14:51:30,2025-04-29 14:51:30,21.80399513244629,239477.0,0.8747242036813556,2025-04-29,14:51:30
20.70433560657528,28.40929010603468,20.500000000007994,0.7218963657228712,0.0,0.0,,21.240291873956405,21.89903450012207,21.166391478419364,23.418188061260107,21.853824764536277,23.225223560489763,21.451670004541416,21.57528316234157,21.162599962558424,23.191702287181563,21.443491812310228,20.770732552263667,20.50193007949968,6803,5,20.643268759936557,20.50040322663181,704,21120.0,352.0,2025-04-29 14:52:00,2025-04-29 14:52:00,21.938899993896484,236789.0,0.8656768921909379,2025-04-29,14:52:00
20.70806267971685,27.920555046758054,20.500000000007994,0.7305833858105119,0.0,0.0,,21.215853184149562,22.040306091308597,21.156636512614064,23.49595303567346,21.807693225008457,23.408050094513545,21.44644471504437,21.529744320147863,21.145350578112087,23.410429378577824,21.453704244848375,20.790695103380582,20.50199176284338,6824,3,20.64063693028483,20.500401727254484,705,21150.0,352.5,2025-04-29 14:52:30,2025-04-29 14:52:30,21.99784278869629,224784.0,0.8756371394316321,2025-04-29,14:52:30
20.703234359978538,27.546967591326155,20.500000000007994,0.7066196636655084,0.0,0.0,,21.192345561944563,22.040306091308597,21.14760547141932,23.495895711967293,21.77151259776034,23.408046086893787,21.440234396933427,21.486284246422596,21.12831924839262,23.41045272716229,21.453789571933207,20.781418143075925,20.502022359595166,6824,3,20.637947791976377,20.500400364669538,706,21180.0,353.0,2025-04-29 14:53:00,2025-04-29 14:53:00,22.125696182250977,238726.0,0.8565947466970502,2025-04-29,14:53:00
20.715712621607224,28.318714141845703,20.500000000007994,0.7635781260106891,0.0,0.0,,21.169746189131597,22.32043075561523,21.14371354957854,23.495850646740266,21.742306937102832,23.40804018981373,21.434890602714173,21.44480637929669,21.111524981551028,23.460016288210106,21.455747317775945,20.79632913501755,20.50200306910633,6802,4,20.63546343322589,20.500401342025732,707,21210.0,353.5,2025-04-29 14:53:30,2025-04-29 14:53:30,22.26430320739746,234845.0,0.86307710937001,2025-04-29,14:53:30
20.71186554475474,28.318714141845703,20.500000000007994,0.7440931891241944,0.0,0.0,,21.148027850134724,22.32043075561523,21.140301378120316,23.495814306461625,21.71782224102847,23.408035045440688,21.43037306490122,21.40521789029982,21.094984825667847,23.460020812230802,21.454619040247092,20.787238318551186,20.502022491007402,6802,4,20.632969109293413,20.50040318006986,708,21240.0,354.0,2025-04-29 14:54:00,2025-04-29 14:54:00,22.27815818786621,237182.0,0.8612882854727593,2025-04-29,14:54:00
20.725808946786056,28.76049232,20.500000000007994,0.7990462030518956,0.0,0.0,,21.13481314613103,22.43022918701172,21.138925849273985,26.361197141823627,21.958874616056463,22.716296964151432,21.365985205281532,21.36742962621171,21.078713315967033,22.606246396023572,21.37609078413771,20.813162220149692,20.50206075269834,6807,4,20.63157035186644,20.50040224826605,709,21270.0,354.5,2025-04-29 14:54:30,2025-04-29 14:54:30,21.700828552246094,229814.0,0.8447142308562576,2025-04-29,14:54:30
20.721765416294353,28.76049232,20.500000000007994,0.7768393647251546,0.0,0.0,,21.12904295359514,22.43022918701172,21.137709801893998,26.361463808976282,22.05326465084368,22.716233288415822,21.334724342460877,21.331356075506374,21.06272248665803,22.606089452872375,21.3412700795891,20.803445725665444,20.502102039990703,6807,4,20.629467865773325,20.5004014773891,710,21300.0,355.0,2025-04-29 14:55:00,2025-04-29 14:55:00,21.500123977661133,244691.0,0.8921692307849491,2025-04-29,14:55:00
20.71102651933328,28.46594539920016,20.500000000007994,0.7183099874722438,0.0,0.0,,21.12440867899242,21.750547409057617,21.1256559072799,23.339182610925036,21.827849005539186,22.716204689305666,21.315213526581644,21.296915337007484,21.04702203525446,22.878584472452395,21.344998499633643,20.81126759188312,20.502242690112354,6829,3,20.624913306473307,20.50040086802727,711,21330.0,355.5,2025-04-29 14:55:30,2025-04-29 14:55:30,21.68256187438965,238379.0,0.87690931510326,2025-04-29,14:55:30
20.70527266644474,28.143532883632812,20.500000000007994,0.6892017859690899,0.0,0.0,,21.11927100594797,21.750547409057617,21.11390469620939,23.338933312811353,21.741395257872803,22.716187646489466,21.30116406997098,21.26402907909768,21.031619557221408,22.878599915629373,21.34027619611886,20.80137226147997,20.502265864319504,6829,3,20.621933206161827,20.50040041907178,712,21360.0,356.0,2025-04-29 14:56:00,2025-04-29 14:56:00,22.289005279541016,223621.0,0.8437069584251926,2025-04-29,14:56:00
20.71910793095904,27.80054164666905,20.500000000007994,0.7693416261415519,0.0,0.0,,21.113657392259427,21.750547409057617,21.102829697383676,27.125654267532294,22.039700990921904,22.716175781767706,21.29008537712879,21.232622484375252,21.016521009980323,23.09786354843089,21.353516518756877,20.795276181487093,20.50221750594902,6816,4,20.623352420207706,20.500400127735986,713,21390.0,356.5,2025-04-29 14:56:30,2025-04-29 14:56:30,21.809329986572266,243803.0,0.8817503911969911,2025-04-29,14:56:30
20.715372307972327,27.596900939941406,20.500000000007994,0.752676462848358,0.0,0.0,,21.107604444278724,21.750547409057617,21.092501187546354,27.1259854927257,22.156545735708402,22.71616674610343,21.280832639448356,21.20262417859016,21.00173114109461,23.097893805778508,21.35547486921884,20.78639538531782,20.502283379121366,6816,4,20.622600939415843,20.50040158122125,714,21420.0,357.0,2025-04-29 14:57:00,2025-04-29 14:57:00,21.81542205810547,233928.0,0.8830542276897165,2025-04-29,14:57:00
20.715081906578845,27.352878233178284,20.500000000007994,0.745366086518845,0.0,0.0,,21.101151160628437,21.832820892333984,21.084212715101938,27.126121050133975,22.221676843404534,23.003224967030782,21.297935054710774,21.173966144962865,20.987253695591527,22.95108116300513,21.341039492433648,20.80719923190896,20.50241707287909,6842,4,20.62115366635201,20.500401178222468,715,21450.0,357.5,2025-04-29 14:57:30,2025-04-29 14:57:30,21.85550308227539,234585.0,0.8791898458980754,2025-04-29,14:57:30
20.710333600696448,27.129400220627033,20.500000000007994,0.7232864339204524,0.0,0.0,,21.094336023069225,21.832820892333984,21.07655674887713,27.12619665861751,22.265129840029484,23.003243882408807,21.30241444134576,21.146583626127462,20.97309149666547,22.951053867084408,21.333202272584035,20.797538792256283,20.502460848837607,6842,4,20.6197436803581,20.50040111867935,716,21480.0,358.0,2025-04-29 14:58:00,2025-04-29 14:58:00,21.388273239135746,249977.0,0.8998766636530561,2025-04-29,14:58:00
20.70525505185706,27.71895980834961,20.500000000007994,0.6871870457019406,0.0,0.0,,21.08719576866317,21.43504905700684,21.063043562531114,24.156615051562838,22.025640619900383,23.003249378447975,21.30290476041096,21.120415016342147,20.959246448435618,23.38412160101999,21.366394750562208,20.82023438987412,20.502693849647354,6881,1,20.62616853144663,20.5004014272131,717,21510.0,358.5,2025-04-29 14:58:30,2025-04-29 14:58:30,22.160642623901367,237911.0,0.8705040303937187,2025-04-29,14:58:30
20.699815362263905,27.71895980834961,20.500000000007994,0.6625766044755019,0.0,0.0,,21.07976498621081,21.43504905700684,21.050141871543907,24.15634964323967,21.934166547026855,23.003250962790528,21.301859757523594,21.09540174659286,20.945719540823685,23.384191349242162,21.378265643328966,20.80980835152261,20.502744181307435,6881,1,20.62494864737393,20.50040185675843,718,21540.0,359.0,2025-04-29 14:59:00,2025-04-29 14:59:00,22.133861541748047,235631.0,0.8660282788554986,2025-04-29,14:59:00
20.71103925180101,28.32564926147461,20.500000000007994,0.7311184270807852,0.0,0.0,,21.072076101400278,22.33859634399414,21.05252239817602,24.156244166466657,21.885339368925706,24.041462793773725,21.39102744552084,21.07148816497827,20.932510948669016,23.364756866420475,21.381789610549056,20.786081227202274,20.50243714619787,6815,5,20.62285273574484,20.50040239508852,719,21570.0,359.5,2025-04-29 14:59:30,2025-04-29 14:59:30,22.438486099243164,219352.0,0.8538945108774937,2025-04-29,14:59:30
20.707280449430925,28.32564926147461,20.500000000007994,0.7151882798208226,0.0,0.0,,21.06415949781853,22.33859634399414,21.05533952099601,24.15618779431829,21.85431615729801,24.04155260799839,21.43100361398502,21.04862141445807,20.91962015863896,23.364763085971184,21.383921481260913,20.777381804921138,20.502457687907444,6815,5,20.620961711908492,20.500403029076402,720,21600.0,360.0,2025-04-29 15:00:00,2025-04-29 15:00:00,22.56643295288086,218029.0,0.8552992807149508,2025-04-29,15:00:00
20.704646056136713,28.75521278381348,20.500000000007994,0.7135402600116539,0.0,0.0,,21.05604365972936,21.607288360595703,21.04630132613584,24.15615177904887,21.83234467561059,24.041590379621177,21.45389705431009,21.02675130973638,20.907045992092268,22.65764892457053,21.321872672592384,20.776601993454634,20.502544593860556,6826,4,20.61766585067338,20.500403745014253,721,21630.0,360.5,2025-04-29 15:00:30,2025-04-29 15:00:30,21.580385208129883,247765.0,0.8769176437349908,2025-04-29,15:00:30
20.700411277460688,28.75521278381348,20.500000000007994,0.6975172300605997,0.0,0.0,,21.04775529735617,21.607288360595703,21.037264203696957,24.15612605032746,21.815535870193806,24.04161138342597,21.469121551726282,21.0058302147279,20.89478660135749,22.65752455693383,21.295702051704883,20.7681567001986,20.502578145550892,6826,4,20.615217549631392,20.500404528949314,722,21660.0,361.0,2025-04-29 15:01:00,2025-04-29 15:01:00,21.44937324523925,246206.0,0.8832400510141913,2025-04-29,15:01:00
20.692882166744962,28.347948656035793,20.500000000007994,0.6563895629625119,0.0,0.0,,21.039319447539306,21.4902401,21.026730669834045,23.973882670467088,21.78391940347704,24.04162513199765,21.480375251688695,20.985812921730457,20.882839458912414,22.68848392385936,21.283652031043026,20.79813956322873,20.50279877338637,6878,2,20.61294019581303,20.500405367040003,723,21690.0,361.5,2025-04-29 15:01:30,2025-04-29 15:01:30,21.55756950378418,247491.0,0.8824231866007248,2025-04-29,15:01:30
20.686975362330088,27.922995098051985,20.500000000007994,0.6272571151041683,0.0,0.0,,21.03075955415486,21.4902401,21.016715294403703,23.805433542830105,21.750795431577462,24.0416350869049,21.48933362521227,20.966656533148246,20.871201363840132,22.688465960000848,21.274309132569243,20.787965074386182,20.502837079583465,6878,2,20.610755961007904,20.500406245956235,724,21720.0,362.0,2025-04-29 15:02:00,2025-04-29 15:02:00,21.45377922058105,246034.0,0.8865445172211971,2025-04-29,15:02:00
20.681354701774136,27.494268789926362,20.500000000007994,0.6017401984396265,0.0,0.0,,21.02209753528892,21.493555068969727,21.007335440898693,23.648630370650586,21.716821141114963,23.84352127671901,21.472862262944734,20.9483203463787,20.859868603649367,22.605809813378112,21.259084126361277,20.778191937089233,20.502869379661796,6878,2,20.608489549399906,20.50040715330207,725,21750.0,362.5,2025-04-29 15:02:30,2025-04-29 15:02:30,21.5605525970459,249107.0,0.8841599694107352,2025-04-29,15:02:30
20.67544626158567,27.07121596354044,20.500000000007994,0.5750694755165282,0.0,0.0,,21.01335384327942,21.493555068969727,20.99851860884064,23.501878165540763,21.68246183464676,23.663132907510143,21.4534749430439,20.93076574232635,20.84883712705401,22.605783579289817,21.24911575342477,20.768773672798194,20.502887700675238,6878,2,20.606369111534168,20.500408077999253,726,21780.0,363.0,2025-04-29 15:03:00,2025-04-29 15:03:00,21.555076599121094,248963.0,0.8845850713760679,2025-04-29,15:03:00
20.6673574277201,26.660148135624937,20.500000000007994,0.5397412038448886,0.0,0.0,,21.004547521904584,21.57745933532715,20.991567549484305,23.363961763492934,21.648049679226045,22.606510865702358,21.358053709434643,20.91395607791673,20.83810261976501,22.721985322978693,21.251681718696304,20.760548120841822,20.502930718396826,6881,2,20.604563194477592,20.500409010576632,727,21810.0,363.5,2025-04-29 15:03:30,2025-04-29 15:03:30,21.51093101501465,249024.0,0.8867157382420972,2025-04-29,15:03:30
20.66202793565371,26.26515840694766,20.500000000007994,0.5172747317885371,0.0,0.0,,20.99569626330402,21.57745933532715,20.985057429723575,23.23393226349722,21.61382409727102,22.60641346139152,21.314900700088568,20.897856582887737,20.827660525469735,22.72199484316991,21.24939794039413,20.75177286556441,20.502965633040418,6881,2,20.602683166623432,20.50040994333704,728,21840.0,364.0,2025-04-29 15:04:00,2025-04-29 15:04:00,21.31106376647949,247801.0,0.8950858627487379,2025-04-29,15:04:00
20.662169218066584,26.441370010375977,20.500000000007994,0.5266549288561558,0.0,0.0,,20.986816465947403,21.83016395568848,20.9829525529555,23.111030788942927,21.579959099110173,24.03147862486465,21.414561426639672,20.882434261021565,20.817506078949748,23.09124052546118,21.279083123826382,20.741310144632685,20.502976634006167,6881,1,20.60157413563192,20.500410870395918,729,21870.0,364.5,2025-04-29 15:04:30,2025-04-29 15:04:30,21.862916946411133,234060.0,0.8780592449585576,2025-04-29,15:04:30
20.657911091078226,26.441370010375977,20.500000000007994,0.510701686644625,0.0,0.0,,20.97792329408697,21.83016395568848,20.981052422209157,22.99463656304399,21.5465818573335,24.03157969944495,21.45515964215287,20.867657795882753,20.80763434700736,23.091302880543044,21.28963706823004,20.733361891295797,20.502999594618004,6881,1,20.600104572499067,20.50041196595953,730,21900.0,365.0,2025-04-29 15:05:00,2025-04-29 15:05:00,21.30576133728028,247622.0,0.88840532394133,2025-04-29,15:05:00
20.65399742819988,26.190016274599046,20.500000000007994,0.4948040506866273,0.0,0.0,,20.96903073855821,21.31762313842773,20.970959319511447,23.404875717759303,21.558369122714236,24.031617472404076,21.47660310222581,20.85349746105864,20.79804026771827,22.409914203601026,21.23308575091023,20.742779364532144,20.50311373908902,6910,0,20.597524249020836,20.500413425003515,731,21930.0,365.5,2025-04-29 15:05:30,2025-04-29 15:05:30,21.385517120361328,248344.0,0.8920684363221982,2025-04-29,15:05:30
20.64969787673732,25.93204003226021,20.500000000007994,0.4773739247463746,0.0,0.0,,20.96015167845685,21.31762313842773,20.96104347710707,23.404891450048275,21.555303306550442,24.031636435279616,21.489925144664692,20.839925034849042,20.788718685044664,22.409800361624672,21.2093613945796,20.73449978218694,20.503148064915184,6910,0,20.595525706336666,20.50041460363999,732,21960.0,366.0,2025-04-29 15:06:00,2025-04-29 15:06:00,21.32176780700684,247687.0,0.8898743045658432,2025-04-29,15:06:00
20.646081686784807,25.673120673993967,20.500000000007994,0.46478273855178726,0.0,0.0,,20.951297943061952,21.33894157409668,20.951923403142406,23.429309454506,21.551314636718754,24.031647910433577,21.499266832643222,20.82691371931484,20.779664267515688,22.423922567347443,21.197165048498714,20.71596891972176,20.503099798024188,6882,1,20.59379548919021,20.500415512365777,733,21990.0,366.5,2025-04-29 15:06:30,2025-04-29 15:06:30,21.39348220825196,247919.0,0.8882129848861927,2025-04-29,15:06:30
20.642284013464426,25.417272719052576,20.500000000007994,0.45110466695145907,0.0,0.0,,20.942480373338142,21.33894157409668,20.943305888656457,23.429307475956595,21.54531017044586,24.031655772461498,21.50643192685462,20.814438063548323,20.770871417352733,22.423904081346866,21.18808379598184,20.708757424304558,20.503107347393343,6882,1,20.59214123834003,20.500416161959112,734,22020.0,367.0,2025-04-29 15:07:00,2025-04-29 15:07:00,21.412384033203125,247681.0,0.8903895661152854,2025-04-29,15:07:00
20.639152198634697,25.16730320831083,20.500000000007994,0.4419211869273084,0.0,0.0,,20.933708882372787,21.376230239868164,20.9357647155477,23.429303102489808,21.53889753545377,24.22374012114155,21.529089819705433,20.80247389096805,20.76233436705529,22.545578842319138,21.191500637871325,20.701294969251865,20.50308714866666,6880,2,20.5907873389413,20.50041656335183,735,22050.0,367.5,2025-04-29 15:07:30,2025-04-29 15:07:30,21.334178924560547,247483.0,0.8885322426186849,2025-04-29,15:07:30
20.635677036583324,24.92513345203592,20.500000000007994,0.43040921117657593,0.0,0.0,,20.92499251414603,21.376230239868164,20.928651469596677,23.429298168303603,21.53255444468674,24.223761435058805,21.541824768225247,20.790998230437786,20.754047316557422,22.545590072592287,21.189650515273165,20.69461097641094,20.503076456551312,6880,2,20.58935831723645,20.500416986102977,736,22080.0,368.0,2025-04-29 15:08:00,2025-04-29 15:08:00,21.249351501464844,247534.0,0.8927897278757666,2025-04-29,15:08:00
20.632075784585307,24.692027884577378,20.500000000007994,0.41837865335349583,0.0,0.0,,20.91633950012825,21.247129440307617,20.919837115208935,23.429293239201776,21.526459880594643,24.223772331877683,21.55079163657063,20.779989251060268,20.74600450613616,22.360735046237128,21.169920333706933,20.68835786863592,20.50312612526,6881,2,20.587557509787363,20.50041779536126,737,22110.0,368.5,2025-04-29 15:08:30,2025-04-29 15:08:30,21.336952209472656,248261.0,0.8910060254127712,2025-04-29,15:08:30
20.628789067064034,24.46876166485009,20.500000000007994,0.4082692835476964,0.0,0.0,,20.90775731336167,21.247129440307617,20.91140494065476,23.429288517830734,21.52068261292202,24.22377954420892,21.557862398588902,20.769426200526418,20.73820023927536,22.360698179797147,21.159466665265107,20.68213989255142,20.503112400199154,6881,2,20.585986478028214,20.500418588015144,738,22140.0,369.0,2025-04-29 15:09:00,2025-04-29 15:09:00,21.68120574951172,241731.0,0.8810598092507788,2025-04-29,15:09:00
20.63133364582051,25.49847412109375,20.500000000007994,0.42628120480903914,0.0,0.0,,21.495184190335596,21.484132766723636,20.907201027215024,23.645155296399654,21.534996270122353,22.768054848556954,21.43645702616785,20.759289346898306,20.730628849798954,22.947527256198704,21.20479640031041,20.682283097327872,20.503016427383688,6858,2,20.589260048482778,20.500419364714485,739,22170.0,369.5,2025-04-29 15:09:30,2025-04-29 15:09:30,21.48497009277344,242227.0,0.8819958267451605,2025-04-29,15:09:30
20.628715749387574,25.49847412109375,20.500000000007994,0.4182339594274101,0.0,0.0,,21.679318172359398,21.484132766723636,20.903320621649403,23.645173161690757,21.538408621299347,22.767932646011523,21.38296189306414,20.749559923679588,20.723284667070544,22.947622316127646,21.22133325211145,20.67645931013243,20.503047576267058,6858,2,20.59054723648872,20.500420126558332,740,22200.0,370.0,2025-04-29 15:10:00,2025-04-29 15:10:00,21.27792930603028,247503.0,0.8820861514809921,2025-04-29,15:10:00
20.628998914022034,25.330163765926578,20.500000000007994,0.423450119257478,0.0,0.0,,21.720496873738025,21.34680748,20.897401551499836,23.379590282931936,21.514435906916027,22.767882351051636,21.352803441437388,20.74022007799985,20.716162080639364,22.39322833820773,21.17922903593137,20.68032947732672,20.503038607106532,6856,2,20.589314948145525,20.500422271970354,741,22230.0,370.5,2025-04-29 15:10:30,2025-04-29 15:10:30,21.27005386352539,247858.0,0.9064026831895682,2025-04-29,15:10:30
20.6261433987615,25.1425382923947,20.500000000007994,0.412606528840797,0.0,0.0,,21.75674809846304,21.34680748,20.89164618131163,23.379565497265972,21.503089130523335,22.767854910314576,21.333014420041213,20.731252821742533,20.70925562497702,22.393142438393546,21.162386297099424,20.6746416565636,20.503010716369097,6856,2,20.588730634963905,20.500424745940343,742,22260.0,371.0,2025-04-29 15:11:00,2025-04-29 15:11:00,21.200151443481445,251465.0,0.8975715432565168,2025-04-29,15:11:00
20.621976174021032,24.94233322404145,20.500000000007994,0.39318033450762635,0.0,0.0,,21.788461163469417,21.31976890563965,20.88567871361375,23.1119737033973,21.470921348018155,22.76783720669218,21.31853665423603,20.722641985478074,20.702559883204586,22.230680183413064,21.138677481301656,20.68871057823767,20.50336167133105,6910,0,20.587750271313627,20.500427035646563,743,22290.0,371.5,2025-04-29 15:11:30,2025-04-29 15:11:30,21.283647537231445,251675.0,0.9072410474818716,2025-04-29,15:11:30
20.618618057585575,24.735720242136583,20.500000000007994,0.37909173876114544,0.0,0.0,,21.816083120364397,21.31976890563965,20.87995132228329,23.111939291061937,21.45430511666347,22.767824516218408,21.307094173628876,20.71437217505858,20.696069356574892,22.230636826691402,21.126090229956137,20.68249777481009,20.503347349026328,6910,0,20.587138080386737,20.50042913741213,744,22320.0,372.0,2025-04-29 15:12:00,2025-04-29 15:12:00,21.173206329345703,250887.0,0.9077968243671454,2025-04-29,15:12:00
20.615520035565606,24.527760913597465,20.500000000007994,0.36756170701239355,0.0,0.0,,21.81079518733538,21.19618034362793,20.87248842997537,23.3094085666172,21.460899773589333,22.64942387036879,21.285911903934213,20.70642873068243,20.689778499160575,22.244237068998086,21.118645758806522,20.67650406435426,20.503308795540164,6910,0,20.58638651988324,20.500431048571965,745,22350.0,372.5,2025-04-29 15:12:30,2025-04-29 15:12:30,21.1916618347168,252033.0,0.9007760764463384,2025-04-29,15:12:30
20.61210733661061,24.32232112086055,20.500000000007994,0.35419628224532956,0.0,0.0,,21.788544363042256,21.19618034362793,20.865311472588537,23.309417043080124,21.459684274656365,22.540503355277604,21.263870064258715,20.698797688232975,20.683681802830186,22.244226643976667,21.112246404980816,20.67071714925368,20.503295677537096,6910,0,20.585310509793718,20.500432767126078,746,22380.0,373.0,2025-04-29 15:13:00,2025-04-29 15:13:00,21.197668075561523,248789.0,0.9044519150766313,2025-04-29,15:13:00
20.610633680080443,24.234220504760746,20.500000000007994,0.3531577073711371,0.0,0.0,,21.761628262957682,21.22315216064453,20.858908745856,23.224625030542956,21.44904287163568,22.43948991400811,21.241406170204552,20.691465742744732,20.67777386836225,22.325006472410287,21.113861798011,20.65934666989559,20.503157792907707,6882,1,20.584236427731845,20.500434291475216,747,22410.0,373.5,2025-04-29 15:13:30,2025-04-29 15:13:30,21.31760025024414,248427.0,0.8925324391068604,2025-04-29,15:13:30
20.60773322900165,24.234220504760746,20.500000000007994,0.343217594294914,0.0,0.0,,21.732602287304445,21.22315216064453,20.852835978905855,23.224614505670292,21.442399660608395,22.345236311888698,21.218820352913607,20.68442021389487,20.672049441485516,22.325013229024684,21.111918835899527,20.654355807958925,20.50315292425423,6882,1,20.583095380434646,20.500435620265407,748,22440.0,374.0,2025-04-29 15:14:00,2025-04-29 15:14:00,21.635013580322266,242815.0,0.888103854786566,2025-04-29,15:14:00
20.62933638586656,25.972095489501957,20.500000000007994,0.4812035146060668,0.0,0.0,,21.7649931349272,21.62751579284668,20.853548244422363,23.82394706645393,21.491888915230028,25.092181692191264,21.44269699212736,20.67764901355338,20.666623046894706,22.936176014618905,21.163965690831045,20.654759899944647,20.502813944545203,6822,3,20.584586480766482,20.500436752329875,749,22470.0,374.5,2025-04-29 15:14:30,2025-04-29 15:14:30,21.997766494750977,229423.0,0.876097794793896,2025-04-29,15:14:30
20.628830148926962,25.972095489501957,20.500000000007994,0.4803770579257036,0.0,0.0,,21.800020216903864,21.62751579284668,20.854376244416308,23.824003386263357,21.510857996180885,25.092406141745972,21.54132183810963,20.671140620767634,20.661597417717623,22.9362828143395,21.184510691142208,20.65045274285309,20.50281414697435,6822,3,20.585165663672214,20.50043768669365,750,22500.0,375.0,2025-04-29 15:15:00,2025-04-29 15:15:00,21.37204933166504,242233.0,0.8972434985117634,2025-04-29,15:15:00
20.627204847969754,25.780940273932487,20.500000000007994,0.44885880414476603,0.0,0.0,,21.83268071765995,21.34839439,20.85059343233919,23.100351804771925,21.45461229176391,23.226064833482003,21.433759301089097,20.664884082994348,20.656940595611594,22.542131759874273,21.159726432321772,20.68058514335712,20.50299664865517,6852,2,20.58400938159476,20.50043842260262,751,22530.0,375.5,2025-04-29 15:15:30,2025-04-29 15:15:30,21.378772735595703,248801.0,0.8931923128323439,2025-04-29,15:15:30
20.62458915940884,25.565535246807027,20.500000000007994,0.4342996091297942,0.0,0.0,,21.862301522556738,21.34839439,20.84672450799029,23.10029077347776,21.43221435760076,23.225952995676373,21.395194362809104,20.65886903595868,20.652600368137662,22.54207918796065,21.15143932647589,20.67510848019031,20.503001256739417,6852,2,20.583598382146615,20.500438959570758,752,22560.0,376.0,2025-04-29 15:16:00,2025-04-29 15:16:00,21.123178482055664,251397.0,0.9104710999932378,2025-04-29,15:16:00
20.620473646060987,25.337869213444442,20.500000000007994,0.4125064647413423,0.0,0.0,,21.888885054182534,21.11194610595703,20.83913053680889,22.8426611580149,21.39569886668399,23.22591640915271,21.37751504479318,20.653085713008448,20.64852819130992,22.18533814514554,21.115883574673433,20.68596825727295,20.50329380492918,6910,0,20.582394310716868,20.5004392975236,753,22590.0,376.5,2025-04-29 15:16:30,2025-04-29 15:16:30,21.31028938293457,249616.0,0.912132660766938,2025-04-29,15:16:30
20.61728632635346,25.104759620843353,20.500000000007994,0.3964982756394557,0.0,0.0,,21.91262132602731,21.11194610595703,20.83174363178523,22.84262114219393,21.376514810478493,23.225900599751196,21.368123818756054,20.647524930537678,20.64468374963735,22.18526854024767,21.10016560068974,20.68008380345998,20.5032749798315,6910,0,20.581772890537163,20.50043943713218,754,22620.0,377.0,2025-04-29 15:17:00,2025-04-29 15:17:00,21.16987419128418,251302.0,0.9136153910434456,2025-04-29,15:17:00
20.618988359972125,24.871819880612495,20.500000000007994,0.40727193551391017,0.0,0.0,,21.90050228710739,21.14196014404297,20.82518927110945,22.864824986435465,21.36546199202873,23.225892378078555,21.362506821383136,20.64217805105353,20.641033335274123,22.649273587321897,21.13251312333158,20.672870623120467,20.503127569526026,6882,1,20.581756039571182,20.500439380230063,755,22650.0,377.5,2025-04-29 15:17:30,2025-04-29 15:17:30,21.450803756713867,235549.0,0.8811366610556615,2025-04-29,15:17:30
20.616452949443133,24.78084182739257,20.500000000007994,0.3959493372938651,0.0,0.0,,21.8699775112881,21.14196014404297,20.81899863279567,22.864813241487223,21.356256524240457,23.225887479438256,21.35878240916815,20.637036931678036,20.637548745204636,22.649342655689168,21.14355306432966,20.66769184179539,20.503121818402555,6882,1,20.58103960925888,20.500438641021823,756,22680.0,378.0,2025-04-29 15:18:00,2025-04-29 15:18:00,21.089506149291992,250976.0,0.917542040872434,2025-04-29,15:18:00
20.615904404480876,24.627163267423512,20.500000000007994,0.3952785584866827,0.0,0.0,,21.83726785696893,21.04905891418457,20.81165081703486,22.78046897842193,21.340745141644,23.078206685532223,21.340189230019938,20.63209386623721,20.63420651800924,22.453222947643997,21.130607877138257,20.66921784379132,20.503114261318945,6881,1,20.579663964318723,20.500435147586224,757,22710.0,378.5,2025-04-29 15:18:30,2025-04-29 15:18:30,21.32750701904297,237258.0,0.8893379648947559,2025-04-29,15:18:30
20.612890404721988,24.459441393374796,20.500000000007994,0.38131249042087484,0.0,0.0,,21.805623471937487,21.04905891418457,20.80464496727581,22.780452444943016,21.33062219752088,22.943094983050408,21.31992998268986,20.62734152736396,20.630987314272314,22.453196206186202,21.125539245040223,20.664001004719886,20.503106859475324,6881,1,20.578483487588553,20.50043196792804,758,22740.0,379.0,2025-04-29 15:19:00,2025-04-29 15:19:00,21.089889526367188,250016.0,0.9152214883247471,2025-04-29,15:19:00
20.609315248813726,24.29907434003046,20.500000000007994,0.36412982084507206,0.0,0.0,,21.773720146152282,21.01834487915039,20.7975159167066,22.740724551897674,21.318932587409922,22.818378729689183,21.298636116071243,20.622772912965747,20.62787524233167,22.1715182450278,21.09752020067558,20.668717733980372,20.50320368398003,6910,0,20.576784914379942,20.500432166984595,759,22770.0,379.5,2025-04-29 15:19:30,2025-04-29 15:19:30,21.04157829284668,249662.0,0.916336887471862,2025-04-29,15:19:30
20.60607811418625,24.15359984384877,20.500000000007994,0.3492552007696269,0.0,0.0,,21.74120894615159,21.01834487915039,20.790756679448478,22.74071234042559,21.31047264902734,22.70247703850242,21.27674711170358,20.61838129955748,20.624857226965783,22.1714635498778,21.0847668719144,20.66338679828571,20.503196260620157,6910,0,20.57542836397858,20.500431471291332,760,22800.0,380.0,2025-04-29 15:20:00,2025-04-29 15:20:00,21.08967399597168,251055.0,0.9148618455119396,2025-04-29,15:20:00
20.612446689216153,25.678884506225582,20.500000000007994,0.4020064168997175,0.0,0.0,,21.708459321753317,21.06102943,20.78504698173386,23.500558482890707,21.3729558516579,24.098475041868685,21.386091853913694,20.61416020350719,20.62192251616054,22.841775723446037,21.1371377873185,20.65227276156825,20.503076713231195,6881,1,20.57613333136732,20.50043063951916,761,22830.0,380.5,2025-04-29 15:20:30,2025-04-29 15:20:30,21.665264129638672,234954.0,0.8605121241817547,2025-04-29,15:20:30
20.61069692767784,25.678884506225582,20.500000000007994,0.3962479703421624,0.0,0.0,,21.675737086768184,21.06102943,20.779664669647346,23.50062903941953,21.39675368492758,24.098583813711095,21.433593378139797,20.610103350237484,20.619062291325793,22.841884342969035,21.157065716235504,20.647693750356023,20.50306107236631,6881,1,20.575728985440204,20.50042967754721,762,22860.0,381.0,2025-04-29 15:21:00,2025-04-29 15:21:00,21.011287689208984,250897.0,0.92143426884339,2025-04-29,15:21:00
20.607178350933236,25.49216845566124,20.500000000007994,0.37888406119707907,0.0,0.0,,21.64324008379603,20.989776611328125,20.773418537705165,23.214458327324373,21.383000687381877,24.098628044635177,21.460119527268784,20.60620465080719,20.61626943480382,22.084304498636165,21.098991379617715,20.655648731117477,20.50315730258327,6910,0,20.573355093120412,20.50042859142612,763,22890.0,381.5,2025-04-29 15:21:30,2025-04-29 15:21:30,21.062631607055664,250566.0,0.9206682321224748,2025-04-29,15:21:30
20.604650443675343,25.290625024880168,20.500000000007994,0.36819854307993766,0.0,0.0,,21.611117085554966,20.989776611328125,20.76745155632889,23.21444465467927,21.379340562541703,24.0986519199005,21.477418741025925,20.602458184977024,20.613538346356638,22.084185124744153,21.07618246295635,20.6507563647051,20.503158781121655,6910,0,20.571880877399252,20.50042833652147,764,22920.0,382.0,2025-04-29 15:22:00,2025-04-29 15:22:00,20.956693649291992,250642.0,0.9210090362947948,2025-04-29,15:22:00
20.602100967123516,25.07886938186036,20.500000000007994,0.35793668445887605,0.0,0.0,,21.579479878350618,21.04195785522461,20.76262113754479,23.190051607617356,21.3755106366194,24.098667194335544,21.49003273769884,20.598858189747837,20.610864569509992,21.983342267815342,21.05516092905337,20.646021727084516,20.503131622192083,6910,0,20.570478710233953,20.500428771041015,765,22950.0,382.5,2025-04-29 15:22:30,2025-04-29 15:22:30,21.05268287658692,250964.0,0.9213825239875042,2025-04-29,15:22:30
20.599726081577447,24.86185188766606,20.500000000007994,0.34901753689556914,0.0,0.0,,21.54841178046532,21.04195785522461,20.758061454196955,23.19004837972923,21.37355099367614,24.098678081224232,21.49999195604429,20.595399052318477,20.608244409518385,21.983304780685813,21.043247316082727,20.641440992825224,20.503109799401326,6910,0,20.56930406293496,20.500429169632298,766,22980.0,383.0,2025-04-29 15:23:00,2025-04-29 15:23:00,21.08242988586425,250650.0,0.9175539846399362,2025-04-29,15:23:00
20.597005166248216,24.643967321606343,20.500000000007994,0.3367311728223392,0.0,0.0,,21.517973943253924,21.07210922241211,20.754210549595914,23.224164879289486,21.375322491035767,23.89714887548094,21.483700716500255,20.592075306395277,20.605674806222257,22.08284964045469,21.04369486770761,20.63700738182584,20.50310246326402,6910,0,20.56844689256989,20.500429531673717,767,23010.0,383.5,2025-04-29 15:23:30,2025-04-29 15:23:30,21.059839248657227,250528.0,0.9189549172148422,2025-04-29,15:23:30
20.594258698388348,24.428750764748592,20.500000000007994,0.3246568799621539,0.0,0.0,,21.48821013527267,21.07210922241211,20.750549406584366,23.22416772857719,21.375589262091292,23.713679962699537,21.464421685638296,20.588881630876223,20.60315330027186,22.08285466258743,21.040668407884084,20.63271963900306,20.503085802087305,6910,0,20.567513499299732,20.500429856685965,768,23040.0,384.0,2025-04-29 15:24:00,2025-04-29 15:24:00,21.102094650268555,248429.0,0.9114072833686888,2025-04-29,15:24:00
20.594545769462748,24.23017883300781,20.500000000007994,0.3322528169672596,0.0,0.0,,21.459150434722712,21.096649169921875,20.74743937466363,23.229040375754394,21.375908399231683,23.54503947261051,21.4431195227205,20.585812850119407,20.600677985524356,22.000024175932808,21.029556240387155,20.625765582388862,20.502987961746186,6882,1,20.566435159192952,20.500430144437033,769,23070.0,384.5,2025-04-29 15:24:30,2025-04-29 15:24:30,21.003005981445312,247652.0,0.914166097992344,2025-04-29,15:24:30
20.59226908187098,24.23017883300781,20.500000000007994,0.32339228458947356,0.0,0.0,,21.430814112632305,21.096649169921875,20.74446192810367,23.22904146474375,21.375824096667873,23.388883784559358,21.420471192065722,20.58286393518475,20.59824743412506,22.000004350158047,21.022758293685477,20.622004654996996,20.502961574763027,6882,1,20.565455983545093,20.500429331640483,770,23100.0,385.0,2025-04-29 15:25:00,2025-04-29 15:25:00,20.554311752319336,246008.0,0.9202504974431726,2025-04-29,15:25:00
20.5892127450614,24.099935519883566,20.500000000007994,0.30938363156257126,0.0,0.0,,21.403211904035146,20.60371971130371,20.73368473464555,23.152946586709945,21.368631049196235,23.243469973993346,21.396960311854972,20.580030005579456,20.59586058263012,21.609454949491322,20.982511198084744,20.626961888675066,20.50302677379937,6910,0,20.56358010292557,20.50042724640278,771,23130.0,385.5,2025-04-29 15:25:30,2025-04-29 15:25:30,21.02841758728028,249980.0,0.9212723892911432,2025-04-29,15:25:30
20.58663390823107,23.953054563056288,20.500000000007994,0.2982937232081063,0.0,0.0,,21.37634780930875,20.60371971130371,20.723197867877506,23.15293916264706,21.36533143685357,23.107468216765614,21.37293842938461,20.577306331139784,20.59351661950404,21.609377176818423,20.963107942641514,20.623002247024477,20.50301459212139,6910,0,20.562197539393956,20.50042741373974,772,23160.0,386.0,2025-04-29 15:26:00,2025-04-29 15:26:00,21.08321762084961,250785.0,0.922738102358594,2025-04-29,15:26:00
20.58433048387437,23.795662787145925,20.500000000007994,0.28795734495910297,0.0,0.0,,21.350220530443465,21.07442283630371,20.720809041526575,23.099669494777594,21.358330552012088,22.979837927904324,21.348665271580625,20.57468833375791,20.591214888047624,22.031271140898394,20.98844126412288,20.61917049370055,20.50299578862988,6910,0,20.56185478333224,20.50042712663887,773,23190.0,386.5,2025-04-29 15:26:30,2025-04-29 15:26:30,21.39144897460937,250101.0,0.9142830046661148,2025-04-29,15:26:30
20.58199381218541,23.633195449556894,20.500000000007994,0.2784871381869368,0.0,0.0,,21.324824620825957,21.07442283630371,20.718867863712404,23.099662097373134,21.354606600282285,22.85974491857456,21.324335524684546,20.572171588731774,20.58895481190593,22.031328062422894,20.99505344496816,20.615466803039542,20.502971627303452,6910,0,20.561168631076356,20.500423160658706,774,23220.0,387.0,2025-04-29 15:27:00,2025-04-29 15:27:00,21.25602531433105,247583.0,0.9033681381597284,2025-04-29,15:27:00
20.581244042748885,24.11045265197754,20.500000000007994,0.28351136033991997,0.0,0.0,,21.300151408346192,21.26278305053711,20.720087895763633,23.09975547479754,21.35201312578069,22.74650521868036,21.300096906662276,20.56975182557807,20.586735940640967,22.25291616126545,21.016095054386167,20.60478915786386,20.502879776933057,6882,1,20.560859352271468,20.50042175957182,775,23250.0,387.5,2025-04-29 15:27:30,2025-04-29 15:27:30,21.201091766357425,251294.0,0.9134930723574776,2025-04-29,15:27:30
20.579372070029265,24.11045265197754,20.500000000007994,0.2776741282952552,0.0,0.0,,21.276189737911388,21.26278305053711,20.721295967793427,23.099752927157873,21.34996006039846,22.639546423030776,21.276062555757022,20.567424928224927,20.584558016042834,22.25295955588584,21.024107341063694,20.601747623061353,20.5028642825433,6882,1,20.56029307498832,20.500421824534797,776,23280.0,388.0,2025-04-29 15:28:00,2025-04-29 15:28:00,21.52183532714844,247940.0,0.9091557559288538,2025-04-29,15:28:00
20.585359128693096,25.713281631469727,20.500000000007994,0.3517580681862413,0.0,0.0,,21.252926569290235,21.14204216003418,20.720418699829402,23.087633198316738,21.347117852696936,25.71090013201211,21.5308326834787,20.56518693458587,20.582420927893608,22.152934673193805,21.018942871730516,20.608260589872728,20.502915829771403,6910,0,20.55943394550632,20.50042187112404,777,23310.0,388.5,2025-04-29 15:28:30,2025-04-29 15:28:30,21.127723693847656,250806.0,0.9199716364441042,2025-04-29,15:28:30
20.58431912694719,25.713281631469727,20.500000000007994,0.35057007242169935,0.0,0.0,,21.23034745861052,21.14204216003418,20.719405151827733,23.08763036781966,21.34511447678763,25.71115469907198,21.644667871908915,20.563034035556274,20.580324640695768,22.152923784853286,21.017298953121998,20.604939340475138,20.50289649630914,6910,0,20.558692252773678,20.500421903136193,778,23340.0,389.0,2025-04-29 15:29:00,2025-04-29 15:29:00,21.287687301635746,248215.0,0.9116230510847452,2025-04-29,15:29:00
20.574704428594263,23.713280128556463,20.500000000007994,0.25951475552458886,0.0,0.0,,21.208436946024637,21.03697967529297,20.716653476661484,22.973643525025413,21.33303781310067,22.624549371235457,21.440436246439184,20.560962573467602,20.578269109626884,22.064409915440265,21.008636885900824,20.601733891316833,20.502892963407,6910,0,20.557693019688305,20.50042192402325,779,23370.0,389.5,2025-04-29 15:29:30,2025-04-29 15:29:30,21.034442901611328,250689.0,0.921007578114716,2025-04-29,15:29:30
20.57253479041329,23.57056757000798,20.500000000007994,0.25120241154546163,0.0,0.0,,21.18717886750506,21.03697967529297,20.713912977723815,22.97363035811316,21.327076209671052,22.624338972729245,21.359724174939334,20.558969040021868,20.576254223103323,22.064393367475923,21.00473688333923,20.59862709796753,20.502851191558037,6910,0,20.556869708949936,20.50042193665794,780,23400.0,390.0,2025-04-29 15:30:00,2025-04-29 15:30:00,21.02815818786621,250658.0,0.9191414447175036,2025-04-29,15:30:00
20.570808813306716,23.42789234035694,20.500000000007994,0.24609445837425678,0.0,0.0,,21.166556605128797,21.130964279174805,20.71276570950895,23.03061443940807,21.328266126723047,22.624262785199807,21.318670913148253,20.557050073720784,20.57427979844633,22.04325754687046,21.00045536890811,20.59561528810274,20.50282929463579,6910,0,20.556142910877522,20.500420895243355,781,23430.0,390.5,2025-04-29 15:30:30,2025-04-29 15:30:30,21.115800857543945,250913.0,0.9196450811635906,2025-04-29,15:30:30
20.569121244227297,23.28926447411845,20.500000000007994,0.24080005522021952,0.0,0.0,,21.146553287362615,21.130964279174805,20.711693603710415,23.030616032511833,21.327404653466022,22.624225765844567,21.294152359553465,20.555202456816495,20.57234559686075,22.043250440760012,20.997827920683267,20.592698774545283,20.502816948404572,6910,0,20.555431817901564,20.500420283503274,782,23460.0,391.0,2025-04-29 15:31:00,2025-04-29 15:31:00,21.131742477416992,250990.0,0.9189215705805012,2025-04-29,15:31:00
20.567582607342462,23.15450708430972,20.500000000007994,0.23615607043559844,0.0,0.0,,21.127151948628452,21.306978225708008,20.71345978621607,23.018867407003107,21.32508846142281,22.624204038742526,21.277585171420032,20.553423111831595,20.57045134792357,22.146071851131214,21.00503712217859,20.589876653413416,20.50279803897935,6910,0,20.55496941509585,20.500422760792773,783,23490.0,391.5,2025-04-29 15:31:30,2025-04-29 15:31:30,21.283802032470703,248440.0,0.9054964226775076,2025-04-29,15:31:30
20.566081234441377,23.02441572060291,20.500000000007994,0.23186165352146462,0.0,0.0,,21.108335655682943,21.306978225708008,20.7151702320163,23.018865176679984,21.32332340822646,22.62418954285336,21.26526854391535,20.551709097715648,20.568596767330185,22.146087750544314,21.007284886236278,20.58714728473871,20.502761173637886,6910,0,20.554417908316275,20.500424513566664,784,23520.0,392.0,2025-04-29 15:32:00,2025-04-29 15:32:00,21.06647300720215,252682.0,0.9117698455964414,2025-04-29,15:32:00
20.564262640334505,23.010349264193124,20.500000000007994,0.22507155350322194,0.0,0.0,,21.090087606969387,21.10811233520508,20.713533027391954,23.009293966386128,21.32089771106796,22.513837506742927,21.245172503280667,20.5500576057137,20.566781571922277,22.074563716222876,21.001613364555517,20.58450620560087,20.502744899840035,6910,0,20.553645148248336,20.50042409321605,785,23550.0,392.5,2025-04-29 15:32:30,2025-04-29 15:32:30,21.09896850585937,250822.0,0.9225381944167576,2025-04-29,15:32:30
20.562570247839336,23.010349264170635,20.500000000007994,0.21914821993145886,0.0,0.0,,21.072391209999537,21.10811233520508,20.71178335442347,23.00929161069714,21.31910609540696,22.412042845894472,21.224282325799496,20.548465955023968,20.565005488332655,22.074552580373403,20.99908163048699,20.581949776676588,20.502738718927436,6910,0,20.552952713772406,20.500423667869818,786,23580.0,393.0,2025-04-29 15:33:00,2025-04-29 15:33:00,21.0066146850586,250847.0,0.9208615585396676,2025-04-29,15:33:00
20.560784576161666,22.97933196090567,20.500000000007994,0.21242665756272175,0.0,0.0,,21.05523014092112,21.025041580200195,20.708718569859457,22.97829602781991,21.31474195852498,22.317606843182233,21.203020551053783,20.54693158831629,20.563268230528987,21.955175122224645,20.986821657149967,20.579474735827684,20.502717834174533,6910,0,20.552016848723788,20.500423237366718,787,23610.0,393.5,2025-04-29 15:33:30,2025-04-29 15:33:30,21.045873641967773,250542.0,0.920454392377326,2025-04-29,15:33:30
20.55918545320804,22.97933196086446,20.500000000007994,0.20714158296224003,0.0,0.0,,21.03858838967491,21.025041580200195,20.705734915443404,22.978291505976628,21.312145147161527,22.229467029210845,21.181663611848425,20.545452067169574,20.561569472648717,21.95515144818038,20.981027954268104,20.577077552141432,20.502688294975755,6910,0,20.551244338534104,20.500422801280205,788,23640.0,394.0,2025-04-29 15:34:00,2025-04-29 15:34:00,21.372133255004883,247998.0,0.9106257913370268,2025-04-29,15:34:00
20.560338057192133,23.51240538237788,20.500000000007994,0.2270128102276584,0.0,0.0,,21.022450293507177,21.250385284423828,20.706499581658065,23.510960640198054,21.358833598461743,22.548084932909262,21.19362602640926,20.544025067467384,20.559908840705926,22.588995432864888,21.03417030292141,20.574761855860096,20.502651928075643,6910,0,20.552255872303945,20.500422358702366,789,23670.0,394.5,2025-04-29 15:34:30,2025-04-29 15:34:30,21.220184326171875,249744.0,0.9133089783938754,2025-04-29,15:34:30
20.559334676569694,23.51240538283123,20.500000000007994,0.22547497288936275,0.0,0.0,,21.006800561062203,21.250385284423828,20.707335579171136,23.51101318545335,21.378199808690688,22.548098811573734,21.194852901219164,20.54264837477797,20.558285916908442,22.589104304120248,21.055738304299236,20.57253054244569,20.502634159882383,6910,0,20.552305364261674,20.50042179933194,790,23700.0,395.0,2025-04-29 15:35:00,2025-04-29 15:35:00,21.1674919128418,249323.0,0.9119117695720008,2025-04-29,15:35:00
20.565204856255843,26.98666763305664,20.500000000007994,0.31188955693183035,0.0,0.0,,21.227447899025236,21.208667755126957,20.707434577238974,24.194350854327027,21.45178623990714,22.1051728251933,21.154290236411537,20.541319879744396,20.55670031084345,22.23929031667085,21.035952997421024,20.56808509466185,20.502526445645696,6883,1,20.552163035954933,20.500417716925952,791,23730.0,395.5,2025-04-29 15:35:30,2025-04-29 15:35:30,22.108800888061523,233428.0,0.8666880151481399,2025-04-29,15:35:30
20.564744132840357,26.98666763305664,20.500000000007994,0.31371480743101093,0.0,0.0,,21.31008522943558,21.208667755126957,20.707444803148647,24.194433859855444,21.486347204576866,22.105133961185153,21.133500828275753,20.540037573519864,20.55515173505683,22.23924650870751,21.030308932065456,20.566213311808806,20.50249002333085,6883,1,20.55201062191949,20.50041725671695,792,23760.0,396.0,2025-04-29 15:36:00,2025-04-29 15:36:00,21.84147834777832,222096.0,0.8701091673195375,2025-04-29,15:36:00
20.57340485395975,26.77006091525554,20.500000000007994,0.3696166346543535,0.0,0.0,,21.311078324955343,21.418014526367188,20.71074045248529,23.439479607231327,21.439213799016027,22.406556769988352,21.146018761951627,20.538799543306926,20.553640124336738,22.57869489176897,21.059086637839687,20.576072624580195,20.50230965563431,6851,2,20.5518649298765,20.50041677995454,793,23790.0,396.5,2025-04-29 15:36:30,2025-04-29 15:36:30,21.369518280029297,248417.0,0.9063874327240083,2025-04-29,15:36:30
20.573075916168747,26.527340215486323,20.500000000007994,0.3651914008636432,0.0,0.0,,21.309439027895497,21.418014526367188,20.713909073782485,23.43942781378452,21.425344725936366,22.40657216978432,21.14764763511651,20.53760396804177,20.552167546073427,22.578753242425073,21.071699778004156,20.574161316141414,20.502287723840297,6851,2,20.551783669399235,20.50041628257734,794,23820.0,397.0,2025-04-29 15:37:00,2025-04-29 15:37:00,21.348896026611328,249182.0,0.9106351607459608,2025-04-29,15:37:00
20.572106944099758,26.267324009649293,20.500000000007994,0.3535276865990257,0.0,0.0,,21.305789766960608,21.391233444213867,20.71640527957473,23.697083458321963,21.443645705148274,22.42991383446659,21.148192009721303,20.536449114232482,20.550738863482955,22.489507835176124,21.071105666602747,20.596616902819573,20.502488756752687,6910,0,20.55173457202207,20.50041576004905,795,23850.0,397.5,2025-04-29 15:37:30,2025-04-29 15:37:30,21.45321273803711,246700.0,0.906401246453182,2025-04-29,15:37:30
20.57062289471566,25.997833947628862,20.500000000007994,0.3397594049994037,0.0,0.0,,21.300490546357906,21.391233444213867,20.718651229829366,23.69710372600189,21.45176305137429,22.42991601946287,21.146572396102524,20.53533333208404,20.549359932394577,22.489503796228938,21.073040005619113,20.59363828164544,20.502449760892688,6910,0,20.55160418134872,20.500415207494147,796,23880.0,398.0,2025-04-29 15:38:00,2025-04-29 15:38:00,21.40888786315918,247321.0,0.9070713642391872,2025-04-29,15:38:00
20.57188355738616,25.725417366519853,20.500000000007994,0.34484319434827526,0.0,0.0,,21.293807737330685,21.466575622558597,20.721882046021616,23.641668087713224,21.45215530740488,22.637301679846782,21.162345458885884,20.534255052252803,20.548035993817813,22.62335338738942,21.08742068444726,20.582192768048987,20.502301443758636,6881,1,20.551670459942333,20.500414619826316,797,23910.0,398.5,2025-04-29 15:38:30,2025-04-29 15:38:30,21.441469192504883,243425.0,0.901720884255931,2025-04-29,15:38:30
20.57088940844838,25.455190702056765,20.500000000007994,0.3369086652218445,0.0,0.0,,21.285948032463654,21.466575622558597,20.724888848974675,23.64166843781747,21.454308682270835,22.637318988985584,21.168150544910276,20.533212783553473,20.54677078497595,22.623381030425342,21.09488654032263,20.579947092334056,20.502272881762547,6881,1,20.551611408466318,20.50041399188337,798,23940.0,399.0,2025-04-29 15:39:00,2025-04-29 15:39:00,21.47815704345703,242655.0,0.8956955348128001,2025-04-29,15:39:00
20.573467931323986,25.79161071777344,20.500000000007994,0.3652971038385424,0.0,0.0,,21.27707873537318,21.514049530029297,20.728407103578572,24.294367027787967,21.516348451917075,22.63732565521587,21.17052836176605,20.53220511165329,20.545566388842236,22.72444325958369,21.109019297177536,20.57796593536432,20.502231105650587,6879,2,20.55229522083728,20.50041331857838,799,23970.0,399.5,2025-04-29 15:39:30,2025-04-29 15:39:30,21.77943992614746,238821.0,0.8937442948903154,2025-04-29,15:39:30
20.572675130725898,25.79161071777344,20.500000000007994,0.36035568302416265,0.0,0.0,,21.26734000106282,21.514049530029297,20.731669867571608,24.29443605397103,21.544479994425714,22.637328901442796,21.171436285025976,20.53123069846278,20.54442424098532,22.724469391866343,21.116930901689475,20.57600142451126,20.502194480587235,6879,2,20.552457248547324,20.500409252810538,800,24000.0,400.0,2025-04-29 15:40:00,2025-04-29 15:40:00,21.438777923583984,244008.0,0.9028436695723092,2025-04-29,15:40:00
20.577121983293733,25.616930089492076,20.500000000007994,0.3698666581982945,0.0,0.0,,21.298108387518056,21.514049530029297,20.947500133276165,23.467567413624355,21.486606370167827,22.42115143816707,21.152759466310687,20.53028828174992,20.543345762496216,22.512294173104312,21.10356353491596,20.590381604799784,20.502117108901867,6862,2,20.552012560256983,20.500406455767532,801,24030.0,400.5,2025-04-29 15:40:30,2025-04-29 15:40:30,21.376787185668945,242112.0,0.8934759532778218,2025-04-29,15:40:30
20.576213190513542,25.43791468111053,20.500000000007994,0.3615650317229649,0.0,0.0,,21.329659703095427,21.514049530029297,21.02398100527354,23.467502738493824,21.466934403470038,22.421133665965847,21.143888161856356,20.529376674531182,20.542331863880257,22.512264530432983,21.09999378733728,20.587795234869,20.50208386722148,6862,2,20.55238186076609,20.500401394976983,802,24060.0,401.0,2025-04-29 15:41:00,2025-04-29 15:41:00,21.15025520324707,243305.0,0.9058095805676004,2025-04-29,15:41:00
20.583291061326097,25.255169610509405,20.500000000007994,0.39013223507015005,0.0,0.0,,21.358575244015967,21.11984634399414,21.040730790636765,23.123216581724858,21.42627402642568,22.42112629991437,21.138387725272043,20.52849476398189,20.541386426789135,22.269435465741626,21.07752386839816,20.601144092578984,20.502027713785182,6854,2,20.552039385786166,20.500400110876306,803,24090.0,401.5,2025-04-29 15:41:30,2025-04-29 15:41:30,21.20329475402832,243903.0,0.9105435229373972,2025-04-29,15:41:30
20.582422207295018,25.069880196254374,20.500000000007994,0.38068488339130113,0.0,0.0,,21.384472061845855,21.11984634399414,21.053307301961443,23.123170200579278,21.407609753431768,22.421122161593846,21.134397504750517,20.52764151048837,20.54052568981724,22.269389829383947,21.06837797034191,20.598439236631904,20.502006151818733,6854,2,20.552182439382065,20.50039864997766,804,24120.0,402.0,2025-04-29 15:42:00,2025-04-29 15:42:00,21.28780174255371,245393.0,0.9061669699217174,2025-04-29,15:42:00
20.585886225949686,24.88360487986358,20.500000000007994,0.38971299694568673,0.0,0.0,,21.40742920954778,21.24256134033203,21.06475057428266,23.1226010867507,21.396328586723275,22.421119368609897,21.131200485458404,20.526815949874308,20.53976208688178,22.40157077627623,21.075379681775882,20.605533504875755,20.50197274769007,6854,3,20.552721938443494,20.500394965282606,805,24150.0,402.5,2025-04-29 15:42:30,2025-04-29 15:42:30,21.306867599487305,237440.0,0.903412638456031,2025-04-29,15:42:30
20.584815650462797,24.78583526611328,20.500000000007994,0.37926252889334844,0.0,0.0,,21.427650066960666,21.24256134033203,21.073663080887588,23.122587494702113,21.388545538162607,22.42111725857593,21.12847642370595,20.5260171992397,20.539101688481516,22.401586345952516,21.07726441045055,20.602770561953502,20.501954617030435,6854,3,20.553142010303986,20.500391375688032,806,24180.0,403.0,2025-04-29 15:43:00,2025-04-29 15:43:00,21.886289596557617,231308.0,0.8883237528533384,2025-04-29,15:43:00
20.594827221496914,27.009685516357425,20.500000000007994,0.44142486261732294,0.0,0.0,,21.425491527550797,21.105119705200195,21.078184969868598,24.187694610003668,21.480013179967635,23.107633627846457,21.186040635755237,20.52524446314349,20.538545809779023,23.26749638276301,21.15534264291697,20.609505467318368,20.501929023469305,6856,2,20.555772892959972,20.500387878961682,807,24210.0,403.5,2025-04-29 15:43:30,2025-04-29 15:43:30,21.164447784423828,245026.0,0.9111652309346764,2025-04-29,15:43:30
20.594374915308457,27.009685516357425,20.500000000007994,0.43501883669306785,0.0,0.0,,21.411457548863687,21.105119705200195,21.08085473911374,24.187796214909955,21.517386911681292,23.10769200974833,21.211572598853287,20.524497037629512,20.53809213754433,23.26765335755804,21.1887104578619,20.606915833551188,20.501906763156743,6856,2,20.556669566234984,20.500384472275407,808,24240.0,404.0,2025-04-29 15:44:00,2025-04-29 15:44:00,21.26791763305664,245790.0,0.9123410101102568,2025-04-29,15:44:00
20.592122758979194,26.724403269928565,20.500000000007994,0.41321712444417313,0.0,0.0,,21.394025813218327,21.14798927307129,21.0826811720859,23.031617809704834,21.433022940944838,23.107716228684946,21.22599261035049,20.523774310720615,20.537735936684452,22.189944986854744,21.111113321312132,20.615090534493948,20.501899283841205,6864,2,20.55404426270786,20.50038341986076,809,24270.0,404.5,2025-04-29 15:44:30,2025-04-29 15:44:30,21.187095642089844,244036.0,0.911863477622154,2025-04-29,15:44:30
20.59044582975481,26.410281096917853,20.500000000007994,0.39994457936275984,0.0,0.0,,21.374978217940672,21.14798927307129,21.083179184384356,23.031523832109393,21.401739602714084,23.10772954294628,21.235454398881405,20.5230757589054,20.53747072070818,22.18978120316651,21.083115340655613,20.61183686209832,20.501874340871808,6864,2,20.5530694226169,20.500382464227293,810,24300.0,405.0,2025-04-29 15:45:00,2025-04-29 15:45:00,21.18791961669922,244935.0,0.912768629942638,2025-04-29,15:45:00
20.58944592904511,26.082156069969727,20.500000000007994,0.39318947065269233,0.0,0.0,,21.38030305261174,21.14269638061523,21.086044036308998,23.160311806451677,21.396890710899605,22.300773151610205,21.171866798976513,20.52240093981964,20.537288759734658,22.41723117924129,21.090571458748308,20.60611594871549,20.501800381890412,6846,3,20.553423281069353,20.500381220953695,811,24330.0,405.5,2025-04-29 15:45:30,2025-04-29 15:45:30,21.31455039978028,242379.0,0.9018356839907749,2025-04-29,15:45:30
20.587829173519676,25.75068211435016,20.500000000007994,0.38201717836700505,0.0,0.0,,21.386974413080015,21.14269638061523,21.088883389924348,23.160305632528903,21.391293619343063,22.30070903881008,21.144732415794767,20.521749481707612,20.53718075303503,22.41725009477068,21.091642094017217,20.603105017295253,20.501773913640733,6846,3,20.55365956944345,20.500379928548487,812,24360.0,406.0,2025-04-29 15:46:00,2025-04-29 15:46:00,21.41178131103516,240339.0,0.8966202426572466,2025-04-29,15:46:00
20.593794319346863,26.731056213378903,20.500000000007994,0.42821794693232695,0.0,0.0,,21.419169616177097,21.14269638061523,21.283063940863535,23.315386874449203,21.400815841112152,22.36546424965913,21.135600355024966,20.52112107030279,20.537136215426333,22.49967603073311,21.098562019970593,20.601002615189127,20.50171857285967,6834,3,20.555885047207042,20.500376730052952,813,24390.0,406.5,2025-04-29 15:46:30,2025-04-29 15:46:30,22.209936141967773,226392.0,0.8791220675863105,2025-04-29,15:46:30
20.592884670631708,26.731056213378903,20.500000000007994,0.42215880679592765,0.0,0.0,,21.451182603979554,21.14269638061523,21.32216677057763,23.315397240137752,21.403099063396365,22.365456760793812,21.128786067746315,20.52051543377752,20.53714466560837,22.49969018100615,21.1009574236554,20.598563796095874,20.50169498863206,6834,3,20.5570821823008,20.500371742101905,814,24420.0,407.0,2025-04-29 15:47:00,2025-04-29 15:47:00,21.667680740356445,238518.0,0.900807473125718,2025-04-29,15:47:00
20.595521533487187,26.503032190589764,20.500000000007994,0.44339152908734725,0.0,0.0,,21.48080140190336,21.65368652,21.323706180924727,23.4549868178742,21.416267104307664,22.36545099502383,21.123582955651138,20.519932326894544,20.53728508135598,22.640559421422726,21.114618831037095,20.616316406823717,20.50174042893002,6866,2,20.558239336117847,20.50036813330708,815,24450.0,407.5,2025-04-29 15:47:30,2025-04-29 15:47:30,21.467884063720703,243167.0,0.9120505403693758,2025-04-29,15:47:30
20.594196787977506,26.24868360975363,20.500000000007994,0.4332177736280199,0.0,0.0,,21.507805529538125,21.65368652,21.323629481990803,23.45500150854472,21.421532600430883,22.365446653071604,21.119383584281945,20.51937152010162,20.53761244944171,22.64058643483926,21.120616141847044,20.61321118159555,20.50170857004358,6866,2,20.55909808504864,20.50036716220275,816,24480.0,408.0,2025-04-29 15:48:00,2025-04-29 15:48:00,21.946571350097656,230533.0,0.8770235036849389,2025-04-29,15:48:00
20.60215466192938,27.015798568725582,20.500000000007994,0.4749506781974961,0.0,0.0,,21.513614059268257,21.801328659057617,21.31232213319985,23.320602720030617,21.412043561821893,23.26647452424205,21.194550127811155,20.518832809423028,20.538082771899713,23.19453023254581,21.173751454389773,20.626040724892235,20.501666914954676,6854,2,20.560517739380657,20.500366143551496,817,24510.0,408.5,2025-04-29 15:48:30,2025-04-29 15:48:30,21.417261123657227,244824.0,0.906560044154168,2025-04-29,15:48:30
20.60112566791992,27.015798568725582,20.500000000007994,0.46467997663677313,0.0,0.0,,21.516474413940234,21.801328659057617,21.31970626185951,23.32059225512092,21.408449477638563,23.266550298088582,21.227826939037126,20.518316039267376,20.538641883523006,23.194635735268726,21.19755415894679,20.62247401100759,20.501642441581204,6854,2,20.561332433966317,20.50036508011057,818,24540.0,409.0,2025-04-29 15:49:00,2025-04-29 15:49:00,22.014543533325195,224333.0,0.8765506384481998,2025-04-29,15:49:00
20.6220278160038,27.41213607788086,20.500000000007994,0.5869603774622699,0.0,0.0,,21.527687220121376,21.945980072021484,21.327293253091916,24.095954850382594,21.47728118522155,23.416647842722192,21.259728234943914,20.517821113780368,20.539248816902198,23.910828030994605,21.275911444168383,20.634732060164197,20.501572731566405,6831,4,20.564140526211286,20.500363974888717,819,24570.0,409.5,2025-04-29 15:49:30,2025-04-29 15:49:30,22.19148063659668,228383.0,0.8747095066182684,2025-04-29,15:49:30
20.62168171012453,27.41213607788086,20.500000000007994,0.5797883869272478,0.0,0.0,,21.53842342015577,21.945980072021484,21.331947165842926,24.096031863592774,21.50651280474492,23.41667790773864,21.278136937536168,20.517347987690584,20.539875685125168,23.910980011201467,21.313779702333065,20.631446931243293,20.5015592373402,6831,4,20.56563552065753,20.5003628310293,820,24600.0,410.0,2025-04-29 15:50:00,2025-04-29 15:50:00,22.315298080444336,226909.0,0.86366609246438,2025-04-29,15:50:00
20.629277014101042,27.64961624145508,20.500000000007994,0.6141880257297399,0.0,0.0,,21.553856190365337,21.668577194213867,21.329722331173183,23.956728307707895,21.511069904346652,22.89032687072575,21.244789874634918,20.51689664136116,20.540502655213334,23.414676465086124,21.29342128636988,20.65272469309656,20.501524528113983,6825,3,20.56559541442183,20.500361651700803,821,24630.0,410.5,2025-04-29 15:50:30,2025-04-29 15:50:30,21.79183959960937,221947.0,0.8945454883373057,2025-04-29,15:50:30
20.62809540404955,27.64961624145508,20.500000000007994,0.6012033845184735,0.0,0.0,,21.574810333127907,21.668577194213867,21.325586479844397,23.95673403145779,21.517630142888702,22.890292016938997,21.23316859444022,20.516467049033487,20.541115159858702,23.414625098436588,21.292678087072602,20.648759736573663,20.501502343262608,6825,3,20.56599783364944,20.500360731854837,822,24660.0,411.0,2025-04-29 15:51:00,2025-04-29 15:51:00,21.70172691345215,237668.0,0.8945703013236952,2025-04-29,15:51:00
20.63221039561776,27.402213016729476,20.500000000007994,0.6083164885520498,0.0,0.0,,21.595547582622004,21.87184715270996,21.35475570948265,23.474774708572845,21.47954951768875,22.890280628603318,21.228423612584553,20.516059278028433,20.546054535221216,23.23928266894136,21.281297700486338,20.67768829058292,20.501520137790727,6846,3,20.566737512888846,20.50036180498835,823,24690.0,411.5,2025-04-29 15:51:30,2025-04-29 15:51:30,21.94997978210449,240626.0,0.896525559893777,2025-04-29,15:51:30
20.629917946212966,27.138050597219312,20.500000000007994,0.5873067987466473,0.0,0.0,,21.614335799625994,21.87184715270996,21.367478758750245,23.47473225398882,21.46575023050365,22.89027597215105,21.226426035710567,20.51567466028217,20.551352259111418,23.239256114181902,21.280021365776978,20.67247935951093,20.50149681951074,6846,3,20.567553605231208,20.50035810651628,824,24720.0,412.0,2025-04-29 15:52:00,2025-04-29 15:52:00,21.04790496826172,250815.0,0.9145643950720652,2025-04-29,15:52:00
20.626548472035466,26.864786987390683,20.500000000007994,0.5653247260561702,0.0,0.0,,21.610530569167196,20.998254776000977,21.358183015051814,23.15713990995834,21.42995447002263,22.890273822815576,21.225649397030626,20.515316149880032,20.556436166070444,22.422528910308962,21.208474225313708,20.684533717072743,20.501532506523002,6882,1,20.56565717819741,20.500355245619012,825,24750.0,412.5,2025-04-29 15:52:30,2025-04-29 15:52:30,21.355846405029297,244983.0,0.9086795053126135,2025-04-29,15:52:30
20.623416050581067,26.587979686426696,20.500000000007994,0.5431592629119572,0.0,0.0,,21.59467297515872,20.998254776000977,21.34590356917108,23.157099446048786,21.413522136366947,22.89027276585558,21.22544568379538,20.51498729728326,20.56091543030457,22.422382671281355,21.17956055478153,20.678726131564716,20.501509105139608,6882,1,20.564658614039306,20.500349946631744,826,24780.0,413.0,2025-04-29 15:53:00,2025-04-29 15:53:00,21.580978393554688,243633.0,0.908805264988733,2025-04-29,15:53:00
20.621792277461743,26.311891450018834,20.500000000007994,0.5346367213034807,0.0,0.0,,21.575332667324627,21.32207679748535,21.33716345103391,23.288685329178463,21.415563826980964,22.628792647292453,21.202673430368712,20.514691394215852,20.56485053324852,22.517205985649248,21.172800614343807,20.672442389928516,20.501487091459076,6879,2,20.564302279491475,20.50034787649492,827,24810.0,413.5,2025-04-29 15:53:30,2025-04-29 15:53:30,21.38397216796875,242990.0,0.9106848532861436,2025-04-29,15:53:30
20.618983024292113,26.06983184814453,20.500000000007994,0.5168367257266162,0.0,0.0,,21.554288701026003,21.32207679748535,21.32733073175826,23.288686997186396,21.413774170654065,22.62876960381672,21.192317819267096,20.514431023513335,20.568298292592576,22.51719705819462,21.166372438212985,20.66709018213735,20.5014661695485,6879,2,20.5638387098347,20.5003464098211,828,24840.0,414.0,2025-04-29 15:54:00,2025-04-29 15:54:00,21.781593322753903,248292.0,0.9037294672200472,2025-04-29,15:54:00
20.61836317056976,25.83088499649587,20.500000000007994,0.5076556782551642,0.0,0.0,,21.532260954642343,21.43798828,21.318449687261516,23.77582227009751,21.456071226391497,23.019962186717915,21.220494016239144,20.51420790007708,20.571309763889413,23.03185162169148,21.206937982947295,20.679942422277453,20.50150873806492,6910,0,20.564773893312058,20.50034493569803,829,24870.0,414.5,2025-04-29 15:54:30,2025-04-29 15:54:30,21.45326805114746,249737.0,0.9101334604003412,2025-04-29,15:54:30
20.615623060607895,25.643377918563406,20.500000000007994,0.4897623831265216,0.0,0.0,,21.509651805691288,21.43798828,21.308828291987325,23.775869266905072,21.473186723296987,23.019990757609893,21.23224992261605,20.514022855186642,20.573930211263118,23.03193532907297,21.221965487284137,20.67420871636095,20.501485960328566,6910,0,20.564853800226967,20.50034345834217,830,24900.0,415.0,2025-04-29 15:55:00,2025-04-29 15:55:00,21.32697868347168,249359.0,0.9111570190969648,2025-04-29,15:55:00
20.60918095481436,25.454079154380413,20.500000000007994,0.45570504375669296,0.0,0.0,,21.48673035281152,21.314228057861328,21.29658724365888,23.15332670752086,21.425879685209186,22.32818987093023,21.178155734750074,20.51387589339658,20.576199534329774,22.316081778785367,21.16501045718894,20.668668978921435,20.50146678034706,6910,0,20.56275320845421,20.50034198202201,831,24930.0,415.5,2025-04-29 15:55:30,2025-04-29 15:55:30,21.258935928344727,249168.0,0.9131899712242344,2025-04-29,15:55:30
20.606118235173906,25.263136505330124,20.500000000007994,0.4383903843958372,0.0,0.0,,21.463691517750007,21.314228057861328,21.28387632359608,23.153273997877292,21.407639307556426,22.32813514056611,21.154253877366784,20.513766286877363,20.57815273946848,22.315964305178966,21.141930880544276,20.663304503508893,20.501429879617543,6910,0,20.561686447564618,20.50034051096992,832,24960.0,416.0,2025-04-29 15:56:00,2025-04-29 15:56:00,21.36930656433105,249070.0,0.9110409473240456,2025-04-29,15:56:00
20.604629900047627,25.07224784074863,20.500000000007994,0.4288408873936342,0.0,0.0,,21.44068114865933,21.349422454833984,21.271447242927067,23.399266002861495,21.42004102684158,22.594880439922203,21.163885532933826,20.51369268747572,20.579820323261682,22.448019302166756,21.141316835116548,20.658112960827378,20.50141702503356,6910,0,20.56137102362395,20.500339049290087,833,24990.0,416.5,2025-04-29 15:56:30,2025-04-29 15:56:30,21.49112129211425,248705.0,0.9092635476769668,2025-04-29,15:56:30
20.602056133168478,24.883088513488143,20.500000000007994,0.4145214579313546,0.0,0.0,,21.41780974823528,21.349422454833984,21.25883531053507,23.399279515247997,21.423043925006873,22.59489152562202,21.165488756582725,20.513653244087845,20.581228685072126,22.448022483160695,21.137903172568592,20.653094399174375,20.501402420243164,6910,0,20.560858057142845,20.50033760087192,834,25020.0,417.0,2025-04-29 15:57:00,2025-04-29 15:57:00,21.579559326171875,250919.0,0.9119681675162103,2025-04-29,15:57:00
20.599350302642307,24.697120286674714,20.500000000007994,0.4005675484847682,0.0,0.0,,21.39516130951271,21.057615280151367,21.241425388495447,23.42512525882791,21.426242929896315,22.59489350265469,21.165014788226998,20.513645717075004,20.582400762712393,22.07058144566094,21.100338923069764,20.6482418273,20.50138171115436,6910,0,20.559541665566154,20.500336169321095,835,25050.0,417.5,2025-04-29 15:57:30,2025-04-29 15:57:30,21.091264724731445,252052.0,0.9228218532286988,2025-04-29,15:57:30
20.596865964647122,24.515523757730993,20.500000000007994,0.3877384250556419,0.0,0.0,,21.372799519020834,21.057615280151367,21.22404673655047,23.42512888655942,21.427390910379568,22.59489335805643,21.16388733446254,20.513667584327276,20.583356687576078,22.07050769486546,21.082326207586004,20.643546503969354,20.501348018399543,6910,0,20.558605824799162,20.500334757909208,836,25080.0,418.0,2025-04-29 15:58:00,2025-04-29 15:58:00,21.10263061523437,251771.0,0.921315091392575,2025-04-29,15:58:00
20.593190067339965,24.33919478714681,20.500000000007994,0.3674324972642822,0.0,0.0,,21.350772316116714,21.099586486816406,21.20759518084455,22.86858317028079,21.376988566437976,22.594892632506397,21.162566245361393,20.513716135819784,20.584114260102975,22.137069975213713,21.07683523384443,20.639004695095103,20.50131628872427,6910,0,20.557426786960907,20.500333369530377,837,25110.0,418.5,2025-04-29 15:58:30,2025-04-29 15:58:30,21.130512237548828,252017.0,0.9204031870865854,2025-04-29,15:58:30
20.5907674337052,24.16877121571522,20.500000000007994,0.3554410384535466,0.0,0.0,,21.32911533465301,21.099586486816406,21.191458433667503,22.86852687869201,21.355158481228695,22.594891764937433,21.161221453888526,20.51378855519717,20.584689301397546,22.137063798229654,21.070666137878632,20.63461100549261,20.501296430747146,6910,0,20.556560440300334,20.50032847448952,838,25140.0,419.0,2025-04-29 15:59:00,2025-04-29 15:59:00,21.127899169921875,251378.0,0.9205003271964928,2025-04-29,15:59:00
20.588238271284535,24.004671294012542,20.500000000007994,0.3433013803695602,0.0,0.0,,21.30785454619741,21.052602767944336,21.17488571985127,22.90966757438758,21.34574430431181,22.481398547574056,21.147023307564304,20.51388198812437,20.585096020072392,22.12904082748742,21.064141837315407,20.630359043112115,20.501272746591603,6910,0,20.555787411488573,20.500325289019585,839,25170.0,419.5,2025-04-29 15:59:30,2025-04-29 15:59:30,21.092756271362305,251874.0,0.9216428030483496,2025-04-29,15:59:30
20.585729783835347,23.847134033858648,20.500000000007994,0.33137100952718984,0.0,0.0,,21.287008314503744,21.052602767944336,21.158650377120704,22.909656743098648,21.33800794207889,22.377386627540112,21.13148119764988,20.513993597967833,20.58534733601405,22.129030874715696,21.05856389211273,20.626245763896513,20.501241505479456,6910,0,20.555037595904615,20.50032064341496,840,25200.0,420.0,2025-04-29 16:00:00,2025-04-29 16:00:00,21.32550048828125,251997.0,0.916554562157486,2025-04-29,16:00:00
