room_avg_temp,room_max_temp,room_min_temp,room_std_temp,room_avg_speed,room_max_speed,machine_machine_1_box_temp,machine_machine_1_surround_temp,machine_machine_2_box_temp,machine_machine_2_surround_temp,machine_machine_3_box_temp,machine_machine_3_surround_temp,machine_machine_4_box_temp,machine_machine_4_surround_temp,machine_machine_6_box_temp,machine_machine_6_surround_temp,sim_ambient_mean,sim_ambient_median,ambient_cell_count,human_count,sim_wall_temp_mean,sim_wall_temp_median,frame,sim_time_s,sim_time_min,real_datetime,timestamp,ambient_temp_mean_c,background_pixels,background_confidence,date,time
20.779455492761745,20.799797053381408,20.34510612487793,0.02156556138938774,0.0,0.0,,20.791276390247837,20.34510612487793,20.784115657052595,20.790089253762403,20.790094312324644,20.789485436973063,20.789463385314157,20.565089900371767,20.76869709388575,20.78652729184252,20.788414960747204,7025,0,20.783284727577012,20.786283868605086,1,30.0,0.5,2025-04-25 09:00:30,2025-04-25 09:00:30,19.70246315002441,259026.0,0.9706938806336044,2025-04-25,09:00:30
20.764088715279364,20.797265051359453,20.34510612487793,0.02326540343645354,0.0,0.0,,20.78286923991427,20.34510612487793,20.768836857307708,20.780514280070182,20.780528019634627,20.779339610068686,20.779305571232374,20.56503618615701,20.750615623084308,20.773722838365558,20.777282848678432,7025,0,20.769135671019267,20.773164733532504,2,60.0,1.0,2025-04-25 09:01:00,2025-04-25 09:01:00,19.62005424499512,258700.0,0.9701190447429456,2025-04-25,09:01:00
20.749540169591008,20.791388135834925,20.21835327148437,0.026685556840064815,0.0,0.0,,20.774743567524656,20.21835327148437,20.752341242426347,20.77126055941045,20.771283704125835,20.769549506048556,20.769509277341584,20.348383611452952,20.71758663517065,20.76154772856002,20.766562326025007,7025,0,20.755418680608916,20.760696233747204,3,90.0,1.5,2025-04-25 09:01:30,2025-04-25 09:01:30,19.63454818725586,258805.0,0.9700625833156238,2025-04-25,09:01:30
20.735993033758984,20.783061430977856,20.21835327148437,0.02889377464536175,0.0,0.0,,20.766880676913072,20.21835327148437,20.73673040809375,20.76231641892756,20.762348699491564,20.760102596472965,20.760060358041944,20.348327091229386,20.697651247560824,20.74996727506113,20.756264648156847,7025,0,20.742695908634175,20.748415116983782,4,120.0,2.0,2025-04-25 09:02:00,2025-04-25 09:02:00,19.724424362182617,258888.0,0.9705951511850684,2025-04-25,09:02:00
20.723362168934614,20.77324319226218,20.33538055419922,0.03028269978944299,0.0,0.0,,20.75926605662309,20.33538055419922,20.723908934728264,20.753670979037963,20.753711698194635,20.75098681472445,20.750945778680254,20.468909829881916,20.69322425631249,20.73895145356575,20.746373815859382,7025,0,20.730999872732113,20.736903836446643,5,150.0,2.5,2025-04-25 09:02:30,2025-04-25 09:02:30,19.735593795776367,258883.0,0.969712428008019,2025-04-25,09:02:30
20.711436286673614,20.762619605030512,20.33538055419922,0.03222609297039355,0.0,0.0,,20.751887235465684,20.33538055419922,20.71192059309789,20.745313881672573,20.745362147127814,20.7421905343785,20.742153208911084,20.46891133050609,20.684819235071974,20.728471666663452,20.73686643779066,7025,0,20.71984877402342,20.725964890468994,6,180.0,3.0,2025-04-25 09:03:00,2025-04-25 09:03:00,19.727514266967773,258819.0,0.970570830870222,2025-04-25,09:03:00
20.70015528967305,20.751826818890688,20.335649490356445,0.03442768670920961,0.0,0.0,,20.744733130031463,20.335649490356445,20.70063916791021,20.737235202752796,20.737290044008137,20.733702549176172,20.7336708805353,20.350779078989362,20.665173124731037,20.718498499208984,20.72771444555293,7025,0,20.70905532706944,20.71546214475299,7,210.0,3.5,2025-04-25 09:03:30,2025-04-25 09:03:30,19.61603736877441,258795.0,0.9698546991827508,2025-04-25,09:03:30
20.6895996185511,20.745602791255852,20.335649490356445,0.035945716841345066,0.0,0.0,,20.737793764136605,20.335649490356445,20.689985853393868,20.72942540895052,20.729485842602333,20.72551205455188,20.72548752259647,20.350747527629302,20.651777356294556,20.7090040032424,20.71891866400391,7025,0,20.698946671081,20.705388559202245,8,240.0,4.0,2025-04-25 09:04:00,2025-04-25 09:04:00,19.81394386291504,258993.0,0.9691046186576472,2025-04-25,09:04:00
20.6798257363975,20.739492300893083,20.40525245666504,0.03651638805569044,0.0,0.0,,20.731060094035087,20.40525245666504,20.681021397778323,20.72187532938784,20.721940397286687,20.717608630578557,20.71759232335966,20.599429613380536,20.663032273850945,20.699964570009517,20.71049371761167,7025,0,20.68988876621676,20.695720558123412,9,270.0,4.5,2025-04-25 09:04:30,2025-04-25 09:04:30,19.83361053466797,259018.0,0.9690129522851694,2025-04-25,09:04:30
20.670511756513644,20.733491698526382,20.40525245666504,0.03759176840675192,0.0,0.0,,20.724523873029582,20.40525245666504,20.67256402184564,20.7145761339531,20.7146449255237,20.709982226173658,20.70997490253943,20.599460682132737,20.66276721824719,20.69135832595807,20.70234186965281,7025,0,20.681079754264047,20.686631976293658,10,300.0,5.0,2025-04-25 09:05:00,2025-04-25 09:05:00,19.815658569335938,258927.0,0.9690767088793366,2025-04-25,09:05:00
20.66168035360036,20.727599890271538,20.26825904846191,0.03865866674723478,0.0,0.0,,20.718177538623138,20.26825904846191,20.662341735431568,20.7075193152609,20.707590980046383,20.702623144413533,20.702625287996746,20.531312372895407,20.65310391145587,20.683161167123338,20.69453334145529,7025,0,20.672499290227723,20.67812530863641,11,330.0,5.5,2025-04-25 09:05:30,2025-04-25 09:05:30,19.7410945892334,258620.0,0.9686592539246772,2025-04-25,09:05:30
20.65339901588907,20.721817632768847,20.26825904846191,0.039368263381740015,0.0,0.0,,20.712014117067966,20.26825904846191,20.652555099501456,20.70069667295216,20.700770426947766,20.695522028818118,20.695533894885195,20.531298270247913,20.6459783162383,20.675350455254097,20.687027294661675,7025,0,20.66440876424132,20.66984726787563,12,360.0,6.0,2025-04-25 09:06:00,2025-04-25 09:06:00,19.810720443725582,258308.0,0.96828816035508,2025-04-25,09:06:00
20.645662597041465,20.716146055019355,20.34452247619629,0.03976898412151319,0.0,0.0,,20.706027142703412,20.34452247619629,20.644479766026006,20.69410029965696,20.69417542764486,20.68866985048468,20.688691506523835,20.630920517554323,20.648674680278745,20.667906564095794,20.67978083206687,7025,0,20.656955732934048,20.661945456741897,13,390.0,6.5,2025-04-25 09:06:30,2025-04-25 09:06:30,19.861404418945312,258426.0,0.9678216636483944,2025-04-25,09:06:30
20.638319334608635,20.710585127542704,20.34452247619629,0.04014722003566289,0.0,0.0,,20.700210590004836,20.34452247619629,20.63686124035552,20.68772256822079,20.68779842352431,20.682057895965677,20.682089256704213,20.630931785987478,20.646722378661273,20.660811312432088,20.67283556970176,7025,0,20.649793636002315,20.654538524595015,14,420.0,7.0,2025-04-25 09:07:00,2025-04-25 09:07:00,19.846494674682617,258545.0,0.967875031425864,2025-04-25,09:07:00
20.631425315943645,20.705134043980795,20.306865692138672,0.04043429795835838,0.0,0.0,,20.694558816456656,20.306865692138672,20.62902712860907,20.68155611993622,20.68163212252294,20.675677755800535,20.675718613273364,20.697289328123105,20.64939237533748,20.654046628542833,20.66615782783855,7025,0,20.64308244106472,20.648113218215684,15,450.0,7.5,2025-04-25 09:07:30,2025-04-25 09:07:30,19.85795021057129,258515.0,0.9679049088060654,2025-04-25,09:07:30
20.624892139175834,20.699792374600985,20.306865692138672,0.04055847315921207,0.0,0.0,,20.68906651454422,20.306865692138672,20.62155722864721,20.675593853603115,20.6756694871552,20.669521313625825,20.669571362873047,20.69729916266136,20.648301217843493,20.64759569725144,20.659734416056907,7025,0,20.63663816889823,20.641776036089333,16,480.0,8.0,2025-04-25 09:08:00,2025-04-25 09:08:00,19.790042877197266,258215.0,0.9685893417307284,2025-04-25,09:08:00
20.618563871191867,20.694560109278683,20.16168975830078,0.04077660097637579,0.0,0.0,,20.683728671370094,20.16168975830078,20.61212484491207,20.669828915289607,20.669903723657768,20.6635807357999,20.663639596727382,20.452217974677673,20.624091930268253,20.641440829149598,20.653567744623864,7025,0,20.629999368408683,20.634486619671133,17,510.0,8.5,2025-04-25 09:08:30,2025-04-25 09:08:30,19.659255981445312,258127.0,0.968967189600468,2025-04-25,09:08:30
20.61270743810113,20.68943703012674,20.16168975830078,0.0406867015065298,0.0,0.0,,20.67854053463123,20.16168975830078,20.603088845977485,20.66425468869892,20.664328272022153,20.65784846148887,20.657915697378037,20.452172890328676,20.612046286651506,20.63556493342338,20.64762845770488,7025,0,20.62392332465388,20.62809167330048,18,540.0,9.0,2025-04-25 09:09:00,2025-04-25 09:09:00,19.73484992980957,258249.0,0.9704438594147508,2025-04-25,09:09:00
20.607225612725777,20.684421936208825,20.211748123168945,0.04036390773587492,0.0,0.0,,20.67349758390657,20.211748123168945,20.595318641934863,20.658864786068747,20.65893679675221,20.652317193168862,20.65239232627345,20.517414283406772,20.609769485733388,20.629955253894494,20.641919536782982,7025,0,20.618354231167515,20.622068514679775,19,570.0,9.5,2025-04-25 09:09:30,2025-04-25 09:09:30,19.717952728271484,258529.0,0.9695687548592228,2025-04-25,09:09:30
20.602014407667582,20.67951204528548,20.211748123168945,0.040083351476965186,0.0,0.0,,20.668595506378047,20.211748123168945,20.587992223219974,20.653653039545684,20.653723178227505,20.646979887508813,20.647062412127436,20.517415309579025,20.605699096668108,20.624599578601128,20.636438693369886,7025,0,20.613021761447893,20.616401659521657,20,600.0,10.0,2025-04-25 09:10:00,2025-04-25 09:10:00,19.742969512939453,258427.0,0.9688143919752968,2025-04-25,09:10:00
20.596993899761806,20.674703898412776,20.110559463500977,0.04005635028321658,0.0,0.0,,20.663830176244968,20.110559463500977,20.57943301305436,20.648613492988122,20.648681504583454,20.64182974660218,20.641919139971193,20.377940890287718,20.588827629134872,20.619484507129926,20.631169744700898,7025,0,20.607654375202635,20.61095544464536,21,630.0,10.5,2025-04-25 09:10:30,2025-04-25 09:10:30,19.64413070678711,258345.0,0.9700510702742456,2025-04-25,09:10:30
20.59231507123944,20.669994640064086,20.110559463500977,0.039667942956507315,0.0,0.0,,20.65919763720505,20.110559463500977,20.571270425937236,20.64374039415948,20.643806064040767,20.636860209522542,20.636955940831417,20.377911209227083,20.579213309961293,20.614596980416625,20.626104493167517,7025,0,20.602684526595194,20.605720755273857,22,660.0,11.0,2025-04-25 09:11:00,2025-04-25 09:11:00,19.653305053710938,258165.0,0.9687186489260744,2025-04-25,09:11:00
20.587903509245653,20.66538195450472,20.10309219360352,0.039175948280392114,0.0,0.0,,20.654694087484945,20.10309219360352,20.5634156052413,20.639028187279486,20.639091337630592,20.632064944181813,20.63216648197529,20.398459229820517,20.57392267910485,20.60992646736687,20.621227316590108,7025,0,20.59803392036361,20.60077776087951,23,690.0,11.5,2025-04-25 09:11:30,2025-04-25 09:11:30,19.635496139526367,258598.0,0.9690774870648652,2025-04-25,09:11:30
20.583720407514225,20.6608633004916,20.10309219360352,0.03867180062853939,0.0,0.0,,20.650315867005126,20.10309219360352,20.55598020082256,20.634471505906955,20.634531992274283,20.6274378394732,20.6275446576706,20.398453598107174,20.56866450153752,20.6054628482769,20.61654660756001,7025,0,20.593603716951304,20.595761691448985,24,720.0,12.0,2025-04-25 09:12:00,2025-04-25 09:12:00,19.61723518371582,258443.0,0.9689905027414168,2025-04-25,09:12:00
20.579759343236173,20.656435974069478,20.10309219360352,0.03812752642894278,0.0,0.0,,20.646059446347234,20.10309219360352,20.548945370626175,20.630065166129825,20.6301228741828,20.62297299768382,20.62308458041653,20.398447467770218,20.563695983090156,20.601196087647207,20.612041247245156,7025,0,20.589388180618897,20.59109962041267,25,750.0,12.5,2025-04-25 09:12:30,2025-04-25 09:12:30,19.66753196716309,258549.0,0.968834123318984,2025-04-25,09:12:30
20.576007239974572,20.652097552567653,20.10309219360352,0.037548754592994706,0.0,0.0,,20.64192141724347,20.10309219360352,20.542286524997007,20.625804160042755,20.625859002548413,20.61866472716418,20.618780572605868,20.39844165142069,20.559042657746115,20.597116634289822,20.607714058988435,7025,0,20.585376781620287,20.586712214253648,26,780.0,13.0,2025-04-25 09:13:00,2025-04-25 09:13:00,19.669084548950195,258434.0,0.9688152971358258,2025-04-25,09:13:00
20.572527427227275,20.647846165100738,20.120668411254883,0.036740371326277686,0.0,0.0,,20.637898484345264,20.120668411254883,20.53626084028609,20.62168364949368,20.62173556350503,20.614507535242968,20.614627158584707,20.524505659516514,20.565995652440563,20.593216069794263,20.60356318063814,7025,0,20.58179787985503,20.582429431193855,27,810.0,13.5,2025-04-25 09:13:30,2025-04-25 09:13:30,19.756179809570312,258546.0,0.969055554910925,2025-04-25,09:13:30
20.569170381142275,20.643680537798407,20.120668411254883,0.03609892490502787,0.0,0.0,,20.633987458067445,20.120668411254883,20.53055610378534,20.617698960083718,20.617747904337335,20.610496121377707,20.610619057079184,20.524523363530015,20.566740986298573,20.58948667638075,20.599555074749713,7025,0,20.578266536072057,20.578531152075712,28,840.0,14.0,2025-04-25 09:14:00,2025-04-25 09:14:00,19.70146751403809,258467.0,0.9696410712005789,2025-04-25,09:14:00
20.566037184712126,20.639599962206322,20.16133499145508,0.03539709720725987,0.0,0.0,,20.630185248341615,20.16133499145508,20.52579339746271,20.613845575405907,20.613891527921904,20.606625370532438,20.606751173962756,20.609714571889658,20.57329902903272,20.585920086880837,20.59571059657998,7025,0,20.575036552902766,20.574847887714796,29,870.0,14.5,2025-04-25 09:14:30,2025-04-25 09:14:30,19.80039978027344,258511.0,0.9689184526964036,2025-04-25,09:14:30
20.56302214486445,20.63571426903907,20.16133499145508,0.034727117133249524,0.0,0.0,,20.626488859142437,20.16133499145508,20.521282860176402,20.610119131509773,20.610162087385394,20.60289034677442,20.603018595340867,20.60973008887734,20.57489921572905,20.5825087817303,20.59200008940417,7025,0,20.571862916981207,20.572322507447534,30,900.0,15.0,2025-04-25 09:15:00,2025-04-25 09:15:00,19.843305587768555,258734.0,0.9686037349169416,2025-04-25,09:15:00
20.56022989551495,20.70793415308357,20.29833412,0.034050504622693295,0.0,0.0,,20.62289538367157,20.29833412,20.519182399316918,20.60651541158001,20.606555380966988,20.59928628708266,20.59941658093187,20.70788156360327,20.583715305515014,20.579245344914767,20.588446158943118,7025,0,20.569030757531905,20.569214142674078,31,930.0,15.5,2025-04-25 09:15:30,2025-04-25 09:15:30,19.84708976745605,258671.0,0.9684054503597234,2025-04-25,09:15:30
20.55752412778699,20.70794769727952,20.29833412,0.03336018917422742,0.0,0.0,,20.619402000100326,20.29833412,20.517221227912767,20.603030340818457,20.60306734707388,20.59580859536143,20.595940557726042,20.707900895317643,20.586896746027545,20.576123260445065,20.58503148310803,7025,0,20.566223782146967,20.566186864564703,32,960.0,16.0,2025-04-25 09:16:00,2025-04-25 09:16:00,19.975786209106445,259334.0,0.9673309805116184,2025-04-25,09:16:00
20.55506186333551,20.86283660676857,20.377139782116625,0.03305741783488956,0.0,0.0,,20.616005967785615,20.48602294921875,20.518321522875905,20.599659981519537,20.59969405951914,20.59245283665263,20.59258611390581,20.86273262610903,20.60209615932032,20.573136120914214,20.581745086881398,7025,0,20.563855839772966,20.563410042937736,33,990.0,16.5,2025-04-25 09:16:30,2025-04-25 09:16:30,20.010009765625,259298.0,0.9665322331834414,2025-04-25,09:16:30
20.55263835988816,20.862858809226932,20.400928276426665,0.03239995034418145,0.0,0.0,,20.612704623886753,20.48602294921875,20.519374757306515,20.59640052832987,20.596431722933417,20.589214731540647,20.58934899301219,20.862763999350143,20.608587937793757,20.570278481216075,20.57859526803424,7025,0,20.561432605953815,20.5606153155317,34,1020.0,17.0,2025-04-25 09:17:00,2025-04-25 09:17:00,19.941133499145508,259218.0,0.9667667513444282,2025-04-25,09:17:00
20.550269168475833,20.76821708244626,20.41354697413126,0.03137217146579309,0.0,0.0,,20.609495380323647,20.43493270874023,20.519452011913483,20.593248303683893,20.593276668341733,20.58609015074412,20.586225088344058,20.768163536100406,20.603667539942006,20.567543009651487,20.575564504517626,7025,0,20.558877673916367,20.558258995859124,35,1050.0,17.5,2025-04-25 09:17:30,2025-04-25 09:17:30,19.91534996032715,258874.0,0.9669683055270132,2025-04-25,09:17:30
20.54806169775982,20.7682090719659,20.423495922325472,0.030664268624325232,0.0,0.0,,20.606375721029092,20.43493270874023,20.519375067634908,20.590199753407127,20.590225348897857,20.583075109889087,20.583210437577556,20.768153407809034,20.60239575962096,20.564922824615284,20.572654998665925,7025,0,20.55651196348151,20.555663569495934,36,1080.0,18.0,2025-04-25 09:18:00,2025-04-25 09:18:00,20.000852584838867,258889.0,0.96796461272978,2025-04-25,09:18:00
20.54590169348156,20.67109824438945,20.375926971435547,0.029722009669081718,0.0,0.0,,20.603343199459612,20.375926971435547,20.518236308771105,20.587251442480333,20.587274335769663,20.58016576445775,20.580301217594553,20.67107943546862,20.59333856171847,20.562412303450387,20.569910078179216,7025,0,20.554073790526076,20.55310411465414,37,1110.0,18.5,2025-04-25 09:18:30,2025-04-25 09:18:30,19.836048126220703,258412.0,0.96987550404006,2025-04-25,09:18:30
20.543896019954293,20.671086076354996,20.375926971435547,0.029010679189059845,0.0,0.0,,20.60039543633229,20.375926971435547,20.51702878701227,20.584400050957132,20.584420314168597,20.577358404907944,20.577493739509457,20.671062166074613,20.589471479208754,20.560005835638158,20.56721527323785,7025,0,20.55184499349991,20.550659738470898,38,1140.0,19.0,2025-04-25 09:19:00,2025-04-25 09:19:00,19.842378616333008,258299.0,0.9685208566428828,2025-04-25,09:19:00
20.54199094565635,20.671082581607415,20.375926971435547,0.028316145894925898,0.0,0.0,,20.597530117549496,20.375926971435547,20.51580235825066,20.581642370029094,20.581660079517434,20.574649451958003,20.57478444388557,20.671056163914866,20.587210354083815,20.557699128790624,20.564624582634632,7025,0,20.549744958534212,20.548327482558523,39,1170.0,19.5,2025-04-25 09:19:30,2025-04-25 09:19:30,19.85746192932129,258176.0,0.9679042833183564,2025-04-25,09:19:30
20.540178900881607,20.671081071199854,20.375926971435547,0.027632202032561008,0.0,0.0,,20.59474499226066,20.375926971435547,20.514576363475477,20.578975298231722,20.578990533751103,20.57203545203205,20.572169896131438,20.671053225171253,20.585527375394083,20.555487902892143,20.562127581188808,7025,0,20.5477479362143,20.546056427495234,40,1200.0,20.0,2025-04-25 09:20:00,2025-04-25 09:20:00,19.948415756225582,258409.0,0.9685252472824089,2025-04-25,09:20:00
20.538411481843276,20.604644417252608,20.38670539855957,0.02681481793523596,0.0,0.0,,20.592037871004155,20.38670539855957,20.513532215114946,20.576395837786052,20.57640868174473,20.569513072860577,20.56964678206945,20.596051600945408,20.57736743480003,20.55336755534223,20.55973749382089,7025,0,20.545706767733826,20.543921398000307,41,1230.0,20.5,2025-04-25 09:20:30,2025-04-25 09:20:30,19.83155059814453,258302.0,0.9694827904932986,2025-04-25,09:20:30
20.53676202108828,20.597318180701645,20.38670539855957,0.026129371400749866,0.0,0.0,,20.589406623885786,20.38670539855957,20.512497074387845,20.573901091070294,20.573911627864508,20.56707909923177,20.5672119036686,20.59603654334099,20.573196373375676,20.551333515502105,20.557437666777652,7025,0,20.543831251151552,20.541884766630147,42,1260.0,21.0,2025-04-25 09:21:00,2025-04-25 09:21:00,19.823036193847656,258087.0,0.968555479838194,2025-04-25,09:21:00
20.53524692507236,20.686979869988196,20.39101219177246,0.025642354935817124,0.0,0.0,,20.586849178773914,20.39101219177246,20.511536530246637,20.57148825721604,20.57149657263671,20.564730428888815,20.564862174934362,20.686938009419443,20.57850587391729,20.54938273993276,20.555224660638913,7025,0,20.542230716951323,20.539934491077638,43,1290.0,21.5,2025-04-25 09:21:30,2025-04-25 09:21:30,19.93628692626953,258363.0,0.9680759846611164,2025-04-25,09:21:30
20.533762347942858,20.686989348079706,20.39101219177246,0.025013830308021557,0.0,0.0,,20.58436351951494,20.39101219177246,20.510580403951547,20.56915462882477,20.569160809530093,20.562464068568293,20.562594617949596,20.686950465249158,20.579692294750643,20.547512365166543,20.55309322266629,7025,0,20.540617931393655,20.53806589145561,44,1320.0,22.0,2025-04-25 09:22:00,2025-04-25 09:22:00,19.92046546936035,258275.0,0.968156156228826,2025-04-25,09:22:00
20.5323114999206,20.605006924784085,20.45026971262013,0.024150362941448112,0.0,0.0,,20.58194768418835,20.52727699279785,20.511814425361088,20.566897588799538,20.566901721847948,20.560277130175603,20.560406359059872,20.605000900089994,20.57231888825089,20.54571808998467,20.551042355546077,7025,0,20.538939714928684,20.536312758417584,45,1350.0,22.5,2025-04-25 09:22:30,2025-04-25 09:22:30,19.853858947753903,258321.0,0.9682938693524724,2025-04-25,09:22:30
20.53095556508226,20.604996625905688,20.4634190997313,0.023496106764518004,0.0,0.0,,20.57959976342273,20.52727699279785,20.513000954289335,20.564714607287574,20.564716779725632,20.55816682709261,20.558294625198137,20.604986884042987,20.568764442140605,20.543995872895618,20.549074034860645,7025,0,20.5374084680624,20.534637798675327,46,1380.0,23.0,2025-04-25 09:23:00,2025-04-25 09:23:00,19.85288619995117,258163.0,0.9686251999705612,2025-04-25,09:23:00
20.529664844533965,20.6049930756087,20.473754911893653,0.02286277471315379,0.0,0.0,,20.577317898789588,20.52727699279785,20.514065343437032,20.5626032387298,20.562603537229805,20.556130470613454,20.556256740342494,20.604981356560373,20.566418251481856,20.542342920782488,20.547192926533203,7025,0,20.535964041112063,20.532984558293343,47,1410.0,23.5,2025-04-25 09:23:30,2025-04-25 09:23:30,19.839710235595703,258283.0,0.9682853328519492,2025-04-25,09:23:30
20.52843441610914,20.604991131074737,20.481951722711273,0.022245593305593486,0.0,0.0,,20.57510028128306,20.52727699279785,20.514994711321116,20.560561119012714,20.560559629555794,20.554165466504177,20.5542901221023,20.604978176610008,20.564540654550964,20.540756443630492,20.545376093909585,7025,0,20.534588044194056,20.53142681944224,48,1440.0,24.0,2025-04-25 09:24:00,2025-04-25 09:24:00,19.80078887939453,258362.0,0.9680557826808897,2025-04-25,09:24:00
20.52726072671598,20.604989651653288,20.488158410002693,0.021643084925938753,0.0,0.0,,20.57294514988938,20.52727699279785,20.515795463063526,20.558585962719615,20.558582770319635,20.552269311682306,20.552392278426982,20.60497581059511,20.56289777252314,20.53923364006084,20.543629422403914,7025,0,20.533273024461806,20.529969965128736,49,1470.0,24.5,2025-04-25 09:24:30,2025-04-25 09:24:30,19.88367080688477,258527.0,0.9674053628827936,2025-04-25,09:24:30
20.52614072952773,20.604988367536986,20.49238726784754,0.021054649904212876,0.0,0.0,,20.57085079024989,20.52727699279785,20.516479421169734,20.556675560476712,20.55667074894146,20.550439591012093,20.55056080443339,20.60497382081501,20.561404149030277,20.53777177283665,20.541951218496582,7025,0,20.532014715377475,20.528584433223052,50,1500.0,25.0,2025-04-25 09:25:00,2025-04-25 09:25:00,19.892784118652344,258340.0,0.9668806732406906,2025-04-25,09:25:00
20.525117838539654,20.70544532161423,20.410385131835938,0.020811215193402146,0.0,0.0,,20.56881553341911,20.410385131835938,20.515187664437,20.554827776391114,20.554821428116952,20.54867397421174,20.54879337934635,20.705391276228628,20.569020741296583,20.536368674249253,20.540339568605276,7025,0,20.53096169996493,20.52728152862892,51,1530.0,25.5,2025-04-25 09:25:30,2025-04-25 09:25:30,19.91114997863769,258190.0,0.9664559045664046,2025-04-25,09:25:30
20.524103277290997,20.705457344697194,20.410385131835938,0.02029993793035743,0.0,0.0,,20.566837754704338,20.410385131835938,20.51384406502008,20.55304054557716,20.553032741374,20.546970212868878,20.547087763548337,20.705407799676923,20.57158967355556,20.535022376958608,20.538819946304727,7025,0,20.529852781392638,20.526036679992778,52,1560.0,26.0,2025-04-25 09:26:00,2025-04-25 09:26:00,19.90424346923828,257811.0,0.9669273227286656,2025-04-25,09:26:00
20.523131040254203,20.705460640631994,20.410385131835938,0.01978758453346579,0.0,0.0,,20.564915872563567,20.410385131835938,20.512529031593,20.551311871767844,20.551302690711466,20.54532613756057,20.545441795734035,20.705413120374352,20.572581982736512,20.533729862915486,20.537332393272507,7025,0,20.528760624078487,20.52489250199544,53,1590.0,26.5,2025-04-25 09:26:30,2025-04-25 09:26:30,19.89432144165039,257986.0,0.966748680160939,2025-04-25,09:26:30
20.522201124379183,20.705461881992278,20.410385131835938,0.01928296414063989,0.0,0.0,,20.563048347535382,20.410385131835938,20.511264492539702,20.54963982500849,20.549629344317303,20.543739655074067,20.543853390165676,20.705415343709298,20.57300266341151,20.532488474191602,20.535920632670212,7025,0,20.527703812166827,20.52371699230177,54,1620.0,27.0,2025-04-25 09:27:00,2025-04-25 09:27:00,19.89835929870605,257884.0,0.9674828362752244,2025-04-25,09:27:00
20.521312073513656,20.705462554744827,20.410385131835938,0.01878894129253178,0.0,0.0,,20.56123368118038,20.410385131835938,20.510054520633282,20.548022539429397,20.548010834363254,20.542208745725336,20.54232053402598,20.70541652246454,20.573173272920457,20.531295875527444,20.534534633841314,7025,0,20.526686648894064,20.522636191563695,55,1650.0,27.5,2025-04-25 09:27:30,2025-04-25 09:27:30,19.88180160522461,257721.0,0.9670174457067916,2025-04-25,09:27:30
20.520462096829224,20.705463012123232,20.410385131835938,0.018306506393910727,0.0,0.0,,20.559470415017785,20.410385131835938,20.50889737600624,20.546458211094777,20.54644535487358,20.54073146077181,20.540841284864648,20.705417251666358,20.573211775000626,20.530149932094396,20.53321929537717,7025,0,20.52570939828758,20.52160486757955,56,1680.0,28.0,2025-04-25 09:28:00,2025-04-25 09:28:00,19.962635040283203,257958.0,0.9668223000449686,2025-04-25,09:28:00
20.51965990849171,20.735529323361774,20.34473991394043,0.01804184555772644,0.0,0.0,,20.557757129449538,20.34473991394043,20.50673875295095,20.54494509592532,20.544931159665207,20.539305919915712,20.539413768135354,20.73547206547565,20.575862365923964,20.529048781329248,20.531953636444264,7025,0,20.524807490221786,20.520620745523125,57,1710.0,28.5,2025-04-25 09:28:30,2025-04-25 09:28:30,19.879880905151367,257828.0,0.9672637863226649,2025-04-25,09:28:30
20.518883484401243,20.73553349794173,20.34473991394043,0.017610990564271716,0.0,0.0,,20.556092442679603,20.34473991394043,20.5046490516689,20.543481507691713,20.54346656035701,20.53793030889552,20.53803617481983,20.735477814011798,20.57691987535322,20.52799067384186,20.530741923871194,7025,0,20.523911411190312,20.51968165568364,58,1740.0,29.0,2025-04-25 09:29:00,2025-04-25 09:29:00,19.87397766113281,257637.0,0.9675893311131554,2025-04-25,09:29:00
20.518115613687744,20.69837032788071,20.321611404418945,0.016996802582149875,0.0,0.0,,20.554475009648087,20.321611404418945,20.50229411262248,20.542065816076484,20.54204992444574,20.536602877162075,20.53670675913565,20.69832980361422,20.574113357842332,20.52697343293386,20.52956167563574,7025,0,20.522966770589107,20.518720166901915,59,1770.0,29.5,2025-04-25 09:29:30,2025-04-25 09:29:30,19.85975456237793,257848.0,0.967923871331172,2025-04-25,09:29:30
20.51739925126838,20.698366269338592,20.321611404418945,0.016558754964726943,0.0,0.0,,20.552903521001493,20.321611404418945,20.5000566533963,20.540696444801945,20.54067967344637,20.53532193563648,20.535423836324618,20.69832429605573,20.572986790042943,20.52599497271899,20.528452332805358,7025,0,20.522093898526578,20.517846628088364,60,1800.0,30.0,2025-04-25 09:30:00,2025-04-25 09:30:00,19.7737045288086,257426.0,0.9675500799258816,2025-04-25,09:30:00
20.516625838925844,20.59328794291288,20.222251892089844,0.01576601577084313,0.0,0.0,,20.551376702111035,20.222251892089844,20.49635510220365,20.539371869821885,20.5393542810948,20.534085854546895,20.534185780518822,20.56442393349493,20.560358364129186,20.52505314481701,20.52738135285389,7025,0,20.52098849468856,20.517020634959458,61,1830.0,30.5,2025-04-25 09:30:30,2025-04-25 09:30:30,19.74323844909668,257406.0,0.9675207891424442,2025-04-25,09:30:30
20.515954183731647,20.577585280680967,20.222251892089844,0.015319428488155066,0.0,0.0,,20.54989331213967,20.222251892089844,20.49281027371557,20.538090617574504,20.53807227161058,20.532893061341742,20.53299102268149,20.56439902268368,20.554746733166798,20.524145542015198,20.526331601316343,7025,0,20.520063268737413,20.51620921637142,62,1860.0,31.0,2025-04-25 09:31:00,2025-04-25 09:31:00,19.75643920898437,257497.0,0.967655327052354,2025-04-25,09:31:00
20.515335834804347,20.59653986436141,20.23495483398437,0.01495936945858309,0.0,0.0,,20.548452143150534,20.23495483398437,20.489676929782572,20.536851263294906,20.536832218017945,20.531742038676253,20.531838048620116,20.596525944175745,20.554285920740675,20.52327158310065,20.525306658917096,7025,0,20.51928015274182,20.5154365967652,63,1890.0,31.5,2025-04-25 09:31:30,2025-04-25 09:31:30,19.765493392944336,257761.0,0.9672898295320084,2025-04-25,09:31:30
20.51472975151813,20.596540997295765,20.23495483398437,0.014571688838784656,0.0,0.0,,20.54705201924967,20.23495483398437,20.486749532297527,20.53565242938474,20.535632740522864,20.530631322470004,20.530725397069332,20.596526602213913,20.55306614620223,20.52243055005556,20.524330406373906,7025,0,20.5185118461833,20.514684695790077,64,1920.0,32.0,2025-04-25 09:32:00,2025-04-25 09:32:00,19.74372673034668,257511.0,0.9672282810248882,2025-04-25,09:32:00
20.514137763875784,20.57655906849992,20.239368438720703,0.014132507096121918,0.0,0.0,,20.54569179575864,20.239368438720703,20.48407967245384,20.5344927838369,20.534472504944503,20.529559500033066,20.529651657840997,20.576551835214374,20.549962244819657,20.521621046778424,20.523397037386804,7025,0,20.517735849039557,20.513975326727476,65,1950.0,32.5,2025-04-25 09:32:30,2025-04-25 09:32:30,19.73641395568848,257766.0,0.9678814797141594,2025-04-25,09:32:30
20.513579587312858,20.576555313951022,20.239368438720703,0.01375574393232087,0.0,0.0,,20.544370358410983,20.239368438720703,20.481578920841642,20.5333710387138,20.533350221198994,20.528525208258152,20.528615470039025,20.576546524702604,20.547940992038946,20.520841664662452,20.522499548952045,7025,0,20.51701115547219,20.51330056527301,66,1980.0,33.0,2025-04-25 09:33:00,2025-04-25 09:33:00,19.73814582824707,258064.0,0.9679760277489304,2025-04-25,09:33:00
20.513062583877932,20.610363975678986,20.21381187438965,0.013541588999543133,0.0,0.0,,20.543086622568197,20.21381187438965,20.478821156607445,20.53228594867696,20.532264641833947,20.527527131876408,20.527615520336706,20.610341090336963,20.549366656099608,20.520091472365728,20.52161402145972,7025,0,20.516377486699092,20.51266520800234,67,2010.0,33.5,2025-04-25 09:33:30,2025-04-25 09:33:30,19.76895904541016,257888.0,0.9674096652422756,2025-04-25,09:33:30
20.51255373620668,20.610366911744492,20.21381187438965,0.013213564588097675,0.0,0.0,,20.541839532458138,20.21381187438965,20.47621132407546,20.531236309566374,20.53121456061197,20.52656400177487,20.526650541314073,20.610344983619417,20.549277540152186,20.519369595752124,20.520786214189997,7025,0,20.515738396445535,20.51199595742144,68,2040.0,34.0,2025-04-25 09:34:00,2025-04-25 09:34:00,19.772367477416992,257985.0,0.9679901447758592,2025-04-25,09:34:00
20.512076544188954,20.618161345194665,20.27773666381836,0.012803986549552211,0.0,0.0,,20.540628060445314,20.27773666381836,20.474777089190184,20.530220957027737,20.5301988111415,20.52563459337325,20.525719309853674,20.61813665478204,20.549470958455597,20.51867482130217,20.520008806320757,7025,0,20.515149765669015,20.5114278969224,69,2070.0,34.5,2025-04-25 09:34:30,2025-04-25 09:34:30,19.78969955444336,257940.0,0.9679731720555168,2025-04-25,09:34:30
20.511610874163946,20.618161968851762,20.27773666381836,0.012472560348231139,0.0,0.0,,20.539451206340516,20.27773666381836,20.473465838301962,20.52923876518595,20.52921626555334,20.524737725057737,20.52482064559272,20.61813765292822,20.549158301831486,20.518006099449234,20.519241538407538,7025,0,20.51457497809099,20.510893513020324,70,2100.0,35.0,2025-04-25 09:35:00,2025-04-25 09:35:00,19.88177299499512,258145.0,0.9669342811210754,2025-04-25,09:35:00
20.511221646827604,20.69994421998103,20.368383407592773,0.012487753849165655,0.0,0.0,,20.538307996750564,20.368383407592773,20.473681060160736,20.528288645363627,20.528265833221404,20.523872256670398,20.523953409429556,20.69988830777352,20.55602747715594,20.517362779800802,20.518484854774588,7025,0,20.514198314741538,20.510384126474882,71,2130.0,35.5,2025-04-25 09:35:30,2025-04-25 09:35:30,19.86318016052246,258015.0,0.9669716392457804,2025-04-25,09:35:30
20.51080449551676,20.69995454678258,20.368383407592773,0.012210458826524684,0.0,0.0,,20.537197484461643,20.368383407592773,20.473923229437492,20.52736954484233,20.527346459526164,20.523037088051545,20.523116502082726,20.699902676152174,20.55867676018491,20.516744477144258,20.517755625095795,7025,0,20.51375479255329,20.509898571022262,72,2160.0,36.0,2025-04-25 09:36:00,2025-04-25 09:36:00,19.90314483642578,257789.0,0.9663510540597156,2025-04-25,09:36:00
20.510427173051042,20.749412075049726,20.33590507507324,0.012378417507166423,0.0,0.0,,20.53611874784706,20.33590507507324,20.473611166189063,20.526480445666035,20.526457124659487,20.522231157633676,20.522308862700154,20.749342986523658,20.564406990765022,20.51615007502983,20.517073628940455,7025,0,20.513385770184875,20.509411438221136,73,2190.0,36.5,2025-04-25 09:36:30,2025-04-25 09:36:30,19.84038543701172,257678.0,0.9657316374506166,2025-04-25,09:36:30
20.51004380945106,20.749419925748548,20.33590507507324,0.01215668912301985,0.0,0.0,,20.53507089029609,20.33590507507324,20.47326277541249,20.525620363484304,20.525596842469174,20.52145344108485,20.521529467517336,20.749354341107242,20.567096062675482,20.515578696859865,20.516419760070217,7025,0,20.51297261568753,20.508968006670045,74,2220.0,37.0,2025-04-25 09:37:00,2025-04-25 09:37:00,19.84103775024414,257667.0,0.9664677422797642,2025-04-25,09:37:00
20.509648677842534,20.705691310047083,20.33814049,0.011532516060944258,0.0,0.0,,20.53405303966584,20.33814049,20.472934053925616,20.524788346434715,20.52476465934224,20.52070294999998,20.520777328562133,20.705644496211914,20.564813673635964,20.515028850583864,20.51579103349764,7025,0,20.51247631341227,20.508554043656915,75,2250.0,37.5,2025-04-25 09:37:30,2025-04-25 09:37:30,19.857830047607425,257876.0,0.9666014988793064,2025-04-25,09:37:30
20.509288729500202,20.70568737260287,20.33814049,0.011260518249638113,0.0,0.0,,20.533064347757982,20.33814049,20.472596884698913,20.523983474062696,20.52395965312536,20.51997873063842,20.520051492404843,20.70563945800501,20.56431572025031,20.514499177651768,20.515145435076043,7025,0,20.512035460567173,20.5081592943638,76,2280.0,38.0,2025-04-25 09:38:00,2025-04-25 09:38:00,20.02539825439453,258101.0,0.966101751349278,2025-04-25,09:38:00
20.50912002888289,20.96105798191738,20.42245678364649,0.013956085547084895,0.0,0.0,,20.532103989818115,20.58380699157715,20.476187531845934,20.523204856277825,20.523180932081388,20.519279862705634,20.51935103895196,20.96091080894216,20.587167952059637,20.5139902839616,20.51456602760344,7025,0,20.51216690883607,20.507754003138025,77,2310.0,38.5,2025-04-25 09:38:30,2025-04-25 09:38:30,20.056655883789062,257647.0,0.9673454620080963,2025-04-25,09:38:30
20.50882398511199,20.961091426333205,20.445783318998586,0.014006552372518586,0.0,0.0,,20.53117116404224,20.58380699157715,20.479689699091633,20.522451632344787,20.522427633880557,20.51860545817834,20.518675080281973,20.960956929549095,20.597074812777876,20.513503376949853,20.514009747174025,7025,0,20.51204293397481,20.507388549074182,78,2340.0,39.0,2025-04-25 09:39:00,2025-04-25 09:39:00,20.57998275756836,241347.0,0.9221661394175192,2025-04-25,09:39:00
20.515749492629734,25.05659294128418,20.464515342830587,0.14606524929638995,0.0,0.0,,20.543620887416672,21.09297180175781,20.49110991022613,20.521722969908584,20.52169892462555,21.51641988624657,20.605166290649105,20.811415252326565,20.58938946029313,20.513086276732327,20.51373008485109,6998,1,20.532668632333635,20.507134713084298,79,2370.0,39.5,2025-04-25 09:39:30,2025-04-25 09:39:30,19.94325065612793,256890.0,0.9695846227957492,2025-04-25,09:39:30
20.516064413293325,25.05659294128418,20.47578886255706,0.1483712187324651,0.0,0.0,,20.55654041626391,21.09297180175781,20.50209356833059,20.52101806405214,20.52099399790887,21.516506463037246,20.64486174328568,20.811397654868586,20.587716872606425,20.512714342512876,20.513293149949952,6998,1,20.5340413529816,20.50695788074344,80,2400.0,40.0,2025-04-25 09:40:00,2025-04-25 09:40:00,19.90790557861328,256612.0,0.9691656323554628,2025-04-25,09:40:00
20.516213774909986,25.05659294128418,20.483536350345293,0.14997683207543308,0.0,0.0,,20.568809567746893,21.09297180175781,20.512345469261,20.520336136385634,20.52031207390172,21.516543197780102,20.66819744017839,20.811394014592803,20.587696183550204,20.512389921439155,20.512800166343503,6998,1,20.535014957554967,20.506721652989828,81,2430.0,40.5,2025-04-25 09:40:30,2025-04-25 09:40:30,19.938949584960938,257372.0,0.969147588412881,2025-04-25,09:40:30
20.516293495274418,25.05659294128418,20.491001922919356,0.15127734559106973,0.0,0.0,,20.580280402255777,21.09297180175781,20.521829778325568,20.519676434166307,20.51965239847334,21.5165639145489,20.68414584393947,20.811393759844158,20.588130500835508,20.512102205166453,20.51234129268098,6998,1,20.535829743613277,20.506481927324913,82,2460.0,41.0,2025-04-25 09:41:00,2025-04-25 09:41:00,19.9324893951416,257293.0,0.9690931156308178,2025-04-25,09:41:00
20.518142094068242,24.83899956419749,20.47723960876465,0.15503788523301457,0.0,0.0,,20.59073236875833,20.47723960876465,20.52072732417644,20.519038229447776,20.519014242339523,21.516577692970966,20.69622418327778,20.866950193398207,20.59365186647991,20.52150503623963,20.511944573307634,6998,1,20.534591373216738,20.50628977289368,83,2490.0,41.5,2025-04-25 09:41:30,2025-04-25 09:41:30,20.2273006439209,245762.0,0.9425034433720428,2025-04-25,09:41:30
20.5179667606738,24.60872979728729,20.47723960876465,0.1475633496316937,0.0,0.0,,20.600421818748128,20.47723960876465,20.51916929585355,20.51842081825763,20.518396900239683,21.51658782532504,20.706026509333746,20.866961000882135,20.596333087507915,20.52079405895694,20.511536773658307,6998,1,20.533388269890107,20.506062614099818,84,2520.0,42.0,2025-04-25 09:42:00,2025-04-25 09:42:00,19.9808406829834,253639.0,0.9583798848954616,2025-04-25,09:42:00
20.51910819137203,24.373768079005647,20.464216232299805,0.1467130061868735,0.0,0.0,,20.61196840758401,20.464216232299805,20.51737581364291,20.517823519802867,20.517799690141295,21.456284270048123,20.706071952771342,20.853886184130833,20.596896462875392,20.524549032216736,20.51113247374632,6998,1,20.53225540519239,20.50581729760373,85,2550.0,42.5,2025-04-25 09:42:30,2025-04-25 09:42:30,19.88966178894043,257281.0,0.9701118985661592,2025-04-25,09:42:30
20.518661956291975,24.13981956940117,20.464216232299805,0.13863363732395156,0.0,0.0,,20.622961007791417,20.464216232299805,20.5156826777986,20.51724567570154,20.517221952470745,21.401695723535163,20.704824338969757,20.85388654226289,20.597734984090472,20.52372135084897,20.51076640335026,6998,1,20.531203126453782,20.505597352468705,86,2580.0,43.0,2025-04-25 09:43:00,2025-04-25 09:43:00,20.92892837524414,245115.0,0.9198548385451728,2025-04-25,09:43:00
20.51819222604551,23.91102234563665,20.464216232299805,0.13136638291084232,0.0,0.0,,20.633236157364472,20.464216232299805,20.514126593799496,20.516686649240434,20.516663049369946,21.351870801245543,20.70264306401226,20.853887684942297,20.5985754031272,20.522941590444994,20.510445183237117,6998,1,20.530214117658513,20.50536531690958,87,2610.0,43.5,2025-04-25 09:43:30,2025-04-25 09:43:30,20.483232498168945,236114.0,0.934972751509864,2025-04-25,09:43:30
20.517729248282038,23.69023348845662,20.464216232299805,0.12483892480811958,0.0,0.0,,20.642811830333486,20.464216232299805,20.51270686279833,20.516145824657205,20.516122363977757,21.306018705340684,20.69977107110071,20.853888888832323,20.59935570206345,20.522201889840105,20.5101096265345,6998,1,20.529280196071703,20.50515443912659,88,2640.0,44.0,2025-04-25 09:44:00,2025-04-25 09:44:00,20.583341598510746,237251.0,0.9349187411222714,2025-04-25,09:44:00
20.517279325797137,23.479305468066702,20.464216232299805,0.118958606866843,0.0,0.0,,20.651730475203944,20.464216232299805,20.511411967094542,20.515622606446843,20.51559929973588,21.263553283483407,20.69638498036729,20.85389000639005,20.600066618564554,20.52149793274311,20.509738471228637,6998,1,20.5283961110861,20.50501349168122,89,2670.0,44.5,2025-04-25 09:44:30,2025-04-25 09:44:30,20.454723358154297,234712.0,0.9360133376222776,2025-04-25,09:44:30
20.516843788339283,23.27932790366592,20.464216232299805,0.11364525667354049,0.0,0.0,,20.660038832214884,20.464216232299805,20.510228535314397,20.515116418691534,20.515093279719984,21.224029175507223,20.692615886735577,20.853891015384967,20.600711669174956,20.52082665844456,20.509393940757775,6998,1,20.527557915141383,20.504823704141934,90,2700.0,45.0,2025-04-25 09:45:00,2025-04-25 09:45:00,20.058481216430664,253708.0,0.9548721487891592,2025-04-25,09:45:00
20.517391674202063,23.09082688539581,20.39380073632111,0.12031238471046592,0.0,0.0,,20.670909743068496,20.796192169189453,20.51445909819858,20.39389193103589,20.503538042119985,21.187099622608024,20.68856303582696,21.238226164698798,20.63573693488631,20.520260821227087,20.50903936062826,6992,2,20.527505565344214,20.50448880271238,91,2730.0,45.5,2025-04-25 09:45:30,2025-04-25 09:45:30,20.240419387817383,253565.0,0.9547850156764538,2025-04-25,09:45:30
20.51710804469421,23.03359031677246,20.39380073621321,0.11679904912565958,0.0,0.0,,20.681359046388458,20.796192169189453,20.518662236015324,20.393879196911275,20.498326737538754,21.15248822517699,20.684302937162077,21.238296331121248,20.651038784145552,20.519698307732266,20.508720777925507,6992,2,20.527160359032848,20.504315464125547,92,2760.0,46.0,2025-04-25 09:46:00,2025-04-25 09:46:00,20.1462631225586,253411.0,0.9536538469127228,2025-04-25,09:46:00
20.516794712673374,23.03359031677246,20.393800736156276,0.11349808686426727,0.0,0.0,,20.691163839610937,20.796192169189453,20.52263014163218,20.393873391042135,20.495064129550403,21.11996977398096,20.679895528125137,21.238323035791105,20.65995570717132,20.51915737543315,20.508417573195587,6992,2,20.52674101174776,20.504178824902432,93,2790.0,46.5,2025-04-25 09:46:30,2025-04-25 09:46:30,20.17005157470703,253436.0,0.9543207530698086,2025-04-25,09:46:30
20.516479680468922,23.03359031677246,20.393800736119186,0.11050103199646896,0.0,0.0,,20.70032601716402,20.796192169189453,20.526318987790823,20.39386983774906,20.492671832853368,21.089357048114497,20.6753884123721,21.23833739085697,20.666373283122624,20.518639406121792,20.508135433772253,6992,2,20.52631177017803,20.503964689929152,94,2820.0,47.0,2025-04-25 09:47:00,2025-04-25 09:47:00,20.276655197143555,253557.0,0.9540147777422828,2025-04-25,09:47:00
20.51617100625202,23.03359031677246,20.39380073609183,0.10780978629797654,0.0,0.0,,20.708879378247047,20.796192169189453,20.529733641072678,20.393867290077864,20.490756505987054,21.06049158261905,20.670819826758695,21.23834731899887,20.671552871985273,20.518144616185186,20.507867644700738,6992,2,20.525891805125625,20.503757131826205,95,2850.0,47.5,2025-04-25 09:47:30,2025-04-25 09:47:30,20.240049362182617,253634.0,0.9540552282028436,2025-04-25,09:47:30
20.51587113517475,23.03359031677246,20.39380073607024,0.10540228456899282,0.0,0.0,,20.71686468499446,20.796192169189453,20.532893645884677,20.393865294641174,20.489137429228506,21.033237109670285,20.666220757991926,21.238355149039815,20.67597109185218,20.51767214030395,20.50760946393939,6992,2,20.52548697895653,20.503565881421935,96,2880.0,48.0,2025-04-25 09:48:00,2025-04-25 09:48:00,20.210214614868164,253311.0,0.9548912330100152,2025-04-25,09:48:00
20.527247255684735,25.915170669555664,20.500020444233883,0.215504983095665,0.0,0.0,,20.753289734266836,20.67344856262207,20.533856339774538,21.306587428057647,20.571127578929143,22.090062193420618,20.757386408167765,22.073743298310102,20.75470260608128,20.517998195756896,20.507303725075293,6970,2,20.527696439693717,20.503547272842606,97,2910.0,48.5,2025-04-25 09:48:30,2025-04-25 09:48:30,20.82535171508789,238310.0,0.9414862075657756,2025-04-25,09:48:30
20.528036943772822,25.915170669555664,20.500018615848415,0.21752544620129402,0.0,0.0,,20.79804477959938,20.67344856262207,20.5346510938477,21.306679296808458,20.605914414896468,22.090152385397715,20.79918301510016,22.07389968927023,20.790253758056103,20.517761663001718,20.50708220196887,6970,2,20.52853207416914,20.503438537986142,98,2940.0,49.0,2025-04-25 09:49:00,2025-04-25 09:49:00,19.96252822875977,256647.0,0.9670363743780368,2025-04-25,09:49:00
20.52479436361765,25.730850088701057,20.32427406311035,0.20017570712105415,0.0,0.0,,20.81914367426055,20.32427406311035,20.529780465194566,20.372539101419367,20.541016981846663,22.090190568274267,20.823891404150135,20.83990862351225,20.70109714539906,20.535056425831407,20.506923083884146,7025,0,20.525455915180466,20.503302367412587,99,2970.0,49.5,2025-04-25 09:49:30,2025-04-25 09:49:30,19.950559616088867,256687.0,0.9672190133314114,2025-04-25,09:49:30
20.524125746626897,25.518016619243614,20.32427406311035,0.18969349357726678,0.0,0.0,,20.836648548920092,20.32427406311035,20.524986995066847,20.37246738598777,20.518305212664615,22.09021211659297,20.84092154196039,20.839720069381535,20.669461000646223,20.533933280664662,20.506685967506563,7025,0,20.52411172203177,20.503182927676107,100,3000.0,50.0,2025-04-25 09:50:00,2025-04-25 09:50:00,19.957275390625,256909.0,0.9666884115581782,2025-04-25,09:50:00
20.523787789877485,25.288368810704206,20.420677185787472,0.1806794054607051,0.0,0.0,,20.85302995929313,20.500120162963867,20.523305843453983,20.420754248480538,20.511416708650543,22.0902264811582,20.853933648154577,21.017043674480675,20.671202676290772,20.53284336295366,20.50644039165409,7025,0,20.523697695205122,20.503099608339237,101,3030.0,50.5,2025-04-25 09:50:30,2025-04-25 09:50:30,20.04810905456543,256382.0,0.9650957238612696,2025-04-25,09:50:30
20.52328742569121,25.05057018723931,20.420677185722347,0.17259448827953283,0.0,0.0,,20.867959985828108,20.500120162963867,20.521902365939813,20.420746281548393,20.506514456864238,22.09023707825589,20.864579169535755,21.017051024292837,20.669948214171807,20.53179153769908,20.506215859805398,7025,0,20.523253435056127,20.502991556675973,102,3060.0,51.0,2025-04-25 09:51:00,2025-04-25 09:51:00,19.97387886047364,256248.0,0.9654313765375728,2025-04-25,09:51:00
20.52273055242618,24.811070019987692,20.40970039367676,0.16311197793517324,0.0,0.0,,20.881480568212183,20.40970039367676,20.519213292922778,20.525157980567283,20.51257625937772,21.998153237320285,20.861777691563223,20.937114013560638,20.661141859871034,20.530775310300772,20.506004109985422,7025,0,20.522755166670226,20.502938693439404,103,3090.0,51.5,2025-04-25 09:51:30,2025-04-25 09:51:30,19.975391387939453,256766.0,0.9648659917979796,2025-04-25,09:51:30
20.522021219263127,24.574542614420068,20.40970039367676,0.15455234286888994,0.0,0.0,,20.893640660925662,20.40970039367676,20.516673043750878,20.525164667291772,20.514085707023927,21.914512161047202,20.857239665088002,20.93709661788225,20.656583190964135,20.529794423740913,20.505790968391135,7025,0,20.5223116111013,20.50284391653755,104,3120.0,52.0,2025-04-25 09:52:00,2025-04-25 09:52:00,19.93916320800781,256649.0,0.9659039437130088,2025-04-25,09:52:00
20.5248443058823,24.344269554153822,20.50000967435073,0.17863113994225074,0.0,0.0,,20.904494287526127,20.80520439147949,20.520645717921496,20.928870822692325,20.551371068876726,21.23422516560678,20.801480849092385,20.868281799559362,20.647405300786637,20.5284101246635,20.505566245218574,6997,1,20.52995787250604,20.50273033435733,105,3150.0,52.5,2025-04-25 09:52:30,2025-04-25 09:52:30,20.3068790435791,240346.0,0.9320646068584456,2025-04-25,09:52:30
20.524637090678944,24.122459345153192,20.500008812404428,0.17496496021709831,0.0,0.0,,20.914103035915947,20.80520439147949,20.524658150293327,20.928912521687543,20.567330471391674,21.23416659414486,20.778128030684343,20.868264181536414,20.642462770451,20.527752712849022,20.5053809723248,6997,1,20.530438480913684,20.502630401582703,106,3180.0,53.0,2025-04-25 09:53:00,2025-04-25 09:53:00,20.53404235839844,236717.0,0.9335433370860564,2025-04-25,09:53:00
20.528611717263164,24.585235595703125,20.500008027638888,0.20360218965960739,0.0,0.0,,20.92294490451354,21.119644165039062,20.533495463745922,21.18595449953227,20.600238759737245,21.62825844343301,20.800297759332953,20.667937244092126,20.621119596782904,20.532003399112106,20.505267745819857,6998,1,20.529724522032552,20.502513846360777,107,3210.0,53.5,2025-04-25 09:53:30,2025-04-25 09:53:30,19.783803939819336,255703.0,0.9656155652260632,2025-04-25,09:53:30
20.528450032521466,24.585235595703125,20.500007313111915,0.19924579670346904,0.0,0.0,,20.930693428614447,21.119644165039062,20.54195666115269,21.185991611242336,20.616927196218782,21.62828056458121,20.808795460544896,20.667895491507345,20.610753218865522,20.531149478228865,20.50512171230467,6998,1,20.52912837817098,20.502443690802664,108,3240.0,54.0,2025-04-25 09:54:00,2025-04-25 09:54:00,19.87413215637207,256159.0,0.9653642854633256,2025-04-25,09:54:00
20.525992837194014,24.396785659641186,20.308290481567383,0.1855197626916433,0.0,0.0,,20.93702662737787,20.308290481567383,20.536863900282974,20.450557760897077,20.560794524674158,21.628287626798272,20.813227213224256,20.73583849440083,20.61020982071514,20.53928744527609,20.504962127278993,7025,0,20.52782666088866,20.502337909077223,109,3270.0,54.5,2025-04-25 09:54:30,2025-04-25 09:54:30,19.79805374145508,256316.0,0.9664425455297369,2025-04-25,09:54:30
20.5251652117081,24.198775701336253,20.308290481567383,0.1754861868361072,0.0,0.0,,20.942359977878784,20.308290481567383,20.53147347664788,20.450495302652087,20.540085691187677,21.628290708280108,20.816055054644853,20.735840073111593,20.607770552814426,20.537892724435007,20.504799336774912,7025,0,20.526944744106597,20.502277036249083,110,3300.0,55.0,2025-04-25 09:55:00,2025-04-25 09:55:00,19.83749961853028,256085.0,0.966425027334674,2025-04-25,09:55:00
20.5245084855926,23.99533448315205,20.29410171508789,0.16649231428025008,0.0,0.0,,20.94525664077586,20.29410171508789,20.526076485434288,20.486405362749473,20.532703110875463,21.62829240382143,20.81813817689481,20.762506029121976,20.607459180740776,20.536550806139743,20.504642135456265,7025,0,20.526248158786164,20.502203126726346,111,3330.0,55.5,2025-04-25 09:55:30,2025-04-25 09:55:30,19.90380477905273,256707.0,0.9664343736244044,2025-04-25,09:55:30
20.523807233433576,23.790832233068784,20.29410171508789,0.15833637955068036,0.0,0.0,,20.94727787641557,20.29410171508789,20.521038269117103,20.486396621252293,20.527563561406975,21.6282935200884,20.819827993373014,20.76250686071673,20.605917473387823,20.535260119661753,20.504486016735687,7025,0,20.525568995043365,20.502134002110278,112,3360.0,56.0,2025-04-25 09:56:00,2025-04-25 09:56:00,20.40179443359375,234555.0,0.9310189774253372,2025-04-25,09:56:00
20.53028159914517,24.701492309570312,20.500004591919925,0.22029325871762143,0.0,0.0,,20.94861945126817,20.975303649902344,20.527290251264382,21.044342276367026,20.574893506621176,21.486125589192987,20.808864424084533,22.420935448738966,20.7527621523216,20.528787718781885,20.504294787619706,6987,2,20.542598739727413,20.502050066340033,113,3390.0,56.5,2025-04-25 09:56:30,2025-04-25 09:56:30,20.371437072753903,235725.0,0.9335903860430588,2025-04-25,09:56:30
20.530286356288173,24.701492309570312,20.500004184444638,0.21864247433945933,0.0,0.0,,20.9493608710751,20.975303649902344,20.53366980917887,21.044394892412168,20.594174204682258,21.48611388486924,20.804426818013226,22.42123224489054,20.814775148685122,20.52794411103034,20.50416934875135,6987,2,20.544908247806482,20.501979639545922,114,3420.0,57.0,2025-04-25 09:57:00,2025-04-25 09:57:00,20.610593795776367,237776.0,0.9288966427435906,2025-04-25,09:57:00
20.537592113645715,26.21332550048828,20.500003813321236,0.2817695243488786,0.0,0.0,,20.971291997784096,21.186059951782227,20.54311242048828,21.245883187924846,20.623602828801165,21.743196770534905,20.824673078199442,21.89776375264649,20.80264019847204,20.537895140761126,20.504090466042324,6984,2,20.55229735213608,20.501915547633175,115,3450.0,57.5,2025-04-25 09:57:30,2025-04-25 09:57:30,20.75797271728516,231484.0,0.9392146163449742,2025-04-25,09:57:30
20.537773360306637,26.21332550048828,20.500003475291045,0.2781302141522118,0.0,0.0,,20.9934323099165,21.186059951782227,20.55206435676051,21.245916262891114,20.63905039076288,21.743216716054064,20.833805531919374,21.897726148936545,20.806828007462073,20.53699501054411,20.50397676934749,6984,2,20.552790795004615,20.501833019093894,116,3480.0,58.0,2025-04-25 09:58:00,2025-04-25 09:58:00,20.95638084411621,226499.0,0.9392121350425388,2025-04-25,09:58:00
20.54621832292119,26.263370513916016,20.50000316738837,0.326872207807139,0.0,0.0,,21.014006022369276,21.667179107666016,20.568096257148618,21.798650052044135,20.699971943709766,22.526840006526307,20.907644789509867,22.151429696660124,20.837328493257942,20.55127928070877,20.5038953093333,6996,1,20.553265787399795,20.50177022541827,117,3510.0,58.5,2025-04-25 09:58:30,2025-04-25 09:58:30,19.99576187133789,256339.0,0.9663532714491356,2025-04-25,09:58:30
20.546106567648028,26.263370513916016,20.50000288691489,0.31823040048929413,0.0,0.0,,21.03281800102262,21.667179107666016,20.58334039510743,21.798718315719118,20.729716119622516,22.526912670200772,20.943007670950088,22.15148644978691,20.85516786875942,20.549575039265065,20.503801762389305,6996,1,20.55311421649602,20.501712289077766,118,3540.0,59.0,2025-04-25 09:59:00,2025-04-25 09:59:00,20.0344181060791,256218.0,0.9663385403250356,2025-04-25,09:59:00
20.544418648219512,26.037361366818434,20.50000263141463,0.2992507958803893,0.0,0.0,,21.03611959652488,20.607929229736328,20.580591006388076,21.79875234424137,20.749251474151304,22.526944613952715,20.964630559135138,20.95921364021159,20.76150340381699,20.561601002064858,20.50373764885336,7025,0,20.550100141307002,20.501659175505324,119,3570.0,59.5,2025-04-25 09:59:30,2025-04-25 09:59:30,20.07872009277344,256159.0,0.9658171902021792,2025-04-25,09:59:30
20.543357865088304,25.79891270824364,20.500002398652757,0.2842297550002187,0.0,0.0,,21.037368220666103,20.607929229736328,20.577172879666325,21.79877449551552,20.763968574212537,22.526963185643403,20.979928004101623,20.95901854397749,20.72660282215209,20.55939123241397,20.503631957811677,7025,0,20.54830314019077,20.501594440645935,120,3600.0,60.0,2025-04-25 10:00:00,2025-04-25 10:00:00,20.749267578125,253108.0,0.9437146149074704,2025-04-25,10:00:00
20.542347206212746,25.551970551144326,20.50000218659538,0.2708667001448274,0.0,0.0,,21.037843199833087,20.607929229736328,20.573784366783723,21.798790979451102,20.775922989154115,22.526975845854654,20.991842665671093,20.958954066705786,20.709947460745898,20.55726357799677,20.5035338344131,7025,0,20.546902662703722,20.501538692727515,121,3630.0,60.5,2025-04-25 10:00:30,2025-04-25 10:00:30,20.441898345947266,244590.0,0.9330337248047752,2025-04-25,10:00:30
20.541372746334883,25.30102742708127,20.50000199339132,0.2588070928685656,0.0,0.0,,21.03781672606861,20.607929229736328,20.570620653154798,21.798804160200532,20.786093008101602,22.52698534095969,21.001722486640364,20.958925293779583,20.69986497360827,20.555218052303182,20.503452895619027,7025,0,20.54567005595538,20.501516623589588,122,3660.0,61.0,2025-04-25 10:01:00,2025-04-25 10:01:00,20.13514709472656,256164.0,0.9639002016286442,2025-04-25,10:01:00
20.539971338181243,25.050372382359114,20.500001817355816,0.24497800402940384,0.0,0.0,,21.033624904628077,20.50080680847168,20.566008515101355,21.726773149977298,20.785274095059798,22.411424569911365,20.995849666682417,21.083811810606605,20.703848440743084,20.55324919525722,20.50337029625517,7025,0,20.544604832669137,20.50146205267729,123,3690.0,61.5,2025-04-25 10:01:30,2025-04-25 10:01:30,19.97328758239746,256570.0,0.9664874595626924,2025-04-25,10:01:30
20.53857305936536,24.803594640251767,20.50000165695509,0.23206610344798329,0.0,0.0,,21.02898224493254,20.50080680847168,20.56169144540935,21.66087200187318,20.78305391971384,22.306224581711792,20.98798407755046,21.08382232894686,20.702977283460655,20.55135671981516,20.503270949826724,7025,0,20.54346500202004,20.50142093485062,124,3720.0,62.0,2025-04-25 10:02:00,2025-04-25 10:02:00,19.86484336853028,256425.0,0.9671402456858732,2025-04-25,10:02:00
20.536975275073566,24.563456451071275,20.363752365112305,0.2197040527673832,0.0,0.0,,21.021850915560663,20.363752365112305,20.555515864862006,21.600211049776007,20.779788130577046,22.209730888490405,20.978741312238213,20.68965572459104,20.66569856547824,20.549535026532645,20.503180771649106,7025,0,20.541532134546195,20.501388538492975,125,3750.0,62.5,2025-04-25 10:02:30,2025-04-25 10:02:30,19.817028045654297,256388.0,0.967377141773406,2025-04-25,10:02:30
20.53562770717242,24.33193835663238,20.363752365112305,0.20840550715917652,0.0,0.0,,21.014624575181035,20.363752365112305,20.549709998733114,21.544010606995826,20.77573148910621,22.120547942266956,20.96853434682455,20.68958137621765,20.648485584219625,20.54777798591712,20.503082908896786,7025,0,20.540049977431526,20.50135822386324,126,3780.0,63.0,2025-04-25 10:03:00,2025-04-25 10:03:00,19.93373680114746,256801.0,0.9670829747547712,2025-04-25,10:03:00
20.53434335335089,24.11035328879429,20.363752365112305,0.19783190131593797,0.0,0.0,,21.007532307392463,20.363752365112305,20.544328765933898,21.49167696975848,20.771075192584426,22.037638679296133,20.957660403791387,20.68955132728025,20.63791014757907,20.5460848616911,20.502997083449813,7025,0,20.538736537080396,20.501318583358007,127,3810.0,63.5,2025-04-25 10:03:30,2025-04-25 10:03:30,19.90796661376953,256611.0,0.9674635805752676,2025-04-25,10:03:30
20.53311166959068,23.899477352018376,20.363752365112305,0.18791037578370515,0.0,0.0,,21.00061392592754,20.363752365112305,20.539358497020007,21.442747466097142,20.765964886598162,21.960212621583196,20.946337470433573,20.689534151472266,20.63004053714675,20.544454353991625,20.502925702283918,7025,0,20.537511708799865,20.501270225441175,128,3840.0,64.0,2025-04-25 10:04:00,2025-04-25 10:04:00,19.935245513916016,256628.0,0.9674223852229686,2025-04-25,10:04:00
20.531928096582437,23.699672987599634,20.363752365112305,0.17858429807174553,0.0,0.0,,20.993877380642523,20.363752365112305,20.534768054211767,21.396853563031645,20.7605133548437,21.88765197775016,20.93472829746371,20.68952180793239,20.62358259294677,20.542884525897776,20.502845712362593,7025,0,20.536349200616243,20.50124067846639,129,3870.0,64.5,2025-04-25 10:04:30,2025-04-25 10:04:30,19.99092102050781,256908.0,0.9672740947148396,2025-04-25,10:04:30
20.530789870538527,23.510994874495463,20.363752365112305,0.16980599697538457,0.0,0.0,,20.987321173991205,20.363752365112305,20.53052360024751,21.353695601236886,20.75480928462464,21.819462202910138,20.92295637650827,20.68951189499691,20.618033461832358,20.541373221995208,20.502761548877544,7025,0,20.535238425094068,20.501184198569867,130,3900.0,65.0,2025-04-25 10:05:00,2025-04-25 10:05:00,19.98895835876465,256739.0,0.9670762427991072,2025-04-25,10:05:00
20.529852139075558,23.33327629859721,20.50000086910632,0.16172791658676425,0.0,0.0,,20.98192589872292,20.540843963623047,20.529428492256038,21.313025228844324,20.748923367362394,21.755238461867236,20.911116733241492,20.92328610084026,20.634104094657857,20.539919484960613,20.50267211190366,7025,0,20.53467310289228,20.501173941976003,131,3930.0,65.5,2025-04-25 10:05:30,2025-04-25 10:05:30,20.043251037597656,256817.0,0.967384606548632,2025-04-25,10:05:30
20.528829857810983,23.166197156764778,20.500000792749503,0.1539641604686517,0.0,0.0,,20.976733545643594,20.540843963623047,20.528557038777542,21.27463300918003,20.74291260377329,21.694642545447547,20.899283336282792,20.92332106661235,20.638744491267275,20.538522969276148,20.502591916454787,7025,0,20.53390126212944,20.501133643999147,132,3960.0,66.0,2025-04-25 10:06:00,2025-04-25 10:06:00,20.02698516845703,256816.0,0.9673417081684942,2025-04-25,10:06:00
20.527838444618297,23.00933612127313,20.500000723142094,0.1466282349369788,0.0,0.0,,20.97165678079363,20.540843963623047,20.527777741873276,21.238339550391938,20.736823391859698,21.637386737406818,20.887514272205433,20.923330549059113,20.639974819517654,20.537180386293013,20.502509873698635,7025,0,20.533090065804085,20.501106552893276,133,3990.0,66.5,2025-04-25 10:06:30,2025-04-25 10:06:30,19.953086853027344,256702.0,0.9679733820733768,2025-04-25,10:06:30
20.5268815615732,22.862209805295816,20.500000659684257,0.13969679789892295,0.0,0.0,,20.966680368964553,20.540843963623047,20.527048728122743,21.20398906271726,20.730693780623678,21.58322235967953,20.875855427517738,20.923333306714017,20.64009006939401,20.535888928626914,20.502440982222158,7025,0,20.532285163325426,20.50108120981839,134,4020.0,67.0,2025-04-25 10:07:00,2025-04-25 10:07:00,20.028120040893555,256951.0,0.9679214130320568,2025-04-25,10:07:00
20.525959387541345,22.72430159896078,20.5000006018297,0.1331451496562962,0.0,0.0,,20.961800394743413,20.540843963623047,20.526356006572566,21.17144461030924,20.724555144431175,21.531931506995996,20.864343158910117,20.92333403493635,20.63980410910625,20.53464629215503,20.502386884679968,7025,0,20.53149997039836,20.50104413521854,135,4050.0,67.5,2025-04-25 10:07:30,2025-04-25 10:07:30,19.957637786865234,256583.0,0.9677645123605229,2025-04-25,10:07:30
20.525071130574545,22.595082482220718,20.500000549080777,0.12694965126691973,0.0,0.0,,20.957016301613017,20.540843963623047,20.52569508974832,21.14058456092857,20.71843344920245,21.483320984731826,20.85300626746756,20.923334053344444,20.63936366524746,20.533450422201717,20.50232588808482,7025,0,20.53073858486141,20.501014903894646,136,4080.0,68.0,2025-04-25 10:08:00,2025-04-25 10:08:00,20.023569107055664,256952.0,0.9685413642431272,2025-04-25,10:08:00
20.524084867502335,22.4740257132176,20.35750770568848,0.12083229275932922,0.0,0.0,,20.947218109773704,20.35750770568848,20.52212931843548,21.11129989312115,20.712350226554122,21.43721778955479,20.841867486162766,20.74714344358072,20.623076358375084,20.53229796863212,20.502256368206005,7025,0,20.529550684058467,20.501003039320295,137,4110.0,68.5,2025-04-25 10:08:30,2025-04-25 10:08:30,19.91391563415528,256791.0,0.9692285019724212,2025-04-25,10:08:30
20.523223913551707,22.36061690782496,20.35750770568848,0.11519519354654426,0.0,0.0,,20.934831755114313,20.35750770568848,20.518657145115977,21.083492124942147,20.706323335585637,21.393465685402955,20.830944621068934,20.747111252729333,20.61578947853968,20.531184537537435,20.502182288167564,7025,0,20.528533188777637,20.500965633815806,138,4140.0,69.0,2025-04-25 10:09:00,2025-04-25 10:09:00,19.925216674804688,256714.0,0.9695279815280818,2025-04-25,10:09:00
20.52240757415224,22.254360694844994,20.246362686157227,0.10994163810707624,0.0,0.0,,20.92872181193523,20.246362686157227,20.51360821553482,21.05707169879921,20.70036756769334,21.35192256797424,20.82025144175807,20.764771070595238,20.61299432432292,20.53011006309644,20.502120583636884,7025,0,20.527679341007826,20.500919980631984,139,4170.0,69.5,2025-04-25 10:09:30,2025-04-25 10:09:30,19.819011688232425,256489.0,0.9700262486890276,2025-04-25,10:09:30
20.52162424581148,22.15478485818288,20.246362686157227,0.10494086999411932,0.0,0.0,,20.92347306367189,20.246362686157227,20.508819823470766,21.031956705098935,20.694495133423352,21.31245840476107,20.809798386709353,20.764767497938486,20.610433948867975,20.529074683822905,20.502057959570212,7025,0,20.526867047379643,20.500898457816078,140,4200.0,70.0,2025-04-25 10:10:00,2025-04-25 10:10:00,19.88489532470703,256509.0,0.9695757507533848,2025-04-25,10:10:00
20.52079865705725,22.061442658728822,20.249061584472656,0.10009207334029142,0.0,0.0,,20.919641040851882,20.249061584472656,20.50439435362656,21.008071860558573,20.688716059237066,21.274953600969546,20.799593129811978,20.63824504438021,20.59681310991581,20.528076467370372,20.502003123221087,7025,0,20.525872189877788,20.50087741104951,141,4230.0,70.5,2025-04-25 10:10:30,2025-04-25 10:10:30,19.81553649902344,256275.0,0.9696722270997952,2025-04-25,10:10:30
20.520062599436717,21.976170168040596,20.249061584472656,0.09559253549952466,0.0,0.0,,20.916036329445216,20.249061584472656,20.500284638627818,20.985347680169035,20.683038514402753,21.239297684836135,20.789641040751842,20.638219016347847,20.589908508072256,20.527113228507417,20.50195294615783,7025,0,20.52504671704301,20.5008524403364,142,4260.0,71.0,2025-04-25 10:11:00,2025-04-25 10:11:00,19.80555534362793,256275.0,0.9692748268461614,2025-04-25,10:11:00
20.519315157619605,21.89919718011128,20.20601463317871,0.09128543930166681,0.0,0.0,,20.909900827037426,20.20601463317871,20.495779641895453,20.96371979808263,20.67746908289433,21.20538823563484,20.779945563004993,20.579205754500094,20.580005159102907,20.526183821829772,20.501909433752015,7025,0,20.524135732409825,20.500827180797128,143,4290.0,71.5,2025-04-25 10:11:30,2025-04-25 10:11:30,19.790172576904297,256243.0,0.969421786643928,2025-04-25,10:11:30
20.51862691973549,21.826457192920092,20.20601463317871,0.08721539970745398,0.0,0.0,,20.903749040199816,20.20601463317871,20.49155924240889,20.94312840429047,20.672012991421898,21.17312999844034,20.770508526894154,20.57918809147425,20.574101516209726,20.525286643989492,20.501851209245554,7025,0,20.52332913321909,20.500799999153138,144,4320.0,72.0,2025-04-25 10:12:00,2025-04-25 10:12:00,19.858369827270508,256573.0,0.9690675265908728,2025-04-25,10:12:00
20.517966832474524,21.757705034094535,20.20601463317871,0.08335466019199424,0.0,0.0,,20.897793496314232,20.20601463317871,20.487625967216005,20.923517772289774,20.666674302034945,21.142434144372192,20.761330410772658,20.579178792376176,20.569713252301174,20.52442095831763,20.501800342480976,7025,0,20.52257715420637,20.50074864327212,145,4350.0,72.5,2025-04-25 10:12:30,2025-04-25 10:12:30,19.785324096679688,256539.0,0.9698033851578124,2025-04-25,10:12:30
20.517332334556315,21.69271061822805,20.20601463317871,0.07969047459247332,0.0,0.0,,20.892061733986104,20.20601463317871,20.483963364855267,20.904835858994264,20.661456075797577,21.11321764550635,20.75241056027227,20.579172278089477,20.56607039831004,20.52358589978098,20.501745964005796,7025,0,20.521864065981212,20.500735247245196,146,4380.0,73.0,2025-04-25 10:13:00,2025-04-25 10:13:00,19.747787475585938,256245.0,0.9697747151163923,2025-04-25,10:13:00
20.516710147368485,21.631257876837747,20.17209815979004,0.07621390670649023,0.0,0.0,,20.886075250238104,20.17209815979004,20.4800080302596,20.887033962579036,20.656360512609197,21.085402741190194,20.74374737329148,20.566491523277694,20.561758941283912,20.522780388214592,20.501701310271475,7025,0,20.52114371673448,20.500705845209307,147,4410.0,73.5,2025-04-25 10:13:30,2025-04-25 10:13:30,19.799962997436523,256383.0,0.969552936914694,2025-04-25,10:13:30
20.516119506660043,21.573143799532975,20.17209815979004,0.07290656884967764,0.0,0.0,,20.88029042798743,20.17209815979004,20.47629462965822,20.87006642723873,20.651389071183257,21.058916478006697,20.735338456739903,20.566484758685686,20.55844047876346,20.522003243670426,20.501654310141753,7025,0,20.520466111048705,20.5006807977121,148,4440.0,74.0,2025-04-25 10:14:00,2025-04-25 10:14:00,19.88227081298828,256887.0,0.969097611498441,2025-04-25,10:14:00
20.515595611123594,21.518177567354694,20.272783279418945,0.06975794449904227,0.0,0.0,,20.87428370225529,20.272783279418945,20.474436743380473,20.853890386290878,20.646542572395045,21.03369030969687,20.727180759815212,20.624834186092034,20.56083728084293,20.521253796742037,20.50161397724991,7025,0,20.519952379428595,20.500642901191956,149,4470.0,74.5,2025-04-25 10:14:30,2025-04-25 10:14:30,19.7980899810791,256555.0,0.9695768816628012,2025-04-25,10:14:30
20.51505741140288,21.4661797633058,20.272783279418945,0.06676761713566613,0.0,0.0,,20.868490992184334,20.272783279418945,20.47277402353941,20.838465536907815,20.641821288597182,21.009659746377398,20.719270687650596,20.624840786214055,20.56056235081829,20.520531541795645,20.501565694637897,7025,0,20.51940343999225,20.50061637035114,150,4500.0,75.0,2025-04-25 10:15:00,2025-04-25 10:15:00,19.81987762451172,256495.0,0.969483323261662,2025-04-25,10:15:00
20.514542402670795,21.416981648317492,20.264249801635746,0.06394243986739906,0.0,0.0,,20.863581562085685,20.264249801635746,20.471093104759653,20.823753941165986,20.63722502102562,20.986764044669172,20.711604198448114,20.63327260124658,20.56032258805787,20.51983536931126,20.501522471432384,7025,0,20.51888163866243,20.500590931107403,151,4530.0,75.5,2025-04-25 10:15:30,2025-04-25 10:15:30,19.84002685546875,256509.0,0.9691358904560854,2025-04-25,10:15:30
20.51404269227082,21.37042449342698,20.264249801635746,0.061249698076728025,0.0,0.0,,20.858930622065106,20.264249801635746,20.46950623189244,20.809719849178748,20.632753167046307,20.96494593208532,20.70417688665,20.63327316339459,20.559480003315038,20.51916432492944,20.501474727348747,7025,0,20.5183673735226,20.500563813054015,152,4560.0,76.0,2025-04-25 10:16:00,2025-04-25 10:16:00,19.870014190673828,256611.0,0.968815456566554,2025-04-25,10:16:00
20.51362951887654,21.32635896090876,20.36495590209961,0.0588057420924157,0.0,0.0,,20.855890298234723,20.36495590209961,20.469618969315725,20.79632954091191,20.628404778696083,20.94415136035457,20.696984054255584,20.72816348632685,20.56699404362848,20.51851795895142,20.50143047033901,7025,0,20.51809367854617,20.500556412556712,153,4590.0,76.5,2025-04-25 10:16:30,2025-04-25 10:16:30,19.94300651550293,256906.0,0.968351203844986,2025-04-25,10:16:30
20.513180875655884,21.28464452860658,20.36495590209961,0.056404982184544455,0.0,0.0,,20.853072269540462,20.36495590209961,20.469778470100206,20.783551183927923,20.62417861373443,20.924329283383717,20.690020772035886,20.728179551815508,20.56964154337194,20.517896201926835,20.501388426241785,7025,0,20.517737316471756,20.50054314244857,154,4620.0,77.0,2025-04-25 10:17:00,2025-04-25 10:17:00,19.96492958068848,257020.0,0.9682600697416544,2025-04-25,10:17:00
20.51280719206337,21.24514895287691,20.37520408630371,0.05436897479781524,0.0,0.0,,20.852180591783203,20.37520408630371,20.47008382236057,20.771354704812648,20.620073180228786,20.905431456364745,20.683281932111246,20.82658482876662,20.57957523933272,20.517298276758098,20.5013605393678,7025,0,20.517576226470986,20.500514818115104,155,4650.0,77.5,2025-04-25 10:17:30,2025-04-25 10:17:30,19.969606399536133,257127.0,0.968291143578854,2025-04-25,10:17:30
20.51240033645978,21.207747766421733,20.37520408630371,0.052256118261326326,0.0,0.0,,20.851417184406575,20.37520408630371,20.470352051775297,20.7597116724393,20.616086775540225,20.887412253161195,20.676762293124032,20.826604880005608,20.583913596199363,20.516723862403875,20.501321901649007,7025,0,20.51731548981033,20.500498998708473,156,4680.0,78.0,2025-04-25 10:18:00,2025-04-25 10:18:00,19.95689392089844,257287.0,0.968766154139152,2025-04-25,10:18:00
20.512017421643225,21.17232380796171,20.405536972011486,0.05027801430902499,0.0,0.0,,20.8515675075959,20.423410415649418,20.47134811203818,20.748595191542368,20.61221752044528,20.870228499608753,20.670456519046724,20.836760442428936,20.587293590545226,20.51617155068255,20.50129021119434,7025,0,20.517076780800522,20.500488910771004,157,4710.0,78.5,2025-04-25 10:18:30,2025-04-25 10:18:30,19.953907012939453,256849.0,0.9684882946789748,2025-04-25,10:18:30
20.51163938325687,21.138766781198004,20.41383548285788,0.048383697372671876,0.0,0.0,,20.851694206186988,20.423410415649418,20.472285960750465,20.73797980532919,20.60846338902314,20.85383932076218,20.664359212507286,20.83676659836077,20.58939667335232,20.515640316230204,20.501252927165957,7025,0,20.516825648531157,20.500469539409032,158,4740.0,79.0,2025-04-25 10:19:00,2025-04-25 10:19:00,19.919397354125977,256822.0,0.969625484771554,2025-04-25,10:19:00
20.511274342491525,21.10717305599601,20.420384690002575,0.046586786234263905,0.0,0.0,,20.851718070334098,20.423410415649418,20.473141611854906,20.72784140606177,20.60482223484663,20.83820600044068,20.658464943382207,20.836770246899107,20.59094762354625,20.515129136755867,20.501213141882218,7025,0,20.51657465980803,20.50046231707848,159,4770.0,79.5,2025-04-25 10:19:30,2025-04-25 10:19:30,19.94504737854004,256945.0,0.9690971681682852,2025-04-25,10:19:30
20.510922266252525,21.11312209160559,20.423410415649418,0.044883646442922476,0.0,0.0,,20.851634903323323,20.423410415649418,20.473914829471997,20.71815715270767,20.60129181394117,20.823291851682516,20.652768273297575,20.83677289119487,20.592196057854846,20.514637111506875,20.501177688019332,7025,0,20.516327862032828,20.5004543546967,160,4800.0,80.0,2025-04-25 10:20:00,2025-04-25 10:20:00,19.90174102783203,256904.0,0.9694811826596704,2025-04-25,10:20:00
20.510525548842313,21.111909141305027,20.42646598815918,0.04294407615601843,0.0,0.0,,20.850054354096596,20.42646598815918,20.474660691842598,20.70890539489318,20.597869804911152,20.80906209692964,20.647263776586072,20.74198870297669,20.584751317791564,20.514162886949503,20.501142146320678,7025,0,20.51589279296058,20.500439228545403,161,4830.0,80.5,2025-04-25 10:20:30,2025-04-25 10:20:30,19.899974822998047,256761.0,0.9694630293346732,2025-04-25,10:20:30
20.51018653291478,21.110731912850905,20.42646598815918,0.04134955275410745,0.0,0.0,,20.848340096227602,20.42646598815918,20.475336736838607,20.700065602504814,20.59455382658015,20.795483756935116,20.641946058170035,20.741973345516712,20.582010126269598,20.51370493371983,20.501109945443325,7025,0,20.51556355106639,20.50042984330682,162,4860.0,81.0,2025-04-25 10:21:00,2025-04-25 10:21:00,20.807296752929688,242119.0,0.9282699700353958,2025-04-25,10:21:00
20.519765836849267,25.93989372253418,20.46716366553239,0.18825658825247416,0.0,0.0,,20.854242296280624,21.53089904785156,20.49363020355952,20.69161830037407,20.59134145344519,21.94582438433221,20.73766247601047,22.667569540268616,20.753267357383436,20.5131223511921,20.501069789984406,7001,1,20.53875589089201,20.500441544132173,163,4890.0,81.5,2025-04-25 10:21:30,2025-04-25 10:21:30,20.338565826416016,255178.0,0.962332298434818,2025-04-25,10:21:30
20.520474591376622,25.93989372253418,20.47863707408705,0.19180319967452417,0.0,0.0,,20.860409761953715,21.53089904785156,20.511479982089494,20.683545007558273,20.58823022920637,21.945921353719985,20.780325170615896,22.667914905812054,20.82648490351278,20.512986574929926,20.50103936521601,7001,1,20.54213402255517,20.500434656358642,164,4920.0,82.0,2025-04-25 10:22:00,2025-04-25 10:22:00,19.91452407836914,256496.0,0.9711445914361236,2025-04-25,10:22:00
20.519029878070366,25.69767261609684,20.365215301513672,0.17391150874248276,0.0,0.0,,20.85484670713861,20.365215301513672,20.509568163060113,20.67582818079235,20.585217678599356,21.94596173205195,20.80471128656837,20.720091982857827,20.693614307492915,20.52387688894589,20.501024164550763,7025,0,20.53821029468805,20.50042679600429,165,4950.0,82.5,2025-04-25 10:22:30,2025-04-25 10:22:30,19.794750213623047,256287.0,0.9718911318170644,2025-04-25,10:22:30
20.518548146837652,25.43572278563075,20.365215301513672,0.16348710745889997,0.0,0.0,,20.848473104096563,20.365215301513672,20.50684892871579,20.66845116173966,20.582301317729836,21.94598410306536,20.820956556209385,20.719808250656232,20.648242695434714,20.523044921384447,20.500997151288644,7025,0,20.536131992959213,20.500418700234505,166,4980.0,83.0,2025-04-25 10:23:00,2025-04-25 10:23:00,19.842851638793945,256594.0,0.9717279534985228,2025-04-25,10:23:00
20.518149374112195,25.162462922678518,20.48391914367676,0.15461676809983282,0.0,0.0,,20.842723960120573,20.48391914367676,20.505963335758302,20.66139812771483,20.579478663084174,21.94599874361514,20.833000328832494,20.750923814500716,20.631844607548903,20.52223817718262,20.50097465812853,7025,0,20.534733181044583,20.500406810675273,167,5010.0,83.5,2025-04-25 10:23:30,2025-04-25 10:23:30,19.916954040527344,256531.0,0.9712438506457308,2025-04-25,10:23:30
20.5177497142703,24.8855386738946,20.48391914367676,0.146841479164834,0.0,0.0,,20.83728641905159,20.48391914367676,20.505184602446114,20.654654045588657,20.576747239368807,21.946009357399493,20.842615119636577,20.750896012001835,20.622706855057032,20.521460576634407,20.500943831688883,7025,0,20.53352544013518,20.500392298980216,168,5040.0,84.0,2025-04-25 10:24:00,2025-04-25 10:24:00,19.895294189453125,256793.0,0.9709569088721266,2025-04-25,10:24:00
20.5170985520913,24.61126584618804,20.43591309,0.1379147075729384,0.0,0.0,,20.83462365100283,20.43591309,20.503727960550222,20.648204628618736,20.574104586312842,21.86225584502657,20.83970121579125,20.70996060797225,20.61293077025518,20.520710693356687,20.500918425472516,7025,0,20.53236387910331,20.50039183340708,169,5070.0,84.5,2025-04-25 10:24:30,2025-04-25 10:24:30,19.894081115722656,256718.0,0.970943250473282,2025-04-25,10:24:30
20.516496805133105,24.34438502188341,20.43591309,0.1297966344584369,0.0,0.0,,20.83233013513721,20.43591309,20.502366568474496,20.642036295975206,20.57154826455204,21.786222465403913,20.835207021255005,20.709943041115217,20.60676672421728,20.519988883347473,20.500896817259623,7025,0,20.53131740243373,20.500382484713107,170,5100.0,85.0,2025-04-25 10:25:00,2025-04-25 10:25:00,19.920961380004883,256680.0,0.970918677925822,2025-04-25,10:25:00
20.51594876367658,24.08817962899572,20.446748733520508,0.12238578391813307,0.0,0.0,,20.83031035097312,20.446748733520508,20.501290820535846,20.636136134756665,20.569075860698252,21.71664655241077,20.829603547056017,20.755620863841926,20.606268977445552,20.519294639602048,20.50087036516858,7025,0,20.530427368469496,20.500375382730887,171,5130.0,85.5,2025-04-25 10:25:30,2025-04-25 10:25:30,19.91793441772461,256654.0,0.9701544321343132,2025-04-25,10:25:30
20.515400978558006,23.846289987103617,20.446748733520508,0.1155174002548776,0.0,0.0,,20.828395687793726,20.446748733520508,20.500318350707783,20.630491864310386,20.566684991686436,21.652471853360815,20.823207334832514,20.755621559673337,20.60429695800921,20.518627378594328,20.500851445671962,7025,0,20.529538165091264,20.50035820522263,172,5160.0,86.0,2025-04-25 10:26:00,2025-04-25 10:26:00,19.94250869750977,256656.0,0.9695304707468362,2025-04-25,10:26:00
20.514905762279945,23.62384916652848,20.42742347717285,0.1092305745099949,0.0,0.0,,20.82713817672861,20.42742347717285,20.49912306454553,20.62509180268959,20.564373308480754,21.592914842939223,20.81624691501659,20.813365146363697,20.607315383983618,20.517986198382207,20.50082666213425,7025,0,20.52878471068408,20.50034858583694,173,5190.0,86.5,2025-04-25 10:26:30,2025-04-25 10:26:30,19.93114280700684,256837.0,0.9695899661069084,2025-04-25,10:26:30
20.514404001537716,23.415176673881373,20.42742347717285,0.10333766008264812,0.0,0.0,,20.825968002393267,20.42742347717285,20.4980093422133,20.61992483509613,20.562138499211756,21.537379594151513,20.80889052933722,20.81337217533839,20.607506403800386,20.51737039628442,20.500809698223,7025,0,20.52800183316176,20.50033653822196,174,5220.0,87.0,2025-04-25 10:27:00,2025-04-25 10:27:00,19.96045684814453,256875.0,0.9699082725060828,2025-04-25,10:27:00
20.51393864145492,23.219967510591992,20.388559341430664,0.09792009483148809,0.0,0.0,,20.82550159066904,20.388559341430664,20.496357363801934,20.614980384170096,20.55997829180863,21.485401539452102,20.801264350628454,20.851574698773636,20.610356880951116,20.516778831480153,20.500786242564686,7025,0,20.527300236559338,20.500325631558724,175,5250.0,87.5,2025-04-25 10:27:30,2025-04-25 10:27:30,19.95306396484375,256964.0,0.9700217613167604,2025-04-25,10:27:30
20.51347550059039,23.03773502042667,20.388559341430664,0.09281977452081684,0.0,0.0,,20.825081327087894,20.388559341430664,20.49479756468651,20.61024838200104,20.557890456183404,21.43660983296803,20.7934646149446,20.851580828926902,20.61106773674429,20.516210613509166,20.50076445236517,7025,0,20.52658234719503,20.500316147846846,176,5280.0,88.0,2025-04-25 10:28:00,2025-04-25 10:28:00,19.972251892089844,257025.0,0.9706121121486236,2025-04-25,10:28:00
20.524080555378333,26.780460357666016,20.497695581780693,0.2358583466154911,0.0,0.0,,20.825430006325046,21.735815048217773,20.51491574523679,20.605719243744804,20.555872806017458,22.459509901650158,20.880455613403846,22.326947599607973,20.743341384398224,20.516115659526672,20.500736773404505,6996,1,20.52902660402368,20.50033777004344,177,5310.0,88.5,2025-04-25 10:28:30,2025-04-25 10:28:30,21.01750564575196,242126.0,0.9401841654758266,2025-04-25,10:28:30
20.524837341203526,26.780460357666016,20.498187403000063,0.23859320497065253,0.0,0.0,,20.82578391016371,21.735815048217773,20.53466984662291,20.601383842740475,20.55392320019556,22.459595493838748,20.92026789251954,22.327214086814944,20.799900621415585,20.516018124699805,20.50071657909737,6996,1,20.529919837281412,20.50034128138114,178,5340.0,89.0,2025-04-25 10:29:00,2025-04-25 10:29:00,20.89786720275879,240936.0,0.9413598813585352,2025-04-25,10:29:00
20.527684033383075,27.40261650085449,20.49854005720782,0.2750127918555407,0.0,0.0,,20.84726460892851,21.60640525817871,20.551173916087997,20.597233487030458,20.5520395439272,22.352051993588443,20.934388755422123,22.21169109304504,20.82170542688483,20.516727826497632,20.50070075141531,6992,2,20.53037343401378,20.50036241217771,179,5370.0,89.5,2025-04-25 10:29:30,2025-04-25 10:29:30,20.89967536926269,240722.0,0.9395485897632956,2025-04-25,10:29:30
20.527994735190948,27.40261650085449,20.49902174238503,0.2750520106064958,0.0,0.0,,20.869362151782383,21.60640525817871,20.566389796205197,20.59325989719372,20.550219789591356,22.352063036342503,20.9462524323075,22.21172257872933,20.839979758353625,20.516509347085982,20.500684899914077,6992,2,20.53080053190732,20.50035454511,180,5400.0,90.0,2025-04-25 10:30:00,2025-04-25 10:30:00,20.972797393798828,242330.0,0.9385169500268228,2025-04-25,10:30:00
20.531138931682793,27.241287231445312,20.49936432728831,0.30305301966942394,0.0,0.0,,20.867563561229346,21.71907615661621,20.582237183559883,20.58945518540952,20.54846193733598,22.473114351891116,20.966634377001036,22.29931687881136,20.863403546608417,20.523241034354736,20.500668795045158,6997,1,20.531073290262697,20.50035966800583,181,5430.0,90.5,2025-04-25 10:30:30,2025-04-25 10:30:30,19.887807846069336,255584.0,0.9693673361791036,2025-04-25,10:30:30
20.531145656370835,27.241287231445312,20.499786098097687,0.2980419487205984,0.0,0.0,,20.863650202897208,21.71907615661621,20.596982159135088,20.585811835675045,20.546764035461425,22.473132672545223,20.979875637186595,22.299356283118964,20.880303689254085,20.52275228880588,20.500652681011918,6997,1,20.531191920069382,20.50035669671098,182,5460.0,91.0,2025-04-25 10:31:00,2025-04-25 10:31:00,19.86396598815918,255714.0,0.9688489875407682,2025-04-25,10:31:00
20.53115203865725,27.241287231445312,20.499995783876948,0.2945048997719707,0.0,0.0,,20.859538756708403,21.71907615661621,20.610657730373553,20.582322685106273,20.54512418061272,22.473143541770174,20.990077424425078,22.299382424796185,20.89416149307957,20.52236416975058,20.50063651333344,6997,1,20.531253312219274,20.50034683136819,183,5490.0,91.5,2025-04-25 10:31:30,2025-04-25 10:31:30,19.88829231262207,255809.0,0.9679561948563186,2025-04-25,10:31:30
20.531153300365148,27.241287231445312,20.500000007237364,0.29178793047164076,0.0,0.0,,20.85555374993401,21.71907615661621,20.623341054071222,20.57898090625559,20.543540517803823,22.47315143347357,20.99858145470745,22.299403077997642,20.906162699542847,20.522028323860695,20.50061913833718,6997,1,20.5312861039738,20.50034162258407,184,5520.0,92.0,2025-04-25 10:32:00,2025-04-25 10:32:00,19.893537521362305,255757.0,0.967314249952103,2025-04-25,10:32:00
20.529562205221914,27.018134221795883,20.270206451416016,0.27507233964288835,0.0,0.0,,20.85204609325054,20.270206451416016,20.6119185716664,20.575779990385648,20.542011240294155,22.473157700323757,21.005975370300103,20.77448096996654,20.780159087865567,20.539801671984627,20.500614724311124,7025,0,20.52805009161066,20.50033293025193,185,5550.0,92.5,2025-04-25 10:32:30,2025-04-25 10:32:30,19.96972274780273,255796.0,0.9655667382406292,2025-04-25,10:32:30
20.528827390785928,26.78049841741094,20.270206451416016,0.26252617863353495,0.0,0.0,,20.848777109864663,20.270206451416016,20.600170099350166,20.572713731641958,20.540534589335632,22.47316291237981,21.012560137933374,20.774221006125135,20.731112088258758,20.538608404656756,20.5006027351052,7025,0,20.526437649788566,20.5003268144317,186,5580.0,93.0,2025-04-25 10:33:00,2025-04-25 10:33:00,20.301448822021484,255247.0,0.9614860189346006,2025-04-25,10:33:00
20.526180420439644,26.533965619710248,20.50000000554912,0.2386572538099375,0.0,0.0,,20.85562529180872,20.87242889404297,20.598675344071804,20.569776212071496,20.539108853806766,21.567280861187914,20.939371251831698,21.26073834331371,20.74989784423275,20.53744763484899,20.5005888951297,7025,0,20.526550346739533,20.5003183324669,187,5610.0,93.5,2025-04-25 10:33:30,2025-04-25 10:33:30,20.24970817565918,255611.0,0.9609657717195268,2025-04-25,10:33:30
20.52541281831592,26.28296262629702,20.500000005081855,0.22728696065412268,0.0,0.0,,20.862988445683236,20.87242889404297,20.597803856130597,20.566961787437357,20.537732369748284,21.567205786786705,20.908226424296505,21.26078374445887,20.752736758240513,20.536324810134666,20.500572423836584,7025,0,20.52634825765792,20.500312728844847,188,5640.0,94.0,2025-04-25 10:34:00,2025-04-25 10:34:00,20.33146476745605,255325.0,0.961701263096054,2025-04-25,10:34:00
20.530737161226444,26.03117795206226,20.500000004655593,0.2571757665814624,0.0,0.0,,20.876940903527647,20.894662857055664,20.59755790993136,20.564265073783925,20.53640351981355,21.93980147807058,20.9240830975631,21.824757097277267,20.802157798447684,20.53546595364207,20.50055293345902,6996,1,20.527223156419964,20.500306986362972,189,5670.0,94.5,2025-04-25 10:34:30,2025-04-25 10:34:30,20.67326736450196,231898.0,0.928014013704301,2025-04-25,10:34:30
20.530651558691684,25.781582953781452,20.500000004258144,0.25064014141479773,0.0,0.0,,20.890665672782546,20.894662857055664,20.597449001647583,20.561680934708463,20.53512073264566,21.93981793226792,20.928772894110576,21.824856870518925,20.821878980440275,20.534591042787053,20.500539165766412,6996,1,20.527496227065594,20.50029940280386,190,5700.0,95.0,2025-04-25 10:35:00,2025-04-25 10:35:00,20.34501075744629,255095.0,0.961476790509418,2025-04-25,10:35:00
20.529862112480238,25.536495286836246,20.500000003898528,0.23777993555767002,0.0,0.0,,20.8971796378138,20.96125030517578,20.598476728386387,20.55920446929949,20.533882482191494,21.93982174017453,20.930520888479357,21.57863142039128,20.810210475992225,20.54267826116149,20.500540913783468,7025,0,20.527066675808054,20.50029816843787,191,5730.0,95.5,2025-04-25 10:35:30,2025-04-25 10:35:30,20.446258544921875,255118.0,0.9591993337396812,2025-04-25,10:35:30
20.529194493765356,25.29766220990174,20.500000003573128,0.22670427957787098,0.0,0.0,,20.90261654166338,20.96125030517578,20.599523756007525,20.556831000703433,20.532687286962517,21.93982260280033,20.931268482291053,21.578603504435772,20.80771550874813,20.541383115019766,20.50052636213432,7025,0,20.526832658770733,20.500294966809093,192,5760.0,96.0,2025-04-25 10:36:00,2025-04-25 10:36:00,20.56577491760254,230516.0,0.9459508098136356,2025-04-25,10:36:00
20.534537341570598,25.957529067993164,20.500000003274927,0.2755703618657882,0.0,0.0,,20.89807806113383,21.04179954528809,20.60182636233758,20.554556065284633,20.531533709250567,21.813797970620932,20.9206269004687,21.722476012423368,20.82061998117429,20.54035604670409,20.500504471610068,6996,1,20.526817883760433,20.500289076254553,193,5790.0,96.5,2025-04-25 10:36:30,2025-04-25 10:36:30,20.02711296081543,256385.0,0.9638486797199524,2025-04-25,10:36:30
20.534410043361408,25.957529067993164,20.500000002993662,0.270329259966738,0.0,0.0,,20.892850020132762,21.04179954528809,20.604052234968034,20.55237540234504,20.530420354306266,21.813786781724325,20.915757718352634,21.72250112098419,20.826861790952123,20.53950376660187,20.500491659073532,6996,1,20.52665967957436,20.500282311116948,194,5820.0,97.0,2025-04-25 10:37:00,2025-04-25 10:37:00,20.34773635864257,255132.0,0.9571161937742032,2025-04-25,10:37:00
20.536576893634106,25.734693300328434,20.500000002739174,0.26875563361881893,0.0,0.0,,20.897190328151243,20.69777488708496,20.600642992690908,20.550284944372628,20.529345869486963,21.813781850654667,20.91290403235954,21.455171275728567,20.806960658529814,20.550677478073602,20.500481293123887,6996,1,20.525996018933387,20.500276583984828,195,5850.0,97.5,2025-04-25 10:37:30,2025-04-25 10:37:30,20.4449405670166,250422.0,0.9384951951106532,2025-04-25,10:37:30
20.535983258900103,25.487263074769974,20.500000002508905,0.25643054077787836,0.0,0.0,,20.90213399495903,20.69777488708496,20.597219450123273,20.54828080778914,20.52830894337988,21.813778963252712,20.91096926082881,21.45512905212349,20.79985108950798,20.549180356976763,20.50047118994075,6996,1,20.525622940753745,20.50027164101001,196,5880.0,98.0,2025-04-25 10:38:00,2025-04-25 10:38:00,20.52736473083496,257115.0,0.9594760612955292,2025-04-25,10:38:00
20.53534556488038,25.225649174132364,20.500000002300546,0.24538228663067382,0.0,0.0,,20.906917318889143,20.69777488708496,20.59399328868777,20.546359284169537,20.5273083049064,21.813776990361138,20.909524296961063,21.455115451931178,20.79667880236057,20.54774363000929,20.500461495278152,6996,1,20.525343938067554,20.500265739222044,197,5910.0,98.5,2025-04-25 10:38:30,2025-04-25 10:38:30,19.92618751525879,256115.0,0.9660885978954766,2025-04-25,10:38:30
20.53470862313065,24.961072190577255,20.50000000211202,0.23542839256044323,0.0,0.0,,20.911428638030884,20.69777488708496,20.591011209486783,20.544516831907643,20.526342722411744,21.81377551862301,20.908373451985426,21.455109622325402,20.794904688000994,20.546363301984712,20.50045317769522,6996,1,20.525104781194873,20.500260503912738,198,5940.0,99.0,2025-04-25 10:39:00,2025-04-25 10:39:00,19.83395195007324,255922.0,0.9667122087003072,2025-04-25,10:39:00
20.53316648745157,24.699067426933784,20.18846893310547,0.22188291520363537,0.0,0.0,,20.904851251095142,20.18846893310547,20.58011708142,20.542750068303196,20.525411002744647,21.742662895645022,20.899544731546055,20.771788945088673,20.732497472035472,20.551516563966985,20.500452949594575,7025,0,20.523323902834118,20.500253752099376,199,5970.0,99.5,2025-04-25 10:39:30,2025-04-25 10:39:30,19.841785430908203,256127.0,0.9667710623050284,2025-04-25,10:39:30
20.53202707557646,24.44405615132024,20.18846893310547,0.21017765599993232,0.0,0.0,,20.897647168672467,20.18846893310547,20.569625488057746,20.54105576204773,20.524511990330744,21.67745937245055,20.88988780497165,20.771663407436442,20.705373883076202,20.54988517028002,20.50044586631051,7025,0,20.5222786311411,20.50024745013983,200,6000.0,100.0,2025-04-25 10:40:00,2025-04-25 10:40:00,20.451637268066406,255262.0,0.9550732433734752,2025-04-25,10:40:00
20.542463927039552,25.52835273742676,20.500000001614858,0.290394593472486,0.0,0.0,,20.902933495640134,21.15879249572754,20.57535595477226,20.53943082608776,20.523644566243092,23.62615567975423,21.05572640486282,21.41129825399549,20.74703049517423,20.548673258797535,20.50045469507249,6996,1,20.523125088072728,20.500241613530505,201,6030.0,100.5,2025-04-25 10:40:30,2025-04-25 10:40:30,20.543926239013672,247517.0,0.9500841103843372,2025-04-25,10:40:30
20.54265574462077,25.52835273742676,20.500000001476373,0.287400378087057,0.0,0.0,,20.909046098605273,21.15879249572754,20.581471253126985,20.53787231084476,20.522807647272774,23.626320904054605,21.13146425212611,21.41138800993684,20.760448548454498,20.54736250600063,20.500451883081872,6996,1,20.52341835168395,20.50023837250303,202,6060.0,101.0,2025-04-25 10:41:00,2025-04-25 10:41:00,19.921777725219727,256355.0,0.9666761546488268,2025-04-25,10:41:00
20.541558480827383,25.3508539142529,20.31664085388184,0.275441149011942,0.0,0.0,,20.902664752868944,20.31664085388184,20.57387280273732,20.536377397773023,20.52200018500209,23.6263905037558,21.175801291232098,20.829294522870402,20.71338693429503,20.55710934652506,20.500455228101796,7025,0,20.52206463157511,20.500233120016055,203,6090.0,101.5,2025-04-25 10:41:30,2025-04-25 10:41:30,19.829206466674805,256048.0,0.9669553535860465,2025-04-25,10:41:30
20.540741454579248,25.155603872361105,20.31664085388184,0.2654070215200436,0.0,0.0,,20.89555517126016,20.31664085388184,20.566177608443425,20.534943393237533,20.52122116488319,23.626429483383674,21.20601777291244,20.829198429128848,20.693397612142505,20.555314892109855,20.50045028091394,7025,0,20.521279191377744,20.500231699491536,204,6120.0,102.0,2025-04-25 10:42:00,2025-04-25 10:42:00,19.8485164642334,256595.0,0.967388905668466,2025-04-25,10:42:00
20.539860319836233,24.947469467478832,20.147010803222656,0.2564576316484933,0.0,0.0,,20.888148556541548,20.147010803222656,20.556152134557426,20.53356772269452,20.52046960532361,23.626455271756463,21.228872727122035,20.741427015619443,20.6741221124601,20.553578077943587,20.500444139728508,7025,0,20.520465873103145,20.500228616418426,205,6150.0,102.5,2025-04-25 10:42:30,2025-04-25 10:42:30,19.760068893432617,256355.0,0.963253776501336,2025-04-25,10:42:30
20.53904653056317,24.73167897871127,20.147010803222656,0.24845131335275356,0.0,0.0,,20.88114727708153,20.147010803222656,20.54668546424779,20.53224792515921,20.519744556780953,23.626474173601913,21.24742203807719,20.74139271383409,20.662605538427194,20.551897326719917,20.50043970609783,7025,0,20.519833382060813,20.500223157271837,206,6180.0,103.0,2025-04-25 10:43:00,2025-04-25 10:43:00,19.78965950012207,255346.0,0.966177754889444,2025-04-25,10:43:00
20.539187201189822,24.513080430685164,20.322866439819336,0.24227157700238097,0.0,0.0,,20.874950823992066,20.322866439819336,20.54069976060669,20.53098164794516,20.519045100867956,23.44669719779899,21.240123992234935,23.183347043594615,20.872941421088264,20.550279785675045,20.50043564127171,7025,0,20.523869333292225,20.5002200577458,207,6210.0,103.5,2025-04-25 10:43:30,2025-04-25 10:43:30,19.86530494689941,255606.0,0.9648579014185896,2025-04-25,10:43:30
20.538179991270432,24.29570835749293,20.322866439819336,0.2316025265172567,0.0,0.0,,20.86922589311889,20.322866439819336,20.53530736904291,20.52976664166141,20.51837034946978,23.283255667737897,21.229566984094426,23.183774654790966,20.95982128848957,20.548742446286,20.500429314809324,7025,0,20.52534700709458,20.500213760980625,208,6240.0,104.0,2025-04-25 10:44:00,2025-04-25 10:44:00,19.779312133789062,255883.0,0.9661519498169086,2025-04-25,10:44:00
20.535715891461695,24.08268966017168,20.29471778869629,0.21358937763454483,0.0,0.0,,20.860465813202048,20.29471778869629,20.529908545985954,20.52860075545381,20.51771944387404,23.133511674455576,21.216735215073324,20.785543439524503,20.792478709911894,20.547258633474236,20.500423167344223,7025,0,20.521549044718547,20.50021209926617,209,6270.0,104.5,2025-04-25 10:44:30,2025-04-25 10:44:30,19.82487869262696,255399.0,0.9645313558392946,2025-04-25,10:44:30
20.534420918565953,23.876307556166893,20.29471778869629,0.20309699954770546,0.0,0.0,,20.851975814514038,20.29471778869629,20.52489401089796,20.527481932477745,20.517091553915197,22.995248989880963,21.202289550396205,20.78518884448684,20.732978864190578,20.545802353951412,20.50041590714256,7025,0,20.52003238310691,20.500200364447032,210,6300.0,105.0,2025-04-25 10:45:00,2025-04-25 10:45:00,19.866907119750977,255519.0,0.9659553203479976,2025-04-25,10:45:00
20.53323766035834,23.67812755682293,20.29471778869629,0.1934006782289608,0.0,0.0,,20.84401467429476,20.29471778869629,20.52023792659505,20.52640820559059,20.516485877133825,22.86682203720924,21.1867065429083,20.78507840408431,20.705964013015667,20.54438167713889,20.50041117962927,7025,0,20.519186243945036,20.500199244339925,211,6330.0,105.5,2025-04-25 10:45:30,2025-04-25 10:45:30,19.841869354248047,255771.0,0.960437632687052,2025-04-25,10:45:30
20.53211681655334,23.489136796366317,20.29471778869629,0.18431452142532606,0.0,0.0,,20.83659244479988,20.29471778869629,20.51591231512297,20.525377693252363,20.515901637951448,22.746977748749334,21.170336527809614,20.78503253278318,20.690128990168986,20.54300178346192,20.500405657989596,7025,0,20.51857206418879,20.500193955091284,212,6360.0,106.0,2025-04-25 10:46:00,2025-04-25 10:46:00,19.82811546325684,256204.0,0.9675427101060092,2025-04-25,10:46:00
20.531033062796514,23.309873960218084,20.24995231628418,0.1757673984655827,0.0,0.0,,20.831931545803137,20.24995231628418,20.51117428857004,20.52438859562382,20.515338086861707,22.634737907499545,21.15344180173791,20.770687396649937,20.67763409194725,20.5416640050386,20.50040558485603,7025,0,20.518048351061584,20.500190445569988,213,6390.0,106.5,2025-04-25 10:46:30,2025-04-25 10:46:30,19.8414306640625,255812.0,0.9678593312667116,2025-04-25,10:46:30
20.53000041537566,23.140540837399385,20.24995231628418,0.16771097223317089,0.0,0.0,,20.827821408245477,20.24995231628418,20.506732216227196,20.523439190852176,20.514794499638104,22.529320423491857,21.136222043093433,20.770667047947963,20.668225637676855,20.54036807540498,20.50040084502276,7025,0,20.517596575103333,20.500181064793484,214,6420.0,107.0,2025-04-25 10:47:00,2025-04-25 10:47:00,19.93180274963379,256019.0,0.9668985138798292,2025-04-25,10:47:00
20.529037436442884,22.981093516769224,20.32129669189453,0.1601293171171055,0.0,0.0,,20.82478460823894,20.32129669189453,20.50373333864849,20.522527831534546,20.514270176558945,22.43008592803526,21.118831486253672,20.809667457266997,20.663991159501073,20.539113326962287,20.500396569718216,7025,0,20.51728890634022,20.500175961164985,215,6450.0,107.5,2025-04-25 10:47:30,2025-04-25 10:47:30,19.85564613342285,256050.0,0.9678242164616286,2025-04-25,10:47:30
20.52808603381872,22.83131452808584,20.32129669189453,0.15294115867465663,0.0,0.0,,20.822040670008597,20.32129669189453,20.50099559465192,20.521652941350457,20.513764441649446,22.336501010949643,21.101390713103125,20.80966259859894,20.658861696375862,20.53789902344506,20.500391373648867,7025,0,20.51696831545832,20.500173467539206,216,6480.0,108.0,2025-04-25 10:48:00,2025-04-25 10:48:00,19.849552154541016,256398.0,0.968236089497578,2025-04-25,10:48:00
20.531999074760027,25.474231719970703,20.165571212768555,0.20821054948979134,0.0,0.0,,20.8391163288734,20.165571212768555,20.495963491097406,20.520813011854557,20.513276641941626,21.991727619935254,21.063971449559876,21.95345134401257,20.756400280139463,20.534978733761577,20.500380674531204,6997,1,20.51899949924746,20.500173516200405,217,6510.0,108.5,2025-04-25 10:48:30,2025-04-25 10:48:30,20.6781063079834,232411.0,0.9341721131960192,2025-04-25,10:48:30
20.53188725600294,25.474231719970703,20.165571212768555,0.2080985515928179,0.0,0.0,,20.85699396212121,20.165571212768555,20.491156794671223,20.52000659942165,20.51280614675157,21.991688798082865,21.044874044186408,21.953650505134224,20.79580007395659,20.534239272923745,20.50037593357329,6997,1,20.519851093501032,20.500167111146418,218,6540.0,109.0,2025-04-25 10:49:00,2025-04-25 10:49:00,20.5278549194336,248586.0,0.953791708402726,2025-04-25,10:49:00
20.5395343373054,25.370317459106445,20.461437306197325,0.2749641840250297,0.0,0.0,,20.871284268609262,21.011829376220703,20.50309215191241,20.519232322336162,20.51235234697463,21.768878933578097,21.013384219420576,21.857161425449526,20.808103456614287,20.54226895833112,20.500366829969607,6970,2,20.520379009264886,20.500161416891146,219,6570.0,109.5,2025-04-25 10:49:30,2025-04-25 10:49:30,20.60776901245117,243415.0,0.936705061315038,2025-04-25,10:49:30
20.53959795088182,25.370317459106445,20.489060335637692,0.27106823239199296,0.0,0.0,,20.884399267577308,21.011829376220703,20.518289931451214,20.518488858019353,20.51191465439822,21.768848857295495,20.995775976618255,21.85717887461459,20.818420445920516,20.541458134510407,20.50035947445507,6970,2,20.520874313522878,20.500167335560654,220,6600.0,110.0,2025-04-25 10:50:00,2025-04-25 10:50:00,20.003883361816406,257557.0,0.9661013144663124,2025-04-25,10:50:00
20.541869616839694,25.203527065545835,20.496442652753217,0.2828702051462481,0.0,0.0,,20.889880800850808,20.74682045,20.529268630308863,20.51777494038654,20.511492501032446,21.768833164056353,20.98371532632868,21.409163046427324,20.786953292926857,20.555980916551103,20.50036340201255,6997,1,20.520332566469758,20.500166860609355,221,6630.0,110.5,2025-04-25 10:50:30,2025-04-25 10:50:30,20.25230026245117,249536.0,0.9527474868355668,2025-04-25,10:50:30
20.54119390035442,25.010652270072644,20.500000000235964,0.27175489629908406,0.0,0.0,,20.894278971558656,20.74682045,20.539274294052273,20.517089357328686,20.511085338458155,21.768822832334685,20.97447291205328,21.409095752545532,20.77717330516235,20.5544861733683,20.500360074121886,6997,1,20.52023099439517,20.50016849190503,222,6660.0,111.0,2025-04-25 10:51:00,2025-04-25 10:51:00,20.673873901367188,242234.0,0.9434413753849584,2025-04-25,10:51:00
20.540469413435268,24.80238938396064,20.500000000213483,0.26184721948378825,0.0,0.0,,20.898224426401832,20.74682045,20.548491517962084,20.516430948311772,20.510692637192527,21.76881517015468,20.96688850665595,21.409076962368914,20.773822805161085,20.552992881143183,20.5003575188062,6997,1,20.520254641504135,20.500166893908045,223,6690.0,111.5,2025-04-25 10:51:30,2025-04-25 10:51:30,20.140071868896484,255528.0,0.9628174921143672,2025-04-25,10:51:30
20.5397489129023,24.58672027688719,20.500000000193246,0.25304277099825784,0.0,0.0,,20.90185367946422,20.74682045,20.55700819883239,20.51579860208812,20.510313886072005,21.768809095962045,20.96039674286047,21.40907084418258,20.772573152451862,20.55153814138189,20.5003533805347,6997,1,20.520316944307094,20.500166507918518,224,6720.0,112.0,2025-04-25 10:52:00,2025-04-25 10:52:00,20.17452049255371,255592.0,0.9628275361709286,2025-04-25,10:52:00
20.53850125607484,24.369598399095672,20.500000000174875,0.23963189966735882,0.0,0.0,,20.905380300723237,20.735610961914062,20.564699948928357,20.515191254514342,20.509948591652254,21.70282764202361,20.94797964407512,21.35346122619314,20.767113010882543,20.561134165008653,20.500359191370176,7025,0,20.52028725219278,20.500167268682063,225,6750.0,112.5,2025-04-25 10:52:30,2025-04-25 10:52:30,19.73319435119629,257290.0,0.9675735551323408,2025-04-25,10:52:30
20.537321321605976,24.197148075468867,20.50000000015825,0.22742752786456574,0.0,0.0,,20.908682886071364,20.735610961914062,20.571790810470443,20.51460788647067,20.5095962776251,21.64200989569756,20.935102656377502,21.353450154674867,20.764820444089327,20.559214925413357,20.500355436159875,7025,0,20.520319769587736,20.50016712936585,226,6780.0,113.0,2025-04-25 10:53:00,2025-04-25 10:53:00,20.3335075378418,249794.0,0.9567113926875744,2025-04-25,10:53:00
20.540147878769314,25.064537048339844,20.50000000014322,0.2496391136817492,0.0,0.0,,20.915260472181643,20.831897735595703,20.579862682537513,20.514047521876257,20.509256484252102,21.485831099320965,20.912954434889933,21.39144194557946,20.766999296705166,20.557541423815078,20.500348821080426,6999,1,20.522015994424063,20.50016662038624,227,6810.0,113.5,2025-04-25 10:53:30,2025-04-25 10:53:30,20.27377700805664,256133.0,0.959727465808779,2025-04-25,10:53:30
20.53963671978165,25.064537048339844,20.500000000129614,0.2428379789220958,0.0,0.0,,20.927225116010938,20.831897735595703,20.58737157917992,20.513509225796614,20.508928767814393,21.485810309435756,20.900131893667798,21.391446579523752,20.767664837018927,20.55597529484872,20.50034593558021,6999,1,20.523003117687484,20.50016378822656,228,6840.0,114.0,2025-04-25 10:54:00,2025-04-25 10:54:00,20.225934982299805,249675.0,0.9539396215079604,2025-04-25,10:54:00
20.54807931534364,25.49210548400879,20.500000000117208,0.30137569962318544,0.0,0.0,,20.932278970699024,20.73733711242676,20.592773386173302,20.512992102637845,20.508612700078924,21.485799555954937,20.890885224656294,21.695376084663394,20.795152722663467,20.559645650920363,20.50033871883488,6969,2,20.523777983602976,20.500164910335503,229,6870.0,114.5,2025-04-25 10:54:30,2025-04-25 10:54:30,20.650131225585938,246135.0,0.9402509039754606,2025-04-25,10:54:30
20.547841893758463,25.49210548400879,20.500000000106017,0.2952511255887932,0.0,0.0,,20.937028771885185,20.73733711242676,20.59763018994889,20.512495294424035,20.50830786778011,21.485792323804436,20.88346112929014,21.69543121386858,20.806969955122046,20.558296535137323,20.500339048375004,6969,2,20.524196115258718,20.50016694262777,230,6900.0,115.0,2025-04-25 10:55:00,2025-04-25 10:55:00,21.01009178161621,244544.0,0.9384946446242804,2025-04-25,10:55:00
20.56053381976794,27.123056411743164,20.500000000096122,0.39268412541853653,0.0,0.0,,20.958362226359917,21.71282196044922,20.61764399019713,20.51201797915352,20.50801387211746,22.49093410031691,20.96494997625081,22.401375220313675,20.877000306791576,20.575560192424344,20.500344548960676,6985,2,20.526317396779696,20.50016790782236,231,6930.0,115.5,2025-04-25 10:55:30,2025-04-25 10:55:30,20.99885368347168,243819.0,0.93709005194427,2025-04-25,10:55:30
20.560435348178824,27.123056411743164,20.50000000008676,0.38595822702037136,0.0,0.0,,20.979977878621717,21.71282196044922,20.636898584145534,20.511559369230266,20.50773032826802,22.491017196630597,20.999962785474676,22.40151347709321,20.908950501993612,20.573561398838045,20.500346214437855,6985,2,20.52764458718715,20.500165352303952,232,6960.0,116.0,2025-04-25 10:56:00,2025-04-25 10:56:00,20.465368270874023,255055.0,0.9626222775479798,2025-04-25,10:56:00
20.556315646471564,26.891587584651187,20.500000000078767,0.3553984031215114,0.0,0.0,,20.987224113802558,21.10123062133789,20.64504653768992,20.511118709966784,20.50745686491402,21.629334109060096,20.94373677821926,21.602312402361854,20.85668946278231,20.59494023156943,20.500350978385562,7025,0,20.52684388927576,20.500166388739267,233,6990.0,116.5,2025-04-25 10:56:30,2025-04-25 10:56:30,20.39936637878418,255337.0,0.963595782240725,2025-04-25,10:56:30
20.554633879746888,26.636975870603806,20.500000000071005,0.33631925156501125,0.0,0.0,,20.992718920693942,21.10123062133789,20.652009703923053,20.510695278155236,20.507193123784763,21.62927685217389,20.920989764896746,21.60219914600659,20.840246270908832,20.591981231581077,20.500349138603617,7025,0,20.52674438470317,20.500165366854937,234,7020.0,117.0,2025-04-25 10:57:00,2025-04-25 10:57:00,20.97346878051757,245975.0,0.9438302291899584,2025-04-25,10:57:00
20.557150810346457,26.390316544543104,20.50000000006461,0.34608941698742546,0.0,0.0,,21.008278075263352,21.604875564575195,20.666272345590997,20.5102883807033,20.506938759213075,22.229357755840937,20.961303336989225,22.195169133927976,20.887509977555222,20.575061006723875,20.500340968266606,6997,1,20.52822390088004,20.50016662031799,235,7050.0,117.5,2025-04-25 10:57:30,2025-04-25 10:57:30,20.49216651916504,254458.0,0.9622651994631728,2025-04-25,10:57:30
20.55640313814017,26.22808837890625,20.500000000058215,0.33662307718581796,0.0,0.0,,21.023738170931342,21.604875564575195,20.67975643277177,20.509897353331727,20.506693437705362,22.229399810204193,20.97784779207991,22.195265228531664,20.907881886628726,20.573180172129526,20.500338975766145,6997,1,20.529126937183417,20.500167150234027,236,7080.0,118.0,2025-04-25 10:58:00,2025-04-25 10:58:00,21.00779151916504,246873.0,0.9415686405560754,2025-04-25,10:58:00
20.555505102383027,26.22808837890625,20.500000000052854,0.32752969201661086,0.0,0.0,,21.03826847487598,21.604875564575195,20.69223962271403,20.509521559330782,20.50645683752545,22.229415899404806,20.98667503138624,22.195300692781434,20.919768239896072,20.571293691140838,20.500335019702657,6997,1,20.529832224835836,20.500168407531696,237,7110.0,118.5,2025-04-25 10:58:30,2025-04-25 10:58:30,21.104393005371094,245988.0,0.942633825125616,2025-04-25,10:58:30
20.5545820809607,26.22808837890625,20.500000000048058,0.3191809288770187,0.0,0.0,,21.05178087118984,21.604875564575195,20.703715621320466,20.509160388372834,20.50622864829141,22.22942424620923,20.9922154894909,22.19531944705155,20.928425001315198,20.569449141430802,20.500335262009806,6997,1,20.53044511039823,20.500166789679255,238,7140.0,119.0,2025-04-25 10:59:00,2025-04-25 10:59:00,20.5439395904541,254376.0,0.9628910549737396,2025-04-25,10:59:00
20.551183371298247,26.0424350553785,20.50000000004326,0.2972594638075021,0.0,0.0,,21.056351991179145,21.018817901611328,20.704855391658377,20.508813255378126,20.506008570585397,21.605791224881763,20.941646086152016,21.488306087488986,20.872155194540465,20.58466762557229,20.50034261359157,7025,0,20.529404678647012,20.500166196917142,239,7170.0,119.5,2025-04-25 10:59:30,2025-04-25 10:59:30,20.385311126708984,254419.0,0.9642107360299348,2025-04-25,10:59:30
20.54966202287287,25.84735086462411,20.500000000038966,0.2838086070364047,0.0,0.0,,21.059719356432204,21.018817901611328,20.70531539159673,20.508479599431407,20.50579631557606,21.605740521647302,20.919478209454052,21.48818884324599,20.851106607809616,20.58206757020028,20.50034112859413,7025,0,20.52906303426659,20.500166234754722,240,7200.0,120.0,2025-04-25 11:00:00,2025-04-25 11:00:00,20.76245880126953,246648.0,0.9412246273028768,2025-04-25,11:00:00
20.5511701957903,26.39728164672852,20.50000000003577,0.2995331927486676,0.0,0.0,,21.066771092301888,21.506141662597656,20.713318270413453,20.508158882747253,20.50559160465292,22.11993529551902,20.95193460075412,21.938562818236868,20.881380979594454,20.56269740499265,20.500326902713887,6992,2,20.529958193497443,20.500166878806624,241,7230.0,120.5,2025-04-25 11:00:30,2025-04-25 11:00:30,20.88111686706543,246024.0,0.9407139903017592,2025-04-25,11:00:30
20.55030473928644,26.39728164672852,20.50000000003257,0.29314606814080224,0.0,0.0,,21.073622618342476,21.506141662597656,20.72102132668931,20.507850589681233,20.505394169072833,22.119969173712377,20.964494419107847,21.93862651950073,20.892570491883028,20.561007686197975,20.500323903718098,6992,2,20.53043926051421,20.500167231082663,242,7260.0,121.0,2025-04-25 11:01:00,2025-04-25 11:01:00,20.565399169921875,247607.0,0.9542474945175216,2025-04-25,11:01:00
20.558489875094363,26.18539763334982,20.500000000029374,0.35117775612719154,0.0,0.0,,21.082523945955966,21.144184112548828,20.72237782533769,20.507554225785466,20.50520374961793,22.30956632209099,20.987326062887423,22.06621692906311,20.909510709655056,20.572703751718688,20.50031249684809,6970,2,20.53095162203909,20.5001626616515,243,7290.0,121.5,2025-04-25 11:01:30,2025-04-25 11:01:30,20.84321403503418,242056.0,0.9372929198202068,2025-04-25,11:01:30
20.558207724633697,25.98442192129988,20.500000000026176,0.3454855808581158,0.0,0.0,,21.09099552297159,21.144184112548828,20.723266143793456,20.507269316905955,20.50502009626462,22.309588670578027,20.99865351236733,22.066248583231165,20.917984291699085,20.570961051362247,20.500310270077023,6970,2,20.531275874990044,20.500160963655524,244,7320.0,122.0,2025-04-25 11:02:00,2025-04-25 11:02:00,20.083364486694336,254856.0,0.9668747375969174,2025-04-25,11:02:00
20.558615066954523,26.864187240600582,20.50000000002348,0.3557359747460226,0.0,0.0,,21.082445797684993,21.636777877807617,20.731807654025175,20.506995408319717,20.504842967863702,22.53331380235884,21.025167728795296,21.07453995744635,20.834679922504257,20.577152909122717,20.500318089703022,6997,1,20.529613400375435,20.50016179342304,245,7350.0,122.5,2025-04-25 11:02:30,2025-04-25 11:02:30,20.98318290710449,243285.0,0.9352733805002365,2025-04-25,11:02:30
20.557558118726675,26.864187240600582,20.50000000002188,0.3459855340438378,0.0,0.0,,21.07274611882364,21.636777877807617,20.7400206052742,20.506732063910697,20.504672131830947,22.533339535243538,21.039100277801502,21.074369365328273,20.800890767467035,20.575052222915982,20.500315896586155,6997,1,20.52895512822481,20.500160406882184,246,7380.0,123.0,2025-04-25 11:03:00,2025-04-25 11:03:00,21.072126388549805,242713.0,0.9339369569203132,2025-04-25,11:03:00
20.556545229292738,26.864187240600582,20.500000000020282,0.337548427439239,0.0,0.0,,21.063302979012107,21.636777877807617,20.74763877795083,20.506478865381432,20.504507363848052,22.533352129068994,21.048228586475286,21.074308593358595,20.782780138314134,20.57302448731461,20.50031564257444,6997,1,20.528596512056023,20.500161199952164,247,7410.0,123.5,2025-04-25 11:03:30,2025-04-25 11:03:30,21.0556583404541,241839.0,0.9345156410876656,2025-04-25,11:03:30
20.555565062709526,26.864187240600582,20.500000000018684,0.3300801629092384,0.0,0.0,,21.05433494018367,21.636777877807617,20.754621192021343,20.506235411499777,20.504348447573463,22.533360048993682,21.05501153066376,21.07427840268971,20.77056137886283,20.57106686679571,20.500314138683702,6997,1,20.528341694717643,20.50016108346825,248,7440.0,124.0,2025-04-25 11:04:00,2025-04-25 11:04:00,20.47096061706543,254019.0,0.962225820214236,2025-04-25,11:04:00
20.554615270517996,26.864187240600582,20.500000000017085,0.32339519994956684,0.0,0.0,,21.04587836387395,21.636777877807617,20.760992492868446,20.506001317378665,20.504195174362977,22.533365738293128,21.0604673978427,21.07425875468892,20.761100472023507,20.5691769225726,20.500308856168854,6997,1,20.528130555224813,20.500159034337226,249,7470.0,124.5,2025-04-25 11:04:30,2025-04-25 11:04:30,20.43633270263672,253616.0,0.96150732061463,2025-04-25,11:04:30
20.55369519943939,26.864187240600582,20.500000000015486,0.3173719986798715,0.0,0.0,,21.03791728587132,21.636777877807617,20.766796609288757,20.50577621378754,20.504047342999765,22.533370149906975,21.065080783316148,21.074243840179044,20.75324066190408,20.567352044155967,20.500305397587535,6997,1,20.527941905491904,20.50015829620474,250,7500.0,125.0,2025-04-25 11:05:00,2025-04-25 11:05:00,20.387407302856445,249282.0,0.9566772019239256,2025-04-25,11:05:00
20.556287026400387,26.654613190433018,20.232986450195312,0.32220868770292094,0.0,0.0,,21.036647473460484,20.232986450195312,20.749606228527487,20.50555974649378,20.50390475943342,22.420020672622538,21.055659794406594,21.50917268814659,20.785448597106416,20.582788267741385,20.50030297267825,6996,1,20.53080583566233,20.500156688175515,251,7530.0,125.5,2025-04-25 11:05:30,2025-04-25 11:05:30,19.89945602416992,255319.0,0.9671057946137968,2025-04-25,11:05:30
20.555022758762362,26.431443632766946,20.232986450195312,0.3096784380490185,0.0,0.0,,21.036009335402035,20.232986450195312,20.732430902999102,20.505351575633092,20.503767236527864,22.31652907928389,21.044548876314344,21.509240859700068,20.796222915195834,20.58041262206428,20.500300215743742,6996,1,20.531465070379305,20.500155124275047,252,7560.0,126.0,2025-04-25 11:06:00,2025-04-25 11:06:00,19.996585845947266,256193.0,0.9669640539554164,2025-04-25,11:06:00
20.553699422552818,26.198174188133088,20.232986450195312,0.2979253783138848,0.0,0.0,,21.03544835344087,20.232986450195312,20.71615265807835,20.5051513751071,20.503634593817786,22.221358227096893,21.032314499082492,21.50926135697653,20.800489108719145,20.578117852385517,20.500295060210664,6996,1,20.531618228478266,20.50015313466122,253,7590.0,126.5,2025-04-25 11:06:30,2025-04-25 11:06:30,20.39861297607422,244329.0,0.9516685237937372,2025-04-25,11:06:30
20.552389164498422,25.958905140423497,20.232986450195312,0.28699119708188625,0.0,0.0,,21.034866198438653,20.232986450195312,20.700962130198732,20.504958832007382,20.503506657273473,22.13320010757721,21.019334721904723,21.509269092761798,20.80252727625911,20.57590382919198,20.500292847397965,6996,1,20.53165351359918,20.500149370092252,254,7620.0,127.0,2025-04-25 11:07:00,2025-04-25 11:07:00,19.903215408325195,255588.0,0.9661935174969092,2025-04-25,11:07:00
20.551108151541506,25.717641534500974,20.232986450195312,0.2768166684184333,0.0,0.0,,21.03423654880814,20.232986450195312,20.686845135258384,20.504773646064443,20.50338325907345,22.05108122670077,21.005879855950063,21.50927282328708,20.80367754857975,20.573766838301864,20.5002883424898,6996,1,20.531658788283227,20.500145685317285,255,7650.0,127.5,2025-04-25 11:07:30,2025-04-25 11:07:30,20.29980087280273,254046.0,0.9631764522960408,2025-04-25,11:07:30
20.549860334579098,25.47781563928042,20.232986450195312,0.2673325723592118,0.0,0.0,,21.033554874877442,20.232986450195312,20.673725867745016,20.504595529120426,20.503264237384997,21.974258196491498,20.99214656440596,21.509275025408066,20.80441090429057,20.571702571139426,20.500285701155708,6996,1,20.531654649805738,20.500143585537778,256,7680.0,128.0,2025-04-25 11:08:00,2025-04-25 11:08:00,20.544620513916016,232325.0,0.9405498762509416,2025-04-25,11:08:00
20.558329130231318,25.795143127441406,20.500000000007994,0.32960506942931384,0.0,0.0,,21.11911464487151,22.20856285095215,20.693144974777624,20.50442420462483,20.503149436152324,21.974069851294285,20.98545202266595,21.5397232552863,20.807645404199594,20.575652805546447,20.50027386796844,6970,2,20.53224450276582,20.50014140917172,257,7710.0,128.5,2025-04-25 11:08:30,2025-04-25 11:08:30,20.68172073364257,239728.0,0.9417861727666356,2025-04-25,11:08:30
20.55799538785525,25.795143127441406,20.500000000007994,0.3247104353956383,0.0,0.0,,21.159437774736638,22.20856285095215,20.712700247398047,20.504259407151793,20.503038704891708,21.97406234623073,20.981031296613548,21.539729822287818,20.809182529784817,20.57376794285477,20.50027057634797,6970,2,20.532883504572247,20.50013896916297,258,7740.0,129.0,2025-04-25 11:09:00,2025-04-25 11:09:00,20.732505798339844,253018.0,0.9579754454228552,2025-04-25,11:09:00
20.557428034637834,25.5912051560822,20.500000000007994,0.31224369799418616,0.0,0.0,,21.17078584685617,21.43782615661621,20.71879396530162,20.504100881938346,20.502931898494015,22.274574139813488,21.00401488859773,21.9381349574207,20.845825573577304,20.592785902057813,20.50028480963702,7025,0,20.53385056423138,20.50013560608987,259,7770.0,129.5,2025-04-25 11:09:30,2025-04-25 11:09:30,19.994617462158203,255511.0,0.9658579400691164,2025-04-25,11:09:30
20.556066832485886,25.356803077887207,20.500000000007994,0.29797183184089143,0.0,0.0,,21.17802653560811,21.43782615661621,20.72375279121819,20.50394838444246,20.502828877033775,22.27459747202007,21.01353289311889,21.938208558976697,20.861818883030082,20.589907548969272,20.50028488564838,7025,0,20.534336385690697,20.50013201099908,260,7800.0,130.0,2025-04-25 11:10:00,2025-04-25 11:10:00,20.37521171569824,237798.0,0.9521133088798056,2025-04-25,11:10:00
20.55934947067451,25.81451988220215,20.500000000007994,0.3219492650065748,0.0,0.0,,21.194933014375366,21.18211555480957,20.72395387226518,20.503801679919995,20.502729505585076,21.843826302697103,20.980888679312233,21.74864126657479,20.854110885945726,20.57770348000501,20.500266131380986,6971,2,20.534398550884823,20.50012849982444,261,7830.0,130.5,2025-04-25 11:10:30,2025-04-25 11:10:30,20.62427520751953,247828.0,0.9472381046532272,2025-04-25,11:10:30
20.55855457615468,25.81451988220215,20.500000000007994,0.31449141304675726,0.0,0.0,,21.20980355056435,21.18211555480957,20.7237629395458,20.503660543019823,20.502633654043834,21.843793307238112,20.966538899623053,21.7486222154149,20.853466393048443,20.57569840732217,20.500262863029754,6971,2,20.53459856041561,20.500126055156084,262,7860.0,131.0,2025-04-25 11:11:00,2025-04-25 11:11:00,20.72301483154297,247723.0,0.9478283834161544,2025-04-25,11:11:00
20.56610914423636,26.098955154418945,20.500000000007994,0.3661155740992338,0.0,0.0,,21.225384420610496,21.430280685424805,20.727397279397294,20.503524757396374,20.50254119695615,22.00991240261583,20.97282894185273,21.97948786540573,20.875324440318803,20.583707554648182,20.500259051157357,6968,2,20.535358819312872,20.500124524054655,263,7890.0,131.5,2025-04-25 11:11:30,2025-04-25 11:11:30,20.782041549682617,250534.0,0.9552003794894106,2025-04-25,11:11:30
20.56572494898517,26.098955154418945,20.500000000007994,0.36081532983226783,0.0,0.0,,21.23883851114894,21.430280685424805,20.730879621435893,20.503394115338498,20.502452013352688,22.00991967467092,20.97399574246705,21.979530984859757,20.88577255928077,20.581852170099836,20.50025525786469,6968,2,20.535859612744414,20.500122857709517,264,7920.0,132.0,2025-04-25 11:12:00,2025-04-25 11:12:00,20.67555046081543,249399.0,0.9563202438662544,2025-04-25,11:12:00
20.572911665279307,26.2838192,20.500000000007994,0.4066644828128397,0.0,0.0,,21.249465349009036,21.45012092590332,20.734408490155676,20.50326841741439,20.502365986588885,22.01582863876805,20.974320203669865,21.895620726243084,20.884910324774356,20.593614380614493,20.500253174835528,6968,2,20.536097254273052,20.5001214183134,265,7950.0,132.5,2025-04-25 11:12:30,2025-04-25 11:12:30,20.774433135986328,250598.0,0.9553533572694116,2025-04-25,11:12:30
20.572234758596093,26.2838192,20.500000000007994,0.3978954620571425,0.0,0.0,,21.258229288813784,21.45012092590332,20.737642830422207,20.50314747213138,20.50228300419066,22.015829224041678,20.97392529775915,21.895616079175703,20.88677877357566,20.59138495918651,20.500249820776233,6968,2,20.53636567081082,20.500118614000428,266,7980.0,133.0,2025-04-25 11:13:00,2025-04-25 11:13:00,20.879207611083984,250492.0,0.9533020266116284,2025-04-25,11:13:00
20.57286044447091,26.75272750854492,20.500000000007994,0.40013357803143146,0.0,0.0,,21.27000409364227,21.313276290893555,20.738392410651887,20.50303109561043,20.50220295770551,22.237748108246528,20.992680384860222,21.75172042887144,20.876302591473614,20.60478334465211,20.500255432023895,6996,1,20.53637559283706,20.500115719124345,267,8010.0,133.5,2025-04-25 11:13:30,2025-04-25 11:13:30,20.592348098754883,253022.0,0.9585221344389026,2025-04-25,11:13:30
20.571555686859007,26.75272750854492,20.500000000007994,0.38787420412454904,0.0,0.0,,21.280564010699067,21.313276290893555,20.738914458081158,20.502919111274068,20.50212574255891,22.237767113897757,21.000937723840554,21.751697777494673,20.873177789031367,20.601895345689968,20.500255738197794,6996,1,20.536522196953886,20.50011450146818,268,8040.0,134.0,2025-04-25 11:14:00,2025-04-25 11:14:00,20.359506607055664,248920.0,0.9580547967218384,2025-04-25,11:14:00
20.579246314894597,26.53706826538568,20.500000000007994,0.41424281792481654,0.0,0.0,,21.27798049872759,21.30785561,20.739226743341828,20.50281134954792,20.502051257915547,21.47202705277124,20.938647717556012,21.666147906104207,20.864608048234036,20.613913865147712,20.50022888722443,6946,3,20.536371071575264,20.50011448627226,269,8070.0,134.5,2025-04-25 11:14:30,2025-04-25 11:14:30,20.640106201171875,246852.0,0.928457385396918,2025-04-25,11:14:30
20.578253761326327,26.308149147297293,20.500000000007994,0.40152888761114475,0.0,0.0,,21.273684563693138,21.30785561,20.73945513844589,20.50270764757452,20.501979406545704,21.47196458420376,20.910717668950415,21.666130450550167,20.861159205915204,20.611040384209435,20.500226046750626,6946,3,20.536287855673343,20.500114477079105,270,8100.0,135.0,2025-04-25 11:15:00,2025-04-25 11:15:00,20.79644775390625,248575.0,0.954633599014382,2025-04-25,11:15:00
20.581565031693525,26.542224884033203,20.500000000007994,0.4205552688055052,0.0,0.0,,21.278574467622835,21.46946144104004,20.74220611827393,20.502607848939366,20.501910094696214,21.98494168816435,20.939368443722998,22.978669751140153,20.977015612059613,20.620594594425157,20.500240578498595,6989,2,20.53883298262511,20.500114473177184,271,8130.0,135.5,2025-04-25 11:15:30,2025-04-25 11:15:30,20.879281997680664,248687.0,0.9531424667352938,2025-04-25,11:15:30
20.580113847615173,26.542224884033203,20.500000000007994,0.40759083045159883,0.0,0.0,,21.283422266524536,21.46946144104004,20.74484496194154,20.502511803408474,20.501843231966017,21.984972241439554,20.94913735165765,22.978903377767786,21.026359167103482,20.617189940234795,20.500237292877827,6989,2,20.539985553768574,20.50011447383283,272,8160.0,136.0,2025-04-25 11:16:00,2025-04-25 11:16:00,20.54511070251465,245656.0,0.9466440749462663,2025-04-25,11:16:00
20.59041640218571,26.015980647312215,20.500000000007994,0.43463470087511846,0.0,0.0,,21.283138114545018,21.172962188720703,20.742533500756192,22.403065396048653,20.675451408093203,21.984982004061244,20.953166504216277,21.69989514129333,20.93975948217152,20.63283617576284,20.500229132920882,6980,2,20.539898951592768,20.500113241927213,273,8190.0,136.5,2025-04-25 11:16:30,2025-04-25 11:16:30,20.7304630279541,243636.0,0.924030687685728,2025-04-25,11:16:30
20.5892055285265,25.75175827280022,20.500000000007994,0.4206396262419955,0.0,0.0,,21.28191301642805,21.172962188720703,20.740108858504893,22.403259560233376,20.7504746083939,21.984986021527625,20.954945367209778,21.699709628504845,20.91041643753087,20.628950277460927,20.500226220283764,6980,2,20.539870086395517,20.5001114689833,274,8220.0,137.0,2025-04-25 11:17:00,2025-04-25 11:17:00,20.090389251708984,254129.0,0.9638012338221926,2025-04-25,11:17:00
20.586885920263683,25.550809927449688,20.500000000007994,0.4010827247379518,0.0,0.0,,21.26899588802003,20.942970275878903,20.734075935437303,22.40334604848158,20.79545572436819,21.984987945328832,20.955726432364777,21.44902210583705,20.8757287586593,20.641753229574732,20.500237270486434,7025,0,20.53923023860089,20.500111002331614,275,8250.0,137.5,2025-04-25 11:17:30,2025-04-25 11:17:30,20.396089553833008,252782.0,0.9601188598278358,2025-04-25,11:17:30
20.58471924100841,25.35078830760431,20.500000000007994,0.3836047713736167,0.0,0.0,,21.25530269461992,20.942970275878903,20.728245511852165,22.40339771061205,20.827171445045792,21.984988960686014,20.956031744567216,21.448955283760352,20.859648386560448,20.637355391586436,20.500230971635645,7025,0,20.538861303708504,20.5001098393981,276,8280.0,138.0,2025-04-25 11:18:00,2025-04-25 11:18:00,20.589120864868164,249837.0,0.9532578366094694,2025-04-25,11:18:00
20.58824207165333,25.623005691635214,20.500000000007994,0.40496963378091066,0.0,0.0,,21.25105970631743,20.917888641357425,20.722360559837576,22.403433932027035,20.851722930505403,21.90391275155562,20.946653542718806,21.62138771594227,20.865458760495887,20.623307480539115,20.50021935907961,6982,2,20.5390115633981,20.500107579368724,277,8310.0,138.5,2025-04-25 11:18:30,2025-04-25 11:18:30,20.46597480773925,248969.0,0.9567796342114882,2025-04-25,11:18:30
20.58656013919365,25.623009693459828,20.500000000007994,0.3937422428366451,0.0,0.0,,21.24751128263279,20.917888641357425,20.716850009820682,22.403461745231848,20.871903968365157,21.82969840434466,20.93625382329684,21.621402789476754,20.865155132790555,20.619853490792714,20.50021491014582,6982,2,20.5390149477843,20.500106012303448,278,8340.0,139.0,2025-04-25 11:19:00,2025-04-25 11:19:00,20.810277938842773,245075.0,0.9487675966540856,2025-04-25,11:19:00
20.601955861786234,26.09319877624512,20.500000000007994,0.4789062768899029,0.0,0.0,,21.254445595059206,21.31117057800293,20.718007502303468,22.2956987873136,20.873506031180895,24.837884553441846,21.195052478244126,21.90202260747955,20.888574674956143,20.631960993102933,20.5002077192588,6967,2,20.539565493356616,20.500105364311555,279,8370.0,139.5,2025-04-25 11:19:30,2025-04-25 11:19:30,20.729080200195312,233041.0,0.9421097709201384,2025-04-25,11:19:30
20.60117202353313,26.09319877624512,20.500000000007994,0.47102227103091426,0.0,0.0,,21.26657926188002,21.31117057800293,20.719374703670162,22.197346633410703,20.872813778578234,24.838142563869678,21.31387080713169,21.90207052579019,20.897424694249622,20.628185870098267,20.50020425503317,6967,2,20.53982341323604,20.50010551017529,280,8400.0,140.0,2025-04-25 11:20:00,2025-04-25 11:20:00,20.1530990600586,255090.0,0.9638285139558588,2025-04-25,11:20:00
20.599925117151127,26.09319877624512,20.500000000007994,0.4625009970096035,0.0,0.0,,21.279355928373782,21.31117057800293,20.720687243105214,22.107012958707635,20.870380058950904,24.838251914782262,21.383783023589427,21.90208636114664,20.901748786205495,20.624551639311008,20.50020071843527,6967,2,20.539993181989082,20.500104390704198,281,8430.0,140.5,2025-04-25 11:20:30,2025-04-25 11:20:30,20.43054580688477,253255.0,0.9622292748415628,2025-04-25,11:20:30
20.598525633855516,26.09319877624512,20.500000000007994,0.45426047877007397,0.0,0.0,,21.291636409959466,21.31117057800293,20.721874532470796,22.023487861118728,20.866604192848378,24.838313521467075,21.431634230268408,21.902093432893082,20.904446914332613,20.621061755874322,20.500196870738648,6967,2,20.54013165852853,20.500103800533285,282,8460.0,141.0,2025-04-25 11:21:00,2025-04-25 11:21:00,20.61803436279297,252802.0,0.9616304830460202,2025-04-25,11:21:00
20.596181112469594,25.895628921240984,20.500000000007994,0.4383405767500999,0.0,0.0,,21.290633305190966,21.075727462768555,20.719155583618438,21.945850151533023,20.861787698100194,24.838354477682383,21.467940487515644,21.84249759526418,20.901097630033956,20.64286274549726,20.50021163044076,7025,0,20.539911893243392,20.500102422863513,283,8490.0,141.5,2025-04-25 11:21:30,2025-04-25 11:21:30,20.188209533691406,255085.0,0.9637129535252956,2025-04-25,11:21:30
20.59391825637746,25.68254569224408,20.500000000007994,0.42395577124518813,0.0,0.0,,21.287628099253567,21.075727462768555,20.71638954908035,21.87338221974807,20.85616163363378,24.838384603607384,21.497464614597238,21.842489859636267,20.90042220574887,20.638452994520193,20.500209162008264,7025,0,20.539734244163675,20.500101883174047,284,8520.0,142.0,2025-04-25 11:22:00,2025-04-25 11:22:00,21.02714729309082,231480.0,0.9306969014601694,2025-04-25,11:22:00
20.592000489637336,25.998056411743164,20.500000000007994,0.4163085121027544,0.0,0.0,,21.298068047905385,21.17528343200684,20.715323997933407,21.80551288790366,20.849906051093427,22.062523944972636,21.28008711861352,22.114541160279146,20.924869635839087,20.621837678851907,20.50019393306184,6967,2,20.54029004246061,20.500100489532937,285,8550.0,142.5,2025-04-25 11:22:30,2025-04-25 11:22:30,20.777698516845703,248939.0,0.9570089208601305,2025-04-25,11:22:30
20.589945604115023,25.998056411743164,20.500000000007994,0.4057400540316823,0.0,0.0,,21.30842174728308,21.17528343200684,20.71436899322536,21.741778234475415,20.843163477132396,22.062301333048655,21.190041315167342,22.114590134933223,20.935603953514924,20.61856192268744,20.50019169102003,6967,2,20.54055909994428,20.500099663013366,286,8580.0,143.0,2025-04-25 11:23:00,2025-04-25 11:23:00,20.629552841186523,248995.0,0.9589478453382598,2025-04-25,11:23:00
20.5880770473696,25.998056411743164,20.500000000007994,0.39632235666431503,0.0,0.0,,21.317620195219746,21.17528343200684,20.713468663168268,21.681794320087093,20.83604831807408,22.062214529826342,21.1432850530069,22.114608796675224,20.941906421070108,20.61536349069199,20.50019094526396,6967,2,20.54072384859276,20.500099044871998,287,8610.0,143.5,2025-04-25 11:23:30,2025-04-25 11:23:30,20.94338607788086,249185.0,0.9537697895138152,2025-04-25,11:23:30
20.58633286373911,25.998056411743164,20.500000000007994,0.38779389069052067,0.0,0.0,,21.32558170550805,21.17528343200684,20.71260459715075,21.625237918662172,20.828653510845676,22.062170068743107,21.115276907309706,22.114618865713787,20.946475238446208,20.612270357390038,20.50018894914626,6967,2,20.540837362582174,20.500098280933074,288,8640.0,144.0,2025-04-25 11:24:00,2025-04-25 11:24:00,20.58534240722656,249940.0,0.9586628290789788,2025-04-25,11:24:00
20.584677523710717,25.998056411743164,20.500000000007994,0.3800071596598733,0.0,0.0,,21.332361205513983,21.17528343200684,20.711769666990918,21.571832704089108,20.82105530395517,22.06214314817862,21.09652128296214,22.11462585969108,20.950184338544236,20.60928881111342,20.500186307441574,6967,2,20.540917492077224,20.500097786232942,289,8670.0,144.5,2025-04-25 11:24:30,2025-04-25 11:24:30,20.546571731567383,249202.0,0.9570606877151868,2025-04-25,11:24:30
20.583091527002978,25.998056411743164,20.500000000007994,0.3728583588222595,0.0,0.0,,21.338046373009515,21.17528343200684,20.710960777422617,21.52133920229671,20.813316754933894,22.062124940471513,21.082793699045535,22.114631396456947,20.953363359696407,20.606415934991457,20.500183822848616,6967,2,20.54097195603116,20.500097364524848,290,8700.0,145.0,2025-04-25 11:25:00,2025-04-25 11:25:00,20.54222869873047,249334.0,0.9553681632869966,2025-04-25,11:25:00
20.581708949849236,25.74511337280273,20.500000000007994,0.3656179159875178,0.0,0.0,,21.338409464498856,21.01441192626953,20.70759504406216,21.473547375409687,20.80549033514069,21.983225331545036,21.06597658265952,22.541066074476007,20.994425587812398,20.61577764070816,20.50018841372648,6996,2,20.54169050138798,20.50009729244425,291,8730.0,145.5,2025-04-25 11:25:30,2025-04-25 11:25:30,20.47267723083496,248966.0,0.955937946848164,2025-04-25,11:25:30
20.579653111101244,25.74511337280273,20.500000000007994,0.35412014370315487,0.0,0.0,,21.33772941764105,21.01441192626953,20.704314779372716,21.42827106926959,20.797619904672906,21.910026250708892,21.048837224908855,22.54114684453843,21.01328821603878,20.61249806760523,20.500188799266404,6996,2,20.54192927124508,20.500097582097638,292,8760.0,146.0,2025-04-25 11:26:00,2025-04-25 11:26:00,20.38977432250977,248868.0,0.956103737724416,2025-04-25,11:26:00
20.577629672829527,25.74511337280273,20.500000000007994,0.3434705471533943,0.0,0.0,,21.336438896452403,21.01441192626953,20.70120947166235,21.385343796892762,20.78974223581289,21.841799473714527,21.03163015119902,22.54117913489561,21.024889864113813,20.609315207940092,20.50018763860848,6996,2,20.54201326243308,20.500100129373894,293,8790.0,146.5,2025-04-25 11:26:30,2025-04-25 11:26:30,20.539081573486328,248385.0,0.9546015384383116,2025-04-25,11:26:30
20.575665918333666,25.74511337280273,20.500000000007994,0.3336704620530425,0.0,0.0,,21.334659947709596,21.01441192626953,20.698295705617205,21.344615491790705,20.781888207592743,21.777875550131053,21.01452119275981,22.541197435261886,21.033561761687412,20.60622947377882,20.500183799382473,6996,2,20.54203341031108,20.50010001538316,294,8820.0,147.0,2025-04-25 11:27:00,2025-04-25 11:27:00,20.70659637451172,247033.0,0.9525874326506985,2025-04-25,11:27:00
20.573766144031687,25.74511337280273,20.500000000007994,0.32463974782093347,0.0,0.0,,21.332460622642547,21.01441192626953,20.69556708135823,21.305949974124093,20.77408375676884,21.717748660057655,20.997623628098644,22.54121056690508,21.040723394033904,20.603239718406115,20.50018144779839,6996,2,20.542019168639307,20.500101336362754,295,8850.0,147.5,2025-04-25 11:27:30,2025-04-25 11:27:30,19.870267868041992,255370.0,0.9642264165720328,2025-04-25,11:27:30
20.57192961524872,25.74511337280273,20.500000000007994,0.31629829761363865,0.0,0.0,,21.32989008501473,21.01441192626953,20.693010538491528,21.269222947148958,20.7663506453643,21.661025663869832,20.981015079898196,22.541221149388576,21.046920650030216,20.600343963390657,20.500181221399338,6996,2,20.54198195275272,20.500102687489367,296,8880.0,148.0,2025-04-25 11:28:00,2025-04-25 11:28:00,20.26812171936035,253254.0,0.9598265846738848,2025-04-25,11:28:00
20.580613089729603,25.56739534129849,20.500000000007994,0.3767654468832889,0.0,0.0,,21.32226033837265,21.09282875061035,20.69187019602937,21.23432039284088,20.7587070878244,24.276898321517876,21.195484570364652,21.230657005132294,20.934810337690916,20.610494104059356,20.500181137241047,6997,1,20.539463169442147,20.500104385864226,297,8910.0,148.5,2025-04-25 11:28:30,2025-04-25 11:28:30,20.41885566711425,246183.0,0.9486607142857144,2025-04-25,11:28:30
20.579638822691443,25.489843368530277,20.500000000007994,0.3705969881333664,0.0,0.0,,21.314195637135686,21.09282875061035,20.690844187996614,21.201137271472756,20.75116826904896,24.277113476791637,21.290425739915328,21.2304289237144,20.889443215191648,20.60735474801709,20.500180055557646,6997,1,20.538348542403213,20.50010513248436,298,8940.0,149.0,2025-04-25 11:29:00,2025-04-25 11:29:00,19.67623710632324,255022.0,0.9656258210075992,2025-04-25,11:29:00
20.577374765254334,25.314269740614158,20.09412956237793,0.3581949063861038,0.0,0.0,,21.291626305319465,20.09412956237793,20.673851800792896,21.16957645523482,20.743746776358005,24.27720224578921,21.34443533182321,20.555434161780635,20.80460097911152,20.61577629427712,20.500185232889486,7025,0,20.53592433043591,20.500106741359406,299,8970.0,149.5,2025-04-25 11:29:30,2025-04-25 11:29:30,19.77764892578125,255132.0,0.9660273897433486,2025-04-25,11:29:30
20.575480407230042,25.123338325010856,20.09412956237793,0.3470307202587447,0.0,0.0,,21.268690006775525,20.09412956237793,20.6572842068793,21.13954784402575,20.736452962655072,24.27725092050422,21.380257319113255,20.555272148011394,20.76237604962698,20.6121785900001,20.50018547145164,7025,0,20.534379659051535,20.50010598497465,300,9000.0,150.0,2025-04-25 11:30:00,2025-04-25 11:30:00,19.77555274963379,255191.0,0.9663426120043418,2025-04-25,11:30:00
20.573655358793335,24.921773787803783,20.205055236816406,0.33672037710480335,0.0,0.0,,21.24797777382363,20.205055236816406,20.643475606612125,21.110967624534815,20.72929525391322,24.277282504390303,21.40673948884796,20.580282723248068,20.73723386125071,20.608690036246553,20.50018472026276,7025,0,20.533251777048104,20.50010775021406,301,9030.0,150.5,2025-04-25 11:30:30,2025-04-25 11:30:30,19.787635803222656,255028.0,0.9664807026091252,2025-04-25,11:30:30
20.571855089177003,24.714604814434544,20.205055236816406,0.32717902660707754,0.0,0.0,,21.22831207856411,20.205055236816406,20.630708942986292,21.083757643181986,20.722280411107267,24.2773052717149,21.427858375717165,20.5802432777615,20.71727186652933,20.605309944360695,20.50018364767517,7025,0,20.532251019222105,20.500109364917456,302,9060.0,151.0,2025-04-25 11:31:00,2025-04-25 11:31:00,19.805946350097656,255149.0,0.9660970158613202,2025-04-25,11:31:00
20.569537636174882,24.506273784161614,20.22282600402832,0.3123742542427298,0.0,0.0,,21.21126574838864,20.22282600402832,20.619171243744255,21.057844870422414,20.715413754509346,24.060299173852485,21.41768617499775,20.667658943407183,20.708318937924854,20.602031921192893,20.500185453196938,7025,0,20.531525857654042,20.500110488397585,303,9090.0,151.5,2025-04-25 11:31:30,2025-04-25 11:31:30,19.831483840942383,254614.0,0.965982821054616,2025-04-25,11:31:30
20.567258278116334,24.300339138680545,20.22282600402832,0.2985066530725695,0.0,0.0,,21.195145138942035,20.22282600402832,20.608481648671276,21.03316093906491,20.708699356620738,23.863432567848456,21.403727516502773,20.667649059709287,20.69709796098624,20.59885658593149,20.50018553066408,7025,0,20.53077157711639,20.500110698245532,304,9120.0,152.0,2025-04-25 11:32:00,2025-04-25 11:32:00,19.88595390319824,255054.0,0.9656298274090976,2025-04-25,11:32:00
20.565102577367103,24.09945983455722,20.41925621032715,0.2854541082979092,0.0,0.0,,21.1802280052422,20.41925621032715,20.601702397181576,21.00964174310257,20.702140208768977,23.683027535854652,21.387101411730022,20.71403952342872,20.69031192251316,20.59578097656955,20.500184781930265,7025,0,20.530188344755654,20.50011082243782,305,9150.0,152.5,2025-04-25 11:32:30,2025-04-25 11:32:30,20.001127243041992,255086.0,0.9646063606979608,2025-04-25,11:32:30
20.56298356027743,23.91617077316499,20.41925621032715,0.2731277739700531,0.0,0.0,,21.165986711301382,20.41925621032715,20.595533547062992,20.987227086457594,20.695738365445987,23.51642073149204,21.368598042582313,20.714032041096498,20.681971231262136,20.59280250144634,20.500185845338933,7025,0,20.529584250908925,20.5001109568313,306,9180.0,153.0,2025-04-25 11:33:00,2025-04-25 11:33:00,19.96804618835449,255593.0,0.9642894171593118,2025-04-25,11:33:00
20.56158491043293,23.75437741565137,20.39142608642578,0.26285172606309803,0.0,0.0,,21.153301062082733,20.39142608642578,20.589356877559315,20.965860373253335,20.6894950697233,23.36163501392929,21.348786294207503,21.82896145730683,20.773800167052247,20.589923556825276,20.500186485518185,7025,0,20.531066332485953,20.500110020190974,307,9210.0,153.5,2025-04-25 11:33:30,2025-04-25 11:33:30,20.0255184173584,255916.0,0.963010751086294,2025-04-25,11:33:30
20.559716752788326,23.59929874021704,20.39142608642578,0.2520159135643891,0.0,0.0,,21.141189531882578,20.39142608642578,20.583555104973684,20.945488332921872,20.683410862497997,23.21716516923984,21.32808360024528,21.829150773893723,20.808899432216492,20.587148507527868,20.500186568438323,7025,0,20.531372381728243,20.50011099565716,308,9240.0,154.0,2025-04-25 11:34:00,2025-04-25 11:34:00,20.06789970397949,256451.0,0.9621481052910692,2025-04-25,11:34:00
20.557931263361557,23.450998916719538,20.47805404663086,0.2418707660915535,0.0,0.0,,21.13181642715181,20.47805404663086,20.579493634797586,20.926060774767222,20.677485677860744,23.08183639001374,21.30680183331949,21.905620977907866,20.833115362567177,20.584468840668357,20.50018594806937,7025,0,20.531528090730447,20.50011367162702,309,9270.0,154.5,2025-04-25 11:34:30,2025-04-25 11:34:30,20.052261352539062,256686.0,0.9617505678143724,2025-04-25,11:34:30
20.556150838595997,23.309442828549884,20.47805404663086,0.2320571845099131,0.0,0.0,,21.122933551094,20.47805404663086,20.575725079885725,20.907530367626162,20.671718926505125,22.954709591552266,21.2851778502681,21.90566483567178,20.84687250055084,20.581878734917723,20.500185768001675,7025,0,20.531483384516797,20.50011543630772,310,9300.0,155.0,2025-04-25 11:35:00,2025-04-25 11:35:00,20.11544418334961,256729.0,0.9624668059510224,2025-04-25,11:35:00
20.554425018892058,23.194372458673886,20.47064971923828,0.22273466169391135,0.0,0.0,,21.114697787688552,20.47064971923828,20.572059634502924,20.88985244106955,20.66610956879567,22.835017184203846,21.263394120668575,21.91220899632313,20.85701518418242,20.57937343271305,20.500185505396924,7025,0,20.53137743335695,20.50011627511723,311,9330.0,155.5,2025-04-25 11:35:30,2025-04-25 11:35:30,20.094526290893555,256274.0,0.96419152450112,2025-04-25,11:35:30
20.55275014153836,23.085773137846644,20.47064971923828,0.21384595596797784,0.0,0.0,,21.10670783000125,20.47064971923828,20.568588831145664,20.8729848052214,20.66065617886524,22.722118866099144,21.241592883198273,21.912226159881442,20.86471291455529,20.576949304167,20.50018366903225,7025,0,20.531229055382774,20.50011827148716,312,9360.0,156.0,2025-04-25 11:36:00,2025-04-25 11:36:00,20.04576110839844,255713.0,0.9652441164508648,2025-04-25,11:36:00
20.550550317903575,22.979904462609042,20.440263748168945,0.2032844197044504,0.0,0.0,,21.09964080531188,20.440263748168945,20.564812990328768,20.856887586776168,20.655357000908364,22.61547072912024,21.219886030784124,20.928095607307107,20.78270719331573,20.57459840748806,20.500185076765753,7025,0,20.529231522812037,20.500116940857623,313,9390.0,156.5,2025-04-25 11:36:30,2025-04-25 11:36:30,20.06336784362793,255092.0,0.9661552253696706,2025-04-25,11:36:30
20.548881388433042,22.876918799710353,20.440263748168945,0.19496997989619042,0.0,0.0,,21.09278209612855,20.440263748168945,20.561220885847245,20.84152307919783,20.650209998668167,22.5146033264811,21.19836214183539,20.927928739928568,20.750302052009978,20.572311512618878,20.5001836855147,7025,0,20.52827535836688,20.500117194111994,314,9420.0,157.0,2025-04-25 11:37:00,2025-04-25 11:37:00,20.028432846069336,255140.0,0.9665802966018656,2025-04-25,11:37:00
20.547283411066875,22.7769449045696,20.43951797485352,0.18707526191622162,0.0,0.0,,21.085373844715594,20.43951797485352,20.557807901856464,20.826855605410685,20.645212898972684,22.419105850058312,21.17709157813117,20.90234845749465,20.731087855585823,20.57009118277664,20.500180573843533,7025,0,20.527576571327206,20.500119021435886,315,9450.0,157.5,2025-04-25 11:37:30,2025-04-25 11:37:30,20.06989288330078,254982.0,0.9663909486748083,2025-04-25,11:37:30
20.545761112160505,22.680084287774516,20.43951797485352,0.17958293876189754,0.0,0.0,,21.0780784911825,20.43951797485352,20.554580346750125,20.812851391552645,20.640363230058355,22.328614528518493,21.156130253077855,20.902316155936056,20.718899996948164,20.56793800189072,20.50018056672714,7025,0,20.527018619815117,20.500116191684604,316,9480.0,158.0,2025-04-25 11:38:00,2025-04-25 11:38:00,20.033531188964844,255223.0,0.9668002957217806,2025-04-25,11:38:00
20.54431156520867,22.58641027024613,20.38581657409668,0.17248878039815035,0.0,0.0,,21.071515253807824,20.38581657409668,20.550667090470856,20.79947845057911,20.635658355317,22.24280398105673,21.13552247051154,20.939610977704085,20.71308409009579,20.565851369855547,20.500177013412646,7025,0,20.526582274986165,20.500117634464722,317,9510.0,158.5,2025-04-25 11:38:30,2025-04-25 11:38:30,20.04017639160156,254723.0,0.9663988553251964,2025-04-25,11:38:30
20.542899140196393,22.49596882315604,20.38581657409668,0.16568282204673973,0.0,0.0,,21.065143899203562,20.38581657409668,20.54693988508188,20.786706474679796,20.631095503018592,22.161380669470294,21.11530310246409,20.939603627103025,20.706983743920635,20.563829990662086,20.500176626044453,7025,0,20.526140029790152,20.50011963413134,318,9540.0,159.0,2025-04-25 11:39:00,2025-04-25 11:39:00,20.038204193115234,254834.0,0.9661788409317438,2025-04-25,11:39:00
20.54152796716967,22.40878051589811,20.376394271850582,0.15917320214504982,0.0,0.0,,21.05897957948986,20.376394271850582,20.543267179049135,20.774506735616747,20.626671792488803,22.08407786070592,21.095499288296065,20.93120924070688,20.700577626185755,20.561871770467768,20.500174822319696,7025,0,20.525690937554355,20.50011841920044,319,9570.0,159.5,2025-04-25 11:39:30,2025-04-25 11:39:30,20.05636405944824,255000.0,0.9658911151960784,2025-04-25,11:39:30
20.540207358595687,22.324843082493512,20.376394271850582,0.15296249759606423,0.0,0.0,,21.052956048789145,20.376394271850582,20.539799624057995,20.762851992212006,20.622384257159172,22.0106516918189,21.07613178091924,20.931199508055663,20.695143796971212,20.559974625648838,20.500174529673455,7025,0,20.52526409472317,20.500116240399905,320,9600.0,160.0,2025-04-25 11:40:00,2025-04-25 11:40:00,20.082748413085938,254971.0,0.9657812800279248,2025-04-25,11:40:00
20.538931328016233,22.2441342638386,20.376394271850582,0.14702832049548029,0.0,0.0,,21.047066211374386,20.376394271850582,20.5365313306641,20.751716404314134,20.618229864853845,21.940878050568525,21.057216028096658,20.931191600801316,20.690348743480232,20.558136665588094,20.5001751119574,7025,0,20.524852801053637,20.500116407362675,321,9630.0,160.5,2025-04-25 11:40:30,2025-04-25 11:40:30,20.08844375610352,254887.0,0.9654156793010236,2025-04-25,11:40:30
20.537698137958547,22.166614694859778,20.376394271850582,0.14135661373330802,0.0,0.0,,21.041308635874355,20.376394271850582,20.533450582353417,20.741075452656258,20.614205535631893,21.874550067600357,21.03876305139878,20.931184789952077,20.68604693887805,20.556356060886724,20.500174792594972,7025,0,20.52445440091624,20.500116490342084,322,9660.0,161.0,2025-04-25 11:41:00,2025-04-25 11:41:00,20.14212226867676,255111.0,0.9651143889326608,2025-04-25,11:41:00
20.536597971181305,22.092230688047817,20.41843032836914,0.1361883435938187,0.0,0.0,,21.038086875265144,20.41843032836914,20.531219084872507,20.730905864090214,20.61030815746463,21.81147607322784,21.020780168072584,21.073798374677214,20.69495201546073,20.55463187081672,20.500175986136004,7025,0,20.52437742813371,20.500117287954858,323,9690.0,161.5,2025-04-25 11:41:30,2025-04-25 11:41:30,20.201061248779297,254946.0,0.9642571980929296,2025-04-25,11:41:30
20.535465824076937,22.020916824138894,20.41843032836914,0.13105800835810033,0.0,0.0,,21.035067994785393,20.41843032836914,20.529133782543493,20.721185541740518,20.606534599993168,21.751477911635426,21.003271589113456,21.07381871359428,20.696883962602868,20.552963589162786,20.500175086457997,7025,0,20.52416051634052,20.50011841636439,324,9720.0,162.0,2025-04-25 11:42:00,2025-04-25 11:42:00,20.205541610717773,254953.0,0.9651732990982652,2025-04-25,11:42:00
20.5343405651879,21.952598302279714,20.470671488708707,0.12601676589839284,0.0,0.0,,21.03024319858128,20.49311065673828,20.528357902088917,20.711893499673828,20.602881726582172,21.694389533416608,20.986238918442808,21.020088814844343,20.691955512694797,20.551348389139623,20.50017409683926,7025,0,20.523803257057192,20.500119682963053,325,9750.0,162.5,2025-04-25 11:42:30,2025-04-25 11:42:30,20.076610565185547,255235.0,0.9658235914941132,2025-04-25,11:42:30
20.53327057474128,21.887193030348815,20.47761686940376,0.12128231266388943,0.0,0.0,,21.02534460048216,20.49311065673828,20.52764928586484,20.703009801723265,20.59934640486028,21.64005580741051,20.969681572128966,21.020079927122293,20.689148347465963,20.54978362451159,20.500174836071785,7025,0,20.523491339161836,20.500120008136154,326,9780.0,163.0,2025-04-25 11:43:00,2025-04-25 11:43:00,20.055953979492188,254766.0,0.9666728488102808,2025-04-25,11:43:00
20.532237179047026,21.82461345474521,20.482904848889923,0.11675624006416085,0.0,0.0,,21.020519161429757,20.49311065673828,20.526957861083172,20.694515504144064,20.59592551591503,21.588331507269068,20.9535971322773,21.02007588547436,20.687022044201537,20.548267821627075,20.500174909995664,7025,0,20.523195028528793,20.50011960657224,327,9810.0,163.5,2025-04-25 11:43:30,2025-04-25 11:43:30,20.05101585388184,254782.0,0.967227742736928,2025-04-25,11:43:30
20.531238360805904,21.764768140669585,20.486951038424053,0.11242704390901438,0.0,0.0,,21.015793401434347,20.49311065673828,20.526269989774704,20.686392601810965,20.59261596229113,21.539080438746844,20.937981647050872,21.020073161902538,20.685185214727056,20.546799563699878,20.50017254129087,7025,0,20.522906703219583,20.500119879958408,328,9840.0,164.0,2025-04-25 11:44:00,2025-04-25 11:44:00,20.009746551513672,254884.0,0.9674109717557792,2025-04-25,11:44:00
20.530272753025933,21.707563120736083,20.490059893432225,0.10828524103325533,0.0,0.0,,21.01117539382466,20.49311065673828,20.52558372402113,20.678623977694635,20.58941467492352,21.492174681491587,20.92282988592113,21.020070911890862,20.683519758516987,20.545377398857703,20.500172358717307,7025,0,20.52262430815268,20.50012178282921,329,9870.0,164.5,2025-04-25 11:44:30,2025-04-25 11:44:30,19.927509307861328,254541.0,0.967173817282874,2025-04-25,11:44:30
20.529339184858742,21.65290303323732,20.49245617723682,0.10432222227951836,0.0,0.0,,21.006667535008216,20.49311065673828,20.524900666335967,20.67119335538046,20.58631861912215,21.447493924916984,20.908135557459484,21.02006890784593,20.6819835767777,20.54399988061286,20.5001694324923,7025,0,20.522347229349077,20.500122685450172,330,9900.0,165.0,2025-04-25 11:45:00,2025-04-25 11:45:00,19.892065048217773,254536.0,0.9674191469968884,2025-04-25,11:45:00
20.52816404319551,21.600692072617175,20.17317581176757,0.09993950689810017,0.0,0.0,,21.00003854555005,20.17317581176757,20.519089673681048,20.66408525441382,20.583324799712166,21.40492488210689,20.893891495605146,20.619020469751213,20.64457139302063,20.54266345348988,20.500168247588817,7025,0,20.521205720807647,20.500119942742547,331,9930.0,165.5,2025-04-25 11:45:30,2025-04-25 11:45:30,19.806604385375977,254321.0,0.9673315170591495,2025-04-25,11:45:30
20.527236159597436,21.55083477449315,20.17317581176757,0.09621247487535892,0.0,0.0,,20.99345323424357,20.17317581176757,20.513410057277504,20.657284948275567,20.580430265421747,21.364360769018678,20.880089819271376,20.618946598028923,20.627854772723893,20.541363610804034,20.500166510048523,7025,0,20.520498426006558,20.50011822931453,332,9960.0,166.0,2025-04-25 11:46:00,2025-04-25 11:46:00,19.83485984802246,254418.0,0.9668015578693332,2025-04-25,11:46:00
20.526352310113953,21.503236656473188,20.17317581176757,0.09266620641141174,0.0,0.0,,20.987092108663497,20.17317581176757,20.508043411165005,20.650778424808756,20.577632112599716,21.325700838798504,20.866722069306466,20.618917981623575,20.61782454434385,20.540101105403696,20.500166284914535,7025,0,20.519932938402647,20.50011661350809,333,9990.0,166.5,2025-04-25 11:46:30,2025-04-25 11:46:30,19.82847595214844,254607.0,0.9669307133150308,2025-04-25,11:46:30
20.52550258181898,21.457804734408754,20.17317581176757,0.08927694586007943,0.0,0.0,,20.980978295995374,20.17317581176757,20.503025812500013,20.644552348931263,20.57492748833632,21.28884996299028,20.853779326149017,20.61890225674217,20.610434721201592,20.538876033829222,20.500166211073346,7025,0,20.51942776706785,20.500114143674594,334,10020.0,167.0,2025-04-25 11:47:00,2025-04-25 11:47:00,19.79051971435547,255094.0,0.966537028997154,2025-04-25,11:47:00
20.524683181576986,21.414447931885096,20.17317581176757,0.08603353904659788,0.0,0.0,,20.975110010826963,20.17317581176757,20.498347232742162,20.638594027484892,20.57231359305242,21.253718252954787,20.841252310971505,20.618891178639338,20.604370332468015,20.537687794280213,20.500165449487124,7025,0,20.51895687745233,20.50011204760914,335,10050.0,167.5,2025-04-25 11:47:30,2025-04-25 11:47:30,19.77876853942871,254862.0,0.9666266082232736,2025-04-25,11:47:30
20.52389212629959,21.373077398836916,20.17317581176757,0.08292809221143589,0.0,0.0,,20.96947846854699,20.17317581176757,20.493984086597447,20.632891376080597,20.569787682615626,21.220220716022634,20.829131472661064,20.618882322156274,20.59913327905594,20.536535521786124,20.50016464197839,7025,0,20.51851043011879,20.500109714998192,336,10080.0,168.0,2025-04-25 11:48:00,2025-04-25 11:48:00,19.76795959472656,254845.0,0.966616656693284,2025-04-25,11:48:00
20.523006056740694,21.33360675330892,20.198341369628903,0.07985539309481353,0.0,0.0,,20.958953535187682,20.198341369628903,20.49031423198231,20.627432887812702,20.567347070035506,21.188276941861208,20.81740706262196,20.419485920487688,20.57660506747517,20.535417021499505,20.500163194547106,7025,0,20.517651498332594,20.500107646520433,337,10110.0,168.5,2025-04-25 11:48:30,2025-04-25 11:48:30,19.75150489807129,255082.0,0.9665828047451408,2025-04-25,11:48:30
20.522239865939675,21.295952258612182,20.198341369628903,0.07693262609840083,0.0,0.0,,20.94849178717289,20.198341369628903,20.486899556673286,20.62220760372344,20.564989126784795,21.15781081529696,20.806069199082216,20.419443519450226,20.56479240031644,20.534329524123077,20.50016140121816,7025,0,20.51701814795033,20.500107246353053,338,10140.0,169.0,2025-04-25 11:49:00,2025-04-25 11:49:00,19.763866424560547,255165.0,0.9668179168381243,2025-04-25,11:49:00
20.52147713794278,21.260032946506673,20.21476554870605,0.07418454343999185,0.0,0.0,,20.940012728229625,20.21476554870605,20.483967194317007,20.617205084908594,20.562711283788374,21.12875025244752,20.795107922336825,20.36325696008166,20.551614862520125,20.533273084584817,20.500159701580124,7025,0,20.516387848449998,20.500093299207727,339,10170.0,169.5,2025-04-25 11:49:30,2025-04-25 11:49:30,19.84930229187012,255137.0,0.9661325949391896,2025-04-25,11:49:30
20.520767524139742,21.22577069556898,20.21476554870605,0.07152402584373485,0.0,0.0,,20.932093573057653,20.21476554870605,20.48122467870216,20.61241538616222,20.56051103211762,21.10102695751274,20.784513242150634,20.363234641360002,20.542932180733803,20.532247401176384,20.50015872031199,7025,0,20.515860462747003,20.500090936476404,340,10200.0,170.0,2025-04-25 11:50:00,2025-04-25 11:50:00,19.700029373168945,255347.0,0.9673754611371976,2025-04-25,11:50:00
20.520117495370087,21.19309027260072,20.25517463684082,0.06888390175010116,0.0,0.0,,20.92202884188626,20.25517463684082,20.479294340351384,20.607829031067016,20.55838592342373,21.07457619797562,20.774275178367436,20.418802075894643,20.54107665679185,20.531252378926684,20.50015637098274,7025,0,20.515459186344177,20.500087006348267,341,10230.0,170.5,2025-04-25 11:50:30,2025-04-25 11:50:30,19.786052703857425,255338.0,0.9667363088337813,2025-04-25,11:50:30
20.519461372385667,21.16191934377807,20.25517463684082,0.06640121345239469,0.0,0.0,,20.912272279313395,20.25517463684082,20.47749650281138,20.603436988442077,20.55633357014041,21.0493365962944,20.764383795623292,20.41880217571878,20.53736115221388,20.53028759833509,20.500155998920626,7025,0,20.515023940901116,20.50008488490732,342,10260.0,171.0,2025-04-25 11:51:00,2025-04-25 11:51:00,19.77879905700684,255485.0,0.9667032188778206,2025-04-25,11:51:00
20.51882585971342,21.132188461235835,20.25517463684082,0.06402131563986256,0.0,0.0,,20.903004451357226,20.25517463684082,20.475796900136103,20.599230650066993,20.55435164548293,21.025249936436392,20.75482923293612,20.418797686008286,20.5334034688455,20.529352107480502,20.50015495046029,7025,0,20.514592212792305,20.50008465111123,343,10290.0,171.5,2025-04-25 11:51:30,2025-04-25 11:51:30,19.82320213317871,255354.0,0.96701105377241,2025-04-25,11:51:30
20.518211267304366,21.103831029905805,20.25517463684082,0.06173947397916562,0.0,0.0,,20.89422982987377,20.25517463684082,20.474181536918692,20.595201809606035,20.552437883267874,21.002260983830322,20.74560172883758,20.41879251538435,20.52961036878874,20.52844503158525,20.500152413776952,7025,0,20.5141730633293,20.500083206214924,344,10320.0,172.0,2025-04-25 11:52:00,2025-04-25 11:52:00,19.927284240722656,255230.0,0.9664398287818832,2025-04-25,11:52:00
20.51832837874684,21.61072349052453,20.326385498046875,0.0637276667170265,0.0,0.0,,20.88996055633415,20.326385498046875,20.473785914764843,20.59134264266189,20.55059007757558,20.980317317498503,20.736691642622706,21.610297661797713,20.632987989458666,20.527571627669886,20.50015193023339,7025,0,20.516056912691994,20.500092679887274,345,10350.0,172.5,2025-04-25 11:52:30,2025-04-25 11:52:30,19.875383377075195,254959.0,0.9665911970159908,2025-04-25,11:52:30
20.51788387683119,21.61087490910583,20.326385498046875,0.062313269937573086,0.0,0.0,,20.88625567424148,20.326385498046875,20.473435242253593,20.58764568789289,20.548806082274947,20.959369173287886,20.728089472215732,21.610507525359257,20.675434345812153,20.526739383090572,20.500148932571264,7025,0,20.51668241697314,20.500086119482653,346,10380.0,173.0,2025-04-25 11:53:00,2025-04-25 11:53:00,20.025161743164062,255547.0,0.9655324534234409,2025-04-25,11:53:00
20.517512223150288,21.75972214465204,20.384627659082128,0.062063508934505254,0.0,0.0,,20.883285905735903,20.416189193725582,20.474526653336373,20.58410382913148,20.547083810428198,20.93936929724922,20.719785869084497,21.759325779133373,20.71187607749772,20.525941733519236,20.50014584066603,7025,0,20.517238045988098,20.50008513694977,347,10410.0,173.5,2025-04-25 11:53:30,2025-04-25 11:53:30,19.963010787963867,256229.0,0.9647331464237068,2025-04-25,11:53:30
20.517063519577974,21.759764186015303,20.396613893847167,0.06068264420225438,0.0,0.0,,20.880470082394336,20.416189193725582,20.475573337785065,20.580710278446663,20.54542123359144,20.920272808325283,20.71177165057879,21.75939112491585,20.733306146602924,20.525174873656635,20.500143206723937,7025,0,20.517497950699777,20.50008363429703,348,10440.0,174.0,2025-04-25 11:54:00,2025-04-25 11:54:00,19.98453140258789,257478.0,0.9614198834463528,2025-04-25,11:54:00
20.51666013752273,21.828836584674292,20.405124369284792,0.06001444078203884,0.0,0.0,,20.879019941534775,20.408674240112305,20.476403423353503,20.57745856009632,20.54381638102549,20.902037069602766,20.70403781001947,21.82845041522271,20.754978424318608,20.52443586617999,20.500140949659023,7025,0,20.51779085454838,20.500083773846292,349,10470.0,174.5,2025-04-25 11:54:30,2025-04-25 11:54:30,20.01878929138184,258004.0,0.9610913856955706,2025-04-25,11:54:30
20.516233650949474,21.82886124843922,20.408674240112305,0.05877848857395472,0.0,0.0,,20.87767954055177,20.408674240112305,20.477132908478346,20.57434249531832,20.54226733882958,20.884621567464002,20.696575524823352,21.828487511389007,20.77009665419839,20.523723232656607,20.500139758145004,7025,0,20.5179589957541,20.500083516075083,350,10500.0,175.0,2025-04-25 11:55:00,2025-04-25 11:55:00,19.994020462036133,258142.0,0.9614518729032858,2025-04-25,11:55:00
20.515827745327275,21.8626153901836,20.343402862548828,0.057946443721150216,0.0,0.0,,20.875653109716115,20.343402862548828,20.476724657078112,20.571356187913715,20.540772249009493,20.867987798042893,20.689376162913266,21.862236812501223,20.785225210982837,20.523035300445965,20.500134831822017,7025,0,20.518107752914066,20.500077726216368,351,10530.0,175.5,2025-04-25 11:55:30,2025-04-25 11:55:30,20.08175277709961,258120.0,0.961695081260654,2025-04-25,11:55:30
20.515421245546705,21.862632470876388,20.343402862548828,0.05682841266781376,0.0,0.0,,20.873591787663113,20.343402862548828,20.476261478425005,20.56849401057647,20.539329308490544,20.85209916044985,20.682431287631005,21.862261572780163,20.796825607439832,20.522370793594206,20.500132938201443,7025,0,20.518190111651347,20.500074649373836,352,10560.0,176.0,2025-04-25 11:56:00,2025-04-25 11:56:00,19.994165420532227,257187.0,0.963698228331914,2025-04-25,11:56:00
20.51495108051278,21.728227348052645,20.334964752197266,0.05432129438563416,0.0,0.0,,20.875015984725568,20.334964752197266,20.475654049223802,20.565750591929298,20.53793676808469,20.83692085628208,20.675732661342355,21.727913984848477,20.794537286930648,20.521727962163375,20.500131047607805,7025,0,20.518037118774867,20.50007274425596,353,10590.0,176.5,2025-04-25 11:56:30,2025-04-25 11:56:30,20.110095977783203,255927.0,0.9653912541466902,2025-04-25,11:56:30
20.514558335315485,21.728220206108656,20.334964752197266,0.05319706652169585,0.0,0.0,,20.876575314357634,20.334964752197266,20.475056335785368,20.563120804225157,20.536592931419747,20.822419794980863,20.669272247900217,21.72790439795471,20.79793202940515,20.521105255313323,20.50013007626527,7025,0,20.518013432480323,20.500072239011416,354,10620.0,177.0,2025-04-25 11:57:00,2025-04-25 11:57:00,20.07823944091797,255735.0,0.9663642906719848,2025-04-25,11:57:00
20.514223097511437,21.78799913429027,20.40421295166016,0.052827248280334665,0.0,0.0,,20.877187353524633,20.40421295166016,20.475589072912957,20.560599751678517,20.535296153838733,20.808564504636756,20.663042214111204,21.787660325751133,20.80796482236125,20.52050274346598,20.500128905407877,7025,0,20.51814083192458,20.500071700441275,355,10650.0,177.5,2025-04-25 11:57:30,2025-04-25 11:57:30,20.061912536621094,255328.0,0.9671052406120756,2025-04-25,11:57:30
20.513866854823753,21.788012043143418,20.40421295166016,0.0519389273261519,0.0,0.0,,20.877598448173664,20.40421295166016,20.476116505974694,20.558182759391045,20.534044841275332,20.795325047878702,20.65703493033551,21.787677247216454,20.815017764821558,20.51992038129901,20.500127373651534,7025,0,20.518207720344474,20.500069830119692,356,10680.0,178.0,2025-04-25 11:58:00,2025-04-25 11:58:00,19.999834060668945,254852.0,0.96802880936779,2025-04-25,11:58:00
20.513520244097272,21.78801971922634,20.40421295166016,0.051081541746448716,0.0,0.0,,20.87787635951098,20.40421295166016,20.476599389203148,20.55586536283973,20.532837449111884,20.78267294251398,20.651242970334064,21.787687697146243,20.820852387308566,20.51935730325388,20.50012539101406,7025,0,20.518251597425536,20.50006813021102,357,10710.0,178.5,2025-04-25 11:58:30,2025-04-25 11:58:30,20.03457260131836,255174.0,0.96796199603016,2025-04-25,11:58:30
20.513184015757194,21.788025760767272,20.40421295166016,0.05026735020780477,0.0,0.0,,20.87804228502245,20.40421295166016,20.477029168165974,20.55364329789677,20.531672481025176,20.770581086612307,20.64565911046379,21.787695891489285,20.825991974745087,20.518812705982675,20.50012389247343,7025,0,20.518282940779862,20.50006584064527,358,10740.0,179.0,2025-04-25 11:59:00,2025-04-25 11:59:00,20.031726837158203,255232.0,0.9682936749702232,2025-04-25,11:59:00
20.512312190583675,21.185344598316835,20.32886314,0.04112444892228348,0.0,0.0,,20.87785600814186,20.32886314,20.476198054329082,20.551512491351932,20.530548487824273,20.75902368775318,20.6402763283099,20.869186967227833,20.748207942056926,20.518281372639848,20.50012211800685,7025,0,20.51657413366567,20.50006526227746,359,10770.0,179.5,2025-04-25 11:59:30,2025-04-25 11:59:30,20.02082633972168,255417.0,0.9682071989139328,2025-04-25,11:59:30
20.511900693065872,21.187784490430396,20.32886314,0.039489496783396784,0.0,0.0,,20.877576643241028,20.32886314,20.47534836446045,20.549469051911043,20.529464066285275,20.747976196175795,20.635087800832974,20.869027884102366,20.717183294803924,20.517756576144652,20.500121844471828,7025,0,20.515842742749697,20.500064303827514,360,10800.0,180.0,2025-04-25 12:00:00,2025-04-25 12:00:00,20.03683280944824,255081.0,0.9685427741580126,2025-04-25,12:00:00
20.511537327036287,21.185952236399167,20.28347396850586,0.03833677744304094,0.0,0.0,,20.876354996083457,20.28347396850586,20.47379891597872,20.547509261644294,20.528417857986177,20.73741524159207,20.630086902100427,20.88708566602096,20.702534347268355,20.5172427616669,20.500120459938415,7025,0,20.515417210119494,20.500063117460122,361,10830.0,180.5,2025-04-25 12:00:30,2025-04-25 12:00:30,19.96693229675293,254880.0,0.9687913797669492,2025-04-25,12:00:30
20.511191188399675,21.184343191307637,20.28347396850586,0.037241224064452814,0.0,0.0,,20.875057112454584,20.28347396850586,20.472308256200787,20.545629567861035,20.527408548145377,20.727318573439327,20.625267200662833,20.887061291884347,20.692496961886977,20.51674247172973,20.500119849375555,7025,0,20.51508107792395,20.500061219350954,362,10860.0,181.0,2025-04-25 12:01:00,2025-04-25 12:01:00,20.04927635192871,254972.0,0.9682154437546084,2025-04-25,12:01:00
20.51081141002105,21.17971330490674,20.22821044921875,0.03588937827914008,0.0,0.0,,20.873030674290305,20.22821044921875,20.470016671307647,20.543826575387648,20.526434864466637,20.71766500436646,20.620622456629242,20.81544166423432,20.678314980288327,20.516256006171538,20.500117660029442,7025,0,20.514630991953574,20.50006054145498,363,10890.0,181.5,2025-04-25 12:01:30,2025-04-25 12:01:30,19.934953689575195,254755.0,0.9687606720182136,2025-04-25,12:01:30
20.51048333759804,21.175714131454086,20.22821044921875,0.034882980544211475,0.0,0.0,,20.871002041916718,20.22821044921875,20.46783508030617,20.542097039227944,20.525495575993137,20.708434356761444,20.616146618488298,20.815416181545658,20.669173873832204,20.515782804790682,20.50011578223896,7025,0,20.51428504438356,20.500059852496165,364,10920.0,182.0,2025-04-25 12:02:00,2025-04-25 12:02:00,20.054977416992188,254708.0,0.9681204187736544,2025-04-25,12:02:00
20.510276332861707,21.181393527050176,20.325990676879883,0.03484322073460403,0.0,0.0,,20.87111809680144,20.325990676879883,20.46735889012458,20.5404378575851,20.52458949197269,20.699607412141184,20.61183381971645,20.973894607755806,20.676370446451074,20.515323960815014,20.500113538645458,7025,0,20.514334953853922,20.500055596074684,365,10950.0,182.5,2025-04-25 12:02:30,2025-04-25 12:02:30,20.04556655883789,254957.0,0.9683204545276264,2025-04-25,12:02:30
20.509997872080337,21.186182616483062,20.325990676879883,0.03413768959206084,0.0,0.0,,20.87136871256202,20.325990676879883,20.466980909700144,20.5388460652267,20.523715460736273,20.691165863236925,20.60767837521052,20.973911981825278,20.67659036503587,20.514880795583352,20.50011225311456,7025,0,20.514242363265964,20.500054892585105,366,10980.0,183.0,2025-04-25 12:03:00,2025-04-25 12:03:00,19.93961906433105,254646.0,0.9688544341949216,2025-04-25,12:03:00
20.509698416098416,21.181266890256882,20.33479118347168,0.033101411073878165,0.0,0.0,,20.869551005547084,20.33479118347168,20.466778971857284,20.537318827174765,20.522872368591415,20.683092268619653,20.603674777578284,20.93310961176969,20.671327497800043,20.514451953119654,20.50011095191535,7025,0,20.51401360889148,20.500053158946553,367,11010.0,183.5,2025-04-25 12:03:30,2025-04-25 12:03:30,20.043716430664062,254744.0,0.968259188636435,2025-04-25,12:03:30
20.509425739614027,21.17700954319419,20.33479118347168,0.032331666258588854,0.0,0.0,,20.86761397491312,20.33479118347168,20.46658767781043,20.53585343270374,20.522059138731777,20.675370009719636,20.599817693317494,20.93310018153999,20.667747953918273,20.514036114544826,20.500108236931464,7025,0,20.513819452414516,20.50005045561287,368,11040.0,184.0,2025-04-25 12:04:00,2025-04-25 12:04:00,20.00149726867676,254547.0,0.968829921389763,2025-04-25,12:04:00
20.50914205313273,21.17582313022679,20.28661537,0.03146561437853084,0.0,0.0,,20.866289195896893,20.28661537,20.465622547674254,20.53444728963056,20.521274730164695,20.667983250104545,20.596101958909617,20.904463228874892,20.662262687839274,20.51363285405432,20.500106673286417,7025,0,20.51358039719426,20.50004966739395,369,11070.0,184.5,2025-04-25 12:04:30,2025-04-25 12:04:30,19.988250732421875,254807.0,0.9685948580690484,2025-04-25,12:04:30
20.508884982885828,21.174752962335283,20.28661537,0.030781134969881056,0.0,0.0,,20.86505079462367,20.28661537,20.4646726358208,20.533097918881705,20.52051813665699,20.660916896888093,20.59252257685088,20.90445377076566,20.658617113365807,20.513241745440798,20.500105155105732,7025,0,20.51338225837948,20.50004902993949,370,11100.0,185.0,2025-04-25 12:05:00,2025-04-25 12:05:00,20.053237915039062,254834.0,0.9679100537016254,2025-04-25,12:05:00
20.508637693339296,21.173774362913168,20.28661537,0.03014114283503388,0.0,0.0,,20.86385755961223,20.28661537,20.46376531846848,20.53180294932279,20.519788385700526,20.654156564149872,20.58907471164003,20.90444818366057,20.65570789225761,20.512862603116336,20.500102981826654,7025,0,20.513201740151437,20.500047835337384,371,11130.0,185.5,2025-04-25 12:05:30,2025-04-25 12:05:30,20.08223342895508,254907.0,0.9678401706308576,2025-04-25,12:05:30
20.508399170840086,21.17287261137673,20.28661537,0.02953770774118849,0.0,0.0,,20.862702260011478,20.28661537,20.46290690781885,20.530560112837545,20.51908453749792,20.64768853825421,20.585753685740265,20.90444395198357,20.653197910438383,20.51249516570939,20.500101582918223,7025,0,20.51303203587848,20.500045866385847,372,11160.0,186.0,2025-04-25 12:06:00,2025-04-25 12:06:00,20.01319122314453,254687.0,0.9685319014123218,2025-04-25,12:06:00
20.508229661164137,21.175300674137745,20.28564071655273,0.029752932696186705,0.0,0.0,,20.862325453793677,20.28564071655273,20.46208126125484,20.52936723964303,20.518405683969107,20.641499744963003,20.582554975530307,21.006482697602962,20.66011964669196,20.512139663921015,20.50010029621684,7025,0,20.513069979839234,20.500044959610072,373,11190.0,186.5,2025-04-25 12:06:30,2025-04-25 12:06:30,20.05785369873047,254685.0,0.9681539818795768,2025-04-25,12:06:30
20.50801878952425,21.177307292725793,20.28564071655273,0.02932742984965466,0.0,0.0,,20.862004457725682,20.28564071655273,20.46130174655657,20.52822225382946,20.517750947779383,20.635577718243393,20.579474207258038,21.006497956771447,20.662018313843685,20.511796519962807,20.500099348936722,7025,0,20.513006553357553,20.500044432097482,374,11220.0,187.0,2025-04-25 12:07:00,2025-04-25 12:07:00,20.059314727783203,254879.0,0.9681169177335128,2025-04-25,12:07:00
20.50781815981617,21.18168707583285,20.33095932006836,0.028893864441388122,0.0,0.0,,20.862300048817676,20.33095932006836,20.46129291335353,20.527123169112766,20.517119481388782,20.629910570677588,20.576507153008436,21.007528846374143,20.662514140190225,20.511464890097095,20.500096789634764,7025,0,20.512939689791676,20.50004270911726,375,11250.0,187.5,2025-04-25 12:07:30,2025-04-25 12:07:30,20.07132148742676,254841.0,0.9682087311303912,2025-04-25,12:07:30
20.50761958616581,21.185366940436975,20.33095932006836,0.028489651798853193,0.0,0.0,,20.862599477504126,20.33095932006836,20.46130709928253,20.526068084789806,20.516510466123773,20.624486965387113,20.573649726696956,21.007530190393027,20.662465837247513,20.511144205534382,20.500095102665057,7025,0,20.512865249130993,20.50004125948587,376,11280.0,188.0,2025-04-25 12:08:00,2025-04-25 12:08:00,19.98061752319336,254216.0,0.9691336550413822,2025-04-25,12:08:00
20.50733874152366,21.178684651734724,20.279935836791992,0.02700371520608902,0.0,0.0,,20.860626986912056,20.279935836791992,20.460497236358812,20.525055181885104,20.51592311127067,20.61929608938965,20.570897980097065,20.871721115155246,20.650037340880864,20.51083320457367,20.500094002848364,7025,0,20.5124915250377,20.500040931763593,377,11310.0,188.5,2025-04-25 12:08:30,2025-04-25 12:08:30,19.94158744812012,254302.0,0.9693746264284198,2025-04-25,12:08:30
20.507133275924904,21.17293509981154,20.279935836791992,0.026451647290388822,0.0,0.0,,20.85853578496304,20.279935836791992,20.459694137208935,20.52408271948038,20.515356653191457,20.614327628310786,20.568248098910843,20.871696628551174,20.64451015450082,20.510530330258465,20.50009256186338,7025,0,20.51226153210476,20.50003978553815,378,11340.0,189.0,2025-04-25 12:09:00,2025-04-25 12:09:00,19.93572235107422,254282.0,0.9694482282465924,2025-04-25,12:09:00
20.50794624537872,21.166518416322184,20.23794937133789,0.03483516919398709,0.0,0.0,,20.856173469476126,20.23794937133789,20.458251911306704,20.523149031217113,20.51481035446171,21.001005369227155,20.599259059301342,20.873874154596407,20.641386325373638,20.51023614877587,20.500091441806465,7025,0,20.512067036537513,20.50003750197492,379,11370.0,189.5,2025-04-25 12:09:30,2025-04-25 12:09:30,19.94037437438965,254381.0,0.9690124016730808,2025-04-25,12:09:30
20.507866870735874,21.16099523389569,20.23794937133789,0.03498043492956301,0.0,0.0,,20.85389412990491,20.23794937133789,20.45686723958504,20.522252521963864,20.51428350303064,21.001037163974438,20.612654480354017,20.873869452488474,20.639010305093837,20.50995190294226,20.50009015190144,7025,0,20.51189285461688,20.50003653754335,380,11400.0,190.0,2025-04-25 12:10:00,2025-04-25 12:10:00,19.9137020111084,254224.0,0.969523432091384,2025-04-25,12:10:00
20.50788718305117,21.157594412210898,20.218769073486328,0.036668298621765585,0.0,0.0,,20.852040874266407,20.218769073486328,20.455255934508266,20.521391664639836,20.513775411403177,21.05011352121158,20.624349762359724,20.88213157426939,20.637767024603864,20.50967749603215,20.500089651232717,7025,0,20.511746553658664,20.500035969533354,381,11430.0,190.5,2025-04-25 12:10:30,2025-04-25 12:10:30,19.932350158691406,254265.0,0.9693465110219652,2025-04-25,12:10:30
20.507779409750864,21.154626256677982,20.218769073486328,0.036677079268295595,0.0,0.0,,20.850312079859638,20.218769073486328,20.45373553648874,20.520564997187307,20.513285415843995,21.05012490341817,20.63108241489649,20.882130253353928,20.636350820903374,20.509412488219475,20.50008774857228,7025,0,20.511602986604768,20.50003569703956,382,11460.0,191.0,2025-04-25 12:11:00,2025-04-25 12:11:00,19.93474578857422,254417.0,0.9694166589693298,2025-04-25,12:11:00
20.507662339139443,21.15203847025172,20.242084503173828,0.03657874517600454,0.0,0.0,,20.848681882314786,20.242084503173828,20.452686766552652,20.519771119685256,20.512812875603064,21.050131298493586,20.635658002081637,20.876032573930424,20.634437969256584,20.509156331246647,20.500086640472897,7025,0,20.511462006928703,20.500035431182805,383,11490.0,191.5,2025-04-25 12:11:30,2025-04-25 12:11:30,19.92530059814453,254399.0,0.9693300435536304,2025-04-25,12:11:30
20.507544500749773,21.14975239489625,20.242084503173828,0.03649691108679118,0.0,0.0,,20.847136163114886,20.242084503173828,20.45172270737385,20.519008691597328,20.51235717216281,21.050135589338623,20.639099374710405,20.876029659878263,20.63293520415435,20.508908578826286,20.500085502536933,7025,0,20.51133490384058,20.50003346138748,384,11520.0,192.0,2025-04-25 12:12:00,2025-04-25 12:12:00,19.92609024047852,254320.0,0.969521051234665,2025-04-25,12:12:00
20.507427531144366,21.147722002179044,20.242084503173828,0.03640738612807625,0.0,0.0,,20.845668064116452,20.242084503173828,20.45082363032263,20.518276429147736,20.511917708506225,21.050138757460644,20.641867305906743,20.876027572881185,20.63163297390191,20.508668950323784,20.50008387968866,7025,0,20.511216604523536,20.50003124813452,385,11550.0,192.5,2025-04-25 12:12:30,2025-04-25 12:12:30,19.91228675842285,254149.0,0.9695853244553392,2025-04-25,12:12:30
20.5073125461887,21.14590929241078,20.242084503173828,0.03631601766352373,0.0,0.0,,20.84427228301883,20.242084503173828,20.44998001787105,20.517573102818425,20.511493908406152,21.050141234776113,20.64419385675555,20.876025831116614,20.630462934868458,20.508437193322045,20.500082556288746,7025,0,20.511105318280617,20.500030042142583,386,11580.0,193.0,2025-04-25 12:13:00,2025-04-25 12:13:00,19.90364646911621,254172.0,0.969345684221708,2025-04-25,12:13:00
20.507092935580047,21.150686317615165,20.216955184936523,0.03500723576968089,0.0,0.0,,20.84440217602748,20.216955184936523,20.448782894600352,20.51689753496209,20.511085215734788,21.018805716326906,20.64233528576331,20.844975565127232,20.626610542277433,20.5082124123839,20.500080685915318,7025,0,20.510954856249498,20.500029724308853,387,11610.0,193.5,2025-04-25 12:13:30,2025-04-25 12:13:30,20.0065975189209,254260.0,0.9686860275898688,2025-04-25,12:13:30
20.506897215683907,21.15468749303216,20.216955184936523,0.03391954969323505,0.0,0.0,,20.844638983422254,20.216955184936523,20.447641000820074,20.516248597524914,20.510691093793582,20.990350185469815,20.639950066760587,20.84496860033844,20.62444072035662,20.507994620740654,20.50007964999531,7025,0,20.510844555720183,20.500028504168867,388,11640.0,194.0,2025-04-25 12:14:00,2025-04-25 12:14:00,19.93899154663086,254095.0,0.969297592927842,2025-04-25,12:14:00
20.506762906878144,21.152056754651635,20.272855758666992,0.033322092800051585,0.0,0.0,,20.8435011634277,20.272855758666992,20.44746199864788,20.515625209874056,20.510311024662904,20.964252325862923,20.63719688915585,20.930044006604785,20.630492937489404,20.50778408361143,20.500078644490273,7025,0,20.510905124814858,20.500028155581784,389,11670.0,194.5,2025-04-25 12:14:30,2025-04-25 12:14:30,19.963193893432617,254183.0,0.968979903258676,2025-04-25,12:14:30
20.506589913275935,21.14974678867358,20.272855758666992,0.03241340223967336,0.0,0.0,,20.842288173776055,20.272855758666992,20.447327098373844,20.515026336724663,20.50994450857118,20.940133471536512,20.634187855916625,20.930057080027872,20.632442506361343,20.507581103036408,20.5000777616912,7025,0,20.510880281476837,20.500027845651335,390,11700.0,195.0,2025-04-25 12:15:00,2025-04-25 12:15:00,19.940624237060547,254287.0,0.969093607813219,2025-04-25,12:15:00
20.506378196692253,21.146416426525892,20.249929428100582,0.03114985630335272,0.0,0.0,,20.840809902155524,20.249929428100582,20.44683348941663,20.514450986161737,20.509591063283022,20.917712174191312,20.631003689199854,20.86353265706281,20.62718172591171,20.50738470920078,20.500076107797717,7025,0,20.51069736886127,20.50002655715347,391,11730.0,195.5,2025-04-25 12:15:30,2025-04-25 12:15:30,19.96068954467773,254144.0,0.9688911601296902,2025-04-25,12:15:30
20.50620512101298,21.143521609024308,20.249929428100582,0.03028191445957853,0.0,0.0,,20.839371748363305,20.249929428100582,20.446347492041212,20.513898207752,20.50925022350612,20.896773893058135,20.627703612208386,20.863522172953335,20.62490982129101,20.507193953028178,20.50007507662578,7025,0,20.510578526501586,20.500025672091233,392,11760.0,196.0,2025-04-25 12:16:00,2025-04-25 12:16:00,20.05374336242676,254338.0,0.9685883057191612,2025-04-25,12:16:00
20.506124570800512,21.146957703094284,20.35176658630371,0.030287445502349936,0.0,0.0,,20.839357647226482,20.35176658630371,20.447513637218865,20.513367090741937,20.508921540316262,20.87715096863167,20.624331846371994,20.986257938914797,20.634573038819713,20.507009569526815,20.500073562241205,7025,0,20.510756420107196,20.500024886369644,393,11790.0,196.5,2025-04-25 12:16:30,2025-04-25 12:16:30,20.04629135131836,254521.0,0.9684348246313664,2025-04-25,12:16:30
20.505983469403304,21.14983667480373,20.35176658630371,0.029671235760353416,0.0,0.0,,20.839453158297566,20.35176658630371,20.448661275682248,20.51285676233738,20.508604580600334,20.858709217886748,20.620921939615364,20.98627805286882,20.638274862829682,20.506832568465683,20.500072194602737,7025,0,20.510812090057808,20.50002415398792,394,11820.0,197.0,2025-04-25 12:17:00,2025-04-25 12:17:00,19.928783416748047,254163.0,0.9692861962598804,2025-04-25,12:17:00
20.505789444231446,21.150262781443736,20.24209976196289,0.02859455702274112,0.0,0.0,,20.83909624635218,20.24209976196289,20.447973688067762,20.512366386061025,20.50829892651659,20.841338836356964,20.617499692382044,20.91551997964424,20.633770581370594,20.50666178993653,20.50007102105399,7025,0,20.51066062069211,20.500023307234855,395,11850.0,197.5,2025-04-25 12:17:30,2025-04-25 12:17:30,20.00186347961425,254394.0,0.9692701699922168,2025-04-25,12:17:30
20.505641040028955,21.15057753588336,20.24209976196289,0.027962059832862023,0.0,0.0,,20.83870463351703,20.24209976196289,20.447241146487833,20.511895160184174,20.508004174972047,20.824948132243627,20.614085167968266,20.91551049532235,20.632216577980078,20.506496025405674,20.50006983582707,7025,0,20.510571281827293,20.50002183413207,396,11880.0,198.0,2025-04-25 12:18:00,2025-04-25 12:18:00,19.99346351623535,254338.0,0.969239997562299,2025-04-25,12:18:00
20.505514373707953,21.152488845563383,20.31641387939453,0.02742306607769628,0.0,0.0,,20.838694525385826,20.31641387939453,20.447720216138464,20.511442316229207,20.507719937116317,20.80945914449016,20.61069409813662,20.926474515416825,20.632499931357977,20.506335325050053,20.50006839826755,7025,0,20.51054782959463,20.500021162244742,397,11910.0,198.5,2025-04-25 12:18:30,2025-04-25 12:18:30,19.99562263488769,254241.0,0.9693106147316916,2025-04-25,12:18:30
20.50538230034279,21.15408425654875,20.31641387939453,0.026899593112283314,0.0,0.0,,20.838699876635722,20.31641387939453,20.448208369731695,20.511007117539137,20.507445837851748,20.794804529578283,20.607338884324196,20.926475439613803,20.632497415033505,20.50617982183989,20.500066617753525,7025,0,20.510519378077746,20.500020510441978,398,11940.0,199.0,2025-04-25 12:19:00,2025-04-25 12:19:00,19.82119369506836,253733.0,0.9702049620073068,2025-04-25,12:19:00
20.505254511689788,21.155412597447018,20.31641387939453,0.026409571567489572,0.0,0.0,,20.838691510228287,20.31641387939453,20.44866745113611,20.510588857911575,20.50718151535919,20.780925313734468,20.604029324612732,20.926475625441483,20.632420324360922,20.50602935941077,20.500065671290596,7025,0,20.510489540105038,20.500019900291377,399,11970.0,199.5,2025-04-25 12:19:30,2025-04-25 12:19:30,19.90939712524414,254023.0,0.9698553994126516,2025-04-25,12:19:30
20.505130954200602,21.156518348501585,20.31641387939453,0.025951949365949106,0.0,0.0,,20.838666113587074,20.31641387939453,20.44908803016096,20.510186860293647,20.506926620639113,20.76776924332648,20.60077315187306,20.926475632015045,20.63232290910018,20.50588374794934,20.50006466443192,7025,0,20.510459186691246,20.50001918191552,400,12000.0,200.0,2025-04-25 12:20:00,2025-04-25 12:20:00,19.89290428161621,253976.0,0.9695214803760984,2025-04-25,12:20:00
20.505301446151854,21.151080668111764,20.279470443725582,0.028571152984997964,0.0,0.0,,20.837176642492615,20.279470443725582,20.448877072857243,20.509800475535368,20.506680817067714,20.891343746535206,20.60962971697328,20.82746786676885,20.623336233937778,20.50574281909347,20.500063559289774,7025,0,20.510214836529897,20.50001888639745,401,12030.0,200.5,2025-04-25 12:20:30,2025-04-25 12:20:30,19.89575386047364,253924.0,0.9702465107670012,2025-04-25,12:20:30
20.505237904601625,21.146417537617765,20.279470443725582,0.02855855198174538,0.0,0.0,,20.835629175467908,20.279470443725582,20.448644230801612,20.509429081198274,20.5064437799674,20.89135276272193,20.613074653718616,20.82744998301579,20.61943386628724,20.50560521945063,20.50006235680751,7025,0,20.510076418959983,20.500018521075216,402,12060.0,201.0,2025-04-25 12:21:00,2025-04-25 12:21:00,19.900421142578125,253981.0,0.9696785266417568,2025-04-25,12:21:00
20.505191924994215,21.14591826609854,20.27739906311035,0.028746187170609262,0.0,0.0,,20.834939651397264,20.27739906311035,20.448380314840545,20.50907208041722,20.506215196191484,20.891356212784494,20.614788138556296,20.863705804799697,20.620415052126823,20.505471709999075,20.500061380012163,7025,0,20.510049960146592,20.500018167934385,403,12090.0,201.5,2025-04-25 12:21:30,2025-04-25 12:21:30,19.988637924194336,254455.0,0.969373513980861,2025-04-25,12:21:30
20.505127915748147,21.145466610085872,20.27739906311035,0.02872777190796621,0.0,0.0,,20.834352652126054,20.27739906311035,20.448126594313536,20.50872890081271,20.505994763722473,20.891357962726797,20.61577532050973,20.86370873033252,20.620167301708424,20.505342728035945,20.50006076591742,7025,0,20.509999915049235,20.500017397865978,404,12120.0,202.0,2025-04-25 12:22:00,2025-04-25 12:22:00,19.91424560546875,254010.0,0.969309094622259,2025-04-25,12:22:00
20.505102983095984,21.146044118958184,20.29711914,0.02910387090872302,0.0,0.0,,20.834031725193057,20.29711914,20.448202316880753,20.50839899345107,20.505782191283824,20.891359011704647,20.616410874074127,20.927154862220156,20.625326961743866,20.505218356232945,20.50005961939521,7025,0,20.51007260625805,20.500017197518694,405,12150.0,202.5,2025-04-25 12:22:30,2025-04-25 12:22:30,19.987558364868164,254150.0,0.9693728482195554,2025-04-25,12:22:30
20.505046864095167,21.146503006945494,20.29711914,0.029109982499560066,0.0,0.0,,20.833744564128157,20.29711914,20.44828347997323,20.50808183185096,20.50557719796445,20.89135971116533,20.6168579197632,20.927165614060236,20.6271863843343,20.505098824617416,20.5000583916798,7025,0,20.51007824873992,20.500017001163396,406,12180.0,203.0,2025-04-25 12:23:00,2025-04-25 12:23:00,19.9134521484375,254071.0,0.9697307174962904,2025-04-25,12:23:00
20.504882849846865,21.153616128922163,20.291650772094727,0.02791289175515829,0.0,0.0,,20.83500630667155,20.291650772094727,20.4482704490551,20.50777691103331,20.505379512855907,20.86971872290921,20.614634321826305,20.844484901338085,20.62060487523136,20.50498294327055,20.500057029838814,7025,0,20.509930374390006,20.500016549626377,407,12210.0,203.5,2025-04-25 12:23:30,2025-04-25 12:23:30,20.11563301086425,254674.0,0.9687838668258244,2025-04-25,12:23:30
20.504762690536236,21.15965852263752,20.291650772094727,0.027254379843765924,0.0,0.0,,20.836320056743585,20.291650772094727,20.448249954923366,20.507483746613186,20.50518887470168,20.849990781907547,20.612119012049078,20.84447154404411,20.617902184427038,20.504870183961923,20.500056240850594,7025,0,20.509866480182847,20.50001628664944,408,12240.0,204.0,2025-04-25 12:24:00,2025-04-25 12:24:00,20.014354705810547,254245.0,0.9691613896045154,2025-04-25,12:24:00
20.504649119791075,21.164788139218594,20.291650772094727,0.026667558945860346,0.0,0.0,,20.837559493754434,20.291650772094727,20.44822481043448,20.507201873931574,20.505005031558266,20.831835465900753,20.609412378710076,20.84446682983364,20.616400346467742,20.504760769366957,20.500055231062575,7025,0,20.509827299765195,20.500016028899513,409,12270.0,204.5,2025-04-25 12:24:30,2025-04-25 12:24:30,20.020153045654297,254308.0,0.969188321838086,2025-04-25,12:24:30
20.50454025759125,21.169153034504507,20.291650772094727,0.02613168911284055,0.0,0.0,,20.838707608784276,20.291650772094727,20.448196270119425,20.50693084722515,20.50482774046782,20.815005899622914,20.606584584556217,20.844464472815865,20.615342406466855,20.504654788104208,20.50005426431932,7025,0,20.509796694914673,20.50001567408984,410,12300.0,205.0,2025-04-25 12:25:00,2025-04-25 12:25:00,20.007732391357425,254263.0,0.9693498955805604,2025-04-25,12:25:00
20.504482302125513,21.16626415149709,20.376850793913565,0.026007183641421922,0.0,0.0,,20.838259027565357,20.38106346130371,20.44959971210716,20.506670238832196,20.504656767141746,20.79931845869763,20.603685502393574,20.912168535163794,20.620565913901775,20.50455246090845,20.500053394119337,7025,0,20.509901294568273,20.500015487578324,411,12330.0,205.5,2025-04-25 12:25:30,2025-04-25 12:25:30,19.995359420776367,254278.0,0.9694855384657736,2025-04-25,12:25:30
20.50438854506842,21.163805176103505,20.38106346130371,0.02554137780926459,0.0,0.0,,20.83767991385699,20.38106346130371,20.450966408154052,20.506419638433407,20.504491885655153,20.784633006640046,20.60075116523273,20.91217949919571,20.622432815128878,20.504454054582762,20.500052622402396,7025,0,20.509932979694774,20.50001525848323,412,12360.0,206.0,2025-04-25 12:26:00,2025-04-25 12:26:00,20.07939338684082,254597.0,0.9688954504569968,2025-04-25,12:26:00
20.504370882026873,21.166731243103026,20.40240558596482,0.026034105723944427,0.0,0.0,,20.83823949544185,20.47540664672852,20.453760264220247,20.506178652325566,20.504332878151637,20.77083984784125,20.597808000896276,21.020241164996754,20.632966126292096,20.504359759736325,20.50005158766312,7025,0,20.510186319539706,20.500015090211914,413,12390.0,206.5,2025-04-25 12:26:30,2025-04-25 12:26:30,20.085065841674805,254537.0,0.9687193070162688,2025-04-25,12:26:30
20.504296482304763,21.16924007955736,20.416069633549267,0.025743731420830817,0.0,0.0,,20.838854007574767,20.47540664672852,20.45642166470054,20.50594690272681,20.504179534558258,20.757851002699095,20.59487564739642,21.020262134136495,20.637582956984406,20.504270191286256,20.500050771588995,7025,0,20.510316050929855,20.500014875078662,414,12420.0,207.0,2025-04-25 12:27:00,2025-04-25 12:27:00,20.01125144958496,254338.0,0.9695104914523194,2025-04-25,12:27:00
20.50422071763942,21.171385553935334,20.426902520005477,0.025440737209674824,0.0,0.0,,20.839436476788787,20.47540664672852,20.458900948147633,20.505724027112176,20.504031652310243,20.745594292401986,20.591968851279223,21.020270280424064,20.64026502436121,20.504184598031113,20.50004962250872,7025,0,20.510404622641264,20.500014668706285,415,12450.0,207.5,2025-04-25 12:27:30,2025-04-25 12:27:30,20.08461570739746,254579.0,0.9686930432203756,2025-04-25,12:27:30
20.50414604827368,21.173224288962125,20.435576635945296,0.025149540456802205,0.0,0.0,,20.839975137578534,20.47540664672852,20.461194917553566,20.505509677577567,20.503889036085084,20.734009269952896,20.589098767643346,21.020274709152424,20.642175743887755,20.50410245087422,20.500048710045643,7025,0,20.51047543099528,20.500014468375753,416,12480.0,208.0,2025-04-25 12:28:00,2025-04-25 12:28:00,20.07673072814941,254502.0,0.9689147212006192,2025-04-25,12:28:00
20.504068335006004,21.17546917961693,20.441693008428274,0.02479990988126012,0.0,0.0,,20.840620652243313,20.472801208496097,20.463272628358556,20.505303520231646,20.503751497545913,20.723044378374436,20.586273865503347,21.012017918608468,20.64295813453484,20.50402340799016,20.50004786605598,7025,0,20.510522097145888,20.5000142662081,417,12510.0,208.5,2025-04-25 12:28:30,2025-04-25 12:28:30,20.06880569458008,254406.0,0.9690629225529273,2025-04-25,12:28:30
20.503996891712703,21.177398366075177,20.446390019732483,0.024542798774512403,0.0,0.0,,20.8412284148177,20.472801208496097,20.465191220690407,20.505105234613584,20.50361885509367,20.712654934554497,20.583500569656884,21.012018827423844,20.64392584757384,20.50394721392512,20.50004689711833,7025,0,20.510570709934836,20.500014085041133,418,12540.0,209.0,2025-04-25 12:29:00,2025-04-25 12:29:00,20.00595092773437,254275.0,0.9695520966473308,2025-04-25,12:29:00
20.503885158272855,21.17403254783187,20.43465042114257,0.023663358847911275,0.0,0.0,,20.840644611871525,20.43465042114257,20.466354254792346,20.504914513135923,20.50349093362784,20.702801675662364,20.580783724245073,20.949086519804993,20.639212265422398,20.50387335524486,20.500045928894174,7025,0,20.510472726208985,20.500013920081436,419,12570.0,209.5,2025-04-25 12:29:30,2025-04-25 12:29:30,20.013341903686523,254173.0,0.9692136359880869,2025-04-25,12:29:30
20.503808772299678,21.171175047471113,20.43465042114257,0.02334328188394554,0.0,0.0,,20.839981278750297,20.43465042114257,20.467401978545364,20.50473106055159,20.503367564315525,20.693449693952715,20.57812693386378,20.94907659320977,20.637651573866528,20.503801134408516,20.50004521161342,7025,0,20.51043736935201,20.500013707631,420,12600.0,210.0,2025-04-25 12:30:00,2025-04-25 12:30:00,20.136213302612305,254475.0,0.9685626657824934,2025-04-25,12:30:00
20.50380328382651,21.17748906517491,20.453999546327342,0.02413943699479457,0.0,0.0,,20.841323261545824,20.48257827758789,20.46913646946504,20.504554593443608,20.503248584368514,20.684567643341744,20.575532819239832,21.048429941401416,20.64595941232835,20.503731370534425,20.50004458292382,7025,0,20.510645318517536,20.500013454462916,421,12630.0,210.5,2025-04-25 12:30:30,2025-04-25 12:30:30,20.086328506469727,254346.0,0.968892338094564,2025-04-25,12:30:30
20.503749483616303,21.182891144488856,20.45775950105039,0.024066555917419668,0.0,0.0,,20.842756645080602,20.48257827758789,20.470784531208356,20.504384839736566,20.503133836828138,20.676127138777293,20.57300321228517,21.048446712548206,20.649490984953477,20.503665081363415,20.50004401572307,7025,0,20.51075391187439,20.50001324606059,422,12660.0,211.0,2025-04-25 12:31:00,2025-04-25 12:31:00,20.056962966918945,254255.0,0.9691120872745864,2025-04-25,12:31:00
20.503603293267318,21.17996834877345,20.390525817871097,0.022572799856962956,0.0,0.0,,20.842406575377343,20.390525817871097,20.470849938123237,20.504221538229082,20.503023170357622,20.668102294273513,20.57053930737802,20.91404363301399,20.639457337786126,20.503600948254654,20.500043269028264,7025,0,20.510530285567132,20.50001304891379,423,12690.0,211.5,2025-04-25 12:31:30,2025-04-25 12:31:30,19.998027801513672,254358.0,0.9694482653386172,2025-04-25,12:31:30
20.503529492436275,21.17748445587384,20.390525817871097,0.02227516834618821,0.0,0.0,,20.84191570648516,20.390525817871097,20.470845263048258,20.504064438146276,20.502916439041687,20.66046936206011,20.568141780471272,20.91402267690568,20.635753253152334,20.503537406205623,20.500042793453773,7025,0,20.510435830510556,20.500012904175335,424,12720.0,212.0,2025-04-25 12:32:00,2025-04-25 12:32:00,20.026439666748047,254059.0,0.9691789111977926,2025-04-25,12:32:00
20.503490413343123,21.175640327069846,20.43151092529297,0.022417379995730683,0.0,0.0,,20.84148012644095,20.43151092529297,20.47148562258301,20.503913298711062,20.50281350219318,20.653206446475572,20.565810884135185,20.954741689242603,20.637637011030577,20.50347514584097,20.500041896455365,7025,0,20.51046794592822,20.50001271930935,425,12750.0,212.5,2025-04-25 12:32:30,2025-04-25 12:32:30,20.010711669921875,254535.0,0.9692105211464044,2025-04-25,12:32:30
20.503432207973233,21.17408064629508,20.43151092529297,0.022257122119189166,0.0,0.0,,20.841066517311635,20.43151092529297,20.472114760448456,20.50376788873388,20.502714224166535,20.64629327385429,20.56354652429016,20.954745982213574,20.638118048893556,20.503414811887147,20.50004118043437,7025,0,20.510469470829307,20.500012522246305,426,12780.0,213.0,2025-04-25 12:33:00,2025-04-25 12:33:00,20.04092597961425,254515.0,0.969020244386382,2025-04-25,12:33:00
20.503325993509744,21.17548066128428,20.381860733032227,0.0214285083756573,0.0,0.0,,20.84129575257198,20.381860733032227,20.471917024149025,20.503627986219797,20.502618474177684,20.63971100491264,20.561348322783214,20.878215686786938,20.631360575192723,20.503355964472885,20.50004042898766,7025,0,20.510314313496,20.500012331097253,427,12810.0,213.5,2025-04-25 12:33:30,2025-04-25 12:33:30,19.970338821411133,254442.0,0.9693116456795656,2025-04-25,12:33:30
20.503262232965977,21.176679369769865,20.381860733032227,0.021236827182712577,0.0,0.0,,20.841566044753623,20.381860733032227,20.47170356877954,20.503493377992122,20.502526126130437,20.63344207980249,20.55921566885625,20.87820208397269,20.62843322121385,20.503298012374525,20.500039729940784,7025,0,20.51023943908766,20.50001214570068,428,12840.0,214.0,2025-04-25 12:34:00,2025-04-25 12:34:00,20.01426315307617,254181.0,0.9689058313760668,2025-04-25,12:34:00
20.50324175004285,21.17600230331166,20.44159507751465,0.02156497134367903,0.0,0.0,,20.841439008606343,20.44159507751465,20.47246074487973,20.503363859332055,20.502437058448812,20.627470088584264,20.55714776177947,20.93428045280886,20.631771336945803,20.50324153502948,20.50003915057934,7025,0,20.510305833617537,20.500011982408665,429,12870.0,214.5,2025-04-25 12:34:30,2025-04-25 12:34:30,20.020801544189453,254490.0,0.9688846442885772,2025-04-25,12:34:30
20.50319258001911,21.175424347341718,20.44159507751465,0.02146687313216739,0.0,0.0,,20.841281879956046,20.44159507751465,20.473213944311777,20.503239233633572,20.502351153915562,20.621779661715127,20.555143646373764,20.934287766812183,20.632712621139593,20.503187096484986,20.500038695229257,7025,0,20.510320783888055,20.500011793827646,430,12900.0,215.0,2025-04-25 12:35:00,2025-04-25 12:35:00,20.01094055175781,254228.0,0.968757006505971,2025-04-25,12:35:00
20.5031358269752,21.177532339708915,20.450492017501393,0.021215241736287947,0.0,0.0,,20.841716661589,20.45378875732422,20.47412555328611,20.503119312072798,20.502268299516068,20.61635637647564,20.553202242749332,20.917221308439885,20.631439635981504,20.503134432451233,20.500038141653693,7025,0,20.510300991360335,20.50001160784528,431,12930.0,215.5,2025-04-25 12:35:30,2025-04-25 12:35:30,20.03964614868164,254473.0,0.9688527859537162,2025-04-25,12:35:30
20.503087696368855,21.17933268768923,20.45350797539297,0.0211183170841963,0.0,0.0,,20.842174026748737,20.45378875732422,20.47498703793835,20.503003913291217,20.502188386288008,20.611186676228353,20.551322371296774,20.91721872977616,20.630832795777685,20.503083337411397,20.500037721323558,7025,0,20.510295148766577,20.500011426735902,432,12960.0,216.0,2025-04-25 12:36:00,2025-04-25 12:36:00,20.0203914642334,254473.0,0.9687938406039148,2025-04-25,12:36:00
20.503069736401674,21.179523184263164,20.44842529296875,0.021522165798034485,0.0,0.0,,20.84230077034935,20.44842529296875,20.47570544952399,20.50289286309247,20.502111309176268,20.606257800115127,20.549502773751293,20.967073963538486,20.63491052221981,20.503034038319004,20.50003729204225,7025,0,20.51037954553977,20.500011251874085,433,12990.0,216.5,2025-04-25 12:36:30,2025-04-25 12:36:30,20.05849838256836,254518.0,0.9688484704421692,2025-04-25,12:36:30
20.50302969384254,21.179687802474504,20.44842529296875,0.021482124578419796,0.0,0.0,,20.842387744306258,20.44842529296875,20.476370146693117,20.502785994151413,20.502036966892963,20.601557721331535,20.547742130986,20.9670823213295,20.636512345047166,20.50298680809397,20.500036880358763,7025,0,20.51041093026072,20.500011082569728,434,13020.0,217.0,2025-04-25 12:37:00,2025-04-25 12:37:00,20.030153274536133,254611.0,0.9691851613834438,2025-04-25,12:37:00
20.502995755026035,21.177896123279407,20.44071388244629,0.021553360700836258,0.0,0.0,,20.842018634104882,20.44071388244629,20.47686402663903,20.50268314573588,20.50196526178244,20.597075092516764,20.54603907806616,20.980566534477788,20.638548956758747,20.502941376515583,20.50003645981268,7025,0,20.510442718825278,20.50001090744272,435,13050.0,217.5,2025-04-25 12:37:30,2025-04-25 12:37:30,20.029165267944336,254309.0,0.9690829487945768,2025-04-25,12:37:30
20.502956589531586,21.1763714962917,20.44071388244629,0.021492145110713654,0.0,0.0,,20.841626411217433,20.44071388244629,20.477318480426906,20.502584163439625,20.501896099691074,20.592799197100657,20.544392216997714,20.980570351734467,20.639605728235995,20.502897567144128,20.500036121041518,7025,0,20.51045340729541,20.500010756663066,436,13080.0,218.0,2025-04-25 12:38:00,2025-04-25 12:38:00,20.122344970703125,254711.0,0.9684331580693414,2025-04-25,12:38:00
20.50290086152698,21.178553243769603,20.46224726525639,0.021046253665730406,0.0,0.0,,20.842040875713895,20.479961395263672,20.478371343024012,20.502488898926703,20.501829389841685,20.588719905681707,20.542800127527315,20.941922665644732,20.636841122309406,20.502855052622632,20.500035843001378,7025,0,20.51040738237639,20.500010635654874,437,13110.0,218.5,2025-04-25 12:38:30,2025-04-25 12:38:30,20.05404281616211,254399.0,0.9688657138982464,2025-04-25,12:38:30
20.50286206000677,21.18041751677749,20.46609309761523,0.02097638475771591,0.0,0.0,,20.842499528984305,20.479961395263672,20.47938174051784,20.502397209686382,20.50176504471245,20.584827636689813,20.54126137628971,20.941916840472242,20.635901138801557,20.502813586431042,20.50003513106017,7025,0,20.51040019437833,20.500010487020248,438,13140.0,219.0,2025-04-25 12:39:00,2025-04-25 12:39:00,20.001352310180664,254185.0,0.9692325471605326,2025-04-25,12:39:00
20.50279936890997,21.180230832253734,20.43623161315918,0.020559608304574716,0.0,0.0,,20.842534329036315,20.43623161315918,20.479628488642387,20.50230895879828,20.501702979919973,20.58111332072708,20.539774524549003,20.905963016478466,20.6322794000573,20.502773111800913,20.50003447027662,7025,0,20.51031814593739,20.50001031695619,439,13170.0,219.5,2025-04-25 12:39:30,2025-04-25 12:39:30,20.02273178100586,254468.0,0.968720588148608,2025-04-25,12:39:30
20.502758834009647,21.180072277922477,20.43623161315918,0.020467954291611985,0.0,0.0,,20.84252811778318,20.43623161315918,20.4798278016304,20.50222401470726,20.50164311410677,20.577568368090166,20.538338134740673,20.90595586505384,20.630688515330032,20.502733377683054,20.500033953536132,7025,0,20.510277120286467,20.500010160424047,440,13200.0,220.0,2025-04-25 12:40:00,2025-04-25 12:40:00,20.008146286010746,254472.0,0.969028088060769,2025-04-25,12:40:00
20.502700820715884,21.17576747716256,20.43756866455078,0.020051935151902706,0.0,0.0,,20.841562378484134,20.43756866455078,20.48002867337027,20.502142251007545,20.501585368832533,20.574184639064498,20.536950775988473,20.873809015715523,20.626878162632366,20.502694353362557,20.500033375882545,7025,0,20.51017681345259,20.500010022922993,441,13230.0,220.5,2025-04-25 12:40:30,2025-04-25 12:40:30,19.98286437988281,254341.0,0.9691852547367512,2025-04-25,12:40:30
20.50265990703758,21.172095545866107,20.43756866455078,0.01992060653171097,0.0,0.0,,20.84056479830772,20.43756866455078,20.48021829379775,20.502063546236062,20.501529668469367,20.57095441664934,20.535611028743165,20.873801726356835,20.62498321467217,20.5026558255549,20.500032849297387,7025,0,20.510114932687102,20.50000988893993,442,13260.0,221.0,2025-04-25 12:41:00,2025-04-25 12:41:00,20.001916885375977,254283.0,0.9692144800281576,2025-04-25,12:41:00
20.503961649382678,21.17340814765044,20.460712432861328,0.033914309314620895,0.0,0.0,,20.8406263039644,20.460712432861328,20.48077030865591,20.501987783673975,20.50147594010079,21.086504093262608,20.579485950983607,20.86000098848528,20.622511046337053,20.502618369656755,20.500032475317802,7025,0,20.5100632265773,20.500009758294176,443,13290.0,221.5,2025-04-25 12:41:30,2025-04-25 12:41:30,20.00323486328125,254290.0,0.9686444364701718,2025-04-25,12:41:30
20.504064465305472,21.174524344657392,20.460712432861328,0.0345036845956323,0.0,0.0,,20.840776163772894,20.460712432861328,20.481305224904485,20.501914851156666,20.501424113424225,21.08654808684289,20.59929608743783,20.859996547894802,20.621033564285373,20.50258354773211,20.500031721394528,7025,0,20.510036796509326,20.500009618290107,444,13320.0,222.0,2025-04-25 12:42:00,2025-04-25 12:42:00,20.00252342224121,254286.0,0.9687445312561448,2025-04-25,12:42:00
20.504078688299014,21.175051376186335,20.467537578029894,0.03424151494034299,0.0,0.0,,20.840838078510323,20.47180938720703,20.481988403505067,20.50184464089147,20.5013741206572,21.0714976231282,20.609483722074977,20.858169221868856,20.619776889607294,20.50255131503839,20.500031047575042,7025,0,20.51001953920027,20.500009463536095,445,13350.0,222.5,2025-04-25 12:42:30,2025-04-25 12:42:30,20.00732040405273,254273.0,0.9688195610623228,2025-04-25,12:42:30
20.504106474350532,21.1754912561472,20.469658337506235,0.034428672165170926,0.0,0.0,,20.840889452666257,20.47180938720703,20.48263517932034,20.501777049282865,20.501325896446644,21.07150667409629,20.61665552006424,20.85816721420711,20.618807131521113,20.502521015050654,20.5000306577102,7025,0,20.510009953733235,20.500009366277283,446,13380.0,223.0,2025-04-25 12:43:00,2025-04-25 12:43:00,20.014537811279297,254396.0,0.9688138767905156,2025-04-25,12:43:00
20.504086519237433,21.175069774984983,20.47162472298908,0.033832852722904136,0.0,0.0,,20.840754655615616,20.47407341003418,20.48327662925539,20.501711976764987,20.5012793777816,21.043978950068293,20.619727047200733,20.914767438809243,20.623068414207644,20.502492600203944,20.500030266757566,7025,0,20.510108045322756,20.500009304223777,447,13410.0,223.5,2025-04-25 12:43:30,2025-04-25 12:43:30,20.036109924316406,254514.0,0.9687189358935068,2025-04-25,12:43:30
20.504098013656666,21.17470397096436,20.473213445230947,0.03392313991637667,0.0,0.0,,20.84060867684625,20.47407341003418,20.483876323977505,20.501649327640923,20.501234503909078,21.043981241098177,20.62307797092994,20.91477642238272,20.624524139331168,20.50246620320547,20.500029830479725,7025,0,20.510148188866605,20.500009174751746,448,13440.0,224.0,2025-04-25 12:44:00,2025-04-25 12:44:00,20.01591110229492,254414.0,0.9689789575259224,2025-04-25,12:44:00
20.504108960245578,21.172472962108152,20.440256118774418,0.03405981672249325,0.0,0.0,,20.840030773991515,20.440256118774418,20.483892921406042,20.50158900992858,20.50119121625281,21.043983906384945,20.626210699118513,20.925747892840725,20.6261104869382,20.502441450682365,20.500029154528434,7025,0,20.51017633842485,20.500009038156534,449,13470.0,224.5,2025-04-25 12:44:30,2025-04-25 12:44:30,20.032236099243164,254510.0,0.9686431770853796,2025-04-25,12:44:30
20.504115259865728,21.170563294453505,20.440256118774418,0.03412486993576274,0.0,0.0,,20.839446257111188,20.440256118774418,20.48388477304771,20.5015309352129,20.501149458335068,21.043986337974307,20.629070448549918,20.925750977237378,20.626835865740354,20.50241809949815,20.50002857531645,7025,0,20.5101872296462,20.500008806215234,450,13500.0,225.0,2025-04-25 12:45:00,2025-04-25 12:45:00,20.031938552856445,254504.0,0.9690440155164556,2025-04-25,12:45:00
20.50411989208772,21.16892801111079,20.440256118774418,0.03418044360411452,0.0,0.0,,20.83889097427537,20.440256118774418,20.483873786725766,20.50147501850408,20.501109175701117,21.04398847400896,20.631673509408742,20.925752289906445,20.627258298987016,20.502395938169766,20.500028307077674,7025,0,20.510193138150722,20.500008686038242,451,13530.0,225.5,2025-04-25 12:45:30,2025-04-25 12:45:30,20.042205810546875,254399.0,0.9687831049846894,2025-04-25,12:45:30
20.504123397713293,21.16752326330355,20.440256118774418,0.034229685650370774,0.0,0.0,,20.838369501863923,20.440256118774418,20.483866398041727,20.501421178101808,20.50107031584661,21.04399034179479,20.634047163106683,20.925753039668702,20.627550544820366,20.50237483649685,20.500027929429773,7025,0,20.510197563642635,20.500008592435634,452,13560.0,226.0,2025-04-25 12:46:00,2025-04-25 12:46:00,20.059276580810547,254430.0,0.9684654177966436,2025-04-25,12:46:00
20.504067836476946,21.169109035801398,20.46918306517021,0.033391557944252546,0.0,0.0,,20.83851819891385,20.476274490356445,20.484441903449465,20.50136933546459,20.50103282814738,21.012953372128095,20.63250373902274,20.966628008876274,20.631441696708496,20.502354407892156,20.500027624824277,7025,0,20.51029672372629,20.500008527575545,453,13590.0,226.5,2025-04-25 12:46:30,2025-04-25 12:46:30,20.15717315673828,254529.0,0.9675917331620364,2025-04-25,12:46:30
20.503992759907337,21.17044894189112,20.47174634060529,0.032426747058579154,0.0,0.0,,20.838717404566523,20.476274490356445,20.485008174930925,20.50131941508488,20.500996663791824,20.984749519932798,20.630434218384504,20.96663576353088,20.633190548071518,20.502335241415263,20.500027294961452,7025,0,20.510352146611265,20.500008464489966,454,13620.0,227.0,2025-04-25 12:47:00,2025-04-25 12:47:00,20.074174880981445,254171.0,0.9688187283364348,2025-04-25,12:47:00
20.503926290429636,21.174097471699632,20.477983120546234,0.031578850562705686,0.0,0.0,,20.839487170876012,20.512601852416992,20.48612713134041,20.501271344368963,20.50096177571578,20.95886902993009,20.62799408030191,20.971075462607768,20.634634913953132,20.502317136807463,20.50002674852731,7025,0,20.510419739385952,20.50000835502674,455,13650.0,227.5,2025-04-25 12:47:30,2025-04-25 12:47:30,20.091432571411133,254546.0,0.9686735157888948,2025-04-25,12:47:30
20.503857108643054,21.177200202078133,20.481888800725397,0.030771827620020106,0.0,0.0,,20.840261560973463,20.512601852416992,20.487197176093197,20.501225053521864,20.500928118539736,20.9349419969209,20.625293325203213,20.971077980270444,20.635567862808045,20.50230002509259,20.500026286749865,7025,0,20.510476430952078,20.500008247047106,456,13680.0,228.0,2025-04-25 12:48:00,2025-04-25 12:48:00,20.138038635253903,254508.0,0.9680406657158124,2025-04-25,12:48:00
20.504762299192162,21.252704620361328,20.48447628406522,0.04339983093112578,0.0,0.0,,20.84276363167577,20.59030532836914,20.489445249018143,20.50118047543693,20.500895648508212,21.252379737713678,20.652604971429525,21.102242720257596,20.648051728778384,20.502285520304675,20.50002573304686,7025,0,20.51081911160415,20.50000814131656,457,13710.0,228.5,2025-04-25 12:48:30,2025-04-25 12:48:30,20.14950561523437,254417.0,0.9682443095390638,2025-04-25,12:48:30
20.50485822821305,21.252704620361328,20.486756698324776,0.04401377876037868,0.0,0.0,,20.845268464339796,20.59030532836914,20.491592776052045,20.50113754558978,20.50086432343137,21.252406099019474,20.66541265399595,21.102267448686547,20.653679049354903,20.50227469074688,20.500025229215296,7025,0,20.511020995596393,20.500008236127307,458,13740.0,229.0,2025-04-25 12:49:00,2025-04-25 12:49:00,20.02900123596192,254388.0,0.9691873240876142,2025-04-25,12:49:00
20.50483665683373,21.252704620361328,20.488045432944357,0.04359945407717221,0.0,0.0,,20.845345240432795,20.518373489379883,20.492445685166146,20.50109620193668,20.500834102628698,21.252417428607014,20.673197123702177,20.9818045453585,20.646258316242495,20.502266046989124,20.500024874410663,7025,0,20.51090101980617,20.500008142309138,459,13770.0,229.5,2025-04-25 12:49:30,2025-04-25 12:49:30,20.02886962890625,254248.0,0.969359825347692,2025-04-25,12:49:30
20.504862536595617,21.252704620361328,20.489242329333152,0.04373786727517685,0.0,0.0,,20.845197376715777,20.518373489379883,20.493182720717208,20.501056384816913,20.500804946874858,21.252423927056082,20.67870340900476,20.9817883055666,20.644127420641844,20.502257593772917,20.500024526605,7025,0,20.510888791460783,20.50000806729124,460,13800.0,230.0,2025-04-25 12:50:00,2025-04-25 12:50:00,20.032560348510746,254275.0,0.9690992159079737,2025-04-25,12:50:00
20.504292542647587,21.189512475911563,20.490313160997225,0.035186409766782306,0.0,0.0,,20.8448411087764,20.546085357666016,20.4942968742539,20.501018036859186,20.500776818347326,21.025358542177194,20.663137160492198,20.971962125530368,20.642639054319766,20.502249314067193,20.500024130897685,7025,0,20.51089329788282,20.500008317064726,461,13830.0,230.5,2025-04-25 12:50:30,2025-04-25 12:50:30,20.032827377319336,254393.0,0.9689470990750532,2025-04-25,12:50:30
20.504253614069455,21.187423019161187,20.491059712750076,0.03485273596085065,0.0,0.0,,20.844478742272987,20.546085357666016,20.495351332269053,20.50098110289175,20.500749680575893,21.02534209844098,20.657558193526967,20.97195914457479,20.642134775445317,20.502240682757865,20.50002367418419,7025,0,20.51091552173989,20.50000825842585,462,13860.0,231.0,2025-04-25 12:51:00,2025-04-25 12:51:00,20.03263282775879,254390.0,0.9685868646566296,2025-04-25,12:51:00
20.50423550359428,21.185667130122535,20.49181452417528,0.03471392888014213,0.0,0.0,,20.844134173459455,20.546085357666016,20.49633880424642,20.500945529856157,20.500723498394244,21.025336313061,20.655225665437758,20.97195814771167,20.641957181043324,20.50223189018255,20.500023372521277,7025,0,20.510942151624164,20.50000832863896,463,13890.0,231.5,2025-04-25 12:51:30,2025-04-25 12:51:30,20.029077529907227,254320.0,0.968927925448254,2025-04-25,12:51:30
20.504225995357302,21.184188538069538,20.492569823071943,0.03464615451153986,0.0,0.0,,20.843811851324112,20.546085357666016,20.497260749319864,20.500911266724493,20.50069823789288,21.025333725297735,20.65423084134921,20.97195775011968,20.641903398021853,20.502223237513,20.500023072150036,7025,0,20.51096926100593,20.500008284992113,464,13920.0,232.0,2025-04-25 12:52:00,2025-04-25 12:52:00,20.13975715637207,254803.0,0.9681866971738952,2025-04-25,12:52:00
20.504220485791784,21.18294012478175,20.49323387074852,0.034609710013708925,0.0,0.0,,20.843511946776097,20.546085357666016,20.498121096861542,20.500878264419825,20.5006738663741,21.025332395272038,20.653850628227495,20.97195756981963,20.64190313271775,20.502214842379058,20.500022684733786,7025,0,20.510995597173626,20.500008242503696,465,13950.0,232.5,2025-04-25 12:52:30,2025-04-25 12:52:30,20.04652214050293,254225.0,0.9691780165207984,2025-04-25,12:52:30
20.504216976587802,21.18188274789371,20.493734694460233,0.034588867823839534,0.0,0.0,,20.843233316839925,20.546085357666016,20.49892430026184,20.500846475740158,20.5006503523084,21.025331650575616,20.653770961025963,20.971957485044083,20.641928679159495,20.502206736762762,20.500022445594308,7025,0,20.511020748715005,20.50000840479716,466,13980.0,233.0,2025-04-25 12:53:00,2025-04-25 12:53:00,20.04685401916504,254312.0,0.9693301805459436,2025-04-25,12:53:00
20.504141323968536,21.169094817478417,20.465625762939453,0.03369599676105677,0.0,0.0,,20.840267508925308,20.465625762939453,20.49838368915645,20.500815855285023,20.50062766529254,20.996577064482263,20.65073673058358,21.002937604567837,20.64474743655594,20.502198523648506,20.500022169894557,7025,0,20.51104147663903,20.500008582235942,467,14010.0,233.5,2025-04-25 12:53:30,2025-04-25 12:53:30,19.95216560363769,254295.0,0.9699646326117304,2025-04-25,12:53:30
20.504059038390302,21.158176467139384,20.465625762939453,0.03269751682652091,0.0,0.0,,20.837239428319176,20.465625762939453,20.49782539674454,20.5007863593853,20.500605776009042,20.970289830701365,20.647342883654247,21.002943174636005,20.645982150610582,20.50219020756025,20.500021885693865,7025,0,20.51102489837525,20.5000081445547,468,14040.0,234.0,2025-04-25 12:54:00,2025-04-25 12:54:00,20.047061920166016,254398.0,0.9691129892923688,2025-04-25,12:54:00
20.503983351157146,21.160411740593062,20.40567207336425,0.031941730131412376,0.0,0.0,,20.836999150637865,20.40567207336425,20.496336348146016,20.500757946035705,20.500584656187204,20.946042431400677,20.64371526784213,21.015327432955097,20.647821886796763,20.502181801505575,20.50002151805383,7025,0,20.511038794545186,20.500007437549982,469,14070.0,234.5,2025-04-25 12:54:30,2025-04-25 12:54:30,20.03493881225586,254356.0,0.9694716140959916,2025-04-25,12:54:30
20.503908778558852,21.16229677969335,20.40567207336425,0.03115928513782742,0.0,0.0,,20.83702149186102,20.40567207336425,20.494913780850773,20.500730574830133,20.500564278565523,20.923523900909316,20.639941895218037,21.01533078862343,20.64882956029327,20.50217355152265,20.50002104598638,7025,0,20.51103914316861,20.50000738648861,470,14100.0,235.0,2025-04-25 12:55:00,2025-04-25 12:55:00,19.934276580810547,254223.0,0.970041127769714,2025-04-25,12:55:00
20.5038093511131,21.16282332278312,20.36260223388672,0.030139031780876582,0.0,0.0,,20.836854489409163,20.36260223388672,20.492900596991035,20.500704206899236,20.500544616855436,20.902502113368573,20.63608535231795,20.97776304114215,20.646166117395335,20.5021651119694,20.500020639298345,7025,0,20.510949003747957,20.500007338796646,471,14130.0,235.5,2025-04-25 12:55:30,2025-04-25 12:55:30,20.033327102661133,254376.0,0.9687299755086958,2025-04-25,12:55:30
20.50373356969361,21.163232783511262,20.36260223388672,0.029420711490047907,0.0,0.0,,20.836688696220275,20.36260223388672,20.491007693276973,20.500678804850967,20.50052564570642,20.882799187096357,20.6321908623731,20.977757344452197,20.645294082855248,20.50215607295836,20.500020406372684,7025,0,20.5108969507484,20.500007177341068,472,14160.0,236.0,2025-04-25 12:56:00,2025-04-25 12:56:00,20.033100128173828,254301.0,0.9689635142016744,2025-04-25,12:56:00
20.50360980663195,21.166909568508423,20.36833381652832,0.028103387515860247,0.0,0.0,,20.83729708083915,20.36833381652832,20.4893450739919,20.500654332713058,20.500507340672293,20.86427524981737,20.628291582838045,20.88622674163682,20.636746053827945,20.502146182069446,20.500020006002877,7025,0,20.510698713807017,20.500007133055867,473,14190.0,236.5,2025-04-25 12:56:30,2025-04-25 12:56:30,19.94972419738769,254053.0,0.9694912946314352,2025-04-25,12:56:30
20.503532913635883,21.170019501268087,20.36833381652832,0.027439625986536542,0.0,0.0,,20.837936444102233,20.36833381652832,20.487814743354836,20.50063075587814,20.500489678178855,20.846817582983043,20.624412131064897,20.886209626276127,20.63308155961001,20.502135052241005,20.50001971613396,7025,0,20.510603774176907,20.500007059002378,474,14220.0,237.0,2025-04-25 12:57:00,2025-04-25 12:57:00,19.9231014251709,254336.0,0.9691627782736224,2025-04-25,12:57:00
20.503452617660642,21.166313151537736,20.232608795166016,0.02697672754181241,0.0,0.0,,20.83710139592985,20.232608795166016,20.484225769341386,20.500608041050725,20.50047263549242,20.830333261749363,20.6205709644099,20.89904248726932,20.632147316181587,20.502123206530232,20.500019345149294,7025,0,20.51050511939929,20.500006998389225,475,14250.0,237.5,2025-04-25 12:57:30,2025-04-25 12:57:30,19.96859741210937,254419.0,0.9690131608684884,2025-04-25,12:57:30
20.50337954315584,21.16313177341522,20.232608795166016,0.02641029297459903,0.0,0.0,,20.836182674199918,20.232608795166016,20.480796753546556,20.500586156196587,20.50045619068991,20.814744091297666,20.616782012348082,20.899041359944302,20.631171643871266,20.502110795821412,20.50001886947585,7025,0,20.510404191679104,20.500006967387296,476,14280.0,238.0,2025-04-25 12:58:00,2025-04-25 12:58:00,20.02994155883789,254718.0,0.9684227999199114,2025-04-25,12:58:00
20.503309045104665,21.16040787365595,20.232608795166016,0.025883264707899967,0.0,0.0,,20.835297275557597,20.232608795166016,20.47759376996696,20.500565070493753,20.500440322629537,20.799983069111082,20.61305581476389,20.89903988595806,20.630288647227832,20.502097859389323,20.500018715191484,7025,0,20.510307039573654,20.500006939858018,477,14310.0,238.5,2025-04-25 12:58:30,2025-04-25 12:58:30,20.035802841186523,254619.0,0.9687462566619144,2025-04-25,12:58:30
20.50324114232582,21.158069724389385,20.232608795166016,0.025393714393701982,0.0,0.0,,20.83446304568353,20.232608795166016,20.4746225934216,20.500544754285993,20.500425010922964,20.78599187367999,20.609400330178293,20.899038523681888,20.629508043453626,20.502084447152598,20.500018394292667,7025,0,20.51021455554866,20.500006884233333,478,14340.0,239.0,2025-04-25 12:59:00,2025-04-25 12:59:00,20.028898239135746,254579.0,0.9685924482184312,2025-04-25,12:59:00
20.503175741211148,21.15605632464363,20.232608795166016,0.024939106442581488,0.0,0.0,,20.833682453812933,20.232608795166016,20.471870671663822,20.50052517903765,20.500410235908273,20.772719052483048,20.605821520342605,20.899037330287882,20.62881717878682,20.502070614134826,20.500018085340553,7025,0,20.510126589144786,20.500006856331815,479,14370.0,239.5,2025-04-25 12:59:30,2025-04-25 12:59:30,20.018932342529297,254518.0,0.9688344733967736,2025-04-25,12:59:30
20.503112732555834,21.1543163341459,20.232608795166016,0.024516986405563233,0.0,0.0,,20.832953569898756,20.232608795166016,20.46932073700915,20.500506317290384,20.500395978623786,20.760118692701386,20.60232378103952,20.899036290852468,20.62820208975294,20.5020564207026,20.500017733096087,7025,0,20.510042813775655,20.50000678643283,480,14400.0,240.0,2025-04-25 13:00:00,2025-04-25 13:00:00,19.97517204284668,254462.0,0.9688677115836548,2025-04-25,13:00:00
20.503095463365888,21.157423822211314,20.273025512695312,0.0246723125878674,0.0,0.0,,20.833324423347236,20.273025512695312,20.467603895605926,20.500488142621922,20.500382220783095,20.748149429735463,20.598910265414084,20.96305874858967,20.633395961315905,20.502042308576442,20.5000174397913,7025,0,20.51010804087881,20.50000663204184,481,14430.0,240.5,2025-04-25 13:00:30,2025-04-25 13:00:30,20.01028060913086,254495.0,0.969007126859074,2025-04-25,13:00:30
20.503046564487025,21.160051203995124,20.273025512695312,0.02440078621079525,0.0,0.0,,20.83377165558633,20.273025512695312,20.46603992383637,20.500470629605914,20.50036894475076,20.73677369539531,20.595583130923988,20.963069472002942,20.635356517363668,20.50202890372117,20.500017181695846,7025,0,20.510109178984376,20.50000643684408,482,14460.0,241.0,2025-04-25 13:01:00,2025-04-25 13:01:00,20.00407218933105,254331.0,0.9688123572234608,2025-04-25,13:01:00
20.502990593703682,21.16198494640145,20.249408721923828,0.02408271273071187,0.0,0.0,,20.834142398920147,20.249408721923828,20.464212671377798,20.50045375377383,20.500356133519006,20.7259571385252,20.592343731046423,20.955996204482837,20.635676354452922,20.50201587387916,20.500016912960525,7025,0,20.510070953017625,20.50000637550686,483,14490.0,241.5,2025-04-25 13:01:30,2025-04-25 13:01:30,19.95922470092773,254208.0,0.9694689609493014,2025-04-25,13:01:30
20.502940808383087,21.16361564425876,20.249408721923828,0.023819229616058743,0.0,0.0,,20.83448431075513,20.249408721923828,20.462492872631103,20.500437491578076,20.500343770685156,20.715668171425452,20.58919276631581,20.955996580015018,20.63599263592035,20.502002957392133,20.50001666995147,7025,0,20.510034621072847,20.500006373507087,484,14520.0,242.0,2025-04-25 13:02:00,2025-04-25 13:02:00,20.038738250732425,254576.0,0.968877908758092,2025-04-25,13:02:00
20.502881980616934,21.164193446887552,20.26806259155273,0.02335521822505631,0.0,0.0,,20.834617543365074,20.26806259155273,20.461182931260797,20.50042182035654,20.50033184043,20.70587760932108,20.58613040489402,20.934715024684824,20.634352572002808,20.501990002748336,20.50001640975227,7025,0,20.509962616370863,20.500006378081935,485,14550.0,242.5,2025-04-25 13:02:30,2025-04-25 13:02:30,19.97286033630371,254201.0,0.969178978937927,2025-04-25,13:02:30
20.50283369869954,21.164678782437853,20.26806259155273,0.023098908037445475,0.0,0.0,,20.834720592140428,20.26806259155273,20.459971582748157,20.500406718298866,20.50032032749685,20.696558379592062,20.583156379927935,20.9347116515897,20.633761973437306,20.501976869153307,20.500016164628175,7025,0,20.50991391051903,20.50000638469631,486,14580.0,243.0,2025-04-25 13:03:00,2025-04-25 13:03:00,20.01734161376953,254543.0,0.96859328531918,2025-04-25,13:03:00
20.502779844746044,21.169043686372195,20.318193435668945,0.022634345878091034,0.0,0.0,,20.835710358153968,20.318193435668945,20.459645891304984,20.500392164413583,20.500309217171214,20.687685284004356,20.58027006893961,20.909561488606016,20.631230072746007,20.50196362736573,20.500015858492546,7025,0,20.509853203256835,20.500006384010504,487,14610.0,243.5,2025-04-25 13:03:30,2025-04-25 13:03:30,20.042755126953125,254388.0,0.9688837155251034,2025-04-25,13:03:30
20.502736429155885,21.172769095634706,20.318193435668945,0.022427495428485492,0.0,0.0,,20.836717189183034,20.318193435668945,20.459372991978803,20.500378138496874,20.500298495261518,20.679234801728217,20.577470559103645,20.90955652637882,20.6300982660563,20.501950339910433,20.500015550860393,7025,0,20.509823486294685,20.50000636651417,488,14640.0,244.0,2025-04-25 13:04:00,2025-04-25 13:04:00,20.03892707824707,254345.0,0.9688608853132556,2025-04-25,13:04:00
20.502682919977318,21.16795024999956,20.345687866210938,0.021962066892556007,0.0,0.0,,20.835848437795466,20.345687866210938,20.459559728392176,20.500364621102367,20.50028814808018,20.67118492413864,20.57475670129298,20.887872477388733,20.627479141501734,20.501936994719603,20.500015146926792,7025,0,20.50974635553176,20.500006054524718,489,14670.0,244.5,2025-04-25 13:04:30,2025-04-25 13:04:30,19.968080520629883,254038.0,0.969171934907376,2025-04-25,13:04:30
20.502639441177344,21.163842860581056,20.345687866210938,0.021701314078591882,0.0,0.0,,20.83486238051674,20.345687866210938,20.459743992888423,20.500351593512086,20.500278162425715,20.66351501467833,20.572127155080153,20.887867507756155,20.626156466798772,20.501923372285173,20.500015100599732,7025,0,20.509693865868623,20.50000606075794,490,14700.0,245.0,2025-04-25 13:05:00,2025-04-25 13:05:00,19.948394775390625,253898.0,0.969155059315158,2025-04-25,13:05:00
20.502598264720937,21.160351069287636,20.345687866210938,0.021468257551419064,0.0,0.0,,20.833907999847018,20.345687866210938,20.459907810436484,20.500339037708855,20.50026852556511,20.656205688714543,20.569580426380337,20.887865298042616,20.62528251528375,20.501909663039424,20.500014922702196,7025,0,20.509649955782052,20.500006068875543,491,14730.0,245.5,2025-04-25 13:05:30,2025-04-25 13:05:30,20.00969886779785,254161.0,0.9691742512619952,2025-04-25,13:05:30
20.502558827409025,21.1573756623804,20.345687866210938,0.02125584286353403,0.0,0.0,,20.83300867839851,20.345687866210938,20.460048149824196,20.50032693634933,20.50025922521715,20.64923870952308,20.567114899054506,20.88786393360693,20.62460402506377,20.501895997718343,20.50001469237254,7025,0,20.5096099490159,20.50000607866471,492,14760.0,246.0,2025-04-25 13:06:00,2025-04-25 13:06:00,20.043710708618164,254407.0,0.9684796408903844,2025-04-25,13:06:00
20.50855558824216,24.00285530090332,20.37786865234375,0.12053026753697534,0.0,0.0,,20.833426185965198,20.37786865234375,20.460682898740526,20.500315272738366,20.500250249536084,21.38340455953235,20.629272856303974,20.992981700186878,20.633466461808517,20.50190202450205,20.500013919816105,6996,1,20.509840792381464,20.500006089905774,493,14790.0,246.5,2025-04-25 13:06:30,2025-04-25 13:06:30,20.27749824523925,244144.0,0.9578709823915394,2025-04-25,13:06:30
20.509074779463656,24.00285530090332,20.37786865234375,0.12278346550507122,0.0,0.0,,20.833939150189167,20.37786865234375,20.461285959989446,20.500304030804248,20.500241587096085,21.383466900950367,20.657233363993036,20.992999779048098,20.637003223117937,20.502036296353776,20.500013724489293,6996,1,20.510020917717824,20.500006102374854,494,14820.0,247.0,2025-04-25 13:07:00,2025-04-25 13:07:00,20.61363983154297,246580.0,0.9546356025427852,2025-04-25,13:07:00
20.52079967182052,26.54094123840332,20.451332258554554,0.25211639531716773,0.0,0.0,,20.848473789087407,21.257999420166016,20.47596406260422,20.50029319507503,20.500233226876258,21.93656367540841,20.721809372298754,23.014179783873228,20.820226231795694,20.510605821860196,20.50001343658132,6987,2,20.514389319793054,20.500006256913508,495,14850.0,247.5,2025-04-25 13:07:30,2025-04-25 13:07:30,20.75310516357422,246627.0,0.9549132520972968,2025-04-25,13:07:30
20.52177427105615,26.54094123840332,20.46378481539379,0.25291543492720936,0.0,0.0,,20.863408694092602,21.257999420166016,20.490253970482005,20.500282750655664,20.500225158246092,21.936626358796754,20.755027810586526,23.014546684784698,20.899017965471323,20.51077076906669,20.50001312953246,6987,2,20.51659458853805,20.50000667879853,496,14880.0,248.0,2025-04-25 13:08:00,2025-04-25 13:08:00,20.89424705505371,245738.0,0.957174472914242,2025-04-25,13:08:00
20.530688966619035,27.045635223388672,20.473163999960587,0.3276538058332308,0.0,0.0,,20.88336436598388,21.42590332,20.506358316550525,20.500272683206045,20.500217370951514,22.129663313964706,20.793316554820468,23.187585643845374,20.95978731551189,20.52849261382958,20.50001313235666,6997,2,20.518568815522972,20.500006826035765,497,14910.0,248.5,2025-04-25 13:08:30,2025-04-25 13:08:30,20.90567207336425,245880.0,0.9559781448267448,2025-04-25,13:08:30
20.531288798205992,27.045635223388672,20.4801712702288,0.3234903580319312,0.0,0.0,,20.90261314895626,21.42590332,20.521426852982916,20.500262978919963,20.50020985510135,22.129698728162094,20.816800429631204,23.1876902085939,20.99861780127459,20.528203858711205,20.50001284142203,6997,2,20.520095948048517,20.50000694263617,498,14940.0,249.0,2025-04-25 13:09:00,2025-04-25 13:09:00,20.81125259399414,245728.0,0.9561084817359032,2025-04-25,13:09:00
20.531121554895158,26.96203231811523,20.48523266520676,0.3129038562489979,0.0,0.0,,20.919069522719717,21.377986907958984,20.534630896048487,20.500253624504882,20.500202601154616,22.057550038113344,20.82762069265424,23.091009396923948,21.019513744938468,20.52715759579628,20.500012448201925,6993,2,20.521210204010565,20.50000706805654,499,14970.0,249.5,2025-04-25 13:09:30,2025-04-25 13:09:30,20.843505859375,246466.0,0.9561313730900004,2025-04-25,13:09:30
20.531222679866794,26.96203231811523,20.487314980827193,0.30774068076287503,0.0,0.0,,20.934305960709757,21.377986907958984,20.54681023870856,20.50024460716239,20.50019559990777,22.057557984577183,20.838420115777257,23.091037489483423,21.040375333811788,20.5266989824334,20.500012316124728,6993,2,20.522311783913604,20.500007801745465,500,15000.0,250.0,2025-04-25 13:10:00,2025-04-25 13:10:00,20.85904312133789,245782.0,0.955697465131702,2025-04-25,13:10:00
20.534034562174437,26.871116638183597,20.489824629670593,0.3361367060972884,0.0,0.0,,20.94924667991591,21.45844268798828,20.55936462260707,20.50023591456953,20.50018884248283,22.092748152440002,20.85135662894294,23.08735709918069,21.059193067864644,20.518921730708364,20.500011841319015,6976,2,20.523396222899052,20.500008133506633,501,15030.0,250.5,2025-04-25 13:10:30,2025-04-25 13:10:30,20.88675308227539,246023.0,0.9502433461505632,2025-04-25,13:10:30
20.534314676795525,26.871116638183597,20.491608122990332,0.3340511428155647,0.0,0.0,,20.96328155873595,21.45844268798828,20.571061473823164,20.500227534860873,20.500182320315822,22.092758545604518,20.861701996828796,23.08738438847435,21.076345712582004,20.518847939425537,20.5000116700516,6976,2,20.524440346439437,20.500008224765338,502,15060.0,251.0,2025-04-25 13:11:00,2025-04-25 13:11:00,20.82111358642578,246762.0,0.9539367639668992,2025-04-25,13:11:00
20.53458431177394,26.871116638183597,20.493225173442376,0.3327060590345414,0.0,0.0,,20.976429344728086,21.45844268798828,20.581932146326263,20.50021945661107,20.50017602514552,22.09276624618599,20.870650413176417,23.087409039380994,21.091873128876216,20.518811355383363,20.50001156513769,6976,2,20.52543903392366,20.500008631278227,503,15090.0,251.5,2025-04-25 13:11:30,2025-04-25 13:11:30,20.85481071472168,246765.0,0.9539537870038296,2025-04-25,13:11:30
20.534830979721555,26.871116638183597,20.494358400179028,0.3316793249334032,0.0,0.0,,20.988749566384524,21.45844268798828,20.592034515048447,20.50021166881837,20.500169949002856,22.092772574684545,20.878625124950283,23.087431011448395,21.105944435883256,20.5188021636679,20.500011456208817,6976,2,20.526391940970935,20.500009066699256,504,15120.0,252.0,2025-04-25 13:12:00,2025-04-25 13:12:00,20.82453346252441,246719.0,0.9551811727106546,2025-04-25,13:12:00
20.535056413270837,26.871116638183597,20.495380327170576,0.3308673225532683,0.0,0.0,,21.00030201060082,21.45844268798828,20.601429902127,20.500204160888625,20.500164084200375,22.09277798180964,20.885838492207398,23.087450599197503,21.118732853328435,20.518812994661598,20.50001160135563,6976,2,20.52729989873497,20.50000955993762,505,15150.0,252.5,2025-04-25 13:12:30,2025-04-25 13:12:30,20.892412185668945,246561.0,0.9538014299706766,2025-04-25,13:12:30
20.535263356201437,26.871116638183597,20.496221237069634,0.33022021783881506,0.0,0.0,,21.011142261950404,21.45844268798828,20.610176319582852,20.500196922620034,20.500158423322407,22.09278269235199,20.892418597663312,23.087468119011703,21.130390801790444,20.51883843043843,20.50001163084844,6976,2,20.528164094704234,20.500010466699273,506,15180.0,253.0,2025-04-25 13:13:00,2025-04-25 13:13:00,20.89559936523437,246643.0,0.953772000421662,2025-04-25,13:13:00
20.53650322900882,26.972532272338867,20.496790683362065,0.3409878468520005,0.0,0.0,,21.02144783803464,21.45202637,20.6182237977786,20.500189944188193,20.50015295921546,22.13774215645389,20.902385612259373,23.191375853983974,21.15037046880957,20.522638934083126,20.50001154518598,6981,2,20.529178695169463,20.500010528727593,507,15210.0,253.5,2025-04-25 13:13:30,2025-04-25 13:13:30,20.91669464111328,246674.0,0.9516405002148584,2025-04-25,13:13:30
20.536532263267702,26.972532272338867,20.497312126912266,0.3377912572199903,0.0,0.0,,21.03114161791167,21.45202637,20.625725653602245,20.500183216132015,20.50014768497885,22.13774975569382,20.909751350559542,23.191408729016906,21.16412437357345,20.522460409779658,20.50001137575995,6981,2,20.530040938101113,20.50001049860355,508,15240.0,254.0,2025-04-25 13:14:00,2025-04-25 13:14:00,20.947397232055664,246266.0,0.95534719063939,2025-04-25,13:14:00
20.536537240507066,27.19983724426409,20.497669594795063,0.332018932135857,0.0,0.0,,21.041219930032717,21.47170066833496,20.633044389424974,20.50017672934011,20.500142593955893,22.216927387251907,20.92287619437837,23.26392512743297,21.18187903865724,20.529893584915563,20.500011600139473,6996,2,20.530982768593088,20.500010587932373,509,15270.0,254.5,2025-04-25 13:14:30,2025-04-25 13:14:30,20.900196075439453,246109.0,0.9554558396889185,2025-04-25,13:14:30
20.536242057455713,27.198923279168657,20.498085596646597,0.32476631340206813,0.0,0.0,,21.05078323564207,21.47170066833496,20.639896485834615,20.50017047503771,20.50013767972537,22.216938181478188,20.93154614778767,23.2639535012678,21.194533695638196,20.52945067014131,20.500011664419812,6996,2,20.53179633265554,20.50001052319078,510,15300.0,255.0,2025-04-25 13:15:00,2025-04-25 13:15:00,20.91948127746582,245836.0,0.954578649485836,2025-04-25,13:15:00
20.537858615776294,27.10312843322754,20.49835553882588,0.3510041546477443,0.0,0.0,,21.05703201364351,21.333267211914062,20.64408486166281,20.500164444773947,20.500132936093234,21.96225103366296,20.91611028455792,23.248129949419337,21.20360740424524,20.518337438451333,20.500011190603914,6971,2,20.532433036881205,20.50001067569734,511,15330.0,255.5,2025-04-25 13:15:30,2025-04-25 13:15:30,20.78152084350586,246498.0,0.9514676589668072,2025-04-25,13:15:30
20.53806412464903,27.10312843322754,20.498634300414075,0.351220346472836,0.0,0.0,,21.062662030215932,21.333267211914062,20.647913825563162,20.500158630410056,20.50012835708469,21.962233444834116,20.911678861844496,23.24814129467427,21.212254590752252,20.518567728901917,20.50001144808865,6971,2,20.53303328921256,20.500010815013507,512,15360.0,256.0,2025-04-25 13:16:00,2025-04-25 13:16:00,20.923873901367188,246117.0,0.954072339070442,2025-04-25,13:16:00
20.538117240705443,27.06382179260254,20.498901788199156,0.34294591286791715,0.0,0.0,,21.070329927523158,21.52042961120605,20.65449380614597,20.500153024107323,20.50012393693667,22.160013522904116,20.928064276311442,23.2230966736779,21.218022298200413,20.535014079403847,20.50001185502709,6996,2,20.533639603466018,20.500010748323156,513,15390.0,256.5,2025-04-25 13:16:30,2025-04-25 13:16:30,20.85970497131348,246342.0,0.9555859460627908,2025-04-25,13:16:30
20.537812165150108,27.06382179260254,20.499049254110023,0.3354574092726831,0.0,0.0,,21.077765396116757,21.52042961120605,20.66079224235344,20.50014761831637,20.50011967009038,22.160028501247858,20.936515891151902,23.22310245963019,21.224454100816683,20.534369188228,20.50001184923194,6996,2,20.534241389277884,20.5000106767774,514,15420.0,257.0,2025-04-25 13:17:00,2025-04-25 13:17:00,21.05125999450684,246789.0,0.9494826552236932,2025-04-25,13:17:00
20.53905222781507,27.08789635,20.49921156114683,0.3492465759779199,0.0,0.0,,21.083524621859095,21.476560592651367,20.666021039346212,20.500142405766113,20.500115551184365,22.256118081728662,20.950720840048202,23.293899910183903,21.237077773099376,20.526179436249766,20.50001165392824,6987,2,20.534919148636774,20.500010682256278,515,15450.0,257.5,2025-04-25 13:17:30,2025-04-25 13:17:30,20.86147689819336,246136.0,0.9545953507410536,2025-04-25,13:17:30
20.538899037424933,27.08789635,20.499311303081257,0.34483094493851396,0.0,0.0,,21.08883959288989,21.476560592651367,20.67089392146227,20.50013737945364,20.500111575047576,22.25613037611935,20.959172914194763,23.293920340764735,21.245707139759567,20.52597310427302,20.50001174127625,6987,2,20.535491772728335,20.500010753943606,516,15480.0,258.0,2025-04-25 13:18:00,2025-04-25 13:18:00,20.84819221496582,246015.0,0.9543552984574112,2025-04-25,13:18:00
20.538752474861223,27.08789635,20.49942570560013,0.34129536757527523,0.0,0.0,,21.09382934572718,21.476560592651367,20.67545232647852,20.500132532634073,20.500107736692776,22.256136812982692,20.96536345018941,23.29393235506483,21.25278072443383,20.525794719638466,20.500011780089405,6987,2,20.53601422998974,20.500010884416383,517,15510.0,258.5,2025-04-25 13:18:30,2025-04-25 13:18:30,20.906206130981445,246059.0,0.9546351180001544,2025-04-25,13:18:30
20.538617385315312,27.08789635,20.499536898249552,0.3383796973928664,0.0,0.0,,21.098528520124034,21.476560592651367,20.679724442351425,20.5001278588112,20.50010403131024,22.25614114710668,20.970394078092667,23.293941591690906,21.259023964428355,20.52561971847076,20.500011962502146,6987,2,20.53650280729275,20.5000118214452,518,15540.0,259.0,2025-04-25 13:19:00,2025-04-25 13:19:00,20.907331466674805,246415.0,0.9548057266197268,2025-04-25,13:19:00
20.538492960604565,27.08789635,20.49961779066061,0.3359272041746009,0.0,0.0,,21.10295835736346,21.476560592651367,20.683732888746732,20.500123351728384,20.50010045426146,22.25614446325473,20.97472325881895,23.293949520112758,21.264692131085393,20.52544432481287,20.50001195943576,6987,2,20.536963525455946,20.50001185988959,519,15570.0,259.5,2025-04-25 13:19:30,2025-04-25 13:19:30,20.843156814575195,246293.0,0.9509704269914288,2025-04-25,13:19:30
20.538377977843755,27.08789635,20.499708499948905,0.33383593997463934,0.0,0.0,,21.10713548289019,21.476560592651367,20.687497204590727,20.500119005359217,20.500097001073094,22.25614718223714,20.978571592224988,23.293956603429468,21.269898391171772,20.525269127012145,20.500011968915956,6987,2,20.5373992926969,20.50001189760323,520,15600.0,260.0,2025-04-25 13:20:00,2025-04-25 13:20:00,20.88446998596192,246022.0,0.9521382361130304,2025-04-25,13:20:00
20.539331363210703,26.855998113254223,20.49977829839254,0.34417771724932267,0.0,0.0,,21.111228902293867,21.47940254211425,20.69108043788814,20.50011481389962,20.500093667431205,22.155518076751427,20.973253992457256,23.198546136230114,21.266145497436806,20.536187913822737,20.50001239188375,6997,2,20.537637331271917,20.500012156169923,521,15630.0,260.5,2025-04-25 13:20:30,2025-04-25 13:20:30,20.909717559814453,246320.0,0.9516528930862292,2025-04-25,13:20:30
20.539018381410298,26.621474392830876,20.499823238282392,0.3374053793845243,0.0,0.0,,21.115102058028462,21.47940254211425,20.69445171445287,20.50011077175909,20.50009044917554,22.15551135507579,20.972390437671987,23.198534838343257,21.26694046305225,20.53558168597848,20.500012246012762,6997,2,20.537955392247685,20.500012270427366,522,15660.0,261.0,2025-04-25 13:21:00,2025-04-25 13:21:00,21.02719688415528,246068.0,0.9530330538712876,2025-04-25,13:21:00
20.539964433914758,27.14465332,20.499869373527364,0.34987945982567187,0.0,0.0,,21.119422545638958,21.561918258666992,20.698947905477844,20.50010687355304,20.500087342294023,22.208810340321595,20.977593711453355,23.229155816500345,21.27173493869331,20.53302749127964,20.500012365215813,6992,2,20.538374066240138,20.500012534151438,523,15690.0,261.5,2025-04-25 13:21:30,2025-04-25 13:21:30,20.942880630493164,246152.0,0.9544257079974976,2025-04-25,13:21:30
20.539699192212815,27.14465332,20.499900305633666,0.3446387522217078,0.0,0.0,,21.123552454880024,21.561918258666992,20.70322610330212,20.500103114095054,20.500084342917308,22.20881447582238,20.98081365573143,23.229162898732124,21.275276657114777,20.532478497849752,20.50001222005399,6992,2,20.538751671312255,20.500012583500585,524,15720.0,262.0,2025-04-25 13:22:00,2025-04-25 13:22:00,21.301937103271484,244978.0,0.9513088292622196,2025-04-25,13:22:00
20.54015699971437,27.87113969158315,20.499935433218425,0.35180997617647713,0.0,0.0,,21.126659656182113,21.50811767578125,20.7063890128932,20.50009948838952,20.500081447313697,22.140387510406686,20.977372057028777,23.66100350447826,21.317096977634755,20.530355050715272,20.500012070526225,6990,2,20.53987887226942,20.500012593041156,525,15750.0,262.5,2025-04-25 13:22:30,2025-04-25 13:22:30,20.844532012939453,246454.0,0.9553901919830882,2025-04-25,13:22:30
20.539955647793004,27.870991841463848,20.49996939316285,0.34814268866363846,0.0,0.0,,21.129513185773728,21.50811767578125,20.709323233039306,20.500095991624537,20.500078651884042,22.140382963936954,20.976819947150176,23.66108474942738,21.336481703592693,20.529947263895302,20.50001207205694,6990,2,20.5405216035694,20.500012481645072,526,15780.0,263.0,2025-04-25 13:23:00,2025-04-25 13:23:00,20.95330238342285,246418.0,0.9540510813942163,2025-04-25,13:23:00
20.539226973060302,27.199682235717773,20.499994647492638,0.33492705470928735,0.0,0.0,,21.131598418816257,21.511693954467773,20.712129901227406,20.500092619164942,20.500075953156887,22.23255873258779,20.985239559089933,23.241933435337334,21.310959375997648,20.53239853403181,20.500012031056006,6995,2,20.540219134564335,20.500012296545663,527,15810.0,263.5,2025-04-25 13:23:30,2025-04-25 13:23:30,20.843524932861328,246726.0,0.9550433096836166,2025-04-25,13:23:30
20.53882949350218,27.199682235717773,20.500000000007994,0.32912419483345307,0.0,0.0,,21.13350783254761,21.511693954467773,20.71477223637737,20.500089366545804,20.500073347783673,22.23256630027805,20.98965897766616,23.24187629019884,21.304047528301343,20.531866329840156,20.5000118714877,6995,2,20.540296314758546,20.500012328873503,528,15840.0,264.0,2025-04-25 13:24:00,2025-04-25 13:24:00,20.855440139770508,246501.0,0.9540848718666456,2025-04-25,13:24:00
20.538212011060747,26.900798797607425,20.500000000007994,0.32303026470191615,0.0,0.0,,21.13414794679459,21.459163665771484,20.71641946146508,20.500086229465996,20.500070832534252,22.069778918728765,20.978459693715948,23.041855122139207,21.2845898354288,20.53024036008385,20.50001164914992,6990,2,20.54006842841249,20.500012248470235,529,15870.0,264.5,2025-04-25 13:24:30,2025-04-25 13:24:30,20.785785675048828,246436.0,0.9550602134022628,2025-04-25,13:24:30
20.537881519293148,26.900798797607425,20.500000000007994,0.3188934753969779,0.0,0.0,,21.13465314402468,21.459163665771484,20.717945167182286,20.500083203782047,20.50006840429249,22.069766802987463,20.974298547207354,23.041814960376392,21.27712464043878,20.52974784823233,20.500011438611825,6990,2,20.54007585734955,20.50001237942265,530,15900.0,265.0,2025-04-25 13:25:00,2025-04-25 13:25:00,20.73025321960449,247124.0,0.9505051740219485,2025-04-25,13:25:00
20.537617895763468,26.900798797607425,20.500000000007994,0.31568255950515095,0.0,0.0,,21.135124790607602,21.459163665771484,20.719388195693945,20.50008028550224,20.500066060052028,22.069762252809358,20.972451292404,23.041800522672887,21.27355042005748,20.529278304170795,20.500011328144645,6990,2,20.540150089791823,20.500012278306656,531,15930.0,265.5,2025-04-25 13:25:30,2025-04-25 13:25:30,20.72829818725586,247111.0,0.9527796971806192,2025-04-25,13:25:30
20.537379211942486,26.900798797607425,20.500000000007994,0.31288622915774295,0.0,0.0,,21.135580562077877,21.459163665771484,20.720762755760674,20.500077470780944,20.500063796912187,22.069760023657913,20.971581776846776,23.041793563651943,21.271476104859293,20.528831826206236,20.500011177724843,6990,2,20.540243453317657,20.500012363739813,532,15960.0,266.0,2025-04-25 13:26:00,2025-04-25 13:26:00,21.15056037902832,246066.0,0.945282274369478,2025-04-25,13:26:00
20.540248966501476,27.328872680664062,20.500000000007994,0.3475606677975308,0.0,0.0,,21.140233741638205,21.69205093383789,20.725811666232655,20.50007475591288,20.500061612074077,22.309289756320275,20.992134391725553,23.31995350163378,21.295065637455263,20.529251960578353,20.5000109886167,6988,2,20.540984351566276,20.50001257698559,533,15990.0,266.5,2025-04-25 13:26:30,2025-04-25 13:26:30,21.0380859375,246378.0,0.951364747461218,2025-04-25,13:26:30
20.540164386102774,27.328872680664062,20.500000000007994,0.3441547643413536,0.0,0.0,,21.145000226763013,21.69205093383789,20.730711448372542,20.50007213732812,20.50005950283684,22.309309776347074,21.00163087168113,23.32000058718024,21.30476610923045,20.528889570764566,20.500010911597574,6988,2,20.541430958936843,20.50001267184731,534,16020.0,267.0,2025-04-25 13:27:00,2025-04-25 13:27:00,21.298725128173828,246222.0,0.946709867010259,2025-04-25,13:27:00
20.542212650009716,27.799941096143026,20.500000000007994,0.36461937067401656,0.0,0.0,,21.150709118619428,21.808732986450195,20.737205858732764,20.500069611586863,20.500057466593955,22.653861121196663,21.037470381857357,23.714975504656955,21.345587657337063,20.530187480413538,20.50001083389927,6990,2,20.54256587168774,20.5000128618263,535,16050.0,267.5,2025-04-25 13:27:30,2025-04-25 13:27:30,21.150768280029297,246331.0,0.9480245837917274,2025-04-25,13:27:30
20.542137702487747,27.799940839028324,20.500000000007994,0.3613591703297538,0.0,0.0,,21.156175980029516,21.808732986450195,20.743354539015524,20.500067175374657,20.500055500829912,22.65389573010793,21.055356008459583,23.715054748578517,21.364532071983845,20.529776249645895,20.50001074100296,6990,2,20.54323883481151,20.500012958872126,536,16080.0,268.0,2025-04-25 13:28:00,2025-04-25 13:28:00,20.81838798522949,246340.0,0.9511574449947228,2025-04-25,13:28:00
20.543283826739547,27.4922762418258,20.500000000007994,0.3689193595359486,0.0,0.0,,21.158960582743966,21.70149040222168,20.74738137606111,20.500064825497592,20.500053603116744,22.352667348338795,21.040344969563662,23.291677980976782,21.338256505744617,20.534904838805716,20.50001068815136,6985,2,20.542906834875925,20.500012795721773,537,16110.0,268.5,2025-04-25 13:28:30,2025-04-25 13:28:30,21.02951431274414,246343.0,0.9483252898397764,2025-04-25,13:28:30
20.54303432100649,27.196057597831743,20.500000000007994,0.36267317484185596,0.0,0.0,,21.16133818488838,21.70149040222168,20.751055794888767,20.50006255887778,20.500051771110993,22.3526506849148,21.03646265515634,23.291620007565008,21.330787375208924,20.53429256954297,20.50001064849979,6985,2,20.542957467696517,20.500012638236694,538,16140.0,269.0,2025-04-25 13:29:00,2025-04-25 13:29:00,21.17452049255371,246360.0,0.9502966948774152,2025-04-25,13:29:00
20.54342328858582,27.423797607421875,20.500000000007994,0.3644789312329354,0.0,0.0,,21.16189009919097,21.82605553,20.756462232209365,20.500060372549036,20.500050002550427,22.529876817426757,21.05134446871425,23.476262494565383,21.345333579679746,20.528011313711623,20.50001044706836,6981,2,20.543467119345273,20.500012728135495,539,16170.0,269.5,2025-04-25 13:29:30,2025-04-25 13:29:30,20.97210121154785,246667.0,0.9500134543737104,2025-04-25,13:29:30
20.54313159032752,27.423797607421875,20.500000000007994,0.3602555690477229,0.0,0.0,,21.16224001411709,21.82605553,20.761594663089745,20.500058263652548,20.50004829525129,22.52989097877909,21.059066371160725,23.47629121514578,21.35212957869729,20.527602785880106,20.500010363376607,6981,2,20.543804213392757,20.50001311588143,540,16200.0,270.0,2025-04-25 13:30:00,2025-04-25 13:30:00,20.96030235290528,246831.0,0.9501834630779764,2025-04-25,13:30:00
20.542714741557138,27.182907788231027,20.500000000007994,0.3588073028896551,0.0,0.0,,21.163894429810625,21.56524085998535,20.762222595318097,20.500056229433238,20.500046647105446,22.291761791228343,21.043516182464494,23.219378333408237,21.333444668092103,20.53587986224954,20.500010423431263,6992,2,20.5435484096911,20.5000127452779,541,16230.0,270.5,2025-04-25 13:30:30,2025-04-25 13:30:30,20.99033546447754,246653.0,0.950606089323868,2025-04-25,13:30:30
20.542310110465152,26.929408533702357,20.500000000007994,0.3526670284617982,0.0,0.0,,21.165569310186804,21.56524085998535,20.762635698942816,20.5000542672354,20.500045056077585,22.291745106660386,21.03805461995534,23.21933843432338,21.327012688902215,20.535321024175165,20.50001032011862,6992,2,20.543543848952574,20.50001250046258,542,16260.0,271.0,2025-04-25 13:31:00,2025-04-25 13:31:00,20.844696044921875,246815.0,0.9505984998885804,2025-04-25,13:31:00
20.543111236018163,27.78886985778809,20.500000000007994,0.3491929758718956,0.0,0.0,,21.16353989242143,22.04490852355957,20.770695528873247,20.50005237449953,20.500043520202674,22.702368446568677,21.071774027694516,23.75448828912976,21.3723465705595,20.536392920547726,20.500010341784186,6994,2,20.544702819560634,20.50001262082268,543,16290.0,271.5,2025-04-25 13:31:30,2025-04-25 13:31:30,21.340965270996094,246404.0,0.9473303370683918,2025-04-25,13:31:30
20.542813448445422,27.78886985778809,20.500000000007994,0.34323471102745806,0.0,0.0,,21.16130919812322,22.04490852355957,20.778570316576193,20.50005054875821,20.500042037583494,22.70240151413131,21.08746561334238,23.754579369735048,21.391520613305378,20.535729351515975,20.50001024793815,6994,2,20.545313851722383,20.50001286854576,544,16320.0,272.0,2025-04-25 13:32:00,2025-04-25 13:32:00,21.34961128234864,246051.0,0.9476885000467384,2025-04-25,13:32:00
20.544154760935143,27.776296615600582,20.500000000007994,0.36406674012477497,0.0,0.0,,21.16195607474282,21.725492477416992,20.780877619371193,20.500048787633038,20.50004060638816,22.665395821647557,21.09379496139859,23.778618796308546,21.404607144934236,20.532390374337094,20.50001011321556,6988,2,20.54574326169108,20.500013057915176,545,16350.0,272.5,2025-04-25 13:32:30,2025-04-25 13:32:30,21.08988571166992,246574.0,0.948415143628282,2025-04-25,13:32:30
20.544007563235482,27.776296615600582,20.500000000007994,0.3609180352455254,0.0,0.0,,21.162822765457584,21.725492477416992,20.782813915433383,20.500047088831238,20.500039224847864,22.66540047250023,21.09912209984443,23.778640350088,21.41333389511367,20.531998366413834,20.500009961320508,6988,2,20.546082654863564,20.500012972518284,546,16380.0,273.0,2025-04-25 13:33:00,2025-04-25 13:33:00,21.00334930419922,247162.0,0.9523334518453485,2025-04-25,13:33:00
20.54427344433185,27.421023206002076,20.500000000007994,0.37217240924918127,0.0,0.0,,21.163870276741918,21.63311004638672,20.783089354539158,20.500045450142473,20.500037891254628,22.294086097489487,21.07112359983793,23.224235955147442,21.37042176256212,20.543522788287092,20.500009854915668,6996,2,20.545323760078826,20.50001278715984,547,16410.0,273.5,2025-04-25 13:33:30,2025-04-25 13:33:30,21.008588790893555,247005.0,0.9528135817088724,2025-04-25,13:33:30
20.543671978895503,27.087392542096588,20.500000000007994,0.3633132376638222,0.0,0.0,,21.16488368804982,21.63311004638672,20.783288979558836,20.50004386943578,20.500036603959238,22.294057042683853,21.060047298509218,23.224146204046242,21.35493475189668,20.542525767941875,20.500009822280134,6996,2,20.54512984397831,20.50001261096544,548,16440.0,274.0,2025-04-25 13:34:00,2025-04-25 13:34:00,21.156557083129883,246057.0,0.9452560153744864,2025-04-25,13:34:00
20.560482497889364,28.511743545532227,20.500000000007994,0.4990358817241251,0.0,0.0,,21.170869263027782,21.899831771850582,20.7877694111785,20.500042344656702,20.50003536136906,23.15045390504105,21.12955136896151,23.587356219264134,21.380453915217732,20.536642885323882,20.500011101902587,6945,3,20.545921091225097,20.500012549086655,549,16470.0,274.5,2025-04-25 13:34:30,2025-04-25 13:34:30,21.29343605041504,234181.0,0.9401610693224473,2025-04-25,13:34:30
20.561443005744245,28.511743545532227,20.500000000007994,0.49782154234422515,0.0,0.0,,21.17694317121854,21.899831771850582,20.792168152998443,20.500040873824354,20.50003416194628,23.150522859291353,21.161078352199887,23.587408998036604,21.390315990941687,20.53666328693663,20.500011732690506,6945,3,20.54638219752789,20.500012638752555,550,16500.0,275.0,2025-04-25 13:35:00,2025-04-25 13:35:00,21.20451164245605,232948.0,0.9365635651518794,2025-04-25,13:35:00
20.564698146356825,28.127319054305307,20.500000000007994,0.5131770621792936,0.0,0.0,,21.17821076790354,21.74941635131836,20.793923664529807,20.500039455028976,20.500033004205857,23.038549112685935,21.169921912935877,23.260866944104798,21.3661901485425,20.537080365250485,20.500011993031162,6942,3,20.546034179802408,20.500012698644234,551,16530.0,275.5,2025-04-25 13:35:30,2025-04-25 13:35:30,21.05264472961425,246501.0,0.9444739828641668,2025-04-25,13:35:30
20.564550474232725,27.78101561422288,20.500000000007994,0.5037698748371771,0.0,0.0,,21.17897431886923,21.74941635131836,20.795474920082587,20.50003808642904,20.500031886713884,23.038555259372856,21.17830880336842,23.260816143802607,21.35719509181602,20.536966441090733,20.50001251230759,6942,3,20.545999484127677,20.5000131891074,552,16560.0,276.0,2025-04-25 13:36:00,2025-04-25 13:36:00,20.933868408203125,245955.0,0.9466043712264438,2025-04-25,13:36:00
20.561054833241833,27.51241943719303,20.500000000007994,0.4751640639690517,0.0,0.0,,21.179256248591038,21.528091430664062,20.79335961723397,20.500036766248932,20.50003080808569,22.198036674271922,21.112017295932763,23.24536527279787,21.35147387063579,20.565547883914054,20.500013149185612,6988,2,20.545955659618297,20.500013023525476,553,16590.0,276.5,2025-04-25 13:36:30,2025-04-25 13:36:30,20.99665260314941,246737.0,0.9452739024751052,2025-04-25,13:36:30
20.55958476638421,27.383113861083984,20.500000000007994,0.4570604391886925,0.0,0.0,,21.179461720639917,21.528091430664062,20.791246683693775,20.500035492776583,20.5000297669843,22.197969034653514,21.084451363274905,23.245354731238375,21.348234398314755,20.563597309428086,20.500013450301893,6988,2,20.545954120660017,20.500013396389754,554,16620.0,277.0,2025-04-25 13:37:00,2025-04-25 13:37:00,21.06206512451172,247082.0,0.9468005560906906,2025-04-25,13:37:00
20.55823508104859,27.09552764892578,20.500000000007994,0.4396190674898205,0.0,0.0,,21.178961188193103,21.595272064208984,20.790351586722565,20.500034264361027,20.50002876211876,22.24591538523507,21.074172387045582,23.22270299301382,21.34396888339446,20.565235710820193,20.500014079148837,6993,2,20.54593674485362,20.500013508691715,555,16650.0,277.5,2025-04-25 13:37:30,2025-04-25 13:37:30,20.985824584960938,247028.0,0.9453241383567854,2025-04-25,13:37:30
20.55697911736534,27.09552764892578,20.500000000007994,0.42475784557738866,0.0,0.0,,21.178427324013562,21.595272064208984,20.789600795403736,20.500033079410382,20.50002779224265,22.245905809893312,21.06731502315038,23.222695004434833,21.34137828593846,20.563289769484367,20.50001413211363,6993,2,20.545950080318057,20.500013546726642,556,16680.0,278.0,2025-04-25 13:38:00,2025-04-25 13:38:00,21.021528244018555,246819.0,0.9453844466998084,2025-04-25,13:38:00
20.55703341692487,26.886510848999023,20.500000000007994,0.4231068159634232,0.0,0.0,,21.179011198474274,21.64073181152344,20.789682256693194,20.500031936389504,20.500026856152562,22.18037722714512,21.056759293533805,23.223115272689494,21.339514787398606,20.561030988998258,20.50001424911498,6987,2,20.546001714896327,20.500013568926477,557,16710.0,278.5,2025-04-25 13:38:30,2025-04-25 13:38:30,20.948076248168945,247066.0,0.9487328284749824,2025-04-25,13:38:30
20.55620057477194,26.886510848999023,20.500000000007994,0.41300396999911804,0.0,0.0,,21.179662166223597,21.64073181152344,20.789827921636892,20.500030833818144,20.5000259526866,22.18036678115709,21.050484759195488,23.223112101291157,21.337997443602223,20.559495979122143,20.500014395489522,6987,2,20.54605471899235,20.50001337562426,558,16740.0,279.0,2025-04-25 13:39:00,2025-04-25 13:39:00,20.89922332763672,246933.0,0.9538197734810656,2025-04-25,13:39:00
20.55602743941106,26.82661437988281,20.500000000007994,0.4125318640695049,0.0,0.0,,21.1801480330773,21.576486587524418,20.788968156906588,20.50002977026878,20.50002508072287,22.18460411828954,21.046395211431722,23.039285959094123,21.320220158833337,20.554776311140742,20.500014515825292,6982,2,20.5457420190307,20.50001388126804,559,16770.0,279.5,2025-04-25 13:39:30,2025-04-25 13:39:30,20.97275924682617,246115.0,0.9479346545314182,2025-04-25,13:39:30
20.55512355883126,26.82661437988281,20.500000000007994,0.4031039745984598,0.0,0.0,,21.180594028346913,21.576486587524418,20.788144159494742,20.500028744364897,20.500024239178515,22.18460032014432,21.04308213160371,23.039250734896303,21.312060957072134,20.553373627272162,20.500014603341086,6982,2,20.545621395168915,20.500014777216737,560,16800.0,280.0,2025-04-25 13:40:00,2025-04-25 13:40:00,20.94248008728028,247008.0,0.9480385630222504,2025-04-25,13:40:00
20.554990418929055,26.60219215271628,20.500000000007994,0.40378365708471714,0.0,0.0,,21.17844849205959,21.538970947265625,20.78678418648246,20.50002775477902,20.50002342700782,22.06938871717816,21.030224183717515,22.1743714832023,21.229463029876563,20.569011149927032,20.500015067642927,6998,1,20.54390436989583,20.500014438420386,561,16830.0,280.5,2025-04-25 13:40:30,2025-04-25 13:40:30,21.02126693725586,246675.0,0.9471937392317828,2025-04-25,13:40:30
20.553872104772722,26.480314254760746,20.500000000007994,0.3918160332430173,0.0,0.0,,21.1761983707148,21.538970947265625,20.785508985590603,20.500026800231062,20.50002264320142,22.06937625345072,21.02318212081824,22.174207708592107,21.192573837310363,20.567024358728364,20.500015194328213,6998,1,20.54312921391858,20.50001458106444,562,16860.0,281.0,2025-04-25 13:41:00,2025-04-25 13:41:00,20.93832969665528,247339.0,0.9493657995706298,2025-04-25,13:41:00
20.55388709341229,26.719545364379883,20.500000000007994,0.3860817031492065,0.0,0.0,,21.17780030369184,21.639781951904297,20.78595356040276,20.50002587948643,20.50002188678476,22.26742837983329,21.035646935822683,23.335574553783495,21.274798307192004,20.56098784180635,20.500015506821846,6996,2,20.54488386690572,20.500015315463155,563,16890.0,281.5,2025-04-25 13:41:30,2025-04-25 13:41:30,21.010297775268555,247170.0,0.9502250475381316,2025-04-25,13:41:30
20.552832812895446,26.719545364379883,20.500000000007994,0.37501494456837986,0.0,0.0,,21.179648439717035,21.639781951904297,20.786459675151868,20.500024991354557,20.500021156816747,22.26744146212035,21.03985555561861,23.33574814411771,21.303321563149876,20.559138634981267,20.500015564095406,6996,2,20.545509100599066,20.500015934122366,564,16920.0,282.0,2025-04-25 13:42:00,2025-04-25 13:42:00,20.79502487182617,246663.0,0.9548337458394652,2025-04-25,13:42:00
20.559048739556477,27.12626075744629,20.500000000007994,0.4247090678335228,0.0,0.0,,21.177691625579627,21.428050994873047,20.783566062400723,20.500024134687344,20.50002045238898,22.053593927751923,21.022745526397067,23.069427102093837,21.291851644201206,20.56043000038645,20.50001543215359,6970,2,20.54519531410177,20.500016079289566,565,16950.0,282.5,2025-04-25 13:42:30,2025-04-25 13:42:30,20.940479278564453,248915.0,0.9544642498443244,2025-04-25,13:42:30
20.558638564678482,27.12626075744629,20.500000000007994,0.418186587310865,0.0,0.0,,21.175518232879337,21.428050994873047,20.78073248649873,20.50002330837736,20.500019772624377,22.05357702849441,21.014679995881608,23.069400703047084,21.288540751216125,20.55902009024775,20.500015796404647,6970,2,20.545049708222454,20.500016541117894,566,16980.0,283.0,2025-04-25 13:43:00,2025-04-25 13:43:00,20.71803855895996,247530.0,0.9473488693289702,2025-04-25,13:43:00
20.563195231315266,26.89060886099226,20.500000000007994,0.4301320408500884,0.0,0.0,,21.17017906849581,21.353761672973636,20.77688130917103,20.500022511356633,20.50001911667591,22.05356983631318,21.009666584840655,22.824406672361295,21.265375115282378,20.59039463034172,20.500016416137377,6997,1,20.544425978605915,20.50001642952251,567,17010.0,283.5,2025-04-25 13:43:30,2025-04-25 13:43:30,20.73581314086914,248968.0,0.9529868672881656,2025-04-25,13:43:30
20.562137132664056,26.62738443158164,20.500000000007994,0.4144597648696,0.0,0.0,,21.164867111567506,21.353761672973636,20.77325650133992,20.50002174259507,20.500018483725828,22.053565658099362,21.006032994738632,22.824360794292602,21.255373074411487,20.587787882411266,20.500016466207725,6997,1,20.54407401769628,20.500016645138366,568,17040.0,284.0,2025-04-25 13:44:00,2025-04-25 13:44:00,20.03570556640625,254626.0,0.967088249039768,2025-04-25,13:44:00
20.56100481946691,26.342113763226838,20.500000000007994,0.4000510744625412,0.0,0.0,,21.15985186098445,21.353761672973636,20.769894262536024,20.500021001099217,20.500017872984166,22.053562768188474,21.00314055844087,22.824343604962696,21.249569298890165,20.585279972249737,20.500016842666703,6997,1,20.543808359046533,20.500016878746486,569,17070.0,284.5,2025-04-25 13:44:30,2025-04-25 13:44:30,20.06928443908692,254767.0,0.966757063807322,2025-04-25,13:44:30
20.55987977057439,26.04312681443101,20.500000000007994,0.38683286013645446,0.0,0.0,,21.155163495902862,21.353761672973636,20.766788573937955,20.500020285910686,20.500017283688372,22.053560560448553,21.000703126755305,22.824334494391017,21.2453840056717,20.58287071395333,20.500017084701998,6997,1,20.543577150362808,20.50001681905932,570,17100.0,285.0,2025-04-25 13:45:00,2025-04-25 13:45:00,20.02047348022461,254331.0,0.9667945020465456,2025-04-25,13:45:00
20.55682164434693,25.738613131035326,20.4980583190918,0.36436274507636457,0.0,0.0,,21.135278049485137,20.4980583190918,20.750191105995256,20.500019596105062,20.500016715101484,21.96979343801794,20.989347163621748,20.905134025895226,21.069777700326217,20.592837143246907,20.500017928659542,7025,0,20.53933622835035,20.500017056486566,571,17130.0,285.5,2025-04-25 13:45:30,2025-04-25 13:45:30,20.03874397277832,254362.0,0.9666419070065496,2025-04-25,13:45:30
20.554816564970377,25.435451541580402,20.4980583190918,0.3466074909053704,0.0,0.0,,21.11523006702067,20.4980583190918,20.73414213543077,20.500018930790613,20.500016166511998,21.89312154308036,20.977094027331752,20.904783631400313,20.993219101994285,20.589877370985114,20.5000181297222,7025,0,20.537151057009392,20.500017236686435,572,17160.0,286.0,2025-04-25 13:46:00,2025-04-25 13:46:00,20.041976928710938,254034.0,0.9664548470873976,2025-04-25,13:46:00
20.55294597282245,25.177952609974508,20.497133255004883,0.33024504147479294,0.0,0.0,,21.096570489967966,20.497133255004883,20.71908813549721,20.500018289107086,20.500015637232213,21.822318323011025,20.96429673177146,20.90772266451757,20.948848091768603,20.587000688334335,20.500018176789794,7025,0,20.53562888346298,20.500017082296367,573,17190.0,286.5,2025-04-25 13:46:30,2025-04-25 13:46:30,20.50440788269043,239335.0,0.9449501352706458,2025-04-25,13:46:30
20.551161296269253,24.98101819249243,20.497133255004883,0.31498848735723284,0.0,0.0,,21.07914509001092,20.497133255004883,20.705119339511878,20.50001767022447,20.500015126597802,21.756492239384897,20.951200190337,20.90765127436336,20.91683060014529,20.58421069767472,20.500018694526144,7025,0,20.534365820693704,20.500017310023782,574,17220.0,287.0,2025-04-25 13:47:00,2025-04-25 13:47:00,20.11412048339844,254534.0,0.9663664775629188,2025-04-25,13:47:00
20.54944810288362,24.790946736446816,20.497133255004883,0.30068278488401756,0.0,0.0,,21.062905582935755,20.497133255004883,20.692190839009942,20.500017073341994,20.50001463396708,21.694978255822644,20.937976852735687,20.907601713009118,20.89096565852965,20.581507325652307,20.500019016571187,7025,0,20.533239053040084,20.500017935093368,575,17250.0,287.5,2025-04-25 13:47:30,2025-04-25 13:47:30,20.100942611694336,254305.0,0.9661462122254773,2025-04-25,13:47:30
20.547799347871315,24.607990409797463,20.497133255004883,0.28722060767959134,0.0,0.0,,21.04777934009367,20.497133255004883,20.68022355122168,20.500016497686975,20.5000141587196,21.637267078898162,20.92474983683523,20.90756258677352,20.868895598633458,20.578889037870212,20.50001965148661,7025,0,20.532202180210156,20.50001840229961,576,17280.0,288.0,2025-04-25 13:48:00,2025-04-25 13:48:00,20.08662986755371,254396.0,0.966856176001195,2025-04-25,13:48:00
20.54630882161154,24.432244507624322,20.500000000007994,0.2746638083095867,0.0,0.0,,21.03479141852315,20.54497528076172,20.669901742817895,20.500015942513894,20.500013700256158,21.582958463598146,20.911608110725904,21.063253538757163,20.863515921784092,20.576354658651432,20.500019920731887,7025,0,20.531552450673086,20.500019641145222,577,17310.0,288.5,2025-04-25 13:48:30,2025-04-25 13:48:30,20.18700790405273,254428.0,0.9660863043768768,2025-04-25,13:48:30
20.544796700308524,24.26368986914911,20.500000000007994,0.262691349297253,0.0,0.0,,21.022792559948762,20.54497528076172,20.660361219709237,20.50001540710324,20.500013257997107,21.531730000497866,20.89861658184115,21.063253359128517,20.852264771972937,20.57390320653999,20.500019986416138,7025,0,20.530794166043655,20.500019186481765,578,17340.0,289.0,2025-04-25 13:49:00,2025-04-25 13:49:00,20.181039810180664,254298.0,0.9660428537581892,2025-04-25,13:49:00
20.54268678333102,24.102225151515,20.500000000007994,0.24931491697333333,0.0,0.0,,21.013086498182762,20.64536666870117,20.653115599954717,20.500014890760703,20.50001283138256,21.22793310971343,20.862976656927334,21.071998145436563,20.840988222571365,20.57153308777644,20.5000202180099,7025,0,20.530099289557118,20.50001893523804,579,17370.0,289.5,2025-04-25 13:49:30,2025-04-25 13:49:30,20.184783935546875,254374.0,0.9660259106669706,2025-04-25,13:49:30
20.541334035155103,23.947691220114105,20.500000000007994,0.23879089044568122,0.0,0.0,,21.004171358190174,20.64536666870117,20.6464474439989,20.500014392816183,20.500012419871325,21.22789878972916,20.8439900193451,21.071983486361848,20.82975247077123,20.569238954901316,20.50002074536774,7025,0,20.52941994801798,20.500019004201413,580,17400.0,290.0,2025-04-25 13:50:00,2025-04-25 13:50:00,20.065263748168945,254119.0,0.9669290027506798,2025-04-25,13:50:00
20.539930494212687,23.799889474288296,20.500000000007994,0.22866410755508446,0.0,0.0,,20.9937827965149,20.529481887817383,20.63838680592198,20.500013912622926,20.500012022940222,21.2278824645236,20.831271866683593,20.874135928966698,20.80141778669871,20.56701789387485,20.50002116686958,7025,0,20.52833671501693,20.50001930177715,581,17430.0,290.5,2025-04-25 13:50:30,2025-04-25 13:50:30,20.04294776916504,254126.0,0.967091312478849,2025-04-25,13:50:30
20.538690737417276,23.658595540397826,20.500000000007994,0.2192463861572158,0.0,0.0,,20.983873604471654,20.529481887817383,20.630780835521794,20.500013449556715,20.500011640083272,21.227872265977208,20.821604136940568,20.874086270859777,20.784015001563954,20.56486650470518,20.50002119723232,7025,0,20.52749208908772,20.500019292837976,582,17460.0,291.0,2025-04-25 13:51:00,2025-04-25 13:51:00,20.112422943115234,254296.0,0.9664840628637492,2025-04-25,13:51:00
20.537576037301488,23.525880597897565,20.500000000007994,0.2104323887341055,0.0,0.0,,20.975067501488148,20.60733985900879,20.624906665541133,20.500013003014992,20.500011270811527,21.227864886530938,20.813669961597913,20.973425888099168,20.779537255978855,20.56278436809421,20.500021530153926,7025,0,20.526956730510793,20.5000194185922,583,17490.0,291.5,2025-04-25 13:51:30,2025-04-25 13:51:30,20.123573303222656,254374.0,0.9667249306139778,2025-04-25,13:51:30
20.536455779916892,23.401783421469954,20.500000000007994,0.2019954279869627,0.0,0.0,,20.966862420695062,20.60733985900879,20.61946859826335,20.50001257241609,20.50001091465231,21.22785908690434,20.806849554572487,20.97342497771527,20.771920293926414,20.56077087795401,20.500022241242856,7025,0,20.52636898255191,20.500019232121364,584,17520.0,292.0,2025-04-25 13:52:00,2025-04-25 13:52:00,20.044654846191406,253910.0,0.9671815923949432,2025-04-25,13:52:00
20.535291772160722,23.28273731251855,20.500000000007994,0.1937170613520528,0.0,0.0,,20.959815970203767,20.536205291748047,20.613252688363023,20.500012157198476,20.500010571148188,21.191451689948288,20.797417637163928,21.00602695072171,20.76685443315183,20.55882366831062,20.500022835557694,7025,0,20.525835515411803,20.500019109275478,585,17550.0,292.5,2025-04-25 13:52:30,2025-04-25 13:52:30,20.15340232849121,254225.0,0.9662637058707838,2025-04-25,13:52:30
20.53415755503656,23.168564203697876,20.500000000007994,0.18580552506154444,0.0,0.0,,20.953272308953256,20.536205291748047,20.607388242046984,20.50001175682,20.50001023985697,21.15779721269672,20.787912443989327,21.00602281841706,20.76043943478664,20.556940777716655,20.50002328483796,7025,0,20.52528816577288,20.500018763357,586,17580.0,293.0,2025-04-25 13:53:00,2025-04-25 13:53:00,20.106290817260746,254496.0,0.9667486792523262,2025-04-25,13:53:00
20.533114468366822,23.059087404516486,20.500000000007994,0.17838421488732278,0.0,0.0,,20.94833614037094,20.607074737548828,20.603024995746548,20.500011370757168,20.50000992035066,21.12645204773246,20.778447698455015,21.080342580719968,20.76064542896851,20.55512034143967,20.500023723501574,7025,0,20.524928918698482,20.500018492247897,587,17610.0,293.5,2025-04-25 13:53:30,2025-04-25 13:53:30,20.21028518676757,254480.0,0.9658655026917636,2025-04-25,13:53:30
20.53206796914272,22.954132327980563,20.500000000007994,0.1712245764649231,0.0,0.0,,20.94381198815227,20.607074737548828,20.598984087651303,20.50001099850443,20.500009612215486,21.097092637972207,20.7690989060894,21.08034812236027,20.757329504899722,20.553360912940317,20.50002500257555,7025,0,20.524510355630156,20.500018438566272,588,17640.0,294.0,2025-04-25 13:54:00,2025-04-25 13:54:00,20.10411834716797,254276.0,0.9666226978755368,2025-04-25,13:54:00
20.530916687374983,22.853527153550854,20.500000000007994,0.16407808348834743,0.0,0.0,,20.937902547738105,20.52233887,20.593844335221966,20.500010639573482,20.500009315050278,21.069476465516054,20.759916202099387,20.863705522021462,20.73372900030307,20.551658958049096,20.50002558949773,7025,0,20.523636731853337,20.500018319536615,589,17670.0,294.5,2025-04-25 13:54:30,2025-04-25 13:54:30,20.06159019470215,254186.0,0.9674120894738498,2025-04-25,13:54:30
20.529910402235895,22.757103402871603,20.500000000007994,0.157502728581386,0.0,0.0,,20.932191568908358,20.52233887,20.58896754680269,20.500010293492608,20.5000090284668,21.04341664878708,20.750932671545616,20.86366215716675,20.721163576369676,20.550010653946877,20.500025898261605,7025,0,20.52300342861417,20.500017971398258,590,17700.0,295.0,2025-04-25 13:55:00,2025-04-25 13:55:00,20.64923095703125,247046.0,0.95394765802725,2025-04-25,13:55:00
20.549179233866713,25.378177642822266,20.500000000007994,0.3395710252860989,0.0,0.0,,20.938858752246887,21.265966415405277,20.596313680698362,20.500009959806047,20.500008752088668,25.08522520701604,21.096824191874315,22.701347199422912,20.877193013753487,20.54044647441166,20.500023756941005,6968,2,20.526268397440507,20.50001806711891,591,17730.0,295.5,2025-04-25 13:55:30,2025-04-25 13:55:30,20.65242385864257,249595.0,0.9581580911075944,2025-04-25,13:55:30
20.550391927745004,25.378177642822266,20.500000000007994,0.3446253100696855,0.0,0.0,,20.94619886645317,21.265966415405277,20.603657733862708,20.50000963807333,20.500008485551522,25.085570817758537,21.25378311846295,22.70166562401034,20.94042336606921,20.53974808230891,20.500024457551433,6968,2,20.527644608043843,20.5000182133364,592,17760.0,296.0,2025-04-25 13:56:00,2025-04-25 13:56:00,20.637340545654297,246459.0,0.9546368513627012,2025-04-25,13:56:00
20.54394191448258,25.74062156677246,20.500000000007994,0.2915029274293362,0.0,0.0,,20.952131394517878,21.301454544067383,20.611135359454163,20.500009327868664,20.500008228501684,21.89996659953152,21.066611453024688,22.801593426190617,20.98327456544113,20.540184524354462,20.500025118690385,6969,2,20.52862597836041,20.50001835171365,593,17790.0,296.5,2025-04-25 13:56:30,2025-04-25 13:56:30,20.719701766967773,248826.0,0.9578912573444898,2025-04-25,13:56:30
20.54338537325268,25.74062156677246,20.500000000007994,0.28905713640997893,0.0,0.0,,20.957560512503136,21.301454544067383,20.618064619306892,20.500009028780447,20.500007980596592,21.899771292828394,21.000281416519258,22.80166851728092,21.009903308192165,20.53944965616638,20.50002565407468,6969,2,20.529277745236787,20.500018481941495,594,17820.0,297.0,2025-04-25 13:57:00,2025-04-25 13:57:00,20.70453643798828,247357.0,0.9577548846404184,2025-04-25,13:57:00
20.54759983832247,26.031370162963867,20.500000000007994,0.3346169454530814,0.0,0.0,,20.966651428045104,21.34557342529297,20.625141322801802,20.500008740410685,20.50000774150344,21.94109213419664,20.974530507587257,22.895820687561294,21.038106763441707,20.54527497157894,20.50002654750316,6973,2,20.530034608437656,20.500018603726694,595,17850.0,297.5,2025-04-25 13:57:30,2025-04-25 13:57:30,20.74929428100586,247747.0,0.956987054838202,2025-04-25,13:57:30
20.547371833631964,26.031370162963867,20.500000000007994,0.33176326474903095,0.0,0.0,,20.975467534239446,21.34557342529297,20.63167649205024,20.500008462374403,20.50000751089972,21.941068366008285,20.961530458061052,22.895869398117014,21.057793241518297,20.54437430728897,20.500027009247532,6973,2,20.530620030268633,20.500018958213218,596,17880.0,298.0,2025-04-25 13:58:00,2025-04-25 13:58:00,21.01766586303711,248288.0,0.9546026187330842,2025-04-25,13:58:00
20.55227384760216,26.70549964904785,20.500000000007994,0.36703168819531784,0.0,0.0,,20.989098258314023,21.67686462402344,20.643008359214225,20.500008194299365,20.500007288472673,22.347939458766813,20.99009543115245,23.262843486179413,21.10646521356655,20.54949622999613,20.50002735352163,6968,2,20.531978029880406,20.500019002621293,597,17910.0,298.5,2025-04-25 13:58:30,2025-04-25 13:58:30,20.759471893310547,244677.0,0.9479871677762928,2025-04-25,13:58:30
20.552144639763323,26.70549964904785,20.500000000007994,0.36218496913407194,0.0,0.0,,21.002300273096065,21.67686462402344,20.65373496784651,20.500007935825433,20.500007073918855,22.34796779241996,21.002429012733586,23.262934145129236,21.133932053340164,20.54858501047022,20.500027721653915,6968,2,20.532898313946795,20.500019043498984,598,17940.0,299.0,2025-04-25 13:59:00,2025-04-25 13:59:00,20.550350189208984,245539.0,0.9502911197406522,2025-04-25,13:59:00
20.559978864667645,26.48563599768496,20.500000000007994,0.40933144358481255,0.0,0.0,,21.00591990701743,21.35403251647949,20.658533887397002,20.50000768660432,20.500006866944187,21.988301692708728,20.978169059902484,22.95594954775849,21.12612989627126,20.5757280446995,20.500027989629228,6971,2,20.53287043336214,20.500019150109665,599,17970.0,299.5,2025-04-25 13:59:30,2025-04-25 13:59:30,20.739112854003903,249486.0,0.9567377402940446,2025-04-25,13:59:30
20.55980219223124,26.48035430908203,20.500000000007994,0.4007790538560537,0.0,0.0,,21.00842257778965,21.35403251647949,20.662714556397113,20.500007446299076,20.500006667263616,21.988276062679336,20.968705428335564,22.955924942394223,21.1304331985067,20.574066767513244,20.50002885705153,6971,2,20.533078893709735,20.50001934144759,600,18000.0,300.0,2025-04-25 14:00:00,2025-04-25 14:00:00,20.75038146972656,250785.0,0.9549902057539328,2025-04-25,14:00:00
20.559349875507298,26.48035430908203,20.500000000007994,0.39224068410643936,0.0,0.0,,21.01056042826223,21.35403251647949,20.66650623993889,20.500007214583814,20.500006474601296,21.988266408353372,20.964049706084495,22.95592846741834,21.13755092888057,20.57232915077499,20.50002955424249,6971,2,20.533336633492013,20.50001952855203,601,18030.0,300.5,2025-04-25 14:00:30,2025-04-25 14:00:30,20.792104721069336,251042.0,0.9552987523004118,2025-04-25,14:00:30
20.55879314995985,26.48035430908203,20.500000000007994,0.3841579543933553,0.0,0.0,,21.01248443453548,21.35403251647949,20.67000138553858,20.500006991143437,20.500006288690003,21.98826158203504,20.9614260515233,22.955937980400662,21.145006585421292,20.570597488774144,20.500029754458673,6971,2,20.53359537019477,20.50001999924264,602,18060.0,301.0,2025-04-25 14:01:00,2025-04-25 14:01:00,20.53550338745117,243994.0,0.9557783055116108,2025-04-25,14:01:00
20.56566903295104,26.265152750644265,20.500000000007994,0.4077862277719608,0.0,0.0,,21.015675498233865,21.03514862060547,20.66812816633674,20.500006775673175,20.50000610927108,21.737166254755476,20.937818280182928,22.718816632818054,21.130850619756902,20.59357159781509,20.500029747219664,6968,2,20.533432099517274,20.500020602848082,603,18090.0,301.5,2025-04-25 14:01:30,2025-04-25 14:01:30,20.6510066986084,234267.0,0.9318981520017756,2025-04-25,14:01:30
20.564997354154123,26.024099995937505,20.500000000007994,0.3945175119081928,0.0,0.0,,21.018776580947957,21.03514862060547,20.666153115812065,20.50000656787844,20.500005936094798,21.737142532607315,20.926575851605747,22.71878371870125,21.128374487773012,20.591134704264743,20.500030042055407,6968,2,20.533592281572847,20.50002100153283,604,18120.0,302.0,2025-04-25 14:02:00,2025-04-25 14:02:00,20.03413772583008,254200.0,0.9665041060188828,2025-04-25,14:02:00
20.56206587661688,25.766218323725628,20.37430191040039,0.37064046191697286,0.0,0.0,,21.007234050578035,20.37430191040039,20.653671133953715,20.500006367474498,20.500005768919724,21.737131881830486,20.919754331414744,20.90845594719824,20.966842824305527,20.606086250945097,20.50003256964059,7025,0,20.53006538440981,20.500021140379626,605,18150.0,302.5,2025-04-25 14:02:30,2025-04-25 14:02:30,20.02505683898925,254302.0,0.9665783694190372,2025-04-25,14:02:30
20.560128823058587,25.499982976949752,20.37430191040039,0.3517414035077787,0.0,0.0,,20.995072345931643,20.37430191040039,20.641591608161438,20.500006174186254,20.50000560751315,21.73712560134126,20.91498234922828,20.908129848017953,20.899310970530983,20.6027803052888,20.500033200559717,7025,0,20.52846671075591,20.50002127171983,606,18180.0,303.0,2025-04-25 14:03:00,2025-04-25 14:03:00,20.140605926513672,254333.0,0.964912634223636,2025-04-25,14:03:00
20.558321216914806,25.232387103411803,20.37430191040039,0.334650427613861,0.0,0.0,,20.98347918982442,20.37430191040039,20.630288952650325,20.500005987747986,20.500005451650583,21.737121295728453,20.91131189681748,20.90800940581188,20.861845778567755,20.599566495894862,20.500033962751598,7025,0,20.52746229908161,20.5000213363863,607,18210.0,303.5,2025-04-25 14:03:30,2025-04-25 14:03:30,20.12099266052246,254266.0,0.9644084590546907,2025-04-25,14:03:30
20.5565976361153,24.968753865961723,20.37430191040039,0.31896085629372195,0.0,0.0,,20.972627300864588,20.37430191040039,20.619823399183346,20.50000580790315,20.50000530111596,21.737118070069393,20.908305326338606,20.90794722865143,20.835964957070093,20.596447940508945,20.500034594014423,7025,0,20.526681257021362,20.5000214383804,608,18240.0,304.0,2025-04-25 14:04:00,2025-04-25 14:04:00,20.12768173217773,254341.0,0.9646716293283426,2025-04-25,14:04:00
20.55476193036797,24.71287861100939,20.37430191040039,0.3038376363245577,0.0,0.0,,20.96252886475465,20.37430191040039,20.610157574465635,20.500005634404225,20.500005155701665,21.67099425636257,20.898653821862673,20.90790571134417,20.815667474888095,20.59342345829371,20.500035503529148,7025,0,20.52600660588951,20.500021379752617,609,18270.0,304.5,2025-04-25 14:04:30,2025-04-25 14:04:30,20.012744903564453,254349.0,0.9656367210997489,2025-04-25,14:04:30
20.552991840022976,24.467289270891808,20.37430191040039,0.289725973951371,0.0,0.0,,20.953150363256345,20.37430191040039,20.601227330246427,20.500005467012457,20.50000501520846,21.610382514094848,20.888351681275065,20.907873787918412,20.79869376513356,20.590491685812616,20.50003603937928,7025,0,20.525394951675498,20.500021319297442,610,18300.0,305.0,2025-04-25 14:05:00,2025-04-25 14:05:00,20.13541030883789,254527.0,0.9643804979432438,2025-04-25,14:05:00
20.555220379370276,24.23352300150359,20.46832656860352,0.29470941101361586,0.0,0.0,,20.946773992465086,20.46832656860352,20.681256943242314,20.500005305497837,20.50000487944521,21.509400885671756,20.873918470152915,21.379902965388982,20.82638470405819,20.58805234890027,20.50003506001678,6999,1,20.525828621116148,20.500021257365646,611,18330.0,305.5,2025-04-25 14:05:30,2025-04-25 14:05:30,20.413101196289062,245138.0,0.950364756280136,2025-04-25,14:05:30
20.554064556966498,24.012374881162366,20.46832656860352,0.2842249533560001,0.0,0.0,,20.94109295478662,20.46832656860352,20.710032531198546,20.500005149638696,20.50000474822897,21.509386823152607,20.865825112736907,21.37996565777908,20.831592264015068,20.585422630197456,20.500035683584237,6999,1,20.525856219320588,20.500021194199853,612,18360.0,306.0,2025-04-25 14:06:00,2025-04-25 14:06:00,20.399742126464844,244839.0,0.9501583821409172,2025-04-25,14:06:00
20.552856393488813,23.804103796837975,20.46832656860352,0.2742689448998206,0.0,0.0,,20.93587181935889,20.46832656860352,20.72930446116159,20.500004999221762,20.500004621384832,21.509379715727004,20.86013632587038,21.379978259245213,20.830455839867447,20.582855153663452,20.50003611390457,6999,1,20.525772303483762,20.50002112990694,613,18390.0,306.5,2025-04-25 14:06:30,2025-04-25 14:06:30,20.563385009765625,253046.0,0.9556631995763616,2025-04-25,14:06:30
20.55165899765285,23.760726928710938,20.46832656860352,0.2649288181830621,0.0,0.0,,20.931041856066827,20.46832656860352,20.745495823005406,20.500004854041965,20.500004498746126,21.509375034343684,20.8556556541332,21.379978250142862,20.827493761203407,20.580366196998696,20.500036529092387,6999,1,20.525655787051896,20.500021064450475,614,18420.0,307.0,2025-04-25 14:07:00,2025-04-25 14:07:00,20.98870658874512,234090.0,0.9172327550301166,2025-04-25,14:07:00
20.550488792487254,23.760726928710938,20.46832656860352,0.2561962423234474,0.0,0.0,,20.926563167235585,20.46832656860352,20.760021236336993,20.500004713902147,20.50000438015426,21.509371522109415,20.851891723028725,21.3799748975554,20.824070995015937,20.57795950771498,20.500036792904762,6999,1,20.525530432175273,20.500020997667427,615,18450.0,307.5,2025-04-25 14:07:30,2025-04-25 14:07:30,20.52988052368164,252593.0,0.9564562606643888,2025-04-25,14:07:30
20.54935010701309,23.760726928710938,20.46832656860352,0.24803529218694986,0.0,0.0,,20.92240598023053,20.46832656860352,20.77332365500986,20.500004578613055,20.500004265458095,21.509368699670947,20.848609705935843,21.379970723921428,20.820630170341285,20.575633658294418,20.500037034791823,6999,1,20.52540418134119,20.50002092930287,616,18480.0,308.0,2025-04-25 14:08:00,2025-04-25 14:08:00,20.905792236328125,243983.0,0.9354142373648984,2025-04-25,14:08:00
20.56803559156249,28.29315185546875,20.500000000007994,0.41430463704948983,0.0,0.0,,20.938908280624783,21.40940284729004,20.795242982716612,20.50000444799301,20.50000415451363,22.15411277928283,20.90208720084078,23.35107048235853,20.994189485787455,20.571784426163976,20.500034282368127,6943,3,20.529495094025314,20.5000208590551,617,18510.0,308.5,2025-04-25 14:08:30,2025-04-25 14:08:30,21.10848617553711,226146.0,0.9289129727034748,2025-04-25,14:08:30
20.568879820849954,28.29315185546875,20.500000000007994,0.41693893562935413,0.0,0.0,,20.95645870095355,21.40940284729004,20.814036828930313,20.50000432186782,20.50000404718469,22.1541668147698,20.92543357466963,23.351421178078596,21.066697961779912,20.57055351703607,20.500035238608245,6943,3,20.53149900492735,20.500020974573395,618,18540.0,309.0,2025-04-25 14:09:00,2025-04-25 14:09:00,20.98437118530273,241518.0,0.9352669883818184,2025-04-25,14:09:00
20.57625801480835,27.99402574687032,20.500000000007994,0.4600437073144249,0.0,0.0,,20.974684743265907,21.564428329467773,20.83232352534875,20.50000420007044,20.50000394334157,22.480578653933833,20.96698348566682,23.398471057922016,21.111189101465538,20.594243569169535,20.50003658559432,6969,2,20.53300509313038,20.500021391162242,619,18570.0,309.5,2025-04-25 14:09:30,2025-04-25 14:09:30,20.88140296936035,236161.0,0.92659364268444,2025-04-25,14:09:30
20.575604219410735,27.64970931651725,20.500000000007994,0.44939158347631203,0.0,0.0,,20.992162527767157,21.564428329467773,20.847927562911547,20.500004082440828,20.500003842860703,22.48061902305629,20.988549429427735,23.39854608466494,21.14089031421705,20.591665948216978,20.500037152530425,6969,2,20.53421700009132,20.50002166600094,620,18600.0,310.0,2025-04-25 14:10:00,2025-04-25 14:10:00,21.10650634765625,244806.0,0.9341991719974184,2025-04-25,14:10:00
20.586817550673203,27.30289136853289,20.500000000007994,0.5030384760874256,0.0,0.0,,21.008422112658714,21.564428329467773,20.861141653001877,20.50000396882563,20.50000374562516,22.42721397174017,20.997744632956884,25.553344181891568,21.35720838776862,20.608766230621466,20.500036373432188,6942,3,20.54132529965714,20.500021596142833,621,18630.0,310.5,2025-04-25 14:10:30,2025-04-25 14:10:30,21.17043113708496,229255.0,0.9147468839283768,2025-04-25,14:10:30
20.586598019374925,26.962646710280065,20.500000000007994,0.49224372134153405,0.0,0.0,,21.023767300727496,21.564428329467773,20.87228120955542,20.5000038590777,20.500003651522608,22.4272216388041,21.00570801247436,25.55376797058599,21.459013046519495,20.606260375017012,20.500036397639924,6942,3,20.54525647521719,20.500021820524257,622,18660.0,311.0,2025-04-25 14:11:00,2025-04-25 14:11:00,20.81319236755371,234031.0,0.9171170833137492,2025-04-25,14:11:00
20.59171780679658,26.617710357511946,20.500000000007994,0.5155349453312192,0.0,0.0,,21.032207842226413,21.779386520385746,20.885080152728246,20.500003753056237,20.500003560446377,21.701134253381746,20.94892780452363,23.47475962659561,21.336194264154337,20.613834935213003,20.500036534738605,6940,3,20.54501233644915,20.500022168124172,623,18690.0,311.5,2025-04-25 14:11:30,2025-04-25 14:11:30,21.24761009216309,234283.0,0.9248176217437885,2025-04-25,14:11:30
20.590611598502512,26.296496158032365,20.500000000007994,0.5031255497949951,0.0,0.0,,21.03966667347995,21.779386520385746,20.896250946394776,20.500003650625963,20.50000347229373,21.70107670323528,20.92548214390741,23.47448701342743,21.304438255369313,20.61111844700282,20.50003696967523,6940,3,20.545621043376293,20.50002222772543,624,18720.0,312.0,2025-04-25 14:12:00,2025-04-25 14:12:00,20.87247657775879,228753.0,0.9283415135539206,2025-04-25,14:12:00
20.60459246194671,26.32500457763672,20.500000000007994,0.5606850319952363,0.0,0.0,,21.04414005394738,21.48939323425293,20.981044704040777,20.50000355165723,20.50000338696631,21.701054438432624,20.913263751436435,21.96835035745731,21.16343895571675,20.63556662030768,20.50003550935177,6911,5,20.546410231250984,20.500022102508826,625,18750.0,312.5,2025-04-25 14:12:30,2025-04-25 14:12:30,20.9442195892334,229408.0,0.9014150007846282,2025-04-25,14:12:30
20.60393022803763,26.32500457763672,20.500000000007994,0.5475042782477476,0.0,0.0,,21.048385261383057,21.48939323425293,21.026499741023258,20.500003456025347,20.500003304369052,21.701043115197933,20.905894235167462,21.968064969002974,21.107657777165777,20.63254761890079,20.50003594866055,6911,5,20.54715913725014,20.50002197566948,626,18780.0,313.0,2025-04-25 14:13:00,2025-04-25 14:13:00,20.63216781616211,247723.0,0.9447324355227412,2025-04-25,14:13:00
20.605921286425705,26.136176438801538,20.500000000007994,0.5410421201692815,0.0,0.0,,21.050275897445733,21.269954681396484,21.053114617550474,20.50000336361059,20.5000032244098,21.701036290434434,20.90091218842486,21.842781841199912,21.06789025936814,20.673636092833892,20.500040729232033,6993,2,20.54700379225407,20.500021847799268,627,18810.0,313.5,2025-04-25 14:13:30,2025-04-25 14:13:30,20.714656829833984,247460.0,0.9447723874565588,2025-04-25,14:13:30
20.60344176683336,25.925492796145964,20.500000000007994,0.5185416812711414,0.0,0.0,,21.052161985969125,21.269954681396484,21.074034648055264,20.50000327429732,20.50000314699924,21.70103168155642,20.897225686918453,21.842710179687312,21.044876554922713,20.668530521359298,20.500040900412507,6993,2,20.54708663379575,20.500021719635953,628,18840.0,314.0,2025-04-25 14:14:00,2025-04-25 14:14:00,20.987213134765625,236695.0,0.9190737288493632,2025-04-25,14:14:00
20.609080522863476,25.89132499694824,20.500000000007994,0.5485243636138388,0.0,0.0,,21.059858378077884,21.501821517944336,21.094300622432993,20.5000031879746,20.500003072050877,21.63703438113733,20.887763674631106,22.244906243957963,21.064801999994284,20.64031280380181,20.500037827154365,6923,4,20.548111843388455,20.500021654803344,629,18870.0,314.5,2025-04-25 14:14:30,2025-04-25 14:14:30,21.15139961242676,229405.0,0.9357265262309016,2025-04-25,14:14:30
20.60745987084333,25.89132499694824,20.500000000007994,0.535189463189479,0.0,0.0,,21.06789539684157,21.501821517944336,21.110989160558457,20.50000310453493,20.50000299947944,21.578326871788267,20.877688755538365,22.24495166168237,21.06756869841759,20.636786391254294,20.50003809868942,6923,4,20.548707270512402,20.500021733638455,630,18900.0,315.0,2025-04-25 14:15:00,2025-04-25 14:15:00,20.78322410583496,242379.0,0.944696309808193,2025-04-25,14:15:00
20.615702317324033,25.88963890075684,20.500000000007994,0.5546020988962851,0.0,0.0,,21.076058961515354,21.435068130493164,21.123530453751766,22.653775895863838,20.697081286086473,21.524013342521794,20.867256992238957,21.962741919348368,21.04056029165324,20.673149394085257,20.500042655139985,6976,2,20.55055840405934,20.500029162461924,631,18930.0,315.5,2025-04-25 14:15:30,2025-04-25 14:15:30,20.83139038085937,244537.0,0.9433063810384522,2025-04-25,14:15:30
20.613634933426795,25.88963890075684,20.500000000007994,0.536363855512375,0.0,0.0,,21.084006819488334,21.435068130493164,21.133464719291915,22.653995488211365,20.78204507133156,21.473441170348373,20.856645778878665,21.962688376817454,21.027007133464338,20.66809032394932,20.50004663817904,6976,2,20.551344893630763,20.50003231643533,632,18960.0,316.0,2025-04-25 14:16:00,2025-04-25 14:16:00,20.60804557800293,247052.0,0.9436950520538188,2025-04-25,14:16:00
20.617272355586575,26.283472061157227,20.500000000007994,0.5456952050945034,0.0,0.0,,21.097598013601353,21.218521118164062,21.137721814308033,22.89722488980243,20.855276096586383,21.426122220683457,20.84597975015833,22.35874896852671,21.053550329579657,20.670333657155222,20.500048557521193,6966,3,20.552840072849843,20.500036455539437,633,18990.0,316.5,2025-04-25 14:16:30,2025-04-25 14:16:30,21.11920166015625,230005.0,0.9056531379752614,2025-04-25,14:16:30
20.615050425633115,26.283472061157227,20.500000000007994,0.5284707291097328,0.0,0.0,,21.1110845950664,21.218521118164062,21.140168062185673,22.897308209310463,20.900835866178525,21.381681531105784,20.83534760974521,22.358805573432704,21.061727379602356,20.665284325599785,20.500052257300265,6966,3,20.55365512759296,20.500038276828846,634,19020.0,317.0,2025-04-25 14:17:00,2025-04-25 14:17:00,20.758560180664062,246528.0,0.9412518557729752,2025-04-25,14:17:00
20.612879759660093,26.096856716528062,20.500000000007994,0.5146482992327995,0.0,0.0,,21.117175538627166,21.45236015319824,21.144924306293316,22.897360318309346,20.93444672167816,21.33982344748343,20.824813183664855,21.98470672648536,21.030935610476373,20.673699658115268,20.500056347506664,6995,2,20.553513649866662,20.500040030685433,635,19050.0,317.5,2025-04-25 14:17:30,2025-04-25 14:17:30,20.74529266357422,246442.0,0.9413799063268437,2025-04-25,14:17:30
20.61016734960415,25.893869822855017,20.500000000007994,0.4963101367226567,0.0,0.0,,21.122405677201364,21.45236015319824,21.148376632215776,22.897398460071916,20.961411458858255,21.30030898646992,20.814422771715307,21.984644346911168,21.017599839176892,20.668523993710846,20.500059342528424,6995,2,20.553645060038676,20.500042397035692,636,19080.0,318.0,2025-04-25 14:18:00,2025-04-25 14:18:00,21.03731346130371,226669.0,0.8981593893518743,2025-04-25,14:18:00
20.617699642485867,26.57764434814453,20.500000000007994,0.5223478002986978,0.0,0.0,,21.12903758680231,21.281248092651367,21.147814466313747,22.897428666602657,20.98416002297008,21.26294049210884,20.804210104635803,22.085007813899757,21.018784871758907,20.664564156527078,20.500068671568823,6939,4,20.553976930322197,20.500046858742554,637,19110.0,318.5,2025-04-25 14:18:30,2025-04-25 14:18:30,20.63682556152344,246024.0,0.9411173427185966,2025-04-25,14:18:30
20.615934500925707,26.57764434814453,20.500000000007994,0.5094256123892166,0.0,0.0,,21.135504861927217,21.281248092651367,21.146157550162563,22.89745368219394,21.003982309839753,21.227551082899588,20.794199737414196,22.085013293375802,21.016938817257504,20.660152526186522,20.500073874795902,6939,4,20.554186957169158,20.50005060568526,638,19140.0,319.0,2025-04-25 14:19:00,2025-04-25 14:19:00,20.693893432617188,246042.0,0.9407819599905708,2025-04-25,14:19:00
20.61003827388292,25.47471676070756,20.500000000007994,0.47045313071767664,0.0,0.0,,21.137812518159905,21.48883438110352,21.146953812979934,22.246750866980374,20.962080309883426,21.193997281332,20.784409409878904,21.785608848137805,20.987624365277956,20.67250740066818,20.500084516956395,6995,2,20.553197007835617,20.500052826761255,639,19170.0,319.5,2025-04-25 14:19:30,2025-04-25 14:19:30,20.823450088500977,246209.0,0.9389865419217008,2025-04-25,14:19:30
20.607041652133496,25.39242553710937,20.500000000007994,0.4521131353133083,0.0,0.0,,21.13970765323689,21.48883438110352,21.146926865898045,22.246702977167878,20.95233074828868,21.162153783437184,20.77485171707579,21.785551540257366,20.9736971764752,20.66731022403997,20.50009036167,6995,2,20.552866063256744,20.500052713710666,640,19200.0,320.0,2025-04-25 14:20:00,2025-04-25 14:20:00,20.68563842773437,247059.0,0.937893061475194,2025-04-25,14:20:00
20.60423254757558,25.39242553710937,20.500000000007994,0.4356289395918419,0.0,0.0,,21.141502769596578,21.48883438110352,21.146060429061027,22.246689586233458,20.951427417547922,21.131909685766406,20.765535312261175,21.78552787654657,20.964854630554115,20.662278805895678,20.500093348637616,6995,2,20.552683767188697,20.500052621036314,641,19230.0,320.5,2025-04-25 14:20:30,2025-04-25 14:20:30,20.697019577026367,247011.0,0.9376167711154564,2025-04-25,14:20:30
20.60154810521209,25.39242553710937,20.500000000007994,0.4205289107794708,0.0,0.0,,21.1432415007735,21.48883438110352,21.144414808392032,22.24668623832618,20.95384909200764,21.103165718100463,20.756465788903927,21.78551400618827,20.958107662103572,20.657409582507775,20.500098793169304,6995,2,20.552534812994608,20.50005959363405,642,19260.0,321.0,2025-04-25 14:21:00,2025-04-25 14:21:00,20.688140869140625,246124.0,0.9390415248005072,2025-04-25,14:21:00
20.59820472059099,25.13808250427246,20.500000000007994,0.40399751187625216,0.0,0.0,,21.144080189363667,21.38488388061523,21.1404011042707,21.849117172197317,20.9212848861531,21.0758321796526,20.74764633889577,21.894830646922017,20.962282419518072,20.652760902892908,20.50010352265343,6994,2,20.552186988387582,20.50005978678692,643,19290.0,321.5,2025-04-25 14:21:30,2025-04-25 14:21:30,20.75397109985352,245644.0,0.9351840849969876,2025-04-25,14:21:30
20.595590454731006,25.13808250427246,20.500000000007994,0.39020047314611,0.0,0.0,,21.144831378249073,21.38488388061523,21.135807025870946,21.84907855593081,20.90997301868908,21.049827374187227,20.739078252248575,21.89484201956125,20.961571695485578,20.64819623912993,20.500106567560643,6994,2,20.551949382540574,20.50006034809249,644,19320.0,322.0,2025-04-25 14:22:00,2025-04-25 14:22:00,20.90836524963379,247216.0,0.9310509963958644,2025-04-25,14:22:00
20.603040187938582,25.784276962280277,20.500000000007994,0.42847969708774947,0.0,0.0,,21.150966635609674,21.627546310424805,21.13465907591336,22.103576640883013,20.9283769943778,23.06978543590327,20.90885375743067,22.101532868738154,20.978156823789714,20.64060628472467,20.500108996525462,6974,2,20.552487955762416,20.50006108594251,645,19350.0,322.5,2025-04-25 14:22:30,2025-04-25 14:22:30,20.95963287353516,243188.0,0.9110970087956642,2025-04-25,14:22:30
20.601733532346778,25.784276962280277,20.500000000007994,0.4209383787673259,0.0,0.0,,21.157232840728728,21.627546310424805,21.13304897833048,22.103594605748114,20.936257075815053,23.06995578163435,20.984874716512785,22.101567767189156,20.983872543028713,20.636669103490743,20.500113546156243,6974,2,20.55266707310566,20.500064190922327,646,19380.0,323.0,2025-04-25 14:23:00,2025-04-25 14:23:00,21.00155067443848,239462.0,0.9308743401875872,2025-04-25,14:23:00
20.612510410032368,26.763362884521484,20.500000000007994,0.5014390414096844,0.0,0.0,,21.163772792733997,21.558563232421875,21.12979113447837,22.10360146581689,20.941472574681146,23.07002699888364,21.028685341133084,22.117765225279282,20.9876738300768,20.636309878788307,20.500111926452988,6940,3,20.552761142001028,20.500066173035535,647,19410.0,323.5,2025-04-25 14:23:30,2025-04-25 14:23:30,20.92853546142578,238150.0,0.9249175939533908,2025-04-25,14:23:30
20.61152766227879,26.763362884521484,20.500000000007994,0.4960851335033563,0.0,0.0,,21.16994397150492,21.558563232421875,21.12603994818232,22.103605376549524,20.94563433046955,23.07006659675356,21.05810324533406,22.11777269591307,20.989441347694246,20.632889367676302,20.5001163330163,6940,3,20.552797346731218,20.50006815639408,648,19440.0,324.0,2025-04-25 14:24:00,2025-04-25 14:24:00,21.404470443725582,234397.0,0.9165771639568766,2025-04-25,14:24:00
20.61920955379497,28.516035255174188,20.500000000007994,0.5633498094646956,0.0,0.0,,21.184309818544314,22.154003143310547,21.131437649334632,22.103608221714214,20.94923491542116,23.070092603779408,21.080069932425193,22.7223854192298,21.044686507322655,20.642854384266368,20.500123834028035,6955,4,20.55422150846922,20.500068137742517,649,19470.0,324.5,2025-04-25 14:24:30,2025-04-25 14:24:30,21.357027053833008,233945.0,0.9198615059095088,2025-04-25,14:24:30
20.617889565707806,28.516040428580737,20.500000000007994,0.5557159354030983,0.0,0.0,,21.198511549034645,22.154003143310547,21.13626250812541,22.103610577495168,20.952472458232172,23.07011152770027,21.097713972894578,22.72249629204382,21.068522272292057,20.63932005183632,20.5001286911341,6955,4,20.55498559458477,20.500071113342663,650,19500.0,325.0,2025-04-25 14:25:00,2025-04-25 14:25:00,21.398941040039062,235466.0,0.9179278404313148,2025-04-25,14:25:00
20.618329544980465,28.300844192504883,20.500000000007994,0.5656036602678941,0.0,0.0,,21.20466205252178,21.765735626220703,21.134000515269133,22.018975487367218,20.945352853793583,22.92075027340962,21.092969739527923,22.700650636354354,21.080251914996833,20.63381965146988,20.500129836521225,6944,4,20.555190934764113,20.500071969309772,651,19530.0,325.5,2025-04-25 14:25:30,2025-04-25 14:25:30,21.078346252441406,239304.0,0.9264413674656504,2025-04-25,14:25:30
20.616239037702115,28.300844192504883,20.500000000007994,0.5561523538507732,0.0,0.0,,21.209675742228583,21.765735626220703,21.131010415564532,21.941248752913427,20.937047689556067,22.785469704101494,21.085440471747006,22.70066924819013,21.08912522817096,20.630559581634746,20.500131392097877,6944,4,20.555303929720328,20.500074529917484,652,19560.0,326.0,2025-04-25 14:26:00,2025-04-25 14:26:00,21.32352828979492,237095.0,0.918776558447036,2025-04-25,14:26:00
20.620764105712933,28.03893564082273,20.500000000007994,0.5855281043158919,0.0,0.0,,21.22001691112407,22.014205932617188,21.13155599428679,21.86930699080917,20.92790682955224,22.661676415908154,21.075921843611674,22.606536932705726,21.087941949790483,20.64279223030644,20.500136143767868,6938,3,20.555339069568536,20.500077428150597,653,19590.0,326.5,2025-04-25 14:26:30,2025-04-25 14:26:30,21.031871795654297,239572.0,0.91411754608218,2025-04-25,14:26:30
20.618559068877033,27.763519064183743,20.500000000007994,0.5727214866510585,0.0,0.0,,21.23012939906348,22.014205932617188,21.13167583553497,21.802320773759423,20.91818935125975,22.547493251532924,21.06497721674564,22.60653128165932,21.09053032778701,20.638928878388715,20.500142319194303,6938,3,20.555439008256617,20.50008399832729,654,19620.0,327.0,2025-04-25 14:27:00,2025-04-25 14:27:00,21.054601669311523,239734.0,0.923761009598138,2025-04-25,14:27:00
20.616644896702923,27.562414169311523,20.500000000007994,0.5643223324355164,0.0,0.0,,21.2348219009097,21.75519371032715,21.127140632029242,21.73965873911459,20.90808583174618,22.44152757599029,21.05301348636677,22.31818067005605,21.068008625885227,20.653887980553918,20.50015143927511,6967,3,20.554856120605184,20.500086431451386,655,19650.0,327.5,2025-04-25 14:27:30,2025-04-25 14:27:30,21.02294158935547,244735.0,0.9365108561301,2025-04-25,14:27:30
20.614014641027868,27.562414169311523,20.500000000007994,0.5491570893316051,0.0,0.0,,21.23868644822512,21.75519371032715,21.12222375940152,21.680828633310025,20.89773833814113,22.342720032389117,21.04033035564681,22.318133560212033,21.06027742681391,20.64962516679865,20.5001528020947,6967,3,20.55455632808134,20.50009035377351,656,19680.0,328.0,2025-04-25 14:28:00,2025-04-25 14:28:00,20.859987258911133,245828.0,0.942070777128724,2025-04-25,14:28:00
20.6129334798644,27.46493530273437,20.500000000007994,0.543753614417809,0.0,0.0,,21.246222323210347,21.991430282592773,21.120904223078686,21.62543777572014,20.887254293311837,22.25024463001299,21.0271527204761,22.590032958542594,21.081471745390065,20.64424097789541,20.500154454318107,6959,3,20.554960959757405,20.500091603073386,657,19710.0,328.5,2025-04-25 14:28:30,2025-04-25 14:28:30,21.27611541748047,235472.0,0.9187617715694436,2025-04-25,14:28:30
20.610417462891306,27.46493530273437,20.500000000007994,0.5288352442926995,0.0,0.0,,21.253551737597157,21.991430282592773,21.119376244272836,21.573166069229387,20.876715988140045,22.163441881690655,21.013652234305347,22.590076066429454,21.09028728131142,20.640321841885555,20.500158001607744,6959,3,20.5550944963087,20.500092361599343,658,19740.0,329.0,2025-04-25 14:29:00,2025-04-25 14:29:00,21.37015914916992,235705.0,0.9198062063808574,2025-04-25,14:29:00
20.61011599556609,27.727340698242188,20.500000000007994,0.5362157391647757,0.0,0.0,,21.261283020335934,22.08377265930176,21.11902595840256,21.523747306735302,20.86618716363617,22.081773435898864,20.999961880049106,22.685782628395778,21.103870442716747,20.636568637472156,20.50016200700314,6960,4,20.55535229616219,20.50009417574398,659,19770.0,329.5,2025-04-25 14:29:30,2025-04-25 14:29:30,21.14067649841309,235247.0,0.9224233598090518,2025-04-25,14:29:30
20.607797617993764,27.727340698242188,20.500000000007994,0.524564838623043,0.0,0.0,,21.26852096438638,22.08377265930176,21.11833310910456,21.476956038269,20.85571762754161,22.00479084147178,20.98618597731062,22.685807673331553,21.11112451180045,20.632923761139335,20.50016690316376,6960,4,20.55546415422243,20.500097637206707,660,19800.0,330.0,2025-04-25 14:30:00,2025-04-25 14:30:00,21.424148559570312,236797.0,0.9153165079160632,2025-04-25,14:30:00
20.60473419313515,27.54282569885254,20.500000000007994,0.5055070977635974,0.0,0.0,,21.261364294015948,21.39089012145996,21.106153244970134,21.432598211376916,20.84534654296266,21.932113712523606,20.972407176516477,22.699687443784402,21.11738358728098,20.632201657835964,20.50017233904158,6963,3,20.555147751342588,20.500098130164808,661,19830.0,330.5,2025-04-25 14:30:30,2025-04-25 14:30:30,20.680334091186523,246500.0,0.9410361942190668,2025-04-25,14:30:30
20.602176572828895,27.54282569885254,20.500000000007994,0.4921202779339967,0.0,0.0,,21.25326767032696,21.39089012145996,21.093893875039747,21.39050440325387,20.835104810068845,21.863414222690363,20.958691439134192,22.699697535280094,21.121922490088483,20.628661119163954,20.50017552281921,6963,3,20.554769989021167,20.500099052344332,662,19860.0,331.0,2025-04-25 14:31:00,2025-04-25 14:31:00,21.01954460144043,245263.0,0.9373070948328937,2025-04-25,14:31:00
20.599817554545574,27.31320569365696,20.500000000007994,0.4808789677786228,0.0,0.0,,21.253544446542026,21.86967658996582,21.089662180245345,21.35052485502752,20.825016820560233,21.798405915778265,20.945091653011964,22.253748603212177,21.085636583683122,20.648577682664893,20.500186999346916,6993,2,20.55379711002245,20.500102082567132,663,19890.0,331.5,2025-04-25 14:31:30,2025-04-25 14:31:30,20.94400405883789,245480.0,0.9397870371313344,2025-04-25,14:31:30
20.597186045118953,27.079397658602673,20.500000000007994,0.4656329961217738,0.0,0.0,,21.254464413633894,21.86967658996582,21.085703017320952,21.312525774710885,20.815101772312673,21.736835499263226,20.931650308531637,22.25367373805795,21.07176216477065,20.64427306416034,20.50018899258954,6993,2,20.553301150881623,20.500103327767206,664,19920.0,332.0,2025-04-25 14:32:00,2025-04-25 14:32:00,20.795080184936523,245879.0,0.9343101052753592,2025-04-25,14:32:00
20.594650213206116,26.8438155314746,20.500000000007994,0.4513237452543618,0.0,0.0,,21.255393989799558,21.86967658996582,21.08175825185469,21.276386544381523,20.80537467103181,21.678476727237157,20.918401517790087,22.25364824208483,21.06486619004461,20.64010354054915,20.500193624457335,6993,2,20.55294185727655,20.50010577440295,665,19950.0,332.5,2025-04-25 14:32:30,2025-04-25 14:32:30,20.731109619140625,246662.0,0.9418928407091486,2025-04-25,14:32:30
20.59220305228173,26.60851117832782,20.500000000007994,0.4378800406257347,0.0,0.0,,21.25622955849007,21.86967658996582,21.07775496856764,21.24199757983769,20.79584710570912,21.623125767278314,20.905372566143935,22.25363637626841,21.06052930957701,20.636066373587038,20.500196503166304,6993,2,20.552626441504344,20.500105598818717,666,19980.0,333.0,2025-04-25 14:33:00,2025-04-25 14:33:00,20.66415977478028,245991.0,0.9430681025931844,2025-04-25,14:33:00
20.58806436861486,26.375207643429373,20.500000000007994,0.40786945696305754,0.0,0.0,,21.250420220200517,21.326414108276367,21.064963981267898,21.209258666872806,20.786527857995655,21.570597635900988,20.89258512481457,21.696521613270743,21.007352642728918,20.63198665165126,20.50019869280599,6993,2,20.551043013082865,20.500106278422436,667,20010.0,333.5,2025-04-25 14:33:30,2025-04-25 14:33:30,20.7438907623291,246381.0,0.93903433604864,2025-04-25,14:33:30
20.585536826786992,26.14532564027625,20.500000000007994,0.3939268178396118,0.0,0.0,,21.244294335252988,21.326414108276367,21.052319938463505,21.17807764994744,20.77742338767421,21.520723414183486,20.8800562132919,21.696416057957798,20.98342320909334,20.628154615699223,20.50020014818739,6993,2,20.550058851938097,20.500109324866813,668,20040.0,334.0,2025-04-25 14:34:00,2025-04-25 14:34:00,20.75402069091797,246751.0,0.937342769127582,2025-04-25,14:34:00
20.588549075407492,25.9200094129956,20.500000000007994,0.41148282988145,0.0,0.0,,21.23709180650165,21.58184051513672,21.044240301206315,21.148369384539063,20.768538224232344,21.4733480408273,20.867798973671274,21.82023014153572,20.980184495102975,20.62577023705469,20.500198178194125,6968,2,20.549557044189793,20.500110505517853,669,20070.0,334.5,2025-04-25 14:34:30,2025-04-25 14:34:30,20.89491081237793,241903.0,0.931639373529886,2025-04-25,14:34:30
20.586812768574646,25.70015485564813,20.500000000007994,0.40175185471035774,0.0,0.0,,21.230146873460686,21.58184051513672,21.036601382492158,21.120054889109003,20.75987528618295,21.428328538335908,20.855823301145037,21.82022914289355,20.97443845408983,20.62245727910676,20.500202074657256,6968,2,20.549000837334372,20.50011149513555,670,20100.0,335.0,2025-04-25 14:35:00,2025-04-25 14:35:00,21.099363327026367,242156.0,0.9302839001511424,2025-04-25,14:35:00
20.589504604355444,26.71125602722168,20.500000000007994,0.4270754244601534,0.0,0.0,,21.231122780434532,21.75687026977539,21.032062897805925,21.09306064993459,20.75143614398081,21.385532568319718,20.84413636265865,22.306613098125915,21.0122681853738,20.63373581529841,20.500215815457427,6988,2,20.54950277139458,20.50011286918564,671,20130.0,335.5,2025-04-25 14:35:30,2025-04-25 14:35:30,21.06635093688965,242966.0,0.936555487701983,2025-04-25,14:35:30
20.58773482748663,26.71125602722168,20.500000000007994,0.41737252211188197,0.0,0.0,,21.23269227539485,21.75687026977539,21.02769199023078,21.067318044326363,20.743221238309243,21.344837240071282,20.832743027303234,22.306691975188528,21.025568118638315,20.630035647927308,20.500215916778807,6988,2,20.54950283700897,20.500115454552713,672,20160.0,336.0,2025-04-25 14:36:00,2025-04-25 14:36:00,21.12417984008789,242437.0,0.9265820218242266,2025-04-25,14:36:00
20.59415468355462,26.839479446411133,20.500000000007994,0.4479004699191549,0.0,0.0,,21.239129553262597,21.788667678833008,21.023875205847474,21.042762856538886,20.73523006261496,22.302907850636494,20.909086639307702,22.58441239059305,21.0562995188305,20.627286925593957,20.500214282555728,6969,3,20.55005827486631,20.500117632307425,673,20190.0,336.5,2025-04-25 14:36:30,2025-04-25 14:36:30,21.269067764282227,233479.0,0.920332837749862,2025-04-25,14:36:30
20.592906682776928,26.839479446411133,20.500000000007994,0.4389408944296723,0.0,0.0,,21.245566939876216,21.788667678833008,21.020058054836312,21.0193348670421,20.72746131668019,22.302985174254257,20.941659781427273,22.584472593093583,21.070141842072925,20.624083681846038,20.50021676065102,6969,3,20.55038903341277,20.500118522612922,674,20220.0,337.0,2025-04-25 14:37:00,2025-04-25 14:37:00,20.873760223388672,244036.0,0.935825426371519,2025-04-25,14:37:00
20.601098790923945,26.04473304748535,20.500000000007994,0.47111558300749473,0.0,0.0,,21.246488531062546,21.49706268310547,21.011543303540694,20.996977500461334,20.719913036496486,22.303016538265325,20.959621381221506,22.028103701895834,21.02839602601172,20.63406914995612,20.50021277866607,6940,3,20.549441320956948,20.50011641866401,675,20250.0,337.5,2025-04-25 14:37:30,2025-04-25 14:37:30,21.080957412719727,226875.0,0.9142575068870524,2025-04-25,14:37:30
20.599942981220472,26.04473304748535,20.500000000007994,0.46124216706763954,0.0,0.0,,21.247509638426557,21.49706268310547,21.003129958242816,20.975637520917342,20.71258270457431,22.303033485830433,20.971243229676066,22.028017077148625,21.01290506959031,20.63083108218849,20.500216520194755,6940,3,20.549033621095646,20.50011802307673,676,20280.0,338.0,2025-04-25 14:38:00,2025-04-25 14:38:00,20.572898864746094,247852.0,0.9390750957224472,2025-04-25,14:38:00
20.596257698073238,25.85618180961379,20.500000000007994,0.4361574819355644,0.0,0.0,,21.249170655313307,20.99690055847168,20.986971256508273,20.937875816448834,20.703678453592765,22.104253898494715,20.96231323317703,21.453041651132878,20.95378630402276,20.664415010033846,20.500238903941053,7025,0,20.547532641366367,20.500118109767975,677,20310.0,338.5,2025-04-25 14:38:30,2025-04-25 14:38:30,20.439332962036133,252289.0,0.946893988640012,2025-04-25,14:38:30
20.593519796466396,25.646037664780117,20.500000000007994,0.4156930217246608,0.0,0.0,,21.251375182920746,20.99690055847168,20.971332683308027,20.937866988946123,20.697624722545843,22.104244331248292,20.96101306010694,21.45292574764611,20.927004211758888,20.659350880420558,20.500244281698617,7025,0,20.54674392981877,20.500121828196257,678,20340.0,339.0,2025-04-25 14:39:00,2025-04-25 14:39:00,20.341398239135746,252504.0,0.9481585563991064,2025-04-25,14:39:00
20.590908969945488,25.421533677839495,20.500000000007994,0.39705103328824143,0.0,0.0,,21.25397570967985,20.99690055847168,20.95649884916646,20.937861269165328,20.692864277804087,22.104242849227706,20.961919062017245,21.45287957060826,20.910885314681845,20.654439446041813,20.500253163118682,7025,0,20.546179376474903,20.5001232950001,679,20370.0,339.5,2025-04-25 14:39:30,2025-04-25 14:39:30,20.4707088470459,237212.0,0.926344037717316,2025-04-25,14:39:30
20.588397004544092,25.18941019245766,20.500000000007994,0.3798529217170602,0.0,0.0,,21.25684518118096,20.99690055847168,20.942513133474357,20.937856909217775,20.688861264389676,22.104243380073488,20.963605111221977,21.452853749311707,20.899076456397225,20.64967861519079,20.50025792949967,7025,0,20.54570421318191,20.50012344308134,680,20400.0,340.0,2025-04-25 14:40:00,2025-04-25 14:40:00,21.01703834533692,239759.0,0.9347274242051392,2025-04-25,14:40:00
20.59551199798628,26.412342071533203,20.500000000007994,0.42344458659047185,0.0,0.0,,21.246381829700095,21.745325088500977,21.143011839615074,20.937853316684652,20.685366577469924,22.10424448145893,20.96556944261111,22.2963670329859,20.965160542812995,20.632780364121754,20.500237595347407,6953,3,20.54694195049205,20.500123646099382,681,20430.0,340.5,2025-04-25 14:40:30,2025-04-25 14:40:30,20.59318733215332,237597.0,0.9309891065543756,2025-04-25,14:40:30
20.594310858016268,26.412342071533203,20.500000000007994,0.41504642489913574,0.0,0.0,,21.229267506566806,21.745325088500977,21.179162461433226,20.937850234326945,20.68224513071893,22.10424571931441,20.96760998957126,22.296504342991394,20.98930622089332,20.629246929270447,20.500239968294085,6953,3,20.54725742359732,20.50012456232138,682,20460.0,341.0,2025-04-25 14:41:00,2025-04-25 14:41:00,20.841747283935547,251758.0,0.9399328298405611,2025-04-25,14:41:00
20.59398328551665,26.1946259716527,20.500000000007994,0.4019987020936541,0.0,0.0,,21.21078523669271,21.214250564575195,21.171984590795923,21.410317403228866,20.722649267374745,22.600291820626627,21.013033111737734,22.059666977794993,20.979323118919872,20.65422875470109,20.500265052247418,7025,0,20.547117032956308,20.50012476490116,683,20490.0,341.5,2025-04-25 14:41:30,2025-04-25 14:41:30,20.524105072021484,252283.0,0.9449716439474716,2025-04-25,14:41:30
20.591690943755168,25.94633850378405,20.500000000007994,0.3851985488072294,0.0,0.0,,21.191939800152674,21.214250564575195,21.16434147835007,21.41036316460318,20.738700380417566,22.600336118651363,21.03500470128719,22.059643855115887,20.97691379762217,20.649441155823016,20.500268457403592,7025,0,20.546831253808406,20.50012486505482,684,20520.0,342.0,2025-04-25 14:42:00,2025-04-25 14:42:00,20.845314025878903,248237.0,0.9278856999560904,2025-04-25,14:42:00
20.599275163109095,26.46749496459961,20.500000000007994,0.4379702118329062,0.0,0.0,,21.20354106671242,21.387039184570312,21.159202105042848,21.277475609028443,20.735342050914642,22.600355600125482,21.048761715525977,21.90795582871937,20.96281286981142,20.638749509789317,20.500252110925064,6969,2,20.546294567617114,20.50012501152208,685,20550.0,342.5,2025-04-25 14:42:30,2025-04-25 14:42:30,20.82274055480957,238483.0,0.9189591081963914,2025-04-25,14:42:30
20.59784572902823,26.46749496459961,20.500000000007994,0.42886873267031034,0.0,0.0,,21.205368357795557,21.387039184570312,21.15377537052727,21.27747293759501,20.735789029485254,22.600367045392968,21.058753607157332,21.907927965396368,20.956973068752273,20.634924041430423,20.500253156180523,6969,2,20.546113346438965,20.500125152222232,686,20580.0,343.0,2025-04-25 14:43:00,2025-04-25 14:43:00,20.487951278686523,246986.0,0.9386008974192868,2025-04-25,14:43:00
20.59788860190792,26.25733498876874,20.500000000007994,0.42498311495709706,0.0,0.0,,21.19471132856162,21.387039184570312,21.1501514228099,20.96045614989007,20.707705853732914,22.600374968868124,21.066725555671933,21.47947260976974,20.91527412643743,20.652393702614052,20.50026688187679,6994,2,20.54501673320116,20.50012528513973,687,20610.0,343.5,2025-04-25 14:43:30,2025-04-25 14:43:30,20.50177764892578,247423.0,0.9394461862882594,2025-04-25,14:43:30
20.595618460852155,26.03034681391286,20.500000000007994,0.4090378945133777,0.0,0.0,,21.183847752527257,21.387039184570312,21.147948887494074,20.9604255074576,20.6961106766137,22.600381012783064,21.07346945574091,21.47939055730852,20.896539774657718,20.647876151372454,20.50027020212989,6994,2,20.544652849854508,20.500125408203058,688,20640.0,344.0,2025-04-25 14:44:00,2025-04-25 14:44:00,20.82448005676269,242482.0,0.9274267007447976,2025-04-25,14:44:00
20.609772113083505,26.762256622314453,20.500000000007994,0.4890170890906686,0.0,0.0,,21.1727518262292,23.376541137695312,21.17768002954451,21.280491546366683,20.718714150035485,22.64439952355297,21.083232545852425,21.85851143096191,20.91931837168655,20.636002671260837,20.500246398965444,6910,4,20.546064436056582,20.500125519345865,689,20670.0,344.5,2025-04-25 14:44:30,2025-04-25 14:44:30,20.86445999145508,233377.0,0.9092061208902334,2025-04-25,14:44:30
20.60916008670973,26.762256622314453,20.500000000007994,0.4825328828771788,0.0,0.0,,21.161432255526172,23.376541137695312,21.20648207195846,21.28051696124048,20.726772808365347,22.644407459551285,21.09030398888954,21.85856186884019,20.92561416143771,20.63269530105964,20.500248225029964,6910,4,20.546925677666803,20.500125616568702,690,20700.0,345.0,2025-04-25 14:45:00,2025-04-25 14:45:00,20.5069522857666,246525.0,0.939521600243383,2025-04-25,14:45:00
20.608142843100264,26.762256622314453,20.500000000007994,0.47553471997465513,0.0,0.0,,21.149915743688098,23.376541137695312,21.233345886122812,21.28052667592639,20.73089335016214,22.644412628896703,21.096163861551943,21.85857489679744,20.927185786259606,20.629474207690308,20.500249758744477,6910,4,20.547602175555774,20.50012616399757,691,20730.0,345.5,2025-04-25 14:45:30,2025-04-25 14:45:30,20.68396377563477,246130.0,0.9390071430747978,2025-04-25,14:45:30
20.60701100551724,26.762256622314453,20.500000000007994,0.46885322333279683,0.0,0.0,,21.138237143082534,23.376541137695312,21.258079488555804,21.280531770233555,20.73344011533846,22.644416651218453,21.101287635498007,21.858578389785045,20.92728516382852,20.626361229365905,20.50025009803226,6910,4,20.548181486794242,20.500125761859632,692,20760.0,346.0,2025-04-25 14:46:00,2025-04-25 14:46:00,20.663928985595703,245277.0,0.9418984709124786,2025-04-25,14:46:00
20.609795593688006,26.5422195111101,20.500000000007994,0.4816208381980078,0.0,0.0,,21.12643374653008,21.353872299194336,21.24828728683172,21.280535001804143,20.735205486111678,22.644420013628707,21.10588489534067,22.18669677128645,20.95633013619915,20.660588975009098,20.500267449584776,6968,2,20.55046085212134,20.50012662420794,693,20790.0,346.5,2025-04-25 14:46:30,2025-04-25 14:46:30,20.988746643066406,244865.0,0.9365048087721806,2025-04-25,14:46:30
20.607751437675347,26.30083912924132,20.500000000007994,0.46562264192283614,0.0,0.0,,21.114542117942246,21.353872299194336,21.237306098525234,21.280537302908407,20.736530007644454,22.644422922600544,21.110065751366726,22.1867557187153,20.968347756296563,20.656034474501713,20.500270050896866,6968,2,20.55146848597391,20.500126150154863,694,20820.0,347.0,2025-04-25 14:47:00,2025-04-25 14:47:00,20.800092697143555,245366.0,0.9412323070433556,2025-04-25,14:47:00
20.61637401268919,27.19546890258789,20.500000000007994,0.515864338250897,0.0,0.0,,21.102585828807964,21.48870277404785,21.2285528194531,21.23955742997351,20.732476730978124,22.525338418746447,21.09990436569754,22.516438043625335,21.00449020658597,20.65820961021342,20.500257155009663,6941,3,20.55219288949483,20.50012671244243,695,20850.0,347.5,2025-04-25 14:47:30,2025-04-25 14:47:30,21.29457092285156,223289.0,0.9280337785336492,2025-04-25,14:47:30
20.61456572689794,27.19546890258789,20.500000000007994,0.5030549978789387,0.0,0.0,,21.090643358412372,21.48870277404785,21.22015151894036,21.201929295691748,20.727870904140236,22.41675522570219,21.08804104789955,22.5165085035502,21.02159777926039,20.6540320662636,20.500257881015905,6941,3,20.55247417532638,20.500127292532994,696,20880.0,348.0,2025-04-25 14:48:00,2025-04-25 14:48:00,20.82172203063965,249776.0,0.9318715193813656,2025-04-25,14:48:00
20.618182658576487,26.859732009410923,20.500000000007994,0.5304368674097516,0.0,0.0,,21.078819564311168,21.606204986572266,21.213957373802064,21.167106494640315,20.722880016740906,22.316818688188736,21.075027617555286,22.209616834641675,21.004730446520472,20.671141908538473,20.500271335959543,6969,2,20.552048276000814,20.500128018077245,697,20910.0,348.5,2025-04-25 14:48:30,2025-04-25 14:48:30,21.080371856689453,244836.0,0.929217414922642,2025-04-25,14:48:30
20.615509574342276,26.76522254943848,20.500000000007994,0.5125489101467077,0.0,0.0,,21.06715448497849,21.606204986572266,21.20798024073527,21.1346854869079,20.717628515979598,22.224182022423424,21.061251462710068,22.209578932214406,21.000923962773843,20.66609576250504,20.500277050237084,6969,2,20.551857924840785,20.500125698173747,698,20940.0,349.0,2025-04-25 14:49:00,2025-04-25 14:49:00,20.53726577758789,253690.0,0.9479798178879736,2025-04-25,14:49:00
20.611443884077392,26.549136898947058,20.500000000007994,0.48455546237723246,0.0,0.0,,21.055666436103063,21.12662506103516,21.194399108965925,21.10435888811338,20.712207963861896,22.137841949389337,21.046989469326988,21.61082306172283,20.947000204828132,20.691713266181118,20.500313445689503,7025,0,20.550449233069383,20.50012560326943,699,20970.0,349.5,2025-04-25 14:49:30,2025-04-25 14:49:30,20.47697257995605,253558.0,0.9492143439568068,2025-04-25,14:49:30
20.607826786308586,26.321466460455316,20.500000000007994,0.4599119966161002,0.0,0.0,,21.04436439464711,21.12662506103516,21.181030887100167,21.075886945607582,20.70668657895438,22.05703147909941,21.032443040600512,21.610714463184614,20.92485021328997,20.685530708978014,20.500317594357806,7025,0,20.5496698556605,20.500125482608084,700,21000.0,350.0,2025-04-25 14:50:00,2025-04-25 14:50:00,20.90426254272461,239388.0,0.9321658902075292,2025-04-25,14:50:00
20.6098800198804,26.085558546860565,20.500000000007994,0.4750048047595484,0.0,0.0,,21.068798219396548,21.56100082397461,21.177644656772188,21.049078393258696,20.701115884678703,21.98114912972572,21.01776109604966,22.209104725851397,20.966512524502853,20.66043503140877,20.500294106061315,6965,2,20.550836533812284,20.500125214108877,701,21030.0,350.5,2025-04-25 14:50:30,2025-04-25 14:50:30,20.91261100769043,245710.0,0.9375494103821578,2025-04-25,14:50:30
20.607425370323774,26.06080818176269,20.500000000007994,0.459974519952093,0.0,0.0,,21.09475946050258,21.56100082397461,21.176577323315723,21.023777362561027,20.69553527886232,21.90971159170012,21.003055370402816,22.20919261914232,20.981290692670715,20.655743503841904,20.500302164354455,6965,2,20.55149903437132,20.500124343086696,702,21060.0,351.0,2025-04-25 14:51:00,2025-04-25 14:51:00,20.80628967285156,236235.0,0.9362626198488792,2025-04-25,14:51:00
20.612341933544936,25.873214245729095,20.500000000007994,0.47252166128569173,0.0,0.0,,21.11929754695089,21.410654067993164,21.17358255375359,23.270856308993466,20.89809705426709,21.842321630641486,20.988410736505664,21.980563483822134,20.967528830240038,20.671717802839964,20.500319592218943,6996,1,20.553559505495958,20.500124147675162,703,21090.0,351.5,2025-04-25 14:51:30,2025-04-25 14:51:30,20.77414894104004,246380.0,0.9231265600901049,2025-04-25,14:51:30
20.610025927994037,25.6796046963345,20.500000000007994,0.4560948211907308,0.0,0.0,,21.14198186086275,21.410654067993164,21.170521596836732,23.27108195658425,20.9844354577751,21.778646002864825,20.973892281031866,21.980533741326454,20.96275569964471,20.6665342372877,20.500325335595626,6996,1,20.55444811773683,20.50012308846961,704,21120.0,352.0,2025-04-25 14:52:00,2025-04-25 14:52:00,20.68369102478028,245196.0,0.93559909725281,2025-04-25,14:52:00
20.607542973705367,25.48126691769579,20.500000000007994,0.4405256953687323,0.0,0.0,,21.162784380677678,21.410654067993164,21.167319967402488,23.27118166646795,21.035739521804853,21.718400025778614,20.959550237744885,21.98052474686281,20.960604927416114,20.661476757131368,20.500329635286427,6996,1,20.555043949580924,20.500122088676367,705,21150.0,352.5,2025-04-25 14:52:30,2025-04-25 14:52:30,20.552635192871094,253639.0,0.9500851234431612,2025-04-25,14:52:30
20.60505055322607,25.285797119140625,20.500000000007994,0.42599448850282073,0.0,0.0,,21.18179195947862,21.410654067993164,21.163910633367664,23.271240786138907,21.071647556751696,21.6613366255996,20.94542348976512,21.9805210970751,20.95933092527683,20.65657730663716,20.500337070374936,6996,1,20.555512573885665,20.50012091129617,706,21180.0,353.0,2025-04-25 14:53:00,2025-04-25 14:53:00,20.075883865356445,255493.0,0.9570139886415676,2025-04-25,14:53:00
20.601599015164823,25.121848680047457,20.500000000007994,0.4076961200621248,0.0,0.0,,21.181335514682498,21.573715209960938,21.162865178573384,23.271281989017357,21.09928173611394,21.607238435943934,20.93154210297433,20.913918232309136,20.86270440467086,20.664728479114604,20.500353942004477,7025,0,20.553726959072996,20.500122527841505,707,21210.0,353.5,2025-04-25 14:53:30,2025-04-25 14:53:30,20.78871726989746,252770.0,0.9491217930331922,2025-04-25,14:53:30
20.59871010844498,24.94796894931796,20.500000000007994,0.39152401935423276,0.0,0.0,,21.170826033287245,21.573715209960938,21.161479724139483,23.271313483776414,21.12189511671585,21.5559120029358,20.917929193623426,20.913724839218396,20.821035670315045,20.65948344687372,20.50036433100129,7025,0,20.552889328201676,20.500122105727755,708,21240.0,354.0,2025-04-25 14:54:00,2025-04-25 14:54:00,20.57567596435547,252919.0,0.9499277683764368,2025-04-25,14:54:00
20.60062175319298,24.76737718982739,20.500000000007994,0.39274107583606555,0.0,0.0,,21.15764324149665,21.31588363647461,21.155516662019245,23.11729102958251,21.119629003719492,23.100971646049974,21.044474388821023,22.5942780129609,20.94782416427774,20.654413992248656,20.50037177896722,7025,0,20.55520002813288,20.50011929146818,709,21270.0,354.5,2025-04-25 14:54:30,2025-04-25 14:54:30,21.309993743896484,252192.0,0.9464829871685064,2025-04-25,14:54:30
20.59824145202569,24.583487864398386,20.500000000007994,0.37857484354754956,0.0,0.0,,21.1432967300168,21.31588363647461,21.14919707901194,22.976738028390507,21.114439535444742,23.101098579446123,21.09993829380854,22.5945416061238,20.995178941150186,20.649531900920213,20.50038231034239,7025,0,20.55578636876341,20.50011781966121,710,21300.0,355.0,2025-04-25 14:55:00,2025-04-25 14:55:00,20.569440841674805,242785.0,0.9274572924604072,2025-04-25,14:55:00
20.608159990154768,29.035869598388672,20.500000000007994,0.4681706530202837,0.0,0.0,,21.12835082306763,22.86417961120605,21.167546887468788,22.847385789415885,21.107036892783462,23.101150876623553,21.131279588435675,24.68226362601215,21.205596043189672,20.638205303453713,20.50036209408278,6968,2,20.560344494652274,20.500117781970665,711,21330.0,355.5,2025-04-25 14:55:30,2025-04-25 14:55:30,21.719388961791992,241812.0,0.934731707897044,2025-04-25,14:55:30
20.60696707865754,29.035869598388672,20.500000000007994,0.46292770421296103,0.0,0.0,,21.113095967389057,22.86417961120605,21.185259634623083,22.727563759474712,21.097963768055365,23.101179543212048,21.151950887202673,24.68267827253471,21.30013696878338,20.634500629209068,20.500368237016477,6968,2,20.562615378497473,20.500117070992193,712,21360.0,356.0,2025-04-25 14:56:00,2025-04-25 14:56:00,20.705978393554688,253589.0,0.9490012012547864,2025-04-25,14:56:00
20.602428450909542,28.731530468726664,20.500000000007994,0.4327759769806384,0.0,0.0,,21.097715877552336,21.221715927124023,21.17515839307493,22.61599990710298,21.087627542809475,23.10119812721327,21.167151856404605,21.754134857384916,21.093772927266894,20.65864518034098,20.500401149265617,7025,0,20.558169372164073,20.500115659233145,713,21390.0,356.5,2025-04-25 14:56:30,2025-04-25 14:56:30,20.57782745361328,254197.0,0.9514459995593968,2025-04-25,14:56:30
20.59946870686587,28.39597179761858,20.500000000007994,0.4128623524629078,0.0,0.0,,21.082339905210276,21.221715927124023,21.164051585809027,22.51170303606833,21.07633847391308,23.101211496942256,21.179211819852867,21.753698917175605,21.0224741558231,20.65366992346038,20.50040411302878,7025,0,20.556500688008448,20.500114024799714,714,21420.0,357.0,2025-04-25 14:57:00,2025-04-25 14:57:00,20.68936538696289,253789.0,0.9518795633380486,2025-04-25,14:57:00
20.5959266072589,28.03979877564073,20.500000000007994,0.3921533058310471,0.0,0.0,,21.06706364213621,21.37177848815918,21.155307833562265,22.413883787749853,21.064336713779806,22.953117809077092,21.17044902642029,21.160780208448134,20.93834691506814,20.648838077121002,20.500414409066455,7025,0,20.554548603035023,20.500114010285373,715,21450.0,357.5,2025-04-25 14:57:30,2025-04-25 14:57:30,20.25844955444336,255117.0,0.9577719487529252,2025-04-25,14:57:30
20.592792886834822,27.67302677405057,20.500000000007994,0.37361699162466633,0.0,0.0,,21.051959154230516,21.37177848815918,21.146747297094432,22.321900521738073,21.051810998921734,22.818633588028188,21.159217279814413,21.160620070239588,20.8984555072675,20.64415021834817,20.500427700842916,7025,0,20.55346522952892,20.50011275180463,716,21480.0,358.0,2025-04-25 14:58:00,2025-04-25 14:58:00,20.29686546325684,255004.0,0.9575150046665936,2025-04-25,14:58:00
20.5964954619246,27.304063044706954,20.500000000007994,0.4028218828564676,0.0,0.0,,21.03708110298445,21.84259033203125,21.145906293449176,22.235221670192477,21.038911664424347,22.69528574027974,21.146264867462335,22.450290269930353,20.989641775603562,20.63730244743605,20.50041254602734,6995,1,20.555182383655236,20.500111243982666,717,21510.0,358.5,2025-04-25 14:58:30,2025-04-25 14:58:30,21.150171279907227,243235.0,0.9324653884103852,2025-04-25,14:58:30
20.5942608760283,26.939468200159116,20.500000000007994,0.3908695704307287,0.0,0.0,,21.022470813141837,21.84259033203125,21.145026808821438,22.15339916670539,21.02575983174725,22.581282898026938,21.13211926331216,22.450482353870278,21.021133374674953,20.633311000885033,20.500423351252135,6995,1,20.555605719726415,20.500109832234383,718,21540.0,359.0,2025-04-25 14:59:00,2025-04-25 14:59:00,20.94287109375,243412.0,0.9317703240801604,2025-04-25,14:59:00
20.59192776252291,26.584074359019233,20.500000000007994,0.3792171868850552,0.0,0.0,,21.008159150940898,21.84259033203125,21.14382388122808,22.076049417055263,21.012454000597874,22.47529474740344,21.117159414917335,22.45054068272765,21.034888354555108,20.62939058615417,20.500430476245064,6995,1,20.555630978609017,20.500108864946228,719,21570.0,359.5,2025-04-25 14:59:30,2025-04-25 14:59:30,20.575742721557617,253073.0,0.9529298364503522,2025-04-25,14:59:30
20.58961383034047,26.319948196411133,20.500000000007994,0.3682495496851238,0.0,0.0,,20.99416865246655,21.84259033203125,21.142229952361866,22.002839471282257,20.999074860780627,22.376308037660163,21.101662688192576,22.45056384910942,21.04263858369464,20.625587420265678,20.500437639249483,6995,1,20.555501709528254,20.500108946505662,720,21600.0,360.0,2025-04-25 15:00:00,2025-04-25 15:00:00,20.55219268798828,252870.0,0.9533419469490252,2025-04-25,15:00:00
20.586323527212816,26.115187771402177,20.500000000007994,0.34921496043177325,0.0,0.0,,20.98051515153823,21.166088104248047,21.129394238054797,21.93347682841593,20.985688867532648,22.283531490797817,21.085835704832643,21.672407222909783,20.978152711450782,20.636270279428608,20.500468334642132,7025,0,20.553648597672925,20.500108326301337,721,21630.0,360.5,2025-04-25 15:00:30,2025-04-25 15:00:30,20.43684768676757,254013.0,0.9523063288099428,2025-04-25,15:00:30
20.583547562616225,25.88821290021986,20.500000000007994,0.3330684388581222,0.0,0.0,,20.967209058077554,21.166088104248047,21.11646016554823,21.867701810518216,20.97235094544796,22.1963321880957,21.069834862077034,21.672275445392152,20.952452048937666,20.632004669119205,20.500478197613045,7025,0,20.55258182073436,20.500108408624378,722,21660.0,361.0,2025-04-25 15:01:00,2025-04-25 15:01:00,20.54080581665039,252973.0,0.9543770481434778,2025-04-25,15:01:00
20.580927252383024,25.6489550249087,20.500000000007994,0.31819460858582377,0.0,0.0,,20.95425638252269,21.49230194091797,21.109075560413256,21.80528177697854,20.959106568760937,22.11419242357605,21.053780185387488,21.681018715795012,20.939643546365605,20.627871636230672,20.500484182178667,7025,0,20.55185459078345,20.5001087163631,723,21690.0,361.5,2025-04-25 15:01:30,2025-04-25 15:01:30,20.83297348022461,252529.0,0.9512239807111262,2025-04-25,15:01:30
20.578374382515225,25.40494599070235,20.500000000007994,0.3042300936923879,0.0,0.0,,20.9416595691725,21.49230194091797,21.101986982435868,21.74600667342599,20.94599338807831,22.036680010385798,21.037764830372417,21.680997787360127,20.93087275449678,20.623869304967858,20.500484853291553,7025,0,20.551190841887223,20.500109253052685,724,21720.0,362.0,2025-04-25 15:02:00,2025-04-25 15:02:00,20.58838081359864,253083.0,0.9537160857307682,2025-04-25,15:02:00
20.582211274542058,26.27140235900879,20.500000000007994,0.34647774549532506,0.0,0.0,,20.929418181383813,21.390125274658203,21.09337985249548,21.689685560535924,20.933042521796434,21.963427532319024,21.02186171398376,21.74869333638005,20.930101523136315,20.617942924906256,20.50047545574185,6997,1,20.550644041867606,20.50010963516103,725,21750.0,362.5,2025-04-25 15:02:30,2025-04-25 15:02:30,20.827056884765625,241026.0,0.9355065687934082,2025-04-25,15:02:30
20.58036084237798,26.27140235900879,20.500000000007994,0.33844495464778707,0.0,0.0,,20.91752946900403,21.390125274658203,21.084875515588124,21.636143871030665,20.920279595510078,21.894117615986,21.006128227998374,21.74869488600268,20.926982077947663,20.61463234920919,20.500479891215154,6997,1,20.55003353932276,20.500110841795212,726,21780.0,363.0,2025-04-25 15:03:00,2025-04-25 15:03:00,20.952482223510746,249036.0,0.94596068690872,2025-04-25,15:03:00
20.59410013641574,26.96196746826172,20.500000000007994,0.44706349291850667,0.0,0.0,,20.905988840356912,21.58812522888184,21.079690580525888,21.585221214253473,20.907725588948974,21.82847230716942,20.990609653751488,23.230337617051916,21.056472661874114,20.6107483204199,20.500444355539667,6943,3,20.552216048947564,20.500110697774517,727,21810.0,363.5,2025-04-25 15:03:30,2025-04-25 15:03:30,21.01098823547364,249083.0,0.945340822637434,2025-04-25,15:03:30
20.593407319080598,26.96196746826172,20.500000000007994,0.4444073106130812,0.0,0.0,,20.894790255790873,21.58812522888184,21.074579364908036,21.536769597264133,20.89539753362349,21.766245282082316,20.97534168400616,23.230599286859494,21.110023927249934,20.608150552503613,20.50045029374773,6943,3,20.55280560033655,20.500110582325622,728,21840.0,364.0,2025-04-25 15:04:00,2025-04-25 15:04:00,20.747886657714844,249629.0,0.948598595315448,2025-04-25,15:04:00
20.59528135021419,26.65762911819405,20.500000000007994,0.45218532939192313,0.0,0.0,,20.883926556137556,21.27878189086914,21.064465675735743,21.4906519663359,20.883309092976898,21.707216043459916,20.960352320965885,22.903155949834858,21.110076119038528,20.632625465317332,20.500477188129683,6967,2,20.552204746753524,20.500111029221202,729,21870.0,364.5,2025-04-25 15:04:30,2025-04-25 15:04:30,20.69182777404785,246422.0,0.9397453859639155,2025-04-25,15:04:30
20.593431370869048,26.621177673339844,20.500000000007994,0.43941094832993044,0.0,0.0,,20.87338973674303,21.27878189086914,21.054407483702565,21.44674099761045,20.871471048815163,21.651185525546897,20.945663330835515,22.90314540012661,21.117766884747958,20.628978341147423,20.50048044747206,6967,2,20.551771947871732,20.500111620851523,730,21900.0,365.0,2025-04-25 15:05:00,2025-04-25 15:05:00,20.55204200744629,248257.0,0.9440246146130824,2025-04-25,15:05:00
20.590022262094593,26.4064975939838,20.500000000007994,0.4152655546249048,0.0,0.0,,20.86317117571011,21.389291763305664,21.046354959432936,21.404918083563363,20.8598917120548,21.597972713087724,20.931291377494457,21.977469184638856,21.043414173119878,20.65143214057705,20.500528909400025,7025,0,20.549677421653456,20.50011284436937,731,21930.0,365.5,2025-04-25 15:05:30,2025-04-25 15:05:30,20.84512519836425,254981.0,0.9513866351806604,2025-04-25,15:05:30
20.58714701568667,26.1749229120823,20.500000000007994,0.3949906405904144,0.0,0.0,,20.853261823456645,21.389291763305664,21.03853768155837,21.36507247493766,20.848577271678735,21.547412000242616,20.917248919735083,21.977315518850013,21.0161179854035,20.646663523960445,20.50053132840209,7025,0,20.548567983919877,20.500114057570947,732,21960.0,366.0,2025-04-25 15:06:00,2025-04-25 15:06:00,21.0485782623291,239611.0,0.9319971354612268,2025-04-25,15:06:00
20.605861968543866,27.36058998,20.500000000007994,0.5144797006234347,0.0,0.0,,20.843652359501274,21.65249824523925,21.035119992574806,21.327100547344116,20.837532092743757,22.633646822620992,21.003212835180975,22.349947318244183,21.036731902396383,20.629772269770328,20.500469604314663,6941,3,20.54852510233204,20.50011483346732,733,21990.0,366.5,2025-04-25 15:06:30,2025-04-25 15:06:30,21.15355491638184,238066.0,0.9273077108868968,2025-04-25,15:06:30
20.60529542314109,27.36058998,20.500000000007994,0.5088336991009604,0.0,0.0,,20.8343333214214,21.65249824523925,21.03175492168192,21.29090516879416,20.826758972015423,22.633733857738747,21.039682390276898,22.34999246567465,21.043373194000225,20.626544105918022,20.500476784184062,6941,3,20.54819218706961,20.500114684429015,734,22020.0,367.0,2025-04-25 15:07:00,2025-04-25 15:07:00,21.02223777770996,243620.0,0.9309323947130778,2025-04-25,15:07:00
20.60251002738282,26.84355704355689,20.500000000007994,0.48378526678091677,0.0,0.0,,20.825295210159883,21.553810119628903,21.026701711250233,21.256395149712766,20.816259358093028,22.6337690339642,21.059613871225825,22.324206207185433,21.04379593664519,20.65255359087301,20.50051665912276,6996,2,20.54770706203781,20.50011492961387,735,22050.0,367.5,2025-04-25 15:07:30,2025-04-25 15:07:30,21.046396255493164,243447.0,0.931226496424273,2025-04-25,15:07:30
20.600085743313542,26.842888887974393,20.500000000007994,0.4664941763623018,0.0,0.0,,20.816528575284515,21.553810119628903,21.0215489317599,21.223484760961806,20.806033541577953,22.63378793922698,21.072333110711547,22.324205930452532,21.04433797669861,20.647876700285565,20.500519708713554,6996,2,20.547230005783227,20.50011513772126,736,22080.0,368.0,2025-04-25 15:08:00,2025-04-25 15:08:00,20.632741928100582,253401.0,0.9543412664117348,2025-04-25,15:08:00
20.596978782498645,26.527312773457393,20.500000000007994,0.4447009047250597,0.0,0.0,,20.808024083370075,21.16076278686523,21.01005197908814,21.192093308431648,20.796080819821768,22.633799957525017,21.081412416511878,21.86441305318478,21.00361632407578,20.661064242875174,20.500546665412887,7025,0,20.545788260101027,20.500115896419196,737,22110.0,368.5,2025-04-25 15:08:30,2025-04-25 15:08:30,20.630380630493164,253002.0,0.9549786785282328,2025-04-25,15:08:30
20.59420429726205,26.314577041102332,20.500000000007994,0.42537289052940946,0.0,0.0,,20.799772572278503,21.16076278686523,20.998698375496993,21.162144755080583,20.786399639993324,22.633808443770224,21.088440719856717,21.86433079278224,20.986483979088717,20.655943802432763,20.500554643615576,7025,0,20.54484622862432,20.500116568255972,738,22140.0,369.0,2025-04-25 15:09:00,2025-04-25 15:09:00,20.17951202392578,254222.0,0.9601992181046488,2025-04-25,15:09:00
20.590677325089228,26.09609322300948,20.500000000007994,0.4051988055597687,0.0,0.0,,20.791765093688053,20.514842987060547,20.977362000757097,21.133567383094505,20.77698772357093,22.513587298925692,21.079294778433866,21.107310499128417,20.908964202538446,20.65098179813797,20.500557690516818,7025,0,20.542469151557043,20.50011682631294,739,22170.0,369.5,2025-04-25 15:09:30,2025-04-25 15:09:30,20.155492782592773,254070.0,0.960621211673948,2025-04-25,15:09:30
20.58766923011146,25.874598192159667,20.500000000007994,0.387090637984353,0.0,0.0,,20.78399294578423,20.514842987060547,20.956711039478435,21.106293490234975,20.767842174858004,22.404275382791702,21.06828902600964,21.10715837259727,20.87323108562039,20.646170000639554,20.500566702111353,7025,0,20.540972985519062,20.500117955625,740,22200.0,370.0,2025-04-25 15:10:00,2025-04-25 15:10:00,20.22969627380371,253763.0,0.959519007400606,2025-04-25,15:10:00
20.584843620444634,25.652804421167616,20.500000000007994,0.37020635321654627,0.0,0.0,,20.77644769764027,20.574689865112305,20.93806449230791,21.080259115538485,20.758959575707284,22.303902306334578,21.05601359139884,21.19087047812002,20.858876196360132,20.641508024199087,20.50056911890304,7025,0,20.539943354112008,20.500118125150337,741,22230.0,370.5,2025-04-25 15:10:30,2025-04-25 15:10:30,20.167600631713867,254057.0,0.9601356683736328,2025-04-25,15:10:30
20.58207871109981,25.433095048715636,20.500000000007994,0.3542688599650502,0.0,0.0,,20.76912120651992,20.574689865112305,20.920486881635,21.05540379039301,20.750336068304644,22.211040415294487,21.042883082759612,21.190850347194964,20.845893092747545,20.636994134858366,20.500572362520703,7025,0,20.538950030897528,20.50011828645997,742,22260.0,371.0,2025-04-25 15:11:00,2025-04-25 15:11:00,20.183094024658203,253988.0,0.9600695333047232,2025-04-25,15:11:00
20.579443583820687,25.21741329960825,20.500000000007994,0.33928936730736164,0.0,0.0,,20.762005629129522,20.54027557373047,20.903344236378768,21.031670311704776,20.741967427583806,22.124629091020374,21.029194143155376,21.25920888849296,20.840617941708327,20.632624575039916,20.500580836800285,7025,0,20.538116528391882,20.500118439560133,743,22290.0,371.5,2025-04-25 15:11:30,2025-04-25 15:11:30,20.307445526123047,254246.0,0.9593204637437756,2025-04-25,15:11:30
20.576867938136477,25.007254069672687,20.500000000007994,0.3250662951354735,0.0,0.0,,20.755093427708474,20.54027557373047,20.887121635754937,21.009004534417343,20.73384912461545,22.04386010821042,21.015162822864767,21.259204017070648,20.83318062337573,20.628395382725383,20.500590416095076,7025,0,20.537248553841835,20.500118584461568,744,22320.0,372.0,2025-04-25 15:12:00,2025-04-25 15:12:00,20.194015502929688,253876.0,0.9593073980998598,2025-04-25,15:12:00
20.57839604871681,25.49194908,20.500000000007994,0.3452424018538216,0.0,0.0,,20.7483773717747,21.131126403808597,20.881245083242195,20.98735518108675,20.725976382120795,21.96810192956834,21.000949122963203,21.17741621113406,20.818398573774203,20.620006515256417,20.50056824476037,6996,1,20.536415127711834,20.500118721135102,745,22350.0,372.5,2025-04-25 15:12:30,2025-04-25 15:12:30,20.67480087280273,248271.0,0.943567462571142,2025-04-25,15:12:30
20.576384318725655,25.49194908,20.500000000007994,0.3355705409612679,0.0,0.0,,20.741850536311926,21.131126403808597,20.87594375052102,20.966673666575137,20.718344223099372,21.89684906377781,20.986673321304316,21.177390868039744,20.80831449862256,20.616338102056353,20.500571859331956,6996,1,20.535688523369284,20.50012010664353,746,22380.0,373.0,2025-04-25 15:13:00,2025-04-25 15:13:00,20.832420349121094,248072.0,0.9402335813795994,2025-04-25,15:13:00
20.578496355813495,26.631404876708984,20.500000000007994,0.3632821311852172,0.0,0.0,,20.73550629714146,21.254297256469727,20.87280254450401,20.946913936216088,20.71094751342507,21.829687719934533,20.972426988573787,21.99093270538699,20.873156094737265,20.616918408538687,20.50058394919598,6997,1,20.536551878382166,20.50012051463488,747,22410.0,373.5,2025-04-25 15:13:30,2025-04-25 15:13:30,20.49932098388672,250275.0,0.9506120142842872,2025-04-25,15:13:30
20.57663628358342,26.631404876708984,20.500000000007994,0.3542953833481129,0.0,0.0,,20.7293383241263,21.254297256469727,20.869679338414997,20.92803231604464,20.70378099914867,21.766272173352768,20.95828053949991,21.99106734422022,20.89728961313588,20.613426699113145,20.500589326053504,6997,1,20.536567409640117,20.500122116534868,748,22440.0,374.0,2025-04-25 15:14:00,2025-04-25 15:14:00,20.749412536621094,249431.0,0.9482257242483894,2025-04-25,15:14:00
20.577460728270303,26.421228502729143,20.500000000007994,0.36559235529539147,0.0,0.0,,20.723340572750224,21.235567092895508,20.86617611230221,20.90998737388134,20.69683933914806,21.706308253300275,20.944288498206816,22.737521962129982,20.97577441545687,20.616706967304065,20.500590073727892,6996,1,20.537712501640513,20.500122318013638,749,22470.0,374.5,2025-04-25 15:14:30,2025-04-25 15:14:30,20.54141998291016,248824.0,0.9492714981271902,2025-04-25,15:14:30
20.575519889823962,26.198209498104497,20.500000000007994,0.353873342948959,0.0,0.0,,20.71750727453004,21.235567092895508,20.86258848104619,20.892739790223516,20.690117133683156,21.649541623952747,20.930493236906226,22.737676530557433,21.011341104050906,20.613137426576955,20.50058921037222,6996,1,20.537971650373564,20.50012287506203,750,22500.0,375.0,2025-04-25 15:15:00,2025-04-25 15:15:00,20.7497673034668,249321.0,0.945877064607474,2025-04-25,15:15:00
20.57523163162711,26.32794952392578,20.500000000007994,0.3671733375038702,0.0,0.0,,20.71183292663477,21.23768615722656,20.858974687642984,20.87625223803235,20.683608949341536,21.59574933254898,20.916927681017402,21.93050799568349,20.960175969417456,20.60773481954117,20.500587021197965,6991,2,20.536452280277235,20.50012441854175,751,22530.0,375.5,2025-04-25 15:15:30,2025-04-25 15:15:30,20.754159927368164,248508.0,0.9449360030662995,2025-04-25,15:15:30
20.573402774997103,26.32794952392578,20.500000000007994,0.35863101715377027,0.0,0.0,,20.70631228097434,21.23768615722656,20.855321719983316,20.860489270619187,20.677309340798846,21.544733614073845,20.90361730404445,21.93039773029241,20.944619815093102,20.6045746491035,20.500587646698,6991,2,20.5356900977326,20.500124917740763,752,22560.0,376.0,2025-04-25 15:16:00,2025-04-25 15:16:00,20.767805099487305,248656.0,0.9452207567884948,2025-04-25,15:16:00
20.571649832124223,26.064523696899418,20.500000000007994,0.3455194340647165,0.0,0.0,,20.70094033292048,21.25662612915039,20.85195090853616,20.84541721692943,20.671212869765714,21.496317275621653,20.89058162648472,22.778147505537643,21.01539785535067,20.604594815796386,20.50060148646275,6998,2,20.53672201486195,20.500124381603506,753,22590.0,376.5,2025-04-25 15:16:30,2025-04-25 15:16:30,20.73428535461425,248517.0,0.946049716920774,2025-04-25,15:16:30
20.569783084446634,26.064523696899418,20.500000000007994,0.3353234990784192,0.0,0.0,,20.695712309766776,21.25662612915039,20.848566264911494,20.831004083605187,20.66531412144659,21.450340201884455,20.877835362445623,22.778290840520054,21.045885779911266,20.601549207509315,20.500603421051583,6998,2,20.53691509260766,20.500123835775653,754,22620.0,377.0,2025-04-25 15:17:00,2025-04-25 15:17:00,21.14679718017578,244477.0,0.9422933317858122,2025-04-25,15:17:00
20.575416792198858,26.88936996459961,20.500000000007994,0.3816390956751717,0.0,0.0,,20.690623659023853,21.531274795532227,20.849576785310735,20.81721946327574,20.659607718796998,21.406656667378154,20.865389311558655,22.535633442234694,21.04179736048748,20.614520586264508,20.50060250116419,6993,2,20.536486598307505,20.50012368470938,755,22650.0,377.5,2025-04-25 15:17:30,2025-04-25 15:17:30,20.957399368286133,243774.0,0.9442071601155168,2025-04-25,15:17:30
20.57402404579501,26.88936996459961,20.500000000007994,0.3730237028843802,0.0,0.0,,20.685670036659822,21.531274795532227,20.850478028049046,20.80403444858535,20.654088334830927,21.365133237222746,20.853251063412394,22.535618482549626,21.04522282038988,20.611239607817033,20.500603147955797,6993,2,20.536225490864748,20.50012515122254,756,22680.0,378.0,2025-04-25 15:18:00,2025-04-25 15:18:00,20.21899604797364,254721.0,0.9600870290435416,2025-04-25,15:18:00
20.570814463452958,26.6601111863815,20.500000000007994,0.3516065717008859,0.0,0.0,,20.680847295412896,20.57498359680176,20.835780942140335,20.791421551518262,20.64875070320056,21.32564710318339,20.841425561510224,21.11659638750779,20.92287357152285,20.62336117118959,20.50063445206588,7025,0,20.533082136027986,20.50012508166696,757,22710.0,378.5,2025-04-25 15:18:30,2025-04-25 15:18:30,20.20118904113769,254458.0,0.95984725377076,2025-04-25,15:18:30
20.56843734056887,26.407315839061567,20.500000000007994,0.3344030837346164,0.0,0.0,,20.67615147330733,20.57498359680176,20.821178071001945,20.779354627625004,20.64358962724433,21.288084745932768,20.829915560152756,21.116348013240316,20.873452118251027,20.619430336730353,20.500636901815817,7025,0,20.531468159831483,20.50012501161662,758,22740.0,379.0,2025-04-25 15:19:00,2025-04-25 15:19:00,20.62906646728516,253270.0,0.957356526631658,2025-04-25,15:19:00
20.568085711574952,26.138425068980357,20.500000000007994,0.3236613695766243,0.0,0.0,,20.67157878250184,21.036296844482425,20.814625926579843,20.767808804793052,20.63859998767697,21.852817648429333,20.87099375371176,21.618816964231865,20.892145965748018,20.61562129258258,20.500640387661964,7025,0,20.531403144772344,20.500125595993218,759,22770.0,379.5,2025-04-25 15:19:30,2025-04-25 15:19:30,20.50507926940918,252277.0,0.958850910903491,2025-04-25,15:19:30
20.566230257789105,25.8609970929632,20.500000000007994,0.3098541255782815,0.0,0.0,,20.66712559858553,21.036296844482425,20.808675400908534,20.75676041623747,20.633776749074745,21.852860342200966,20.887092084849446,21.61886362804949,20.893692295047888,20.611937863303687,20.5006407211752,7025,0,20.530987021743044,20.500126163633613,760,22800.0,380.0,2025-04-25 15:20:00,2025-04-25 15:20:00,20.568634033203125,239864.0,0.947648980255478,2025-04-25,15:20:00
20.56437918590731,25.58393269740161,20.500000000007994,0.29689329426458766,0.0,0.0,,20.66278845038706,21.036296844482425,20.80306244820795,20.746186937417157,20.62911496529242,21.85287682603268,20.895074999155888,21.61886917056674,20.891017850717066,20.6083759810837,20.500640150822914,7025,0,20.530496106453132,20.50012671287458,761,22830.0,380.5,2025-04-25 15:20:30,2025-04-25 15:20:30,20.364585876464844,252814.0,0.9604549317877964,2025-04-25,15:20:30
20.56256685290246,25.31496708189179,20.500000000007994,0.28472197951626793,0.0,0.0,,20.65856401027027,21.036296844482425,20.797690433295564,20.736066926608537,20.62460978393272,21.852885239383944,20.899622439968745,21.618865613786497,20.887473523825598,20.60493054286531,20.500637067336818,7025,0,20.529998664307577,20.50012724250776,762,22860.0,381.0,2025-04-25 15:21:00,2025-04-25 15:21:00,21.152084350585938,239692.0,0.9384149111150976,2025-04-25,15:21:00
20.57531103617327,26.67220115661621,20.500000000007994,0.3798110740914362,0.0,0.0,,20.661464953283176,21.715309143066406,20.80341454304603,20.726379968890395,20.62025644997563,22.516438173003632,20.960547779596432,22.431592671468355,20.956873982345765,20.600158975193672,20.500596435595927,6969,2,20.53122804633098,20.5001283096467,763,22890.0,381.5,2025-04-25 15:21:30,2025-04-25 15:21:30,21.08914375305176,234790.0,0.931318678393458,2025-04-25,15:21:30
20.57489414063397,26.67220115661621,20.500000000007994,0.3763154628578954,0.0,0.0,,20.669713206311023,21.715309143066406,20.809058374806803,20.717106623315104,20.61605030866347,22.51649924217747,20.989277002482677,22.431733704419635,20.984775284679795,20.59734163858701,20.500595121247017,6969,2,20.53161602819071,20.500129505101846,764,22920.0,382.0,2025-04-25 15:22:00,2025-04-25 15:22:00,20.55281639099121,250715.0,0.9312137287358156,2025-04-25,15:22:00
20.57527154776457,26.461060830962527,20.500000000007994,0.36716100685553693,0.0,0.0,,20.67847750374605,21.0489502,20.803537306241928,20.70822837305889,20.611986807726662,22.51652624626271,21.006591750733616,21.647031237446406,20.92917333218728,20.618737779386553,20.500617448165986,6996,1,20.530107332087894,20.50013031833023,765,22950.0,382.5,2025-04-25 15:22:30,2025-04-25 15:22:30,20.460912704467773,252381.0,0.9590814581921776,2025-04-25,15:22:30
20.57357006510618,26.226131820837228,20.500000000007994,0.35150065571634,0.0,0.0,,20.686658084636843,21.0489502,20.79771937455921,20.699727578360616,20.608061499026153,22.51654198885759,21.01864992885029,21.64691460130376,20.908961022308844,20.615143140960082,20.50061574658183,6996,1,20.529362961183896,20.500131065530013,766,22980.0,383.0,2025-04-25 15:23:00,2025-04-25 15:23:00,20.555513381958008,247853.0,0.9477193891137086,2025-04-25,15:23:00
20.571862545908875,25.97243391883915,20.500000000007994,0.3374523235988255,0.0,0.0,,20.69420995748418,21.0489502,20.79199603169309,20.691587432072883,20.60427003968067,22.516552699499407,21.02789818925025,21.646877523399134,20.899370320954574,20.61164790405962,20.500613242660094,6996,1,20.52885487243068,20.500131744727568,767,23010.0,383.5,2025-04-25 15:23:30,2025-04-25 15:23:30,20.156747817993164,254426.0,0.9631734767673116,2025-04-25,15:23:30
20.570186307570737,25.707215878492427,20.500000000007994,0.3246881498070562,0.0,0.0,,20.701103698058095,21.0489502,20.786485295928127,20.683791917662532,20.600608192738658,22.516560685258423,21.035460015050834,21.64686154501117,20.8934704912452,20.608262907413422,20.500613301630352,6996,1,20.528438782199984,20.500132354236136,768,23040.0,384.0,2025-04-25 15:24:00,2025-04-25 15:24:00,20.189498901367188,254566.0,0.9631864870014064,2025-04-25,15:24:00
20.568229347322557,25.43752095570424,20.500000000007994,0.31132870401775964,0.0,0.0,,20.707324406727874,21.0489502,20.781214767490233,20.676325769509937,20.597071827449682,22.402393467468784,21.027846416062008,21.646852227618673,20.889127305677775,20.604987279379017,20.500614148593037,6996,1,20.528068968130444,20.50013236898343,769,23070.0,384.5,2025-04-25 15:24:30,2025-04-25 15:24:30,20.40924644470215,249297.0,0.9561721310324632,2025-04-25,15:24:30
20.56633166237115,25.169230133873636,20.500000000007994,0.2989583786728039,0.0,0.0,,20.712869586085088,21.0489502,20.77618146220225,20.669174435366717,20.593656919183086,22.29861564061975,21.018403135777152,21.646845557242848,20.885599753709673,20.601819457911773,20.500615130899327,6996,1,20.52772714370479,20.500131772199914,770,23100.0,385.0,2025-04-25 15:25:00,2025-04-25 15:25:00,20.922697067260746,237817.0,0.9414976904510612,2025-04-25,15:25:00
20.570397788804954,25.56565284729004,20.500000000007994,0.3282448078056585,0.0,0.0,,20.757293886285495,20.564428329467773,20.76359858144749,20.662324040842158,20.590359549037718,22.489048889918404,21.035255828821185,22.14126354776784,20.92695249843551,20.605411049772403,20.500618587741148,6996,1,20.528721712428517,20.500131160330398,771,23130.0,385.5,2025-04-25 15:25:30,2025-04-25 15:25:30,20.158679962158203,254679.0,0.9632087721209835,2025-04-25,15:25:30
20.569210680299694,25.56565284729004,20.500000000007994,0.319896140266367,0.0,0.0,,20.80226158621132,20.564428329467773,20.751413338606348,20.655761355797033,20.587175903181016,22.489063565521313,21.044254831156675,22.141348082186287,20.943283935042487,20.602257544419718,20.500615219329703,6996,1,20.52926021897968,20.50013053407539,772,23160.0,386.0,2025-04-25 15:26:00,2025-04-25 15:26:00,20.1733627319336,254887.0,0.9631515632417502,2025-04-25,15:26:00
20.567921457052254,25.56565284729004,20.500000000007994,0.3118091183896578,0.0,0.0,,20.844573585437793,20.564428329467773,20.7398842572299,20.649473762532264,20.5841022719524,22.489070715674334,21.050407189028913,22.141377598943603,20.95177324933063,20.599219705312688,20.50061437167033,6996,1,20.5296649522587,20.50012989427009,773,23190.0,386.5,2025-04-25 15:26:30,2025-04-25 15:26:30,20.16343879699707,254962.0,0.9635700001372752,2025-04-25,15:26:30
20.56662913313241,25.56565284729004,20.500000000007994,0.30430296285623404,0.0,0.0,,20.883820787692073,20.564428329467773,20.729051412227264,20.643449225667016,20.58113504876188,22.489075292309217,21.05518316628364,22.14139184542608,20.957347485477126,20.596297914974706,20.50061042928774,6996,1,20.53002337602149,20.500130102583782,774,23220.0,387.0,2025-04-25 15:27:00,2025-04-25 15:27:00,20.27678298950196,255282.0,0.962330628481444,2025-04-25,15:27:00
20.565357668588323,25.56565284729004,20.500000000007994,0.2973936520697323,0.0,0.0,,20.920036341698488,20.564428329467773,20.718886952574607,20.637676263608345,20.578270728811876,22.489078671439223,21.059163707273264,22.14140088351059,20.961583135190494,20.593487427797218,20.500609896763017,6996,1,20.530360081247228,20.500130325895462,775,23250.0,387.5,2025-04-25 15:27:30,2025-04-25 15:27:30,20.160539627075195,254842.0,0.9633463454807292,2025-04-25,15:27:30
20.56411407111032,25.56565284729004,20.500000000007994,0.2910358213703694,0.0,0.0,,20.953377919302604,20.564428329467773,20.709344146080728,20.632143921520328,20.57550590766696,22.489081369784042,21.062619664303107,22.141407627145433,20.965059405676012,20.590782337517336,20.50060551302164,6996,1,20.530682470834517,20.500130485244412,776,23280.0,388.0,2025-04-25 15:28:00,2025-04-25 15:28:00,20.161733627319336,255059.0,0.963629799869834,2025-04-25,15:28:00
20.56151234128391,25.38673400234925,20.500000000007994,0.2747291337176372,0.0,0.0,,20.964877711600554,20.58434486,20.70069293614635,20.626841745707132,20.572837279694056,22.378814383286056,21.052799563772695,21.06568447213575,20.871632724462415,20.59987471118842,20.50063029896167,7025,0,20.528742856279656,20.500130581657434,777,23310.0,388.5,2025-04-25 15:28:30,2025-04-25 15:28:30,20.26982688903809,255329.0,0.9623294847040486,2025-04-25,15:28:30
20.5594754876381,25.192375438054974,20.500000000007994,0.2613885530571139,0.0,0.0,,20.96485402814436,20.58434486,20.692561748788396,20.621759759329418,20.570261636392697,22.278043722415898,21.0413931103857,21.065494934718348,20.83288329277207,20.59671351242949,20.50062900230439,7025,0,20.527797101304138,20.500130616495433,778,23340.0,389.0,2025-04-25 15:29:00,2025-04-25 15:29:00,20.20479202270508,255001.0,0.9628764936215936,2025-04-25,15:29:00
20.557572663620025,24.986638704379164,20.500000000007994,0.24915635513711107,0.0,0.0,,20.961364259834966,20.652847290039062,20.685994081478757,20.616888439378872,20.567775864633834,22.185302229259445,21.028941116557295,21.115143344255106,20.816026385403458,20.593647793111376,20.500631586419235,7025,0,20.527270468156107,20.50013059141797,779,23370.0,389.5,2025-04-25 15:29:30,2025-04-25 15:29:30,20.205968856811523,255045.0,0.962837011605795,2025-04-25,15:29:30
20.55571449151973,24.774204970618396,20.500000000007994,0.23771930042853273,0.0,0.0,,20.95606729424938,20.652847290039062,20.679830251757615,20.612218694840692,20.565376944822418,22.099337297113987,21.015804219598532,21.115117393549998,20.803253311182313,20.59067822928813,20.50063149455216,7025,0,20.526796749113473,20.500130508345592,780,23400.0,390.0,2025-04-25 15:30:00,2025-04-25 15:30:00,20.282470703125,255279.0,0.9625034031393104,2025-04-25,15:30:00
20.55394699435099,24.559526387784242,20.500000000007994,0.22706279400227725,0.0,0.0,,20.949601560755056,20.658191680908203,20.674082526581806,20.60774184597712,20.56306194899863,22.01921598882249,21.00223998552964,21.161496386941618,20.796966567777357,20.587802854639502,20.500626711756514,7025,0,20.526436577083675,20.50013036942258,781,23430.0,390.5,2025-04-25 15:30:30,2025-04-25 15:30:30,20.215696334838867,255211.0,0.9632818530549232,2025-04-25,15:30:30
20.552216386130766,24.346338566653916,20.500000000007994,0.2169930850139807,0.0,0.0,,20.942309633570193,20.658191680908203,20.668627951354807,20.603449604670597,20.56082803889021,21.944225267232742,20.988435538639898,21.1614887630867,20.78984186885619,20.585019152191794,20.50062891905294,7025,0,20.52604059396887,20.500130176980683,782,23460.0,391.0,2025-04-25 15:31:00,2025-04-25 15:31:00,20.15395164489746,255158.0,0.9641095541781954,2025-04-25,15:31:00
20.55048546446372,24.13753989175288,20.500000000007994,0.20737362330252604,0.0,0.0,,20.934417361658102,20.609376907348636,20.662659138329893,20.59933405576766,20.558672463927333,21.873806126208674,20.974529000629254,21.074938684077022,20.775323347547506,20.58232360325174,20.50062386225212,7025,0,20.525462683388067,20.50012993350201,783,23490.0,391.5,2025-04-25 15:31:30,2025-04-25 15:31:30,20.159942626953125,255157.0,0.9645490937932332,2025-04-25,15:31:30
20.548854482063966,23.935240909095015,20.500000000007994,0.1983819864213131,0.0,0.0,,20.92608950591194,20.609376907348636,20.656956640197283,20.595387639368873,20.556592559230026,21.80750953655791,20.960623759419047,21.074913190338133,20.765820901508974,20.57971269693849,20.500622166390237,7025,0,20.524977588349476,20.500129641582394,784,23520.0,392.0,2025-04-25 15:32:00,2025-04-25 15:32:00,20.213022232055664,255206.0,0.9638048527464088,2025-04-25,15:32:00
20.54730806841868,23.740880636105345,20.500000000007994,0.18994716487743377,0.0,0.0,,20.91745206780857,20.619815826416016,20.65170203708501,20.591603134013628,20.554585743577547,21.744966571888558,20.9467981030107,21.12148578416606,20.762499456118235,20.577184396685166,20.50061474248386,7025,0,20.52461345381771,20.500129303893345,785,23550.0,392.5,2025-04-25 15:32:30,2025-04-25 15:32:30,20.20061683654785,255224.0,0.9645244226640128,2025-04-25,15:32:30
20.54579096947379,23.555358187414164,20.500000000007994,0.18190327695227368,0.0,0.0,,20.908603744569547,20.619815826416016,20.646716730952427,20.587973640710572,20.552649517367144,21.68586785181202,20.933111827561493,21.12148316204914,20.757869542357383,20.574736710209482,20.500615900868304,7025,0,20.524214047695597,20.500128923142483,786,23580.0,393.0,2025-04-25 15:33:00,2025-04-25 15:33:00,20.220409393310547,255356.0,0.9639327669018938,2025-04-25,15:33:00
20.544344443181863,23.379155917648728,20.500000000007994,0.17432460019576546,0.0,0.0,,20.899622912780234,20.66315078735352,20.642674453767032,20.58449256776869,20.55078146056965,21.6299491783584,20.91961084818012,21.1510285502355,20.755851859665018,20.572367158955288,20.500610333566,7025,0,20.5238760706674,20.500128502035388,787,23610.0,393.5,2025-04-25 15:33:30,2025-04-25 15:33:30,20.32340240478516,255733.0,0.9628780920921428,2025-04-25,15:33:30
20.542928322584952,23.212444836482877,20.500000000007994,0.16708812388073627,0.0,0.0,,20.89057233665991,20.66315078735352,20.638850108694626,20.58115361638569,20.548979230688314,21.5769813394359,20.90633047494868,21.151027567438973,20.752595630880023,20.57007344722941,20.500607603558777,7025,0,20.52350806907952,20.500128043237346,788,23640.0,394.0,2025-04-25 15:34:00,2025-04-25 15:34:00,20.171215057373047,255409.0,0.9642118132094014,2025-04-25,15:34:00
20.541500208950435,23.055170313535875,20.500000000007994,0.1600451484771151,0.0,0.0,,20.881502532228215,20.636173248291016,20.63477151266372,20.577950766953332,20.547240560725932,21.526762752012093,20.893297784634846,21.05779940747426,20.740829941243362,20.567852583665466,20.500605915689267,7025,0,20.522953069631537,20.500126857193088,789,23670.0,394.5,2025-04-25 15:34:30,2025-04-25 15:34:30,20.21125602722168,255715.0,0.9645940671255108,2025-04-25,15:34:30
20.540163821234827,22.907119423762527,20.500000000007994,0.15348110758478378,0.0,0.0,,20.872454261958282,20.636173248291016,20.630862235403477,20.574878266041555,20.545563257165742,21.47911406623127,20.880533370494987,21.057778229270916,20.733969503591446,20.565701541625803,20.50060185187785,7025,0,20.522498560806408,20.50012545596288,790,23700.0,395.0,2025-04-25 15:35:00,2025-04-25 15:35:00,20.161697387695312,255299.0,0.9641073432524216,2025-04-25,15:35:00
20.53886448674856,22.767972563919464,20.500000000007994,0.1472086081657473,0.0,0.0,,20.863460434229175,20.65032386779785,20.627354483038904,20.57193061402556,20.543945197969755,21.433874142133565,20.868052657427636,21.038325855143054,20.72711006730577,20.563618461256265,20.500601744756963,7025,0,20.522046514644032,20.500123994868982,791,23730.0,395.5,2025-04-25 15:35:30,2025-04-25 15:35:30,20.166841506958008,255567.0,0.9643282143234456,2025-04-25,15:35:30
20.537616991130562,22.63734222886435,20.500000000007994,0.14126471358990722,0.0,0.0,,20.85454757903087,20.65032386779785,20.624011908961325,20.569102553321763,20.542384330598757,21.390897000506527,20.855866908125666,21.038315119298282,20.72205691402638,20.561601362257502,20.500593741428485,7025,0,20.521631319081802,20.500122478428352,792,23760.0,396.0,2025-04-25 15:36:00,2025-04-25 15:36:00,20.167131423950195,255538.0,0.9647638633980072,2025-04-25,15:36:00
20.536406159793753,22.514801627915393,20.500000000007994,0.13558290922883,0.0,0.0,,20.845737012716604,20.66603279113769,20.621069894977506,20.56638905720073,20.54087867005702,21.35004947475062,20.84398400563759,21.0260077080835,20.71671942016816,20.559648329859403,20.500586115778713,7025,0,20.521214761982343,20.500120911071956,793,23790.0,396.5,2025-04-25 15:36:30,2025-04-25 15:36:30,20.17222595214844,255672.0,0.9646440923331456,2025-04-25,15:36:30
20.535240296559493,22.399905435788742,20.500000000007994,0.13018483978693957,0.0,0.0,,20.837045768887595,20.66603279113769,20.618261662932504,20.563785319147055,20.53942629696428,21.311209374259025,20.832409071221456,21.02599971925544,20.712504182540993,20.557757385543912,20.500581831352896,7025,0,20.52082211335202,20.50011929713468,794,23820.0,397.0,2025-04-25 15:37:00,2025-04-25 15:37:00,20.171499252319336,255777.0,0.9645961741086962,2025-04-25,15:37:00
20.534109579491265,22.29220455341887,20.500000000007994,0.12502559368697228,0.0,0.0,,20.828487349776246,20.66290855407715,20.61552015191759,20.56128674273761,20.538025355657908,21.27426402619629,20.82114495870569,21.019842833480492,20.708303026122024,20.555926658038434,20.500579204290915,7025,0,20.520429785423193,20.500117694849223,795,23850.0,397.5,2025-04-25 15:37:30,2025-04-25 15:37:30,20.18522453308105,255648.0,0.9646508578201276,2025-04-25,15:37:30
20.533019512332203,22.19125636654279,20.500000000007994,0.12011322520403565,0.0,0.0,,20.82007233753803,20.66290855407715,20.61288809162138,20.55888893201107,20.536674052326795,21.239109100999904,20.81019265466869,21.019836856528123,20.704791490896593,20.55415426477469,20.500575324744542,7025,0,20.520053300612364,20.500116894530137,796,23880.0,398.0,2025-04-25 15:38:00,2025-04-25 15:38:00,20.192846298217773,255596.0,0.964297783416016,2025-04-25,15:38:00
20.531987027125307,22.096631658778737,20.500000000007994,0.11549750490415443,0.0,0.0,,20.811808894716467,20.68274307250977,20.61067931440948,20.55658768230389,20.53537065317891,21.205647653432703,20.799551605631414,21.052540077074724,20.70460518811113,20.55243858112472,20.500569352824833,7025,0,20.51975344845247,20.500116060026937,797,23910.0,398.5,2025-04-25 15:38:30,2025-04-25 15:38:30,20.193527221679688,255782.0,0.9645877641898178,2025-04-25,15:38:30
20.530972214868456,22.007919065359648,20.500000000007994,0.1110312743234885,0.0,0.0,,20.803703176064012,20.68274307250977,20.608565137661536,20.554378971528234,20.534113482643964,21.173789329497314,20.789219987846813,21.052541917270883,20.70303162081098,20.55077807949365,20.50056282537686,7025,0,20.519426911438956,20.500115311522144,798,23940.0,399.0,2025-04-25 15:39:00,2025-04-25 15:39:00,20.161983489990234,255641.0,0.9654005763942404,2025-04-25,15:39:00
20.529953921192575,21.92472773885692,20.500000000007994,0.10663207344466422,0.0,0.0,,20.795759668828982,20.645286560058597,20.605929771668844,20.552258951869245,20.532900921612182,21.14344970255933,20.779194931337134,20.997889509507395,20.696257207726386,20.549170594604952,20.50055584332103,7025,0,20.518984571744475,20.500114602070916,799,23970.0,399.5,2025-04-25 15:39:30,2025-04-25 15:39:30,20.20209503173828,255761.0,0.9647270180950184,2025-04-25,15:39:30
20.528996903409183,21.846688730958263,20.500000000007994,0.10253284406141777,0.0,0.0,,20.787981474898277,20.645286560058597,20.603379643089557,20.550223941880635,20.531731405710342,21.11454971132768,20.76947270703097,20.997877530394653,20.692275167184324,20.54761394887816,20.500550928286764,7025,0,20.51860374652132,20.500114057982504,800,24000.0,400.0,2025-04-25 15:40:00,2025-04-25 15:40:00,20.33724021911621,256094.0,0.9636944222629192,2025-04-25,15:40:00
20.52807318269387,21.773455465902142,20.500000000007994,0.0986185537758548,0.0,0.0,,20.780370545399883,20.645286560058597,20.60093382843388,20.548270418957845,20.53060342361548,21.087015179049512,20.760048883829523,20.997871641907977,20.689273764441403,20.54610674716208,20.500546067423596,7025,0,20.51824637787742,20.500113457391098,801,24030.0,400.5,2025-04-25 15:40:30,2025-04-25 15:40:30,20.26049041748047,256140.0,0.964940559850082,2025-04-25,15:40:30
20.52718056394449,21.70470358350991,20.500000000007994,0.09487683211528158,0.0,0.0,,20.77292787624808,20.645286560058597,20.598594028251078,20.546395012170027,20.529515515407134,21.060776398171008,20.75091846094625,20.997867581709095,20.68672310626995,20.544647567969783,20.500540914038844,7025,0,20.517901879943633,20.500112427625723,802,24060.0,401.0,2025-04-25 15:41:00,2025-04-25 15:41:00,20.181760787963867,255786.0,0.9654506721439016,2025-04-25,15:41:00
20.52635123724865,21.64013035608215,20.500000000007994,0.09144079481073739,0.0,0.0,,20.765653671471604,20.67552947998047,20.59684104522578,20.54459449543247,20.52846627095813,21.035767768323854,20.742075979756997,21.04969212468337,20.689091429921426,20.543235204435994,20.500537368188898,7025,0,20.517671921080584,20.5001114994274,803,24090.0,401.5,2025-04-25 15:41:30,2025-04-25 15:41:30,20.263301849365234,256147.0,0.964306811615986,2025-04-25,15:41:30
20.525523255203574,21.579453828189067,20.500000000007994,0.08803777882833896,0.0,0.0,,20.758547479872686,20.67552947998047,20.595175262485963,20.542865781002327,20.52745432836444,21.011927478185083,20.733515618558823,21.049698578753162,20.689011224997067,20.54186856911332,20.500531714436214,7025,0,20.517394706692873,20.500110501335257,804,24120.0,402.0,2025-04-25 15:42:00,2025-04-25 15:42:00,20.283859252929688,256134.0,0.964173355060242,2025-04-25,15:42:00
20.524778426163234,21.52241178717768,20.500000000007994,0.0850641274289882,0.0,0.0,,20.75160830954385,20.75218963623047,20.59480076654576,20.541205913281786,20.52647837241391,20.98919722377872,20.7252312729916,21.133896180664607,20.695789416334488,20.540546394199556,20.500525757578277,7025,0,20.517286330946504,20.50010959186695,805,24150.0,402.5,2025-04-25 15:42:30,2025-04-25 15:42:30,20.260766983032227,256155.0,0.9645326438094124,2025-04-25,15:42:30
20.524013165243645,21.468760641624215,20.500000000007994,0.08198227970769709,0.0,0.0,,20.744834723954632,20.75218963623047,20.594455239632648,20.539612062912752,20.525537133094126,20.967521957325946,20.717216624374373,21.13391086129973,20.69807296301372,20.539267745926864,20.500517660206793,7025,0,20.51708807671249,20.50010922340065,806,24180.0,403.0,2025-04-25 15:43:00,2025-04-25 15:43:00,20.300655364990234,256092.0,0.9642811470096684,2025-04-25,15:43:00
20.5232700984013,21.41827426233167,20.500000000007994,0.07902224000810007,0.0,0.0,,20.738224922667982,20.75218963623047,20.59408917202805,20.538081521148975,20.524629384138898,20.946849661925743,20.709465197812882,21.133915654539543,20.698935938791433,20.538030783242778,20.500511669685,7025,0,20.516864521374522,20.50010883332991,807,24210.0,403.5,2025-04-25 15:43:30,2025-04-25 15:43:30,20.2703800201416,256644.0,0.9648840538839794,2025-04-25,15:43:30
20.52255039721358,21.37074282382838,20.500000000007994,0.07618573990581151,0.0,0.0,,20.73177680921564,20.75218963623047,20.5936921784967,20.53661169449181,20.523753941613442,20.92713114826011,20.701970411618806,21.13391766129187,20.699279293915048,20.53683389388133,20.500507936017105,7025,0,20.51663401307378,20.50010842064744,808,24240.0,404.0,2025-04-25 15:44:00,2025-04-25 15:44:00,20.24543190002441,256460.0,0.9648645256570224,2025-04-25,15:44:00
20.52185389875976,21.325971672122524,20.500000000007994,0.0734694174072323,0.0,0.0,,20.725488048228577,20.75218963623047,20.59326536585806,20.5352000995761,20.52290966253776,20.9083198702273,20.694725619326558,21.13391870528527,20.699396340401613,20.535675670939085,20.500502769729916,7025,0,20.51640248163289,20.500108036152806,809,24270.0,404.5,2025-04-25 15:44:30,2025-04-25 15:44:30,20.17252922058105,256178.0,0.9659531165830008,2025-04-25,15:44:30
20.52118006306029,21.283780235589422,20.500000000007994,0.07086865144406068,0.0,0.0,,20.71935611356202,20.75218963623047,20.59281316016306,20.533844358294534,20.52209544354782,20.890371756963834,20.687724145386728,21.13391932684477,20.699396895787988,20.53455481361151,20.50049413674861,7025,0,20.51617217103055,20.500107901212957,810,24300.0,405.0,2025-04-25 15:45:00,2025-04-25 15:45:00,20.17526626586914,255839.0,0.9650088165799584,2025-04-25,15:45:00
20.520488041577572,21.244000989447905,20.500000000007994,0.06813326900743027,0.0,0.0,,20.713378328857385,20.667112350463867,20.59097843613687,20.532542193148323,20.521310219594323,20.87324505915927,20.680959315445374,21.080792684147383,20.69456860986479,20.533469811500503,20.50048778138151,7025,0,20.51582049339036,20.500107744427783,811,24330.0,405.5,2025-04-25 15:45:30,2025-04-25 15:45:30,20.21809959411621,256316.0,0.9647930313558264,2025-04-25,15:45:30
20.519849292927823,21.206478479678452,20.500000000007994,0.06571408689332511,0.0,0.0,,20.70755190173569,20.667112350463867,20.58915753655742,20.531291422812973,20.520552962678135,20.856900207918226,20.67442448197824,21.08078334050355,20.692416034075514,20.532419053055595,20.50048146507665,7025,0,20.51552871347468,20.50010733374677,812,24360.0,406.0,2025-04-25 15:46:00,2025-04-25 15:46:00,20.1419620513916,256168.0,0.9657475148144968,2025-04-25,15:46:00
20.519233262895696,21.17106840898457,20.500000000007994,0.06340546840013526,0.0,0.0,,20.7018739526118,20.667112350463867,20.58740537237769,20.530089957909265,20.519822680622283,20.841299684708577,20.668113045932635,21.080779890490913,20.69111073017301,20.531401643585166,20.500475208365145,7025,0,20.515258708154377,20.50010612912027,813,24390.0,406.5,2025-04-25 15:46:30,2025-04-25 15:46:30,20.266571044921875,256568.0,0.964639795785133,2025-04-25,15:46:30
20.51863809631009,21.13763678512155,20.500000000007994,0.06119697159800097,0.0,0.0,,20.696341538956705,20.667112350463867,20.58573458223954,20.528935796968675,20.519118415879507,20.82640790116181,20.662018474933138,21.080778062396337,20.6901256771784,20.530416648266538,20.50046810501057,7025,0,20.514999829585246,20.500105192692438,814,24420.0,407.0,2025-04-25 15:47:00,2025-04-25 15:47:00,20.25497055053711,256427.0,0.9648676207068678,2025-04-25,15:47:00
20.51806275967822,21.106059130375616,20.500000000007994,0.059082622307918164,0.0,0.0,,20.690951675701065,20.667112350463867,20.58414507934951,20.527827022584425,20.518439244375045,20.812191087678773,20.65613431852574,21.08077678111325,20.689293586389574,20.529463082016964,20.500460674108144,7025,0,20.514748707278965,20.500103752519145,815,24450.0,407.5,2025-04-25 15:47:30,2025-04-25 15:47:30,20.19018173217773,256200.0,0.9649675546448088,2025-04-25,15:47:30
20.51750647465009,21.08091101206253,20.500000000007994,0.05705784486161749,0.0,0.0,,20.68570135236387,20.667112350463867,20.582632791885278,20.5267617977388,20.51778427438387,20.798617189945098,20.6504542208665,21.080775739439446,20.688553746907758,20.528539962707605,20.500449852199214,7025,0,20.51450409084135,20.500101705849072,816,24480.0,408.0,2025-04-25 15:48:00,2025-04-25 15:48:00,20.22599029541016,256544.0,0.9651245863282713,2025-04-25,15:48:00
20.516983792362744,21.10047032795847,20.500000000007994,0.055227748690916935,0.0,0.0,,20.680587547400766,20.70249557495117,20.581759189173678,20.525738362298398,20.517152645441687,20.78565577258625,20.644971931203756,21.100327198275018,20.689632186493213,20.5276464333909,20.50044655624856,7025,0,20.5143121118174,20.50009987860885,817,24510.0,408.5,2025-04-25 15:48:30,2025-04-25 15:48:30,20.323427200317383,256750.0,0.9641414313534566,2025-04-25,15:48:30
20.516466798650082,21.10047230798136,20.500000000007994,0.05338607273731176,0.0,0.0,,20.675607240197717,20.70249557495117,20.58094052287781,20.524755029669247,20.516543527289013,20.77327792929542,20.6396813124533,21.10032991678054,20.689762790118987,20.526781723840603,20.50043914539089,7025,0,20.514104737331408,20.500099189565034,818,24540.0,409.0,2025-04-25 15:49:00,2025-04-25 15:49:00,20.29303359985352,256683.0,0.9646462027091782,2025-04-25,15:49:00
20.51601065746688,21.16428253130038,20.500000000007994,0.05201148413770972,0.0,0.0,,20.67075742107986,20.7692985534668,20.581220594098372,20.5238101836038,20.515956118847658,20.76145619885408,20.634576348124703,21.164115707402757,20.695331526248793,20.52594516431659,20.500432722853887,7025,0,20.5140338550537,20.500098137325566,819,24570.0,409.5,2025-04-25 15:49:30,2025-04-25 15:49:30,20.26351928710937,256869.0,0.9650929802739918,2025-04-25,15:49:30
20.515535010084072,21.164290782553778,20.500000000007994,0.05037172249538236,0.0,0.0,,20.666035099649648,20.7692985534668,20.581498654780617,20.522902275153214,20.515389647228915,20.750164486536846,20.629651147821598,21.164127239918084,20.697550059358544,20.525136296077385,20.50042665411827,7025,0,20.513896891466185,20.50009739268827,820,24600.0,410.0,2025-04-25 15:50:00,2025-04-25 15:50:00,20.16727066040039,256760.0,0.9654760281975384,2025-04-25,15:50:00
20.514982664122364,21.02945098365236,20.500000000007994,0.04795253796823267,0.0,0.0,,20.661437311719055,20.664249420166016,20.58005044333136,20.522029819757247,20.51484336677256,20.739377990452937,20.624899951508343,21.02934124928617,20.686612467479822,20.524353251487014,20.50041851320127,7025,0,20.513460572740023,20.500096338268683,821,24630.0,410.5,2025-04-25 15:50:30,2025-04-25 15:50:30,20.180984497070312,256514.0,0.9650602038290308,2025-04-25,15:50:30
20.514517579852992,21.02943460934332,20.500000000007994,0.046321789719002734,0.0,0.0,,20.65696112505693,20.664249420166016,20.57858655805455,20.521191394465685,20.514316558116136,20.72907313242871,20.620317132709793,21.02931899499822,20.68216038910871,20.523594007953005,20.50041246488053,7025,0,20.51316375506584,20.50009554265348,822,24660.0,411.0,2025-04-25 15:51:00,2025-04-25 15:51:00,20.17451477050781,256641.0,0.9658756663003962,2025-04-25,15:51:00
20.51407834510815,21.037631714252342,20.500000000007994,0.044839427828959576,0.0,0.0,,20.65260364413574,20.679414749145508,20.577414925534786,20.520385635285006,20.513808527293595,20.719227493077977,20.615897200788506,21.037510095914442,20.680469211683125,20.522858392321425,20.50040657711062,7025,0,20.51293193947442,20.50009510288389,823,24690.0,411.5,2025-04-25 15:51:30,2025-04-25 15:51:30,20.17352294921875,256470.0,0.9657725562443952,2025-04-25,15:51:30
20.51365011488581,21.03763050590488,20.500000000007994,0.043386179338807535,0.0,0.0,,20.648362014031054,20.679414749145508,20.5763040083638,20.519611234644056,20.513318604862743,20.709819750745815,20.611634802424927,21.037507749492697,20.67910559691194,20.522146083691972,20.50040019745756,7025,0,20.512710576639815,20.500094630407645,824,24720.0,412.0,2025-04-25 15:52:00,2025-04-25 15:52:00,20.1423397064209,256664.0,0.9662803314839634,2025-04-25,15:52:00
20.513209736946333,21.00046277187115,20.500000000007994,0.04175992895550807,0.0,0.0,,20.644233423595892,20.63447952270508,20.57452720530193,20.518866938973584,20.512846145060596,20.70082962404237,20.607524722409583,21.000353646220972,20.674620936078593,20.521456264494002,20.50039346788646,7025,0,20.51241532773911,20.50009412514141,825,24750.0,412.5,2025-04-25 15:52:30,2025-04-25 15:52:30,20.17657852172852,256454.0,0.9652605218674694,2025-04-25,15:52:30
20.51280443077599,21.000456856672635,20.500000000007994,0.04039646663309789,0.0,0.0,,20.640215108002185,20.63447952270508,20.572815070706728,20.518151546394,20.512390524986017,20.692237817712005,20.603561883842325,21.00034531000161,20.672182673136344,20.520787966098574,20.50038675601871,7025,0,20.51216694375195,20.500093587152687,826,24780.0,413.0,2025-04-25 15:53:00,2025-04-25 15:53:00,20.15683937072754,256727.0,0.9656620894958458,2025-04-25,15:53:00
20.512480145646254,21.109590912176326,20.500000000007994,0.03983615950376312,0.0,0.0,,20.636304350721623,20.65784264,20.571564891459925,20.51746390450628,20.511951143808744,20.68402597160615,20.5997413478211,21.109435737773445,20.68024222313642,20.520141225169542,20.500380920986355,7025,0,20.512146862466334,20.500092518211993,827,24810.0,413.5,2025-04-25 15:53:30,2025-04-25 15:53:30,20.24860000610352,256858.0,0.965435607903978,2025-04-25,15:53:30
20.512114781930293,21.109603473879837,20.500000000007994,0.0386953909817467,0.0,0.0,,20.632498485018072,20.65784264,20.570396249098696,20.516802908281207,20.511527422004423,20.67617661255012,20.596058312692847,21.10945287330436,20.683043392585283,20.51951623375002,20.500374321238887,7025,0,20.51202118744422,20.500091573478095,828,24840.0,414.0,2025-04-25 15:54:00,2025-04-25 15:54:00,20.28235626220703,256840.0,0.9651040044385608,2025-04-25,15:54:00
20.51179091142926,21.153546135303895,20.500000000007994,0.03795432481051728,0.0,0.0,,20.628794895024402,20.724655151367188,20.57036054196602,20.516167498042478,20.511118800614355,20.668673108912476,20.592508112929174,21.153380592057044,20.688170506296295,20.518912037344478,20.500366772499152,7025,0,20.51196856666514,20.500090238080865,829,24870.0,414.5,2025-04-25 15:54:30,2025-04-25 15:54:30,20.187593460083008,256654.0,0.96589979846408,2025-04-25,15:54:30
20.51145147531831,21.153553039482745,20.500000000007994,0.0369265556426499,0.0,0.0,,20.625191016473384,20.724655151367188,20.570356414589767,20.515556657539296,20.51072474053004,20.66149962770114,20.589086217683118,21.153390728838,20.69048513187328,20.518328013276367,20.500360176222042,7025,0,20.51186192980461,20.500088040667194,830,24900.0,415.0,2025-04-25 15:55:00,2025-04-25 15:55:00,20.184833526611328,256544.0,0.9657999699856556,2025-04-25,15:55:00
20.51107546229504,21.075586389463922,20.500000000007994,0.03528375645100516,0.0,0.0,,20.62168433714077,20.722768783569336,20.570308582075437,20.514969412103945,20.51034472180105,20.65464109402594,20.585788229074712,21.075455932545676,20.684855094882813,20.517762821921,20.500354420388582,7025,0,20.511594475856228,20.500086518333056,831,24930.0,415.5,2025-04-25 15:55:30,2025-04-25 15:55:30,20.2443790435791,257031.0,0.9654730363263576,2025-04-25,15:55:30
20.51074735263308,21.075577602181774,20.500000000007994,0.034245966118469334,0.0,0.0,,20.618272397052955,20.722768783569336,20.570236933529614,20.514404826891056,20.509978242966028,20.648083152778934,20.582609880248167,21.075444208118963,20.68281345790592,20.517215160725236,20.500347787631082,7025,0,20.511405742469595,20.50008523777082,832,24960.0,416.0,2025-04-25 15:56:00,2025-04-25 15:56:00,20.25078392028809,257188.0,0.9652966045266498,2025-04-25,15:56:00
20.510481041672826,21.143768266941663,20.500000000007994,0.0339216589960914,0.0,0.0,,20.614952788506347,20.806007385253903,20.571474521153227,20.51386200519414,20.509624820406042,20.641812132396243,20.57954703323772,21.143607151107332,20.687956753760368,20.516685135094253,20.500339505086902,7025,0,20.51139293661297,20.500084300887806,833,24990.0,416.5,2025-04-25 15:56:30,2025-04-25 15:56:30,20.29829406738281,257002.0,0.9651025332487684,2025-04-25,15:56:30
20.510186709429266,21.143776301513316,20.500000000007994,0.033086404007342855,0.0,0.0,,20.611723155939302,20.806007385253903,20.572662311774884,20.513340086836237,20.509283987719474,20.635815010574767,20.57659567667493,21.143617940466207,20.68997843766966,20.51617292144505,20.500333279057536,7025,0,20.511317305242947,20.500083247827146,834,25020.0,417.0,2025-04-25 15:57:00,2025-04-25 15:57:00,20.28206253051757,256667.0,0.9650419488091574,2025-04-25,15:57:00
20.509917286512373,21.158309565043837,20.500000000007994,0.032482821951636716,0.0,0.0,,20.608581195687137,20.88790512084961,20.575064730470753,20.51283824663119,20.508955295118092,20.63007938182688,20.573751923365297,21.15814690149778,20.692327467357018,20.515677807828915,20.500324249801498,7025,0,20.511275063375102,20.50008167124858,835,25050.0,417.5,2025-04-25 15:57:30,2025-04-25 15:57:30,20.30887222290039,256891.0,0.9651111147334862,2025-04-25,15:57:30
20.509643501958656,21.158312557969275,20.500000000007994,0.031728339615322836,0.0,0.0,,20.60552465563721,20.88790512084961,20.577335852912153,20.512355692912255,20.508638308843313,20.624593426764154,20.57101200775992,21.158151341625008,20.693572719865536,20.51519923742195,20.500317125563843,7025,0,20.511211669874566,20.50008010833344,836,25080.0,418.0,2025-04-25 15:58:00,2025-04-25 15:58:00,20.28306007385254,256747.0,0.9653288913794512,2025-04-25,15:58:00
20.509370798361736,21.14936099933123,20.500000000007994,0.03089454658917371,0.0,0.0,,20.60255133479317,20.87076759338379,20.57915767344374,20.511891666124846,20.50833261060237,20.619345883008908,20.568372283343198,21.14920405208647,20.693609804053224,20.514736516420946,20.5003120433411,7025,0,20.511119327259326,20.50007876115756,837,25110.0,418.5,2025-04-25 15:58:30,2025-04-25 15:58:30,20.303783416748047,257370.0,0.9655232496017406,2025-04-25,15:58:30
20.509112005023766,21.14936071827529,20.500000000007994,0.030187777215788806,0.0,0.0,,20.59965908275803,20.87076759338379,20.58081011511672,20.51144543748089,20.508037797023512,20.614326017639627,20.56582921995637,21.149203828123678,20.693915767474095,20.5142889830064,20.500306114250435,7025,0,20.511033616391746,20.500077210916583,838,25140.0,419.0,2025-04-25 15:59:00,2025-04-25 15:59:00,20.253341674804688,257482.0,0.9656428653265082,2025-04-25,15:59:00
20.508814850897217,21.07684024877433,20.500000000007994,0.028738026641143298,0.0,0.0,,20.59684579914996,20.828617095947266,20.58164016052665,20.511016307671483,20.50775347912991,20.609523601081726,20.563379401073792,21.076711569994355,20.687762243722332,20.513855775190788,20.500300731080596,7025,0,20.510802842186123,20.50007562966602,839,25170.0,419.5,2025-04-25 15:59:30,2025-04-25 15:59:30,20.25725746154785,257378.0,0.9657513098438872,2025-04-25,15:59:30
20.508564008547232,21.076831206595177,20.500000000007994,0.02800581685974555,0.0,0.0,,20.594109432963872,20.828617095947266,20.582353498349452,20.51060360563563,20.507479281831294,20.604928882362145,20.56101952104692,21.076699036501292,20.685298911306454,20.513435890591683,20.50029588135464,7025,0,20.51065040037141,20.50007498925753,840,25200.0,420.0,2025-04-25 16:00:00,2025-04-25 16:00:00,20.28884696960449,257441.0,0.9655870786898746,2025-04-25,16:00:00
