image_name,timestamp,label,bbox_x0,bbox_y0,bbox_x1,bbox_y1,projected_x,projected_y,temp_mean_c,temp_max_c
IR_57327.jpg,2025-04-23 13:28:31,Person,387.6524658203125,222.65237426757812,577.0457763671875,487.5644836425781,11.736513,4.481120,27.347013,34.000000
IR_57327.jpg,2025-04-23 13:28:31,Person,143.33029174804688,244.0402069091797,326.59149169921875,485.73870849609375,12.348906,2.617638,25.576134,34.000000
IR_57327.jpg,2025-04-23 13:28:31,Window,135.42959594726562,48.39598083496094,177.79574584960938,131.40480041503906,2.014164,0.490447,24.386265,26.125326
IR_57327.jpg,2025-04-23 13:28:31,Machine,103.11984252929688,175.15875244140625,145.05050659179688,270.1517333984375,6.725138,0.443425,25.472376,31.236292
IR_57327.jpg,2025-04-23 13:28:31,Person,97.70196533203125,40.435791015625,206.71414184570312,181.04116821289062,3.843554,1.269117,23.292946,34.000000
IR_57327.jpg,2025-04-23 13:28:31,Person,332.45965576171875,133.982177734375,405.66558837890625,276.65740966796875,5.619198,3.056591,23.366373,34.000000
IR_57327.jpg,2025-04-23 13:28:31,Person,317.7740478515625,133.52468872070312,378.21038818359375,275.2605895996094,5.471923,2.811168,23.782280,34.000000
IR_57328.jpg,2025-04-23 13:29:02,Person,1.53802490234375,189.30210876464844,175.2803955078125,483.189453125,12.043312,1.463987,25.912096,32.599998
IR_57328.jpg,2025-04-23 13:29:02,Person,134.15879821777344,222.91400146484375,378.8035888671875,488.02435302734375,12.407886,2.795874,26.162569,32.599998
IR_57328.jpg,2025-04-23 13:29:02,Machine,100.35624694824219,173.5712890625,146.6459197998047,277.0543212890625,6.901220,0.478557,25.202507,32.599998
IR_57328.jpg,2025-04-23 13:29:02,Window,136.2554931640625,51.18363952636719,176.78909301757812,127.35043334960938,1.553147,0.423798,24.134550,32.599998
IR_57328.jpg,2025-04-23 13:29:02,Screen,315.94189453125,275.61578369140625,474.367919921875,379.51873779296875,13.363388,4.157670,23.175825,32.599998
IR_57328.jpg,2025-04-23 13:29:02,Cableduct,319.04949951171875,15.917282104492188,357.32373046875,43.45323944091797,7.235532,3.323287,22.180202,32.599998
IR_57328.jpg,2025-04-23 13:29:02,Cableduct,222.62039184570312,1.7565803527832031,315.1691589355469,50.1511116027832,10.840332,3.254981,21.733257,32.599998
IR_57328.jpg,2025-04-23 13:29:02,Screen,610.4630126953125,278.2061462402344,639.7947998046875,366.8614807128906,10.830623,5.017345,21.843969,32.599998
IR_57328.jpg,2025-04-23 13:29:02,Machine,480.9764099121094,133.78839111328125,560.3931884765625,218.68630981445312,4.563989,5.336090,22.538876,32.599998
IR_57328.jpg,2025-04-23 13:29:02,Window,123.278564453125,52.062347412109375,180.54736328125,129.28045654296875,2.040285,0.398504,23.678860,32.599998
IR_57328.jpg,2025-04-23 13:29:02,Person,572.27001953125,212.7196044921875,640.0,484.3817138671875,10.852375,5.314375,22.168446,32.599998
IR_57329.jpg,2025-04-23 13:29:32,Person,328.80242919921875,212.99990844726562,573.8865966796875,482.6228332519531,11.874320,4.244318,26.837824,34.599998
IR_57329.jpg,2025-04-23 13:29:32,Window,136.46395874023438,49.872501373291016,178.16189575195312,125.91448974609375,1.581593,0.441626,24.752062,34.599998
IR_57329.jpg,2025-04-23 13:29:32,Machine,108.45991516113281,176.83856201171875,143.25340270996094,249.424560546875,6.717146,0.472070,26.102594,32.436031
IR_57329.jpg,2025-04-23 13:29:32,Cableduct,322.7593994140625,15.88656234741211,356.2615966796875,40.472190856933594,7.227699,3.296457,23.039074,34.599998
IR_57329.jpg,2025-04-23 13:29:32,Person,5.354766845703125,186.19662475585938,206.06011962890625,482.4349670410156,12.120481,1.577905,25.799320,34.599998
IR_57329.jpg,2025-04-23 13:29:32,Person,569.205810546875,206.3133544921875,640.0,481.59765625,10.773763,5.301547,24.085270,34.599998
IR_57329.jpg,2025-04-23 13:29:32,Person,591.89306640625,335.0088195800781,640.0,481.5630187988281,11.567793,5.414732,26.155243,34.599998
IR_57330.jpg,2025-04-23 13:30:02,Screen,342.5201416015625,276.12030029296875,472.21234130859375,373.4210205078125,11.298788,4.130898,22.495878,26.000000
IR_57330.jpg,2025-04-23 13:30:02,Cableduct,529.4071044921875,39.00349426269531,567.3963623046875,60.96649169921875,8.599998,4.875711,22.514521,25.758747
IR_57330.jpg,2025-04-23 13:30:02,Screen,609.8966674804688,277.4751892089844,639.5753784179688,368.6781311035156,10.879442,4.983553,21.458889,25.793211
IR_57330.jpg,2025-04-23 13:30:02,Cableduct,216.7435302734375,1.6155319213867188,316.67840576171875,52.275779724121094,11.784246,3.375831,21.364071,25.948303
IR_57330.jpg,2025-04-23 13:30:02,Cableduct,430.38916015625,35.69058609008789,462.34271240234375,56.55055618286133,7.539629,4.550683,22.194895,26.000000
IR_57330.jpg,2025-04-23 13:30:02,Cableduct,573.5250244140625,35.085418701171875,621.152099609375,56.93354797363281,9.933993,5.142709,22.628065,26.000000
IR_57330.jpg,2025-04-23 13:30:02,Cableduct,323.35699462890625,15.315902709960938,356.75335693359375,38.96089553833008,7.215502,3.292473,22.141703,26.000000
IR_57330.jpg,2025-04-23 13:30:02,Machine,479.9705505371094,132.9022674560547,561.4957275390625,217.91957092285156,4.575513,5.354086,21.913982,26.000000
IR_57330.jpg,2025-04-23 13:30:02,Machine,105.43080139160156,176.22579956054688,143.51731872558594,270.7267150878906,6.667078,0.437679,23.897242,25.948303
IR_57330.jpg,2025-04-23 13:30:02,Window,135.56222534179688,50.11552047729492,175.74600219726562,127.29808044433594,1.635539,0.433063,23.159563,25.517494
IR_57330.jpg,2025-04-23 13:30:02,Machine,484.29119873046875,105.16789245605469,575.3610229492188,201.1621856689453,5.922276,5.133372,21.881660,25.603655
IR_57331.jpg,2025-04-23 13:30:32,Screen,340.12774658203125,275.6986999511719,473.855224609375,374.3530578613281,11.530663,4.140143,22.662477,27.299999
IR_57331.jpg,2025-04-23 13:30:32,Cableduct,578.2529296875,35.560218811035156,621.501953125,57.6490478515625,10.150055,5.177387,22.951551,27.299999
IR_57331.jpg,2025-04-23 13:30:32,Cableduct,430.015380859375,35.675437927246094,461.83709716796875,56.748146057128906,7.562613,4.555866,22.535072,27.299999
IR_57331.jpg,2025-04-23 13:30:32,Cableduct,530.36279296875,39.04033660888672,567.25341796875,61.415992736816406,8.667746,4.888143,22.727118,26.495562
IR_57331.jpg,2025-04-23 13:30:32,Cableduct,323.01434326171875,14.71090316772461,356.60662841796875,41.50868606567383,7.430151,3.360695,22.182211,27.299999
IR_57331.jpg,2025-04-23 13:30:32,Machine,485.9327087402344,105.45404052734375,577.7930908203125,201.75344848632812,5.966159,5.143170,22.126347,24.391645
IR_57331.jpg,2025-04-23 13:30:32,Cableduct,217.92640686035156,1.4939460754394531,316.7587890625,51.2750244140625,11.673710,3.366112,21.609228,27.299999
IR_57331.jpg,2025-04-23 13:30:32,Screen,610.4305419921875,276.30706787109375,639.7127685546875,376.18548583984375,11.177906,4.852796,21.767385,27.299999
IR_57331.jpg,2025-04-23 13:30:32,Machine,107.67929077148438,176.12652587890625,143.117919921875,271.4130859375,6.583210,0.435099,24.402374,27.238121
IR_57331.jpg,2025-04-23 13:30:32,Machine,480.0771484375,132.0567626953125,562.123291015625,216.17523193359375,4.578485,5.368702,22.172113,27.299999
IR_57331.jpg,2025-04-23 13:30:32,Screen,610.0126953125,228.35409545898438,639.93701171875,354.8628234863281,11.675446,4.955973,21.340420,27.299999
IR_57331.jpg,2025-04-23 13:30:32,Screen,612.8106689453125,256.5682067871094,639.3995361328125,349.9770812988281,10.687313,5.025182,21.178600,27.299999
IR_57331.jpg,2025-04-23 13:30:32,Window,136.10775756835938,51.38075256347656,175.83187866210938,128.63546752929688,1.613050,0.422124,23.555016,26.639948
IR_57332.jpg,2025-04-23 13:31:03,Screen,341.765625,275.9654541015625,471.72265625,374.5848388671875,11.303252,4.116589,22.370667,25.900000
IR_57332.jpg,2025-04-23 13:31:03,Cableduct,529.3837890625,38.8443603515625,566.81103515625,61.4600830078125,8.647455,4.882630,22.337091,25.645432
IR_57332.jpg,2025-04-23 13:31:03,Cableduct,574.008544921875,34.909725189208984,622.0081787109375,57.48640823364258,9.978741,5.150064,22.412430,25.900000
IR_57332.jpg,2025-04-23 13:31:03,Cableduct,219.52587890625,1.5864715576171875,316.43072509765625,52.128997802734375,11.380775,3.335471,21.352295,25.849087
IR_57332.jpg,2025-04-23 13:31:03,Cableduct,430.201171875,36.416847229003906,463.0565185546875,57.87748718261719,7.488426,4.544809,22.145287,25.849087
IR_57332.jpg,2025-04-23 13:31:03,Machine,479.87738037109375,132.76283264160156,563.2643432617188,218.00523376464844,4.590143,5.370848,21.858583,25.849087
IR_57332.jpg,2025-04-23 13:31:03,Screen,609.9686279296875,277.84991455078125,639.5679931640625,370.63433837890625,10.936293,4.957119,21.425896,25.764229
IR_57332.jpg,2025-04-23 13:31:03,Window,134.95584106445312,51.68617630004883,176.43643188476562,127.35661315917969,1.519245,0.412923,23.061991,25.475718
IR_57332.jpg,2025-04-23 13:31:03,Machine,106.4639892578125,175.77877807617188,143.49520874023438,271.8266296386719,6.629037,0.435165,23.843338,25.849087
IR_57332.jpg,2025-04-23 13:31:03,Cableduct,322.5711364746094,15.489078521728516,358.2658386230469,41.612274169921875,7.299776,3.336259,21.948393,25.900000
IR_57332.jpg,2025-04-23 13:31:03,Machine,483.6020202636719,102.89935302734375,577.439453125,200.03094482421875,6.103370,5.135581,21.792282,25.849087
IR_57333.jpg,2025-04-23 13:31:32,Screen,340.595947265625,275.71966552734375,472.977294921875,374.90655517578125,11.443203,4.124568,22.412918,26.000000
IR_57333.jpg,2025-04-23 13:31:32,Cableduct,430.2069091796875,36.0440559387207,462.8570556640625,57.4193000793457,7.509894,4.545905,22.277538,25.881201
IR_57333.jpg,2025-04-23 13:31:32,Cableduct,529.0858154296875,38.8411865234375,567.0997314453125,60.73262023925781,8.593529,4.873034,22.475271,25.762402
IR_57333.jpg,2025-04-23 13:31:32,Cableduct,213.88897705078125,1.6121864318847656,315.87005615234375,50.71915817260742,12.094229,3.383688,21.465508,25.949085
IR_57333.jpg,2025-04-23 13:31:32,Cableduct,574.1896362304688,34.425682067871094,621.6603393554688,57.88611602783203,10.057814,5.161016,22.510221,25.949085
IR_57333.jpg,2025-04-23 13:31:32,Machine,479.84344482421875,132.36587524414062,563.5106811523438,217.57022094726562,4.601373,5.372587,21.949755,26.000000
IR_57333.jpg,2025-04-23 13:31:32,Cableduct,323.08355712890625,15.781558990478516,358.18804931640625,40.92346954345703,7.246143,3.316836,22.114811,26.000000
IR_57333.jpg,2025-04-23 13:31:32,Screen,609.7537841796875,276.59326171875,639.7867431640625,374.65625,11.071144,4.890030,21.576462,25.796345
IR_57333.jpg,2025-04-23 13:31:32,Machine,105.70814514160156,175.4176025390625,143.33445739746094,273.5080261230469,6.669883,0.431739,23.910833,25.864229
IR_57333.jpg,2025-04-23 13:31:32,Window,135.417236328125,51.40924072265625,176.06961059570312,129.82725524902344,1.652764,0.419224,23.157017,25.575718
IR_57333.jpg,2025-04-23 13:31:32,Machine,482.680419921875,105.54620361328125,577.9034423828125,203.01889038085938,6.001400,5.175315,21.873178,25.949085
IR_57333.jpg,2025-04-23 13:31:32,Screen,609.5518798828125,253.81942749023438,639.967529296875,355.8513488769531,10.850185,4.944443,21.205009,25.321148
IR_57334.jpg,2025-04-23 13:32:03,Screen,341.0497741699219,275.68841552734375,473.2043762207031,374.76202392578125,11.428896,4.128335,22.388346,26.000000
IR_57334.jpg,2025-04-23 13:32:03,Cableduct,529.282470703125,38.790279388427734,568.001220703125,61.271488189697266,8.616467,4.878796,22.362064,25.745430
IR_57334.jpg,2025-04-23 13:32:03,Cableduct,574.34228515625,35.09528350830078,621.629150390625,57.64246368408203,10.000401,5.154778,22.524408,25.949085
IR_57334.jpg,2025-04-23 13:32:03,Cableduct,430.4407653808594,35.54279327392578,462.2868347167969,56.970664978027344,7.583563,4.560394,22.272467,25.881201
IR_57334.jpg,2025-04-23 13:32:03,Cableduct,214.67811584472656,1.5395927429199219,315.94140625,51.853328704833984,11.962782,3.378438,21.466257,26.000000
IR_57334.jpg,2025-04-23 13:32:03,Cableduct,323.4527282714844,15.546890258789062,358.3977355957031,39.59082794189453,7.202262,3.302121,22.155365,26.000000
IR_57334.jpg,2025-04-23 13:32:03,Machine,479.8042907714844,132.89730834960938,562.0059814453125,218.46896362304688,4.585099,5.351073,21.907917,25.949085
IR_57334.jpg,2025-04-23 13:32:03,Machine,106.58050537109375,175.9776611328125,143.06863403320312,271.2430114746094,6.617438,0.433900,23.932074,25.881201
IR_57334.jpg,2025-04-23 13:32:03,Screen,609.89794921875,277.3698425292969,639.792236328125,376.0481262207031,11.117113,4.874640,21.591709,25.864229
IR_57334.jpg,2025-04-23 13:32:03,Machine,482.47869873046875,105.66500854492188,577.1546020507812,203.35650634765625,5.975771,5.166488,21.833452,25.949085
IR_57334.jpg,2025-04-23 13:32:03,Window,136.45640563964844,51.38949966430664,176.61314392089844,129.06069946289062,1.632955,0.426288,23.181767,25.406006
IR_57334.jpg,2025-04-23 13:32:03,Screen,610.177978515625,241.2452392578125,639.98828125,356.0079345703125,11.274370,4.896786,21.202229,26.000000
IR_57335.jpg,2025-04-23 13:32:32,Screen,340.16876220703125,275.2056884765625,472.10491943359375,375.336181640625,11.396196,4.111588,22.339029,25.900000
IR_57335.jpg,2025-04-23 13:32:32,Cableduct,529.6871337890625,38.9332275390625,566.946044921875,61.572265625,8.657084,4.885145,22.328438,25.662401
IR_57335.jpg,2025-04-23 13:32:32,Cableduct,573.851806640625,34.76411437988281,621.3382568359375,58.046173095703125,10.024590,5.156451,22.339163,25.900000
IR_57335.jpg,2025-04-23 13:32:32,Cableduct,430.60675048828125,35.965782165527344,462.93072509765625,56.96794891357422,7.512316,4.546975,22.164402,25.900000
IR_57335.jpg,2025-04-23 13:32:32,Window,135.30270385742188,51.74795150756836,175.95645141601562,127.45162963867188,1.511986,0.412578,23.170385,25.356918
IR_57335.jpg,2025-04-23 13:32:32,Machine,479.9407958984375,132.44680786132812,561.1644287109375,216.37814331054688,4.563288,5.365667,21.854158,25.900000
IR_57335.jpg,2025-04-23 13:32:32,Cableduct,219.34469604492188,1.5418853759765625,315.0919494628906,51.0036506652832,11.239656,3.295878,21.429596,25.849087
IR_57335.jpg,2025-04-23 13:32:32,Screen,609.233154296875,275.6898193359375,639.762939453125,374.76898193359375,11.076948,4.882855,21.496975,25.900000
IR_57335.jpg,2025-04-23 13:32:32,Machine,106.19306945800781,176.1654052734375,143.2761688232422,272.3704833984375,6.654598,0.436600,23.895699,25.849087
IR_57335.jpg,2025-04-23 13:32:32,Cableduct,323.03375244140625,15.54891300201416,358.09759521484375,40.97346496582031,7.275435,3.325155,22.043766,25.900000
IR_57335.jpg,2025-04-23 13:32:32,Machine,483.891357421875,106.92147827148438,576.4266357421875,201.22314453125,5.849771,5.170365,21.806684,25.900000
IR_57335.jpg,2025-04-23 13:32:32,Screen,611.6405029296875,232.55325317382812,639.9954833984375,353.0628356933594,11.505310,4.947987,21.117439,25.900000
IR_57336.jpg,2025-04-23 13:33:02,Screen,340.6709899902344,275.09527587890625,472.9219055175781,375.56744384765625,11.410433,4.118327,22.300915,25.900000
IR_57336.jpg,2025-04-23 13:33:02,Cableduct,529.8414916992188,38.928550720214844,567.8795776367188,61.232688903808594,8.631940,4.882104,22.265213,25.716188
IR_57336.jpg,2025-04-23 13:33:02,Cableduct,430.5461730957031,36.333709716796875,462.8443908691406,57.43852233886719,7.508060,4.550570,22.103819,25.900000
IR_57336.jpg,2025-04-23 13:33:02,Cableduct,574.5280151367188,35.18346405029297,621.6013793945312,57.22980499267578,9.982811,5.151870,22.443111,25.900000
IR_57336.jpg,2025-04-23 13:33:02,Cableduct,219.39273071289062,1.53289794921875,316.5886535644531,51.86598205566406,11.432014,3.342894,21.411392,25.849869
IR_57336.jpg,2025-04-23 13:33:02,Cableduct,323.3365783691406,15.337142944335938,357.6109924316406,39.88901901245117,7.253973,3.312257,22.088797,25.900000
IR_57336.jpg,2025-04-23 13:33:02,Machine,106.23619079589844,176.24752807617188,143.34185791015625,273.1050720214844,6.666717,0.437340,23.881281,25.849869
IR_57336.jpg,2025-04-23 13:33:02,Machine,479.88348388671875,134.4993896484375,564.0624389648438,217.21392822265625,4.511425,5.403929,21.783045,25.900000
IR_57336.jpg,2025-04-23 13:33:02,Window,135.24293518066406,50.80912780761719,176.9145050048828,128.3707275390625,1.610725,0.423660,23.093872,25.381985
IR_57336.jpg,2025-04-23 13:33:02,Screen,609.8837890625,274.4285583496094,639.855712890625,380.7999572753906,11.398708,4.764465,21.569574,25.716188
IR_57336.jpg,2025-04-23 13:33:02,Screen,611.8197021484375,257.6743469238281,639.41259765625,347.3686828613281,10.545104,5.086494,20.988073,25.900000
IR_57336.jpg,2025-04-23 13:33:02,Machine,485.7608337402344,107.92817687988281,576.5133056640625,203.3457794189453,5.805377,5.159344,21.750288,25.900000
IR_57337.jpg,2025-04-23 13:33:33,Screen,340.76043701171875,275.6407775878906,472.74835205078125,375.0758972167969,11.415226,4.121207,22.302464,25.900000
IR_57337.jpg,2025-04-23 13:33:33,Cableduct,529.4370727539062,38.891448974609375,568.2454223632812,61.86424255371094,8.638063,4.883955,22.251820,25.632637
IR_57337.jpg,2025-04-23 13:33:33,Cableduct,574.5220947265625,34.70072555541992,621.8907470703125,58.408084869384766,10.071071,5.164813,22.326834,25.900000
IR_57337.jpg,2025-04-23 13:33:33,Cableduct,219.26040649414062,1.4752311706542969,317.3949890136719,52.251686096191406,11.560047,3.371053,21.428469,25.849869
IR_57337.jpg,2025-04-23 13:33:33,Screen,610.5855712890625,275.04559326171875,639.8631591796875,376.87799072265625,11.244448,4.828650,21.506741,25.766319
IR_57337.jpg,2025-04-23 13:33:33,Machine,479.6778564453125,133.37451171875,562.1004638671875,217.0198974609375,4.534287,5.380111,21.786736,25.900000
IR_57337.jpg,2025-04-23 13:33:33,Cableduct,323.2861328125,15.457813262939453,357.94366455078125,42.234745025634766,7.376452,3.355332,22.011642,25.900000
IR_57337.jpg,2025-04-23 13:33:33,Window,134.8583221435547,50.7801513671875,176.7059783935547,128.22601318359375,1.602869,0.422270,23.067415,25.482244
IR_57337.jpg,2025-04-23 13:33:33,Machine,106.31362915039062,175.7314453125,143.60415649414062,271.1471862792969,6.626018,0.435208,23.883818,25.833158
IR_57337.jpg,2025-04-23 13:33:33,Cableduct,430.42486572265625,36.95040512084961,463.21112060546875,56.90298843383789,7.390065,4.526998,22.158184,25.900000
IR_57338.jpg,2025-04-23 13:34:02,Screen,340.5228271484375,276.11669921875,473.1937255859375,376.4981689453125,11.464756,4.115881,22.311295,25.900000
IR_57338.jpg,2025-04-23 13:34:02,Cableduct,529.4120483398438,38.73899841308594,567.3729858398438,61.741485595703125,8.661293,4.885725,22.256966,25.716188
IR_57338.jpg,2025-04-23 13:34:02,Cableduct,574.0873413085938,34.27070617675781,621.5563354492188,58.91398620605469,10.112677,5.168958,22.342751,25.900000
IR_57338.jpg,2025-04-23 13:34:02,Screen,610.1982421875,275.13092041015625,639.8262939453125,376.34271240234375,11.202317,4.841730,21.527328,25.699478
IR_57338.jpg,2025-04-23 13:34:02,Cableduct,220.03216552734375,1.6544761657714844,316.7412109375,51.0610466003418,11.395330,3.337445,21.448050,25.849869
IR_57338.jpg,2025-04-23 13:34:02,Machine,107.15420532226562,175.63381958007812,143.16397094726562,271.4875793457031,6.590234,0.432350,23.923943,25.849869
IR_57338.jpg,2025-04-23 13:34:02,Window,135.32374572753906,51.213409423828125,176.86561584472656,129.23629760742188,1.621341,0.418822,23.118874,25.365274
IR_57338.jpg,2025-04-23 13:34:02,Machine,479.4363708496094,134.16867065429688,561.8035888671875,217.43222045898438,4.504749,5.385449,21.798397,25.900000
IR_57338.jpg,2025-04-23 13:34:02,Cableduct,321.35931396484375,15.494197845458984,358.41510009765625,41.84076690673828,7.261342,3.330196,21.958418,25.900000
IR_57338.jpg,2025-04-23 13:34:02,Cableduct,430.75933837890625,36.00144958496094,463.036865234375,56.47920227050781,7.484258,4.540621,22.141380,25.900000
IR_57338.jpg,2025-04-23 13:34:02,Screen,614.124755859375,257.68603515625,639.4759521484375,366.6719970703125,11.473637,4.810853,21.287476,25.900000
IR_57339.jpg,2025-04-23 13:34:32,Screen,341.05224609375,276.2525634765625,473.30224609375,374.654052734375,11.454163,4.131030,22.209606,25.799999
IR_57339.jpg,2025-04-23 13:34:32,Cableduct,529.2966918945312,38.96907043457031,568.3193969726562,61.548927307128906,8.607822,4.878874,22.056623,25.799999
IR_57339.jpg,2025-04-23 13:34:32,Cableduct,574.9002685546875,36.02091979980469,621.7645263671875,57.93732452392578,9.954341,5.149510,22.383734,25.799999
IR_57339.jpg,2025-04-23 13:34:32,Cableduct,219.04559326171875,1.4966049194335938,316.89288330078125,50.65690994262695,11.565474,3.356692,21.321056,25.749870
IR_57339.jpg,2025-04-23 13:34:32,Cableduct,430.4511413574219,36.281837463378906,462.6101989746094,56.502159118652344,7.469968,4.540150,22.055689,25.799999
IR_57339.jpg,2025-04-23 13:34:32,Cableduct,321.8436279296875,14.495110511779785,358.6220703125,42.1715087890625,7.411971,3.375978,21.744232,25.799999
IR_57339.jpg,2025-04-23 13:34:32,Window,136.41552734375,51.95332336425781,176.049560546875,127.72215270996094,1.521138,0.413696,23.056700,25.281984
IR_57339.jpg,2025-04-23 13:34:32,Machine,107.06007385253906,175.60525512695312,142.9176483154297,271.0140380859375,6.583705,0.430690,23.845934,25.749870
IR_57339.jpg,2025-04-23 13:34:32,Screen,612.8579711914062,276.1139221191406,639.7888793945312,375.4186096191406,11.258759,4.839025,21.339603,25.632898
IR_57339.jpg,2025-04-23 13:34:32,Machine,479.32513427734375,135.30160522460938,561.0848999023438,219.38113403320312,4.495963,5.362427,21.681404,25.799999
IR_57339.jpg,2025-04-23 13:34:32,Screen,614.93994140625,252.8455810546875,639.635498046875,353.6339111328125,11.026568,4.920899,20.875050,25.799999
IR_57339.jpg,2025-04-23 13:34:32,Machine,485.294189453125,107.53643798828125,577.5914306640625,203.01300048828125,5.849824,5.166882,21.612589,25.799999
IR_57340.jpg,2025-04-23 13:35:03,Screen,340.28515625,275.7008056640625,472.4158935546875,374.9661865234375,11.426832,4.118255,22.326828,25.900000
IR_57340.jpg,2025-04-23 13:35:03,Cableduct,529.3834838867188,38.8604736328125,567.6229858398438,61.70404052734375,8.642313,4.883362,22.185911,25.732899
IR_57340.jpg,2025-04-23 13:35:03,Cableduct,574.4708862304688,35.51686477661133,621.6593627929688,57.699642181396484,9.970490,5.151218,22.452692,25.900000
IR_57340.jpg,2025-04-23 13:35:03,Screen,609.3114013671875,275.9139404296875,639.8455810546875,377.230224609375,11.178778,4.845979,21.506111,25.766319
IR_57340.jpg,2025-04-23 13:35:03,Cableduct,219.67340087890625,1.5282211303710938,316.24139404296875,50.385231018066406,11.391402,3.328050,21.447905,25.900000
IR_57340.jpg,2025-04-23 13:35:03,Cableduct,430.697998046875,37.251102447509766,462.97119140625,57.413570404052734,7.426198,4.541750,22.100807,25.900000
IR_57340.jpg,2025-04-23 13:35:03,Machine,479.8800048828125,133.22988891601562,561.966064453125,218.29562377929688,4.568091,5.358623,21.923742,25.900000
IR_57340.jpg,2025-04-23 13:35:03,Cableduct,322.90924072265625,15.524993896484375,357.96417236328125,41.1652717590332,7.287302,3.328357,21.991573,25.900000
IR_57340.jpg,2025-04-23 13:35:03,Machine,109.23631286621094,173.79571533203125,143.61524963378906,269.9276123046875,6.461221,0.433000,23.947081,25.849869
IR_57340.jpg,2025-04-23 13:35:03,Window,136.4647979736328,51.95523452758789,176.0135040283203,129.33328247070312,1.611323,0.419600,23.139338,25.381985
IR_57341.jpg,2025-04-23 13:35:32,Screen,340.9683837890625,275.9700927734375,473.9990234375,375.692626953125,11.486794,4.129785,22.081312,25.700001
IR_57341.jpg,2025-04-23 13:35:32,Cableduct,529.019775390625,38.83436584472656,568.546630859375,61.52870178222656,8.601295,4.877377,22.020325,25.650652
IR_57341.jpg,2025-04-23 13:35:32,Machine,479.37457275390625,132.33348083496094,562.5899047851562,220.3638458251953,4.643935,5.316401,21.876547,25.700001
IR_57341.jpg,2025-04-23 13:35:32,Cableduct,430.6136474609375,37.8279914855957,461.12945556640625,56.41106033325195,7.442451,4.555929,22.079504,25.700001
IR_57341.jpg,2025-04-23 13:35:32,Cableduct,574.7208251953125,34.91319274902344,622.6871337890625,57.750701904296875,10.014328,5.157040,22.181349,25.700001
IR_57341.jpg,2025-04-23 13:35:32,Cableduct,220.5362548828125,1.2651824951171875,315.947265625,49.60959243774414,11.260861,3.313115,21.260729,25.700001
IR_57341.jpg,2025-04-23 13:35:32,Cableduct,322.84039306640625,14.807926177978516,357.41534423828125,41.202125549316406,7.378648,3.351731,21.735033,25.700001
IR_57341.jpg,2025-04-23 13:35:32,Machine,105.81895446777344,175.10189819335938,144.28111267089844,273.0414733886719,6.662983,0.435243,23.633156,25.650652
IR_57341.jpg,2025-04-23 13:35:32,Screen,610.11376953125,276.5653381347656,639.57666015625,369.2808532714844,10.915913,4.963568,21.228502,25.568407
IR_57341.jpg,2025-04-23 13:35:32,Window,134.0686492919922,50.4661865234375,176.8416290283203,128.02557373046875,1.615216,0.422350,22.882124,25.288773
IR_57341.jpg,2025-04-23 13:35:32,Screen,613.890380859375,249.27894592285156,639.5341796875,345.017333984375,10.713465,5.016652,20.836899,25.700001
IR_57342.jpg,2025-04-23 13:36:02,Screen,342.09100341796875,275.69219970703125,473.60638427734375,376.75396728515625,11.377322,4.119336,22.062210,25.700001
IR_57342.jpg,2025-04-23 13:36:02,Cableduct,528.8837890625,38.8515625,568.306396484375,62.02595520019531,8.620716,4.880772,21.926598,25.516188
IR_57342.jpg,2025-04-23 13:36:02,Machine,479.65338134765625,133.12811279296875,561.5601196289062,218.8665771484375,4.580560,5.343506,21.952801,25.700001
IR_57342.jpg,2025-04-23 13:36:02,Screen,610.2371826171875,276.0096435546875,639.7623291015625,375.17840576171875,11.132059,4.869089,21.283331,25.566319
IR_57342.jpg,2025-04-23 13:36:02,Cableduct,430.30975341796875,36.922935485839844,462.12628173828125,57.110801696777344,7.471255,4.549144,21.859905,25.700001
IR_57342.jpg,2025-04-23 13:36:02,Cableduct,574.564697265625,35.18870544433594,621.777587890625,57.822547912597656,10.008446,5.156585,22.197824,25.700001
IR_57342.jpg,2025-04-23 13:36:02,Cableduct,219.2889404296875,1.4009513854980469,316.85614013671875,49.97700119018555,11.551380,3.354118,21.195196,25.700001
IR_57342.jpg,2025-04-23 13:36:02,Machine,105.96467590332031,175.59832763671875,143.1375274658203,271.34576416015625,6.631826,0.431988,23.656397,25.649870
IR_57342.jpg,2025-04-23 13:36:02,Cableduct,322.40435791015625,15.260501861572266,357.56365966796875,40.62053680419922,7.270721,3.321049,21.752237,25.700001
IR_57342.jpg,2025-04-23 13:36:02,Window,136.6249542236328,51.9559326171875,175.6453399658203,127.21661376953125,1.504963,0.413870,22.956203,25.282246
IR_57342.jpg,2025-04-23 13:36:02,Screen,612.493408203125,258.34661865234375,639.47265625,357.508544921875,10.949289,4.926801,20.905354,25.700001
IR_57343.jpg,2025-04-23 13:36:32,Screen,341.8019714355469,276.37060546875,473.2538757324219,375.8668212890625,11.401323,4.123050,22.154802,25.700001
IR_57343.jpg,2025-04-23 13:36:32,Cableduct,529.40478515625,38.75439453125,568.51953125,61.525634765625,8.628121,4.881773,22.073336,25.650652
IR_57343.jpg,2025-04-23 13:36:32,Screen,609.0037841796875,275.21002197265625,639.6409912109375,369.38018798828125,10.900610,4.960012,21.289293,25.568407
IR_57343.jpg,2025-04-23 13:36:32,Cableduct,574.3187255859375,34.0620231628418,622.378173828125,58.53818893432617,10.105272,5.167438,22.147091,25.700001
IR_57343.jpg,2025-04-23 13:36:32,Cableduct,220.48574829101562,1.426422119140625,316.3158264160156,49.5448112487793,11.323767,3.322250,21.272848,25.700001
IR_57343.jpg,2025-04-23 13:36:32,Machine,105.73709106445312,175.2901611328125,143.48338317871094,272.901123046875,6.658401,0.431611,23.694141,25.650652
IR_57343.jpg,2025-04-23 13:36:32,Machine,479.87042236328125,132.2199249267578,563.9721069335938,220.74403381347656,4.668964,5.319882,22.011045,25.700001
IR_57343.jpg,2025-04-23 13:36:32,Cableduct,323.47357177734375,15.983695983886719,357.00225830078125,40.040523529052734,7.205782,3.292753,21.840410,25.700001
IR_57343.jpg,2025-04-23 13:36:32,Window,135.09902954101562,50.991485595703125,176.41360473632812,128.40765380859375,1.600258,0.419511,22.905195,25.239426
IR_57343.jpg,2025-04-23 13:36:32,Screen,611.2423095703125,232.27288818359375,640.0,353.61248779296875,11.520884,4.943926,20.987551,25.700001
IR_57344.jpg,2025-04-23 13:37:02,Screen,344.17083740234375,276.63623046875,472.5626220703125,374.2625732421875,11.230608,4.131165,22.191540,25.700001
IR_57344.jpg,2025-04-23 13:37:02,Cableduct,574.5660400390625,35.199249267578125,621.1932373046875,58.788482666015625,10.062275,5.164422,22.245876,25.700001
IR_57344.jpg,2025-04-23 13:37:02,Screen,609.736083984375,276.42352294921875,639.6593017578125,369.27117919921875,10.904732,4.967399,21.320015,25.502611
IR_57344.jpg,2025-04-23 13:37:02,Cableduct,529.340576171875,38.87803649902344,567.74658203125,62.03904724121094,8.651960,4.885576,22.077051,25.634203
IR_57344.jpg,2025-04-23 13:37:02,Machine,479.977294921875,131.42120361328125,562.8961181640625,219.3289794921875,4.669708,5.321091,21.652504,25.700001
IR_57344.jpg,2025-04-23 13:37:02,Machine,106.38070678710938,174.84161376953125,143.29380798339844,272.2501220703125,6.610981,0.428828,23.708740,25.650652
IR_57344.jpg,2025-04-23 13:37:02,Cableduct,221.4832305908203,1.3219680786132812,317.15533447265625,50.25000762939453,11.296053,3.339053,21.265564,25.650652
IR_57344.jpg,2025-04-23 13:37:02,Window,134.88185119628906,50.633392333984375,176.5283966064453,127.99612426757812,1.604179,0.423224,22.915823,25.321671
IR_57344.jpg,2025-04-23 13:37:02,Cableduct,323.2581787109375,15.666606903076172,357.1756591796875,40.11697006225586,7.234906,3.303686,21.857004,25.700001
IR_57344.jpg,2025-04-23 13:37:02,Cableduct,430.6256408691406,36.36817932128906,462.0696105957031,57.87725830078125,7.588022,4.573396,21.904882,25.700001
IR_57345.jpg,2025-04-23 13:37:33,Screen,342.44927978515625,276.1610107421875,473.03448486328125,374.9512939453125,11.346142,4.127929,22.273939,25.799999
IR_57345.jpg,2025-04-23 13:37:33,Cableduct,574.41357421875,35.446006774902344,621.700439453125,57.9051513671875,9.982925,5.153212,22.457439,25.799999
IR_57345.jpg,2025-04-23 13:37:33,Cableduct,529.37646484375,38.95199966430664,567.8858642578125,61.75045394897461,8.630833,4.882261,22.246698,25.635509
IR_57345.jpg,2025-04-23 13:37:33,Screen,610.4561767578125,275.78509521484375,639.6224365234375,370.839599609375,10.983160,4.930289,21.486656,25.569714
IR_57345.jpg,2025-04-23 13:37:33,Machine,106.24545288085938,175.11419677734375,142.83587646484375,272.4893798828125,6.622037,0.429763,23.846296,25.750652
IR_57345.jpg,2025-04-23 13:37:33,Cableduct,220.88491821289062,1.0243644714355469,316.2686462402344,49.83558654785156,11.258669,3.323675,21.384727,25.799999
IR_57345.jpg,2025-04-23 13:37:33,Cableduct,322.40106201171875,15.113716125488281,356.83782958984375,41.048187255859375,7.326685,3.332768,21.941757,25.799999
IR_57345.jpg,2025-04-23 13:37:33,Window,135.75430297851562,51.438995361328125,176.50827026367188,126.91470336914062,1.514843,0.419357,23.065153,25.339426
IR_57345.jpg,2025-04-23 13:37:33,Cableduct,431.1162414550781,36.113075256347656,462.2532653808594,56.744468688964844,7.566185,4.566081,22.090683,25.799999
IR_57345.jpg,2025-04-23 13:37:33,Machine,479.30487060546875,132.46435546875,562.0056762695312,217.47412109375,4.578448,5.364732,21.737253,25.799999
IR_57346.jpg,2025-04-23 13:38:02,Screen,341.901611328125,276.24798583984375,472.8104248046875,374.85418701171875,11.369753,4.125895,22.202202,25.700001
IR_57346.jpg,2025-04-23 13:38:02,Cableduct,574.3038330078125,35.903900146484375,621.9229736328125,58.44061279296875,9.956250,5.150748,22.318384,25.700001
IR_57346.jpg,2025-04-23 13:38:02,Screen,609.3746337890625,275.06964111328125,639.7091064453125,368.6466064453125,10.891033,4.967645,21.417219,25.584856
IR_57346.jpg,2025-04-23 13:38:02,Cableduct,220.30148315429688,1.5852737426757812,314.9217224121094,50.484130859375,11.103008,3.278112,21.319077,25.700001
IR_57346.jpg,2025-04-23 13:38:02,Cableduct,529.1385498046875,40.3544921875,565.4422607421875,61.33610534667969,8.516023,4.864252,22.301462,25.535509
IR_57346.jpg,2025-04-23 13:38:02,Cableduct,322.41461181640625,14.64938735961914,357.47509765625,40.471580505371094,7.333486,3.338942,21.853706,25.700001
IR_57346.jpg,2025-04-23 13:38:02,Machine,105.10279846191406,175.21319580078125,143.6780548095703,272.7831726074219,6.681104,0.432135,23.694803,25.650652
IR_57346.jpg,2025-04-23 13:38:02,Machine,479.118408203125,133.16390991210938,561.2650146484375,218.39117431640625,4.562321,5.352358,21.699734,25.700001
IR_57346.jpg,2025-04-23 13:38:02,Window,135.73001098632812,50.6954345703125,176.25448608398438,127.68109130859375,1.601721,0.425847,22.947369,25.173630
IR_57346.jpg,2025-04-23 13:38:02,Cableduct,430.40667724609375,36.88538360595703,462.1339111328125,56.306976318359375,7.435165,4.539737,22.033278,25.700001
IR_57347.jpg,2025-04-23 13:38:32,Screen,341.3025207519531,276.0813903808594,474.2295227050781,375.9069519042969,11.482710,4.131112,22.142048,25.700001
IR_57347.jpg,2025-04-23 13:38:32,Cableduct,220.740966796875,1.4584197998046875,316.62548828125,49.401302337646484,11.341197,3.328281,21.288071,25.700001
IR_57347.jpg,2025-04-23 13:38:32,Cableduct,574.70556640625,36.59840774536133,621.719482421875,57.58633804321289,9.874413,5.133544,22.432737,25.650652
IR_57347.jpg,2025-04-23 13:38:32,Cableduct,529.0798950195312,40.18214416503906,566.2957153320312,60.8699951171875,8.491288,4.860195,22.353476,25.551958
IR_57347.jpg,2025-04-23 13:38:32,Cableduct,430.2931823730469,36.46864318847656,462.1300964355469,57.18070983886719,7.514253,4.554254,21.937191,25.700001
IR_57347.jpg,2025-04-23 13:38:32,Machine,105.46966552734375,175.13314819335938,143.63909912109375,272.1648864746094,6.655550,0.431539,23.691874,25.650652
IR_57347.jpg,2025-04-23 13:38:32,Window,136.25128173828125,51.680564880371094,175.79476928710938,127.77356719970703,1.545274,0.416131,23.002102,25.239426
IR_57347.jpg,2025-04-23 13:38:32,Screen,610.81298828125,277.71612548828125,639.590087890625,370.0177001953125,10.945461,4.957846,21.422304,25.486162
IR_57347.jpg,2025-04-23 13:38:32,Machine,478.96624755859375,132.99649047851562,561.0375366210938,216.62796020507812,4.531544,5.373446,21.722221,25.700001
IR_57347.jpg,2025-04-23 13:38:32,Cableduct,322.9976806640625,15.977821350097656,357.4783935546875,41.275272369384766,7.254546,3.314556,21.852861,25.700001
IR_57347.jpg,2025-04-23 13:38:32,Machine,483.2518310546875,105.19239807128906,576.951904296875,200.5394744873047,5.969050,5.163465,21.693949,25.700001
IR_57348.jpg,2025-04-23 13:39:02,Screen,342.45343017578125,276.1219177246094,473.55657958984375,375.2348327636719,11.375128,4.130914,22.167580,25.700001
IR_57348.jpg,2025-04-23 13:39:02,Cableduct,573.68798828125,35.090248107910156,621.962646484375,58.547996520996094,9.991823,5.152310,22.328875,25.700001
IR_57348.jpg,2025-04-23 13:39:02,Screen,609.5484619140625,275.7958984375,639.6387939453125,368.14501953125,10.872878,4.979363,21.389959,25.568407
IR_57348.jpg,2025-04-23 13:39:02,Cableduct,530.0775146484375,38.83998107910156,567.7960205078125,61.900787353515625,8.684643,4.891338,22.289631,25.551958
IR_57348.jpg,2025-04-23 13:39:02,Cableduct,220.50360107421875,1.3434104919433594,316.8077392578125,50.0489616394043,11.380331,3.339277,21.311464,25.700001
IR_57348.jpg,2025-04-23 13:39:02,Cableduct,430.31195068359375,36.68839645385742,462.63690185546875,56.161685943603516,7.403827,4.527781,22.075146,25.700001
IR_57348.jpg,2025-04-23 13:39:02,Machine,106.15760803222656,175.51019287109375,143.3582000732422,271.755126953125,6.630194,0.432728,23.731531,25.650652
IR_57348.jpg,2025-04-23 13:39:02,Window,135.47314453125,51.3199462890625,175.81781005859375,128.20252990722656,1.576480,0.415620,22.976719,25.190079
IR_57348.jpg,2025-04-23 13:39:02,Machine,479.762939453125,131.82293701171875,560.82861328125,216.26669311523438,4.585845,5.357002,21.806301,25.700001
IR_57348.jpg,2025-04-23 13:39:02,Cableduct,323.306884765625,15.637321472167969,357.6092529296875,41.75069808959961,7.332969,3.338841,21.922194,25.700001
IR_57348.jpg,2025-04-23 13:39:02,Machine,484.4465637207031,103.24034118652344,577.009521484375,200.64927673339844,6.069007,5.125691,21.758598,25.650652
IR_57349.jpg,2025-04-23 13:39:32,Screen,343.1502685546875,275.6842041015625,473.0841064453125,375.4898681640625,11.286662,4.124637,22.219593,25.799999
IR_57349.jpg,2025-04-23 13:39:32,Cableduct,530.05322265625,38.962127685546875,567.4178466796875,61.066314697265625,8.640143,4.882863,22.353508,25.632898
IR_57349.jpg,2025-04-23 13:39:32,Cableduct,573.8524169921875,34.893455505371094,620.4962158203125,57.62975311279297,10.014013,5.154307,22.424065,25.749870
IR_57349.jpg,2025-04-23 13:39:32,Screen,611.4666748046875,275.31365966796875,639.7115478515625,372.34063720703125,11.085421,4.893534,21.496269,25.632898
IR_57349.jpg,2025-04-23 13:39:32,Cableduct,218.54603576660156,1.54010009765625,316.2911376953125,50.380855560302734,11.549325,3.342782,21.354961,25.749870
IR_57349.jpg,2025-04-23 13:39:32,Cableduct,430.44696044921875,35.42170715332031,463.77667236328125,56.8463134765625,7.485399,4.530748,22.090763,25.749870
IR_57349.jpg,2025-04-23 13:39:32,Cableduct,323.7453918457031,15.543994903564453,357.2305603027344,41.6792106628418,7.363842,3.343580,22.002048,25.799999
IR_57349.jpg,2025-04-23 13:39:32,Machine,106.19233703613281,175.70187377929688,143.47023010253906,270.2722473144531,6.616781,0.433992,23.791075,25.749870
IR_57349.jpg,2025-04-23 13:39:32,Machine,479.99462890625,134.40994262695312,560.566162109375,215.95697021484375,4.468404,5.388683,21.879436,25.799999
IR_57349.jpg,2025-04-23 13:39:32,Window,134.83050537109375,50.343475341796875,176.31463623046875,127.24252319335938,1.592027,0.425854,22.975666,25.415667
IR_57349.jpg,2025-04-23 13:39:32,Machine,485.1506042480469,103.4677734375,575.9443359375,201.428466796875,6.031511,5.113723,21.838495,25.749870
IR_57350.jpg,2025-04-23 13:40:03,Screen,340.58978271484375,275.55859375,473.62646484375,375.7945556640625,11.473003,4.124245,22.234081,25.799999
IR_57350.jpg,2025-04-23 13:40:03,Cableduct,529.232666015625,40.235084533691406,565.724365234375,61.38245391845703,8.528610,4.866435,22.438122,25.619061
IR_57350.jpg,2025-04-23 13:40:03,Cableduct,430.1822204589844,35.47721481323242,463.0386657714844,57.31698226928711,7.540480,4.545990,22.093760,25.635509
IR_57350.jpg,2025-04-23 13:40:03,Cableduct,573.693115234375,34.285980224609375,621.197998046875,57.95478057861328,10.055435,5.159185,22.434345,25.799999
IR_57350.jpg,2025-04-23 13:40:03,Cableduct,219.1339569091797,1.7839469909667969,316.57061767578125,51.39870071411133,11.476278,3.340493,21.406418,25.750652
IR_57350.jpg,2025-04-23 13:40:03,Screen,609.4610595703125,273.44439697265625,639.5811767578125,369.9302978515625,10.954412,4.928935,21.432175,25.602612
IR_57350.jpg,2025-04-23 13:40:03,Machine,106.01490783691406,175.81964111328125,143.54774475097656,272.3591613769531,6.655255,0.435694,23.814322,25.750652
IR_57350.jpg,2025-04-23 13:40:03,Cableduct,322.598876953125,14.652328491210938,358.506103515625,41.58049011230469,7.390387,3.365230,21.972252,25.799999
IR_57350.jpg,2025-04-23 13:40:03,Machine,479.2367248535156,132.4161376953125,560.9495849609375,216.66204833984375,4.561287,5.364316,21.930738,25.750652
IR_57350.jpg,2025-04-23 13:40:03,Machine,483.70465087890625,102.75867462158203,577.5160522460938,200.6114501953125,6.115147,5.130108,21.862659,25.750652
IR_57350.jpg,2025-04-23 13:40:03,Window,134.73117065429688,51.62800979614258,176.11428833007812,127.99150085449219,1.540202,0.411656,23.013407,25.339426
IR_57351.jpg,2025-04-23 13:40:32,Screen,341.28948974609375,276.0206298828125,472.776611328125,375.6610107421875,11.393261,4.118626,22.186020,25.700001
IR_57351.jpg,2025-04-23 13:40:32,Cableduct,529.3984375,38.85350036621094,567.48291015625,60.778656005859375,8.602953,4.875527,22.311728,25.519060
IR_57351.jpg,2025-04-23 13:40:32,Cableduct,430.17523193359375,35.59392547607422,462.09979248046875,58.08128356933594,7.637105,4.574137,22.009775,25.700001
IR_57351.jpg,2025-04-23 13:40:32,Cableduct,573.9115600585938,34.70549774169922,621.2914428710938,57.71495819091797,10.019949,5.155576,22.323839,25.700001
IR_57351.jpg,2025-04-23 13:40:32,Screen,610.07470703125,277.15478515625,639.587890625,367.8157958984375,10.862789,4.991958,21.300587,25.650652
IR_57351.jpg,2025-04-23 13:40:32,Cableduct,219.09494018554688,1.5849494934082031,316.8821105957031,51.43219757080078,11.530201,3.354476,21.305042,25.650652
IR_57351.jpg,2025-04-23 13:40:32,Machine,485.4853820800781,104.2442855834961,577.3310546875,200.65872192382812,6.015702,5.132607,21.770792,25.650652
IR_57351.jpg,2025-04-23 13:40:32,Machine,106.95503234863281,175.35635375976562,143.4973907470703,271.6101379394531,6.595555,0.432467,23.739393,25.650652
IR_57351.jpg,2025-04-23 13:40:32,Cableduct,321.6231384277344,15.73779296875,359.0107116699219,41.777244567871094,7.229619,3.324421,21.855131,25.700001
IR_57351.jpg,2025-04-23 13:40:32,Window,135.10760498046875,51.94377136230469,176.19610595703125,130.03460693359375,1.605975,0.407903,22.940029,25.239426
IR_57351.jpg,2025-04-23 13:40:32,Machine,479.6718444824219,133.70343017578125,561.3046875,216.68707275390625,4.511112,5.381026,21.822508,25.650652
IR_57351.jpg,2025-04-23 13:40:32,Screen,611.6226196289062,235.71054077148438,639.9649047851562,357.2730407714844,11.613346,4.897278,21.108957,25.700001
IR_57352.jpg,2025-04-23 13:41:02,Screen,340.3720703125,275.60028076171875,474.3958740234375,376.0313720703125,11.535007,4.132216,22.155546,25.700001
IR_57352.jpg,2025-04-23 13:41:02,Cableduct,430.3621826171875,36.18305206298828,462.50714111328125,58.25531768798828,7.578622,4.566691,22.039459,25.650652
IR_57352.jpg,2025-04-23 13:41:02,Cableduct,574.0231323242188,34.386512756347656,621.7789916992188,57.888816833496094,10.047943,5.159018,22.342573,25.700001
IR_57352.jpg,2025-04-23 13:41:02,Cableduct,220.1309356689453,1.6725425720214844,316.03997802734375,51.084312438964844,11.274557,3.313914,21.350773,25.650652
IR_57352.jpg,2025-04-23 13:41:02,Cableduct,530.1832275390625,39.07502746582031,567.5386962890625,60.81001281738281,8.621964,4.880271,22.347872,25.519060
IR_57352.jpg,2025-04-23 13:41:02,Screen,609.222900390625,274.2943115234375,639.576904296875,368.958984375,10.906899,4.953987,21.339075,25.650652
IR_57352.jpg,2025-04-23 13:41:02,Machine,479.7930908203125,133.44703674316406,560.976318359375,217.3917694091797,4.538424,5.367386,21.815397,25.650652
IR_57352.jpg,2025-04-23 13:41:02,Window,135.22267150878906,52.16032028198242,175.87782287597656,127.75184631347656,1.498894,0.407592,23.013996,25.091383
IR_57352.jpg,2025-04-23 13:41:02,Machine,106.3372802734375,175.43865966796875,144.0826416015625,272.1827697753906,6.637046,0.435990,23.727556,25.650652
IR_57352.jpg,2025-04-23 13:41:02,Cableduct,323.42059326171875,16.235591888427734,357.36566162109375,39.92103958129883,7.160948,3.282155,22.064928,25.700001
IR_57352.jpg,2025-04-23 13:41:02,Machine,483.2355651855469,102.29340362548828,577.666259765625,200.31890869140625,6.149484,5.133297,21.743158,25.650652
IR_57352.jpg,2025-04-23 13:41:02,Screen,611.2239379882812,231.8818359375,639.9540405273438,356.62115478515625,11.693064,4.920794,21.127810,25.700001
IR_57353.jpg,2025-04-23 13:41:32,Screen,341.4591064453125,275.77618408203125,473.103759765625,375.07513427734375,11.398325,4.125791,22.165079,25.700001
IR_57353.jpg,2025-04-23 13:41:32,Cableduct,574.6731567382812,34.62257385253906,622.4877319335938,59.08973693847656,10.100241,5.169473,22.200462,25.700001
IR_57353.jpg,2025-04-23 13:41:32,Cableduct,529.3702392578125,38.76885223388672,567.6649169921875,61.47686004638672,8.638659,4.882190,22.204376,25.519060
IR_57353.jpg,2025-04-23 13:41:32,Cableduct,430.13653564453125,34.965301513671875,461.9658203125,57.90179443359375,7.689616,4.579609,22.021208,25.700001
IR_57353.jpg,2025-04-23 13:41:32,Machine,479.3385925292969,133.78091430664062,559.560791015625,217.34774780273438,4.515652,5.360033,21.759054,25.700001
IR_57353.jpg,2025-04-23 13:41:32,Cableduct,220.37295532226562,1.5973396301269531,315.6368103027344,50.981388092041016,11.185380,3.299732,21.354277,25.650652
IR_57353.jpg,2025-04-23 13:41:32,Machine,106.61482238769531,175.85537719726562,143.46749877929688,271.7165832519531,6.623812,0.435444,23.738483,25.650652
IR_57353.jpg,2025-04-23 13:41:32,Screen,609.1956787109375,273.409912109375,639.6563720703125,369.06402587890625,10.919525,4.945509,21.325462,25.551958
IR_57353.jpg,2025-04-23 13:41:32,Window,135.16506958007812,51.44317626953125,176.45541381835938,129.75462341308594,1.629223,0.414483,22.928921,25.239426
IR_57353.jpg,2025-04-23 13:41:32,Cableduct,323.4344787597656,15.775138854980469,357.9270935058594,40.51524353027344,7.240697,3.311382,22.022781,25.700001
IR_57353.jpg,2025-04-23 13:41:32,Screen,612.0956420898438,227.31085205078125,639.9923706054688,353.6318359375,11.781065,4.987299,21.053415,23.101044
IR_57354.jpg,2025-04-23 13:42:02,Screen,341.23699951171875,276.10723876953125,472.53387451171875,375.75311279296875,11.383854,4.115690,22.144285,25.700001
IR_57354.jpg,2025-04-23 13:42:02,Cableduct,574.1380615234375,34.47724151611328,621.6016845703125,59.32709503173828,10.115064,5.170249,22.165068,25.700001
IR_57354.jpg,2025-04-23 13:42:02,Cableduct,430.5211181640625,35.51031494140625,462.43743896484375,57.540130615234375,7.613322,4.567674,21.965384,25.700001
IR_57354.jpg,2025-04-23 13:42:02,Cableduct,528.726806640625,39.88572692871094,565.7227783203125,60.961578369140625,8.515944,4.862095,22.266333,25.568407
IR_57354.jpg,2025-04-23 13:42:02,Screen,608.9129638671875,274.85693359375,639.6390380859375,370.61181640625,10.939531,4.938826,21.297237,25.568407
IR_57354.jpg,2025-04-23 13:42:02,Cableduct,220.25784301757812,1.68853759765625,315.4368591308594,51.294708251953125,11.158718,3.293260,21.318264,25.650652
IR_57354.jpg,2025-04-23 13:42:02,Machine,479.4439392089844,132.62359619140625,561.8013916015625,216.76681518554688,4.557584,5.371455,21.693481,25.700001
IR_57354.jpg,2025-04-23 13:42:02,Machine,105.36959838867188,175.1370849609375,143.36801147460938,271.724853515625,6.649535,0.430230,23.685684,25.650652
IR_57354.jpg,2025-04-23 13:42:02,Cableduct,322.46673583984375,15.47674560546875,358.19342041015625,41.60105514526367,7.297550,3.335342,21.877342,25.700001
IR_57354.jpg,2025-04-23 13:42:02,Window,135.92410278320312,51.98435974121094,176.47622680664062,129.45068359375,1.587961,0.412307,22.900383,25.321671
IR_57354.jpg,2025-04-23 13:42:02,Machine,483.1858215332031,106.32907104492188,577.939697265625,203.09185791015625,5.951799,5.181191,21.631811,25.700001
IR_57355.jpg,2025-04-23 13:42:32,Screen,342.028076171875,276.22528076171875,472.6446533203125,374.45892333984375,11.353283,4.127232,22.184591,25.700001
IR_57355.jpg,2025-04-23 13:42:32,Cableduct,574.31494140625,34.759647369384766,622.320068359375,58.21785354614258,10.033421,5.158740,22.210321,25.700001
IR_57355.jpg,2025-04-23 13:42:32,Screen,608.3780517578125,275.67852783203125,639.6304931640625,368.69439697265625,10.854497,4.980390,21.272795,25.568407
IR_57355.jpg,2025-04-23 13:42:32,Cableduct,219.69827270507812,1.7178192138671875,316.8084411621094,51.10858917236328,11.447693,3.342360,21.310848,25.650652
IR_57355.jpg,2025-04-23 13:42:32,Cableduct,530.4615478515625,39.35474395751953,567.3475341796875,60.90229034423828,8.617928,4.880719,22.275225,25.584856
IR_57355.jpg,2025-04-23 13:42:32,Machine,106.52108764648438,175.78286743164062,143.48281860351562,271.8933410644531,6.627704,0.435147,23.744202,25.650652
IR_57355.jpg,2025-04-23 13:42:32,Cableduct,430.56536865234375,36.63583755493164,462.07598876953125,58.49705123901367,7.594721,4.578338,21.911379,25.700001
IR_57355.jpg,2025-04-23 13:42:32,Cableduct,322.3909606933594,15.364876747131348,358.9992980957031,42.70178985595703,7.360546,3.362520,21.832687,25.700001
IR_57355.jpg,2025-04-23 13:42:32,Machine,479.63226318359375,133.5571746826172,561.8025512695312,217.9243927001953,4.543064,5.370125,21.675955,25.700001
IR_57355.jpg,2025-04-23 13:42:32,Window,136.16986083984375,51.19215393066406,176.11138916015625,127.69857788085938,1.575240,0.422447,22.966627,25.239426
IR_57356.jpg,2025-04-23 13:43:03,Screen,341.43365478515625,275.98309326171875,473.23455810546875,376.14349365234375,11.408460,4.119749,21.971035,25.500000
IR_57356.jpg,2025-04-23 13:43:03,Cableduct,529.7718505859375,39.07999038696289,567.6671142578125,61.32075881958008,8.622629,4.880871,21.997618,25.500000
IR_57356.jpg,2025-04-23 13:43:03,Cableduct,574.8453369140625,34.612464904785156,623.4146728515625,58.09668731689453,10.042492,5.160629,22.015244,25.500000
IR_57356.jpg,2025-04-23 13:43:03,Screen,608.546630859375,274.8249206542969,639.656494140625,370.2850646972656,10.918409,4.947079,21.150866,25.370497
IR_57356.jpg,2025-04-23 13:43:03,Machine,106.1820068359375,175.86834716796875,143.856201171875,272.52191162109375,6.656621,0.437628,23.549917,25.451435
IR_57356.jpg,2025-04-23 13:43:03,Cableduct,221.1070098876953,1.7046012878417969,316.81597900390625,51.062259674072266,11.262671,3.326088,21.152306,25.451435
IR_57356.jpg,2025-04-23 13:43:03,Window,135.95152282714844,51.81864929199219,176.4065704345703,128.00885009765625,1.535775,0.414812,22.737196,25.046736
IR_57356.jpg,2025-04-23 13:43:03,Cableduct,322.97503662109375,15.93921947479248,357.5560302734375,41.238712310791016,7.254406,3.315148,21.716925,25.500000
IR_57356.jpg,2025-04-23 13:43:03,Machine,478.7503662109375,132.87088012695312,561.605712890625,216.64566040039062,4.539983,5.376404,21.499104,25.500000
IR_57356.jpg,2025-04-23 13:43:03,Cableduct,430.83038330078125,37.041786193847656,462.71893310546875,56.95301055908203,7.444819,4.544839,21.894789,25.500000
IR_57357.jpg,2025-04-23 13:43:32,Screen,340.8458557128906,275.7684326171875,473.4503479003906,376.46142578125,11.449219,4.118454,21.872534,25.400000
IR_57357.jpg,2025-04-23 13:43:32,Cableduct,529.858642578125,39.081520080566406,567.607421875,61.485374450683594,8.635608,4.883197,21.911280,25.400000
IR_57357.jpg,2025-04-23 13:43:32,Screen,609.14599609375,276.57061767578125,639.6187744140625,368.873291015625,10.872816,4.979347,21.033796,25.189556
IR_57357.jpg,2025-04-23 13:43:32,Cableduct,574.21728515625,33.98138427734375,622.572509765625,58.606597900390625,10.103640,5.166706,21.914778,25.400000
IR_57357.jpg,2025-04-23 13:43:32,Machine,478.97418212890625,133.1357421875,562.0079956054688,217.96820068359375,4.557535,5.368645,21.486567,25.400000
IR_57357.jpg,2025-04-23 13:43:32,Machine,106.28797912597656,175.69448852539062,143.33010864257812,271.71734619140625,6.629688,0.433732,23.462269,25.351437
IR_57357.jpg,2025-04-23 13:43:32,Cableduct,219.32330322265625,1.6934242248535156,317.458251953125,51.90359115600586,11.570187,3.368054,21.057291,25.400000
IR_57357.jpg,2025-04-23 13:43:32,Cableduct,430.59686279296875,36.95909881591797,462.33502197265625,56.888450622558594,7.459791,4.547415,21.780853,25.400000
IR_57357.jpg,2025-04-23 13:43:32,Cableduct,322.42926025390625,15.595696449279785,359.10076904296875,42.08056640625,7.295664,3.342785,21.565393,25.400000
IR_57357.jpg,2025-04-23 13:43:32,Window,135.25445556640625,51.563323974609375,176.37811279296875,130.04901123046875,1.640362,0.415119,22.624041,24.995300
IR_57357.jpg,2025-04-23 13:43:32,Screen,614.2867431640625,248.0142822265625,639.6795654296875,343.818359375,10.709339,5.026929,20.677660,25.400000
IR_57358.jpg,2025-04-23 13:44:02,Screen,340.68499755859375,275.768310546875,473.5394287109375,375.8515625,11.468348,4.123475,21.856306,25.400000
IR_57358.jpg,2025-04-23 13:44:02,Cableduct,573.9822998046875,34.62678527832031,621.6746826171875,58.930213928222656,10.073577,5.163971,21.935373,25.400000
IR_57358.jpg,2025-04-23 13:44:02,Cableduct,529.2021484375,38.98261260986328,567.404541015625,60.971046447753906,8.591802,4.874128,21.911734,25.351437
IR_57358.jpg,2025-04-23 13:44:02,Screen,609.8213500976562,274.8330078125,639.8339233398438,375.0355224609375,11.136259,4.863976,21.130209,25.351437
IR_57358.jpg,2025-04-23 13:44:02,Cableduct,430.7574157714844,36.46055603027344,462.5182800292969,57.694740295410156,7.547264,4.563775,21.692793,25.400000
IR_57358.jpg,2025-04-23 13:44:02,Machine,106.854248046875,173.7142333984375,144.09779357910156,272.14739990234375,6.581019,0.435045,23.408735,25.351437
IR_57358.jpg,2025-04-23 13:44:02,Cableduct,219.11529541015625,1.46661376953125,317.26708984375,51.91953659057617,11.571182,3.368766,21.053488,25.400000
IR_57358.jpg,2025-04-23 13:44:02,Machine,479.8892517089844,130.92788696289062,562.0091552734375,219.37161254882812,4.689962,5.302706,21.533285,25.400000
IR_57358.jpg,2025-04-23 13:44:02,Cableduct,320.7010498046875,14.746776580810547,357.2529296875,41.94784927368164,7.347525,3.349203,21.518396,25.400000
IR_57358.jpg,2025-04-23 13:44:02,Window,135.91075134277344,51.27578353881836,176.9563446044922,129.91610717773438,1.669574,0.425827,22.620922,24.995300
IR_57359.jpg,2025-04-23 13:44:33,Screen,341.5462646484375,276.2405090332031,473.5191650390625,377.0311584472656,11.422281,4.116753,21.832388,25.400000
IR_57359.jpg,2025-04-23 13:44:33,Cableduct,574.0057983398438,33.837310791015625,622.2202758789062,59.877471923828125,10.168455,5.176062,21.798325,25.400000
IR_57359.jpg,2025-04-23 13:44:33,Machine,480.0794677734375,132.28045654296875,563.010009765625,219.48297119140625,4.636801,5.332930,21.775429,25.400000
IR_57359.jpg,2025-04-23 13:44:33,Cableduct,530.1815185546875,39.40672302246094,566.9693603515625,61.03364562988281,8.612424,4.879364,21.875336,25.205744
IR_57359.jpg,2025-04-23 13:44:33,Screen,609.322265625,275.6728515625,639.684326171875,371.06402587890625,10.955277,4.937328,21.038809,25.286684
IR_57359.jpg,2025-04-23 13:44:33,Cableduct,221.02435302734375,1.4547500610351562,316.979248046875,51.06903076171875,11.301417,3.336871,21.039400,25.400000
IR_57359.jpg,2025-04-23 13:44:33,Machine,106.37353515625,175.5181884765625,143.53985595703125,271.637939453125,6.623042,0.433727,23.440111,25.351437
IR_57359.jpg,2025-04-23 13:44:33,Window,135.3097381591797,51.325618743896484,176.63392639160156,128.7266845703125,1.592394,0.417531,22.596455,24.881985
IR_57359.jpg,2025-04-23 13:44:33,Cableduct,322.0218200683594,15.622486114501953,358.4106140136719,41.46531677246094,7.250563,3.324199,21.566832,25.400000
IR_57359.jpg,2025-04-23 13:44:33,Cableduct,431.3196716308594,37.54789352416992,461.8338317871094,55.859073638916016,7.432087,4.551921,21.931646,25.400000
IR_57359.jpg,2025-04-23 13:44:33,Screen,615.4356689453125,256.4476318359375,639.5010986328125,341.0145263671875,10.480205,5.138712,20.610643,25.400000
IR_57360.jpg,2025-04-23 13:45:02,Screen,340.28118896484375,275.84942626953125,473.27252197265625,374.72259521484375,11.487095,4.130274,21.857117,25.400000
IR_57360.jpg,2025-04-23 13:45:02,Machine,479.8171081542969,129.72784423828125,563.009033203125,219.21609497070312,4.740338,5.297625,21.813599,25.400000
IR_57360.jpg,2025-04-23 13:45:02,Cableduct,576.320068359375,35.55976104736328,622.946533203125,58.164772033691406,10.055344,5.166661,22.014069,25.400000
IR_57360.jpg,2025-04-23 13:45:02,Cableduct,528.5361938476562,38.819496154785156,568.5449829101562,62.837928771972656,8.640013,4.884886,21.754421,25.400000
IR_57360.jpg,2025-04-23 13:45:02,Screen,611.6680908203125,275.9141845703125,639.8680419921875,376.6484375,11.260723,4.830948,21.149942,25.208878
IR_57360.jpg,2025-04-23 13:45:02,Machine,106.20539855957031,175.51504516601562,143.0676727294922,271.61737060546875,6.622932,0.431192,23.428875,25.352219
IR_57360.jpg,2025-04-23 13:45:02,Cableduct,219.68118286132812,1.3593368530273438,315.9798278808594,51.014896392822266,11.331650,3.323189,21.079897,25.400000
IR_57360.jpg,2025-04-23 13:45:02,Cableduct,323.1405029296875,15.77469253540039,357.29205322265625,40.56146240234375,7.243021,3.308091,21.679090,25.400000
IR_57360.jpg,2025-04-23 13:45:02,Window,136.52059936523438,51.21800231933594,177.05474853515625,128.79220581054688,1.625414,0.427481,22.590879,24.954046
IR_57360.jpg,2025-04-23 13:45:02,Cableduct,430.67144775390625,38.33128356933594,461.54437255859375,56.70185089111328,7.389451,4.548657,21.936007,25.400000
IR_57361.jpg,2025-04-23 13:45:32,Screen,339.31158447265625,275.66705322265625,473.6517333984375,375.94122314453125,11.558911,4.127440,21.809326,25.400000
IR_57361.jpg,2025-04-23 13:45:32,Cableduct,529.1871337890625,38.58183288574219,568.1502685546875,61.849754333496094,8.655219,4.885244,21.805305,25.400000
IR_57361.jpg,2025-04-23 13:45:32,Cableduct,575.852783203125,35.529869079589844,623.0693359375,58.736549377441406,10.059721,5.168064,21.926395,25.400000
IR_57361.jpg,2025-04-23 13:45:32,Cableduct,430.91015625,37.07536315917969,461.868896484375,55.65565490722656,7.433279,4.544433,22.036386,25.400000
IR_57361.jpg,2025-04-23 13:45:32,Machine,479.8023376464844,130.24676513671875,562.8299560546875,219.01837158203125,4.712330,5.307930,21.832893,25.400000
IR_57361.jpg,2025-04-23 13:45:32,Cableduct,221.79794311523438,1.5950050354003906,316.1900329589844,50.0254020690918,11.111437,3.299783,21.046547,25.400000
IR_57361.jpg,2025-04-23 13:45:32,Screen,609.97216796875,274.9256896972656,639.719970703125,372.0964050292969,11.016632,4.909200,21.045271,25.221931
IR_57361.jpg,2025-04-23 13:45:32,Machine,106.42642211914062,175.7550048828125,143.37591552734375,273.9218444824219,6.661419,0.438094,23.414505,25.351437
IR_57361.jpg,2025-04-23 13:45:32,Cableduct,322.01324462890625,15.723564147949219,357.25506591796875,41.49896240234375,7.261414,3.318403,21.581383,25.400000
IR_57361.jpg,2025-04-23 13:45:32,Window,135.14224243164062,50.9595947265625,176.50820922851562,127.28509521484375,1.555665,0.421698,22.567768,25.027676
IR_57361.jpg,2025-04-23 13:45:32,Screen,615.65087890625,259.2409973144531,639.5302734375,339.1357727050781,10.394576,5.193182,20.614048,25.400000
IR_57362.jpg,2025-04-23 13:46:02,Screen,339.688720703125,275.94085693359375,474.2235107421875,375.07000732421875,11.585595,4.141271,21.812923,25.400000
IR_57362.jpg,2025-04-23 13:46:02,Screen,610.28466796875,274.76947021484375,639.7174072265625,373.10992431640625,11.079006,4.887380,21.089493,25.177023
IR_57362.jpg,2025-04-23 13:46:02,Machine,479.45526123046875,130.44351196289062,562.5946655273438,218.360595703125,4.685926,5.322195,21.870291,25.400000
IR_57362.jpg,2025-04-23 13:46:02,Cableduct,528.8632202148438,38.75471496582031,568.1636352539062,61.67506408691406,8.614817,4.878775,21.801702,25.400000
IR_57362.jpg,2025-04-23 13:46:02,Cableduct,220.82965087890625,1.51849365234375,315.2874755859375,50.65121078491211,11.083406,3.284653,21.069269,25.400000
IR_57362.jpg,2025-04-23 13:46:02,Machine,105.97097778320312,174.886474609375,143.93978881835938,273.3272399902344,6.652242,0.434522,23.391275,25.352219
IR_57362.jpg,2025-04-23 13:46:02,Cableduct,574.653564453125,34.254703521728516,621.41796875,58.76163864135742,10.145347,5.175053,21.960892,25.400000
IR_57362.jpg,2025-04-23 13:46:02,Cableduct,322.78289794921875,16.05489730834961,357.66607666015625,41.272987365722656,7.233503,3.310419,21.611664,25.400000
IR_57362.jpg,2025-04-23 13:46:02,Window,136.14205932617188,50.99658966064453,176.6802978515625,127.94799041748047,1.594399,0.425226,22.581945,24.954046
IR_57362.jpg,2025-04-23 13:46:02,Cableduct,430.6488037109375,38.01856994628906,461.0413818359375,54.826263427734375,7.354900,4.537007,22.125648,25.400000
IR_57362.jpg,2025-04-23 13:46:02,Screen,612.471923828125,252.47695922851562,639.73291015625,362.0259094238281,11.323044,4.847661,20.876059,25.400000
IR_57363.jpg,2025-04-23 13:46:32,Screen,340.6849365234375,275.3784484863281,473.87109375,376.5975036621094,11.471416,4.120694,21.805212,25.400000
IR_57363.jpg,2025-04-23 13:46:32,Cableduct,528.6414184570312,38.779571533203125,567.3313598632812,62.29705810546875,8.646109,4.883345,21.762106,25.224804
IR_57363.jpg,2025-04-23 13:46:32,Machine,479.5232849121094,130.3885498046875,562.4295654296875,219.60382080078125,4.713823,5.296868,21.928450,25.400000
IR_57363.jpg,2025-04-23 13:46:32,Cableduct,574.0223388671875,33.594078063964844,621.6236572265625,60.29192352294922,10.224660,5.184016,21.791800,25.400000
IR_57363.jpg,2025-04-23 13:46:32,Screen,610.1219482421875,276.798095703125,639.82763671875,376.0740966796875,11.142744,4.866066,21.168047,25.208878
IR_57363.jpg,2025-04-23 13:46:32,Cableduct,219.28900146484375,1.5272789001464844,315.10650634765625,50.84021759033203,11.254950,3.297194,21.063841,25.400000
IR_57363.jpg,2025-04-23 13:46:32,Machine,106.50277709960938,175.70809936523438,143.27230834960938,271.5943298339844,6.619678,0.433453,23.437733,25.352219
IR_57363.jpg,2025-04-23 13:46:32,Cableduct,322.6259765625,15.275562286376953,358.26171875,41.371429443359375,7.311689,3.339265,21.532316,25.400000
IR_57363.jpg,2025-04-23 13:46:32,Cableduct,430.4583740234375,37.3626708984375,462.3531494140625,56.53602600097656,7.393884,4.535085,21.860176,25.400000
IR_57363.jpg,2025-04-23 13:46:32,Window,135.36105346679688,50.588897705078125,176.55331420898438,128.00425720214844,1.613164,0.424934,22.532461,24.954046
IR_57364.jpg,2025-04-23 13:47:02,Screen,340.4061279296875,275.810302734375,474.1397705078125,376.24658203125,11.522583,4.128154,21.805738,25.400000
IR_57364.jpg,2025-04-23 13:47:02,Cableduct,529.09521484375,38.76842498779297,568.261474609375,62.312950134277344,8.653133,4.886258,21.787907,25.288511
IR_57364.jpg,2025-04-23 13:47:02,Screen,610.6336669921875,272.78155517578125,639.8758544921875,377.96649169921875,11.353730,4.784624,21.194368,25.224804
IR_57364.jpg,2025-04-23 13:47:02,Cableduct,574.637451171875,34.854095458984375,621.10693359375,57.77085876464844,10.051546,5.161050,22.007322,25.400000
IR_57364.jpg,2025-04-23 13:47:02,Machine,106.99813842773438,175.04190063476562,143.69834899902344,271.5093078613281,6.586483,0.431424,23.446236,25.336292
IR_57364.jpg,2025-04-23 13:47:02,Cableduct,222.02536010742188,1.4703140258789062,315.9558410644531,50.207061767578125,11.040991,3.292138,21.061125,25.400000
IR_57364.jpg,2025-04-23 13:47:02,Machine,480.05633544921875,133.0522003173828,562.0928344726562,219.3372039794922,4.599142,5.337502,21.798038,25.400000
IR_57364.jpg,2025-04-23 13:47:02,Cableduct,322.2417297363281,15.967781066894531,356.3627624511719,40.54316711425781,7.199938,3.290718,21.646975,25.400000
IR_57364.jpg,2025-04-23 13:47:02,Window,135.54360961914062,51.04765319824219,176.89047241210938,128.2381591796875,1.592117,0.422377,22.562233,25.001827
IR_57364.jpg,2025-04-23 13:47:02,Cableduct,430.427001953125,36.684486389160156,461.685791015625,55.640281677246094,7.447773,4.541338,21.900116,25.400000
IR_57365.jpg,2025-04-23 13:47:32,Screen,339.58001708984375,275.45220947265625,474.24774169921875,376.98651123046875,11.565214,4.124664,21.798695,25.400000
IR_57365.jpg,2025-04-23 13:47:32,Machine,479.457763671875,131.40760803222656,563.2589111328125,219.17588806152344,4.665249,5.330541,21.536564,25.400000
IR_57365.jpg,2025-04-23 13:47:32,Screen,614.430419921875,276.78546142578125,639.677734375,368.99755859375,11.038426,4.932954,21.085447,25.240730
IR_57365.jpg,2025-04-23 13:47:32,Cableduct,528.719482421875,38.776832580566406,567.919921875,62.07268524169922,8.628798,4.881160,21.811222,25.240730
IR_57365.jpg,2025-04-23 13:47:32,Cableduct,574.8248291015625,34.64830780029297,621.414794921875,57.463294982910156,10.059755,5.162162,22.085340,25.400000
IR_57365.jpg,2025-04-23 13:47:32,Machine,107.39591979980469,175.3602294921875,143.3463592529297,271.6475830078125,6.578330,0.431733,23.455130,25.352219
IR_57365.jpg,2025-04-23 13:47:32,Cableduct,323.193359375,15.818636894226074,357.25396728515625,41.00655746459961,7.268198,3.315842,21.622849,25.400000
IR_57365.jpg,2025-04-23 13:47:32,Cableduct,219.51722717285156,1.3330764770507812,316.5621337890625,51.091644287109375,11.439793,3.343956,21.069017,25.400000
IR_57365.jpg,2025-04-23 13:47:32,Window,135.83355712890625,51.02076721191406,176.69476318359375,128.1540069580078,1.594654,0.422654,22.551554,25.001827
IR_57365.jpg,2025-04-23 13:47:32,Cableduct,430.426513671875,35.84314727783203,462.3128662109375,56.52263641357422,7.528960,4.550120,21.721544,25.400000
IR_57366.jpg,2025-04-23 13:48:02,Screen,340.47650146484375,276.031005859375,473.72027587890625,375.984130859375,11.500959,4.125832,21.809315,25.400000
IR_57366.jpg,2025-04-23 13:48:02,Cableduct,529.177978515625,38.72998809814453,567.389404296875,62.015525817871094,8.663031,4.886139,21.827459,25.400000
IR_57366.jpg,2025-04-23 13:48:02,Cableduct,574.9638671875,35.6697998046875,621.11328125,57.31743621826172,9.972271,5.150337,22.081781,25.400000
IR_57366.jpg,2025-04-23 13:48:02,Machine,105.81698608398438,175.68301391601562,143.56729125976562,271.7956237792969,6.651146,0.434974,23.405497,25.352219
IR_57366.jpg,2025-04-23 13:48:02,Window,136.02154541015625,50.65468978881836,176.04156494140625,127.52133178710938,1.609046,0.429156,22.521439,24.954046
IR_57366.jpg,2025-04-23 13:48:02,Screen,613.8147583007812,274.76324462890625,639.9135131835938,376.24688720703125,11.370914,4.802524,21.191217,25.161097
IR_57366.jpg,2025-04-23 13:48:02,Cableduct,219.503662109375,1.4920120239257812,314.68939208984375,50.7489128112793,11.166410,3.282157,21.044666,25.400000
IR_57366.jpg,2025-04-23 13:48:02,Cableduct,322.592041015625,15.583441734313965,358.48516845703125,41.193115234375,7.260115,3.325388,21.536509,25.400000
IR_57366.jpg,2025-04-23 13:48:02,Machine,479.45672607421875,133.12869262695312,561.3633422851562,218.80709838867188,4.576608,5.343490,21.372402,25.400000
IR_57366.jpg,2025-04-23 13:48:02,Machine,482.4009094238281,105.28328704833984,579.22119140625,203.27224731445312,6.062104,5.193231,21.308264,25.400000
IR_57366.jpg,2025-04-23 13:48:02,Cableduct,430.488525390625,35.211631774902344,461.79638671875,56.390525817871094,7.617190,4.565881,21.731203,25.400000
IR_57367.jpg,2025-04-23 13:48:32,Screen,340.8270263671875,275.86492919921875,473.854248046875,375.44415283203125,11.484704,4.129987,21.830606,25.400000
IR_57367.jpg,2025-04-23 13:48:32,Cableduct,575.02294921875,35.80438995361328,621.300537109375,58.125770568847656,9.997017,5.155385,22.072495,25.400000
IR_57367.jpg,2025-04-23 13:48:32,Screen,613.630615234375,276.347900390625,639.681396484375,371.876708984375,11.137539,4.889292,21.157032,25.288511
IR_57367.jpg,2025-04-23 13:48:32,Cableduct,530.48193359375,39.15668487548828,567.1715087890625,62.03459930419922,8.693453,4.893546,21.934399,25.240730
IR_57367.jpg,2025-04-23 13:48:32,Machine,105.43267822265625,175.82119750976562,143.625244140625,271.7377624511719,6.669626,0.436131,23.435072,25.352219
IR_57367.jpg,2025-04-23 13:48:32,Cableduct,217.23025512695312,1.1781578063964844,317.0263977050781,51.284786224365234,11.810867,3.388693,21.055481,25.400000
IR_57367.jpg,2025-04-23 13:48:32,Window,135.76463317871094,51.28461456298828,175.88584899902344,127.8602523803711,1.568270,0.417863,22.563684,25.001827
IR_57367.jpg,2025-04-23 13:48:32,Machine,478.5025634765625,133.326416015625,561.69580078125,216.369384765625,4.515455,5.385476,21.437845,25.400000
IR_57367.jpg,2025-04-23 13:48:32,Machine,482.9716491699219,105.33160400390625,579.48388671875,202.37417602539062,6.055141,5.195973,21.377487,25.400000
IR_57367.jpg,2025-04-23 13:48:32,Cableduct,323.43463134765625,15.847679138183594,357.9703369140625,40.94092559814453,7.257812,3.317499,21.695755,25.400000
IR_57368.jpg,2025-04-23 13:49:02,Screen,342.1163330078125,275.825927734375,473.5872802734375,377.3404541015625,11.375502,4.115220,21.948111,25.500000
IR_57368.jpg,2025-04-23 13:49:02,Cableduct,574.55859375,35.98493194580078,621.68701171875,57.89842987060547,9.940585,5.147195,22.277531,25.500000
IR_57368.jpg,2025-04-23 13:49:02,Cableduct,529.0277099609375,40.1783447265625,566.3272705078125,61.03144836425781,8.496019,4.861160,22.177471,25.388512
IR_57368.jpg,2025-04-23 13:49:02,Cableduct,216.999267578125,1.5291786193847656,316.2122802734375,51.1837272644043,11.716907,3.359256,21.194807,25.500000
IR_57368.jpg,2025-04-23 13:49:02,Screen,610.6371459960938,273.3118896484375,639.6289672851562,370.26202392578125,11.013168,4.911778,21.274315,25.372585
IR_57368.jpg,2025-04-23 13:49:02,Machine,106.57159423828125,176.56591796875,143.19808959960938,271.75445556640625,6.643060,0.438413,23.593477,25.452219
IR_57368.jpg,2025-04-23 13:49:02,Machine,479.14501953125,133.2725830078125,561.5443115234375,217.10659790039062,4.532582,5.376268,21.607487,25.500000
IR_57368.jpg,2025-04-23 13:49:02,Cableduct,321.71112060546875,15.286605834960938,358.7518310546875,41.24860763549805,7.256931,3.329500,21.712736,25.500000
IR_57368.jpg,2025-04-23 13:49:02,Window,135.18727111816406,50.758514404296875,176.06114196777344,127.78976440429688,1.592307,0.421215,22.643656,25.054047
IR_57368.jpg,2025-04-23 13:49:02,Cableduct,429.5929260253906,35.179893493652344,462.3179626464844,56.827056884765625,7.550722,4.543777,21.904396,25.500000
IR_57368.jpg,2025-04-23 13:49:02,Machine,481.7358703613281,102.18836975097656,578.377197265625,204.04905700683594,6.217755,5.139537,21.525856,25.500000
IR_57369.jpg,2025-04-23 13:49:32,Screen,341.4368896484375,276.14373779296875,473.65478515625,376.44403076171875,11.437741,4.121964,22.026335,25.500000
IR_57369.jpg,2025-04-23 13:49:32,Cableduct,573.9652099609375,35.15746307373047,621.35888671875,57.41748809814453,9.969957,5.149500,22.315468,25.500000
IR_57369.jpg,2025-04-23 13:49:32,Cableduct,430.5172119140625,35.53008270263672,462.87255859375,56.55857849121094,7.526245,4.544665,22.000603,25.500000
IR_57369.jpg,2025-04-23 13:49:32,Cableduct,529.3184814453125,40.14190673828125,565.4552001953125,60.943511962890625,8.525875,4.864766,22.296442,25.388512
IR_57369.jpg,2025-04-23 13:49:32,Screen,611.5919799804688,275.003173828125,639.5947875976562,371.23138427734375,11.054626,4.904292,21.360197,25.372585
IR_57369.jpg,2025-04-23 13:49:32,Cableduct,220.4248046875,1.423126220703125,314.71270751953125,49.14191436767578,11.101735,3.272487,21.271950,25.500000
IR_57369.jpg,2025-04-23 13:49:32,Machine,480.0391845703125,133.739013671875,561.1585693359375,217.43685913085938,4.529969,5.371923,21.740118,25.500000
IR_57369.jpg,2025-04-23 13:49:32,Machine,105.10635375976562,176.24142456054688,143.96719360351562,271.6269226074219,6.697084,0.440521,23.594456,25.452219
IR_57369.jpg,2025-04-23 13:49:32,Cableduct,322.26513671875,15.141403198242188,358.2506103515625,40.80601501464844,7.277802,3.329336,21.867260,25.500000
IR_57369.jpg,2025-04-23 13:49:32,Window,135.64871215820312,51.377830505371094,176.43453979492188,127.16388702392578,1.526056,0.419294,22.692839,25.054047
IR_57369.jpg,2025-04-23 13:49:32,Machine,483.54736328125,103.33944702148438,574.58056640625,202.40252685546875,6.019075,5.108879,21.694151,25.500000
IR_57370.jpg,2025-04-23 13:50:02,Screen,340.53436279296875,276.0099182128906,474.20574951171875,377.2320251464844,11.519125,4.121548,21.934763,25.500000
IR_57370.jpg,2025-04-23 13:50:02,Cableduct,573.810546875,34.29597473144531,621.404296875,57.85353088378906,10.051560,5.158831,22.202198,25.500000
IR_57370.jpg,2025-04-23 13:50:02,Cableduct,528.9769287109375,40.291259765625,565.4639892578125,60.424354553222656,8.470710,4.855336,22.212053,25.340731
IR_57370.jpg,2025-04-23 13:50:02,Screen,611.1507568359375,278.7238464355469,639.5433349609375,369.6607971191406,10.933018,4.969172,21.247849,25.356657
IR_57370.jpg,2025-04-23 13:50:02,Cableduct,429.98260498046875,35.842384338378906,463.07257080078125,56.83667755126953,7.465744,4.530614,21.908031,25.500000
IR_57370.jpg,2025-04-23 13:50:02,Cableduct,321.8492736816406,14.634071350097656,359.5319519042969,42.17811965942383,7.380412,3.373682,21.692825,25.500000
IR_57370.jpg,2025-04-23 13:50:02,Machine,106.60127258300781,176.77200317382812,142.86293029785156,270.57574462890625,6.628489,0.437461,23.603352,25.452219
IR_57370.jpg,2025-04-23 13:50:02,Window,135.47164916992188,50.97518539428711,176.22152709960938,127.7852783203125,1.579727,0.420678,22.605707,25.101828
IR_57370.jpg,2025-04-23 13:50:02,Machine,483.25335693359375,102.28497314453125,578.1513061523438,202.92898559570312,6.179701,5.124922,21.594238,25.500000
IR_57370.jpg,2025-04-23 13:50:02,Cableduct,219.15261840820312,1.2934532165527344,315.9158020019531,49.48678207397461,11.444376,3.327978,21.212208,25.452219
IR_57370.jpg,2025-04-23 13:50:02,Machine,479.30859375,133.04969787597656,562.8140869140625,218.2095489501953,4.574937,5.369905,21.674309,25.340731
IR_57371.jpg,2025-04-23 13:50:33,Screen,343.181640625,276.48651123046875,472.6583251953125,375.83380126953125,11.283005,4.119457,22.088409,25.600000
IR_57371.jpg,2025-04-23 13:50:33,Cableduct,573.9488525390625,34.79002380371094,622.0655517578125,58.017677307128906,10.006983,5.153994,22.232544,25.600000
IR_57371.jpg,2025-04-23 13:50:33,Cableduct,429.8028564453125,35.44702911376953,463.045654296875,58.162193298339844,7.565622,4.550541,21.925325,25.600000
IR_57371.jpg,2025-04-23 13:50:33,Cableduct,529.060546875,40.0760498046875,566.07568359375,60.945213317871094,8.507690,4.862242,22.314610,25.488512
IR_57371.jpg,2025-04-23 13:50:33,Cableduct,323.1185302734375,14.73648452758789,359.580078125,42.227745056152344,7.422439,3.382612,21.845961,25.600000
IR_57371.jpg,2025-04-23 13:50:33,Screen,610.8182983398438,276.747802734375,639.7278442382812,373.3997802734375,11.062939,4.899810,21.346594,25.408876
IR_57371.jpg,2025-04-23 13:50:33,Cableduct,219.209228515625,1.4713249206542969,316.2806396484375,51.17826461791992,11.433453,3.336229,21.297585,25.552219
IR_57371.jpg,2025-04-23 13:50:33,Machine,107.09486389160156,176.78173828125,143.42587280273438,271.81317138671875,6.633312,0.440960,23.714590,25.552219
IR_57371.jpg,2025-04-23 13:50:33,Machine,483.80657958984375,104.03985595703125,577.7221069335938,201.80426025390625,6.058869,5.142753,21.716873,25.552219
IR_57371.jpg,2025-04-23 13:50:33,Machine,479.96051025390625,133.3494873046875,563.5048217773438,216.34637451171875,4.537655,5.393207,21.774185,25.600000
IR_57371.jpg,2025-04-23 13:50:33,Window,134.64031982421875,50.651824951171875,176.42889404296875,127.60850524902344,1.584367,0.422503,22.686342,25.600000
IR_57371.jpg,2025-04-23 13:50:33,Screen,613.093994140625,261.389404296875,639.474853515625,361.33636474609375,11.061226,4.892398,21.109819,25.600000
IR_57372.jpg,2025-04-23 13:51:02,Screen,341.0592041015625,275.8134765625,473.53778076171875,374.82879638671875,11.452653,4.131325,22.085320,25.500000
IR_57372.jpg,2025-04-23 13:51:02,Screen,609.336181640625,275.82080078125,639.6044921875,368.01220703125,10.862267,4.982830,21.276390,25.388512
IR_57372.jpg,2025-04-23 13:51:02,Cableduct,574.3685302734375,35.09393310546875,621.8028564453125,58.670806884765625,10.042362,5.161524,22.248301,25.500000
IR_57372.jpg,2025-04-23 13:51:02,Cableduct,430.40301513671875,35.739593505859375,463.28826904296875,57.75897979736328,7.539140,4.549458,21.941582,25.452219
IR_57372.jpg,2025-04-23 13:51:02,Cableduct,529.46923828125,39.02653884887695,567.83447265625,61.27888107299805,8.607458,4.878119,22.219770,25.340731
IR_57372.jpg,2025-04-23 13:51:02,Cableduct,220.487548828125,1.4236602783203125,316.08062744140625,51.00618362426758,11.238910,3.315571,21.293106,25.245171
IR_57372.jpg,2025-04-23 13:51:02,Machine,483.6051025390625,103.85465240478516,576.4921875,201.31094360351562,6.030346,5.131475,21.699631,23.684334
IR_57372.jpg,2025-04-23 13:51:02,Machine,480.2420349121094,133.42849731445312,562.7891845703125,217.80169677734375,4.555449,5.377823,21.762310,25.356657
IR_57372.jpg,2025-04-23 13:51:02,Cableduct,321.672119140625,14.05696964263916,358.4569091796875,42.33075714111328,7.467891,3.392264,21.792850,25.500000
IR_57372.jpg,2025-04-23 13:51:02,Machine,106.78550720214844,176.21188354492188,143.85855102539062,270.8381652832031,6.621507,0.439397,23.646044,25.436293
IR_57372.jpg,2025-04-23 13:51:02,Window,135.1219482421875,50.72667694091797,176.6029052734375,127.4387435913086,1.576093,0.424098,22.661631,25.054047
IR_57373.jpg,2025-04-23 13:51:32,Screen,339.67864990234375,275.59619140625,474.02191162109375,376.8072509765625,11.550794,4.123631,21.934774,25.500000
IR_57373.jpg,2025-04-23 13:51:32,Cableduct,530.1072998046875,38.76538848876953,567.7279052734375,61.272743225097656,8.664831,4.886952,22.083664,25.356657
IR_57373.jpg,2025-04-23 13:51:32,Cableduct,430.18017578125,36.136451721191406,463.249755859375,58.086769104003906,7.510492,4.546406,21.840887,25.500000
IR_57373.jpg,2025-04-23 13:51:32,Cableduct,219.8260955810547,1.5364532470703125,316.50006103515625,51.65070724487305,11.367906,3.334796,21.204048,25.500000
IR_57373.jpg,2025-04-23 13:51:32,Cableduct,574.4609375,34.7508544921875,621.333984375,57.98541259765625,10.058346,5.162513,22.201626,25.500000
IR_57373.jpg,2025-04-23 13:51:32,Screen,609.7428588867188,276.1139221191406,639.5991821289062,372.0346984863281,10.993162,4.921606,21.225363,25.324804
IR_57373.jpg,2025-04-23 13:51:32,Machine,483.199462890625,104.16462707519531,578.7855224609375,201.62892150878906,6.095159,5.167912,21.559822,25.452219
IR_57373.jpg,2025-04-23 13:51:32,Cableduct,323.59100341796875,15.11993408203125,357.31341552734375,41.12778854370117,7.370692,3.345973,21.857628,25.500000
IR_57373.jpg,2025-04-23 13:51:32,Window,136.39854431152344,51.45988464355469,176.00877380371094,128.00877380371094,1.577499,0.421496,22.593096,24.926632
IR_57373.jpg,2025-04-23 13:51:32,Machine,106.87571716308594,176.38290405273438,143.37432861328125,271.1550598144531,6.620891,0.437986,23.553360,25.452219
IR_57373.jpg,2025-04-23 13:51:32,Machine,479.3046875,132.730712890625,562.3515625,217.0653076171875,4.563185,5.374776,21.625256,25.500000
IR_57374.jpg,2025-04-23 13:52:02,Screen,340.91473388671875,276.11614990234375,473.12249755859375,375.15447998046875,11.444071,4.125295,21.882156,25.400000
IR_57374.jpg,2025-04-23 13:52:02,Cableduct,574.42236328125,35.03571701049805,622.485107421875,59.26925277709961,10.057987,5.163949,21.999744,25.400000
IR_57374.jpg,2025-04-23 13:52:02,Cableduct,530.0289916992188,38.86610412597656,567.4144897460938,61.288970947265625,8.658258,4.885732,21.982197,25.208878
IR_57374.jpg,2025-04-23 13:52:02,Cableduct,430.2894592285156,35.34199142456055,463.4601135253906,58.495601654052734,7.596743,4.558359,21.731035,25.400000
IR_57374.jpg,2025-04-23 13:52:02,Cableduct,219.78433227539062,1.4274368286132812,316.2620544433594,51.670406341552734,11.338005,3.329862,21.134014,25.400000
IR_57374.jpg,2025-04-23 13:52:02,Cableduct,322.0954895019531,15.242843627929688,358.7150573730469,42.77241516113281,7.371943,3.364766,21.718506,25.400000
IR_57374.jpg,2025-04-23 13:52:02,Machine,106.69851684570312,175.68411254882812,143.3663330078125,272.14410400390625,6.620232,0.433875,23.441925,25.352219
IR_57374.jpg,2025-04-23 13:52:02,Screen,609.8972778320312,274.0367431640625,639.6141967773438,371.59228515625,11.017987,4.905770,21.125952,25.256659
IR_57374.jpg,2025-04-23 13:52:02,Machine,479.6742858886719,133.69146728515625,562.595947265625,217.14422607421875,4.527943,5.386462,21.520838,25.400000
IR_57374.jpg,2025-04-23 13:52:02,Window,135.47618103027344,51.564273834228516,176.02464294433594,129.4591064453125,1.620044,0.415418,22.459173,23.584333
IR_57374.jpg,2025-04-23 13:52:02,Machine,483.71856689453125,105.3768081665039,578.0692749023438,201.65579223632812,5.996450,5.169540,21.457197,25.400000
IR_57374.jpg,2025-04-23 13:52:02,Screen,613.0545654296875,251.21646118164062,639.5523681640625,363.1056823730469,11.462374,4.837412,20.948996,25.256659
IR_57375.jpg,2025-04-23 13:52:32,Screen,341.1051025390625,276.8558654785156,473.709228515625,376.0042419433594,11.488203,4.126988,21.863258,25.400000
IR_57375.jpg,2025-04-23 13:52:32,Screen,610.1624755859375,276.95654296875,639.7818603515625,373.8377685546875,11.048360,4.902792,21.131758,25.290339
IR_57375.jpg,2025-04-23 13:52:32,Cableduct,529.2203369140625,40.37245178222656,565.0020751953125,60.17475891113281,8.472215,4.855095,22.070082,25.353003
IR_57375.jpg,2025-04-23 13:52:32,Cableduct,574.4166870117188,35.99030685424805,621.4015502929688,58.27360153198242,9.955873,5.149987,22.113853,25.400000
IR_57375.jpg,2025-04-23 13:52:32,Cableduct,220.3386688232422,1.2079048156738281,316.43682861328125,49.94931411743164,11.350981,3.332070,21.148827,25.400000
IR_57375.jpg,2025-04-23 13:52:32,Machine,107.27923583984375,175.60174560546875,143.37420654296875,271.7462158203125,6.590626,0.433363,23.439100,25.353003
IR_57375.jpg,2025-04-23 13:52:32,Cableduct,430.1094055175781,34.32814407348633,461.2816467285156,56.90451431274414,7.735459,4.584341,21.809744,25.400000
IR_57375.jpg,2025-04-23 13:52:32,Cableduct,323.08209228515625,15.978862762451172,358.827880859375,41.298580169677734,7.235126,3.319149,21.752029,25.400000
IR_57375.jpg,2025-04-23 13:52:32,Window,134.74993896484375,50.27082443237305,176.91070556640625,128.55613708496094,1.650250,0.426945,22.408846,25.039686
IR_57375.jpg,2025-04-23 13:52:32,Machine,479.8691101074219,132.56076049804688,562.402587890625,218.51174926757812,4.601863,5.349037,21.458735,25.400000
IR_57375.jpg,2025-04-23 13:52:32,Machine,482.9529724121094,107.30963897705078,578.3243408203125,204.0662841796875,5.914972,5.199976,21.391047,25.400000
IR_57376.jpg,2025-04-23 13:53:02,Screen,340.37451171875,276.60894775390625,473.143798828125,375.93170166015625,11.491396,4.121936,21.819391,25.299999
IR_57376.jpg,2025-04-23 13:53:02,Cableduct,574.5865478515625,35.116024017333984,621.96337890625,58.713924407958984,10.051121,5.163397,22.095978,25.299999
IR_57376.jpg,2025-04-23 13:53:02,Screen,609.1412963867188,276.8127136230469,639.5814819335938,367.6006774902344,10.831472,5.000122,21.041941,25.174673
IR_57376.jpg,2025-04-23 13:53:02,Cableduct,217.60113525390625,1.5471305847167969,316.48590087890625,52.291748046875,11.640924,3.360880,21.107422,25.299999
IR_57376.jpg,2025-04-23 13:53:02,Cableduct,528.9486083984375,40.11321258544922,565.6910400390625,60.899986267089844,8.503743,4.861005,22.029636,25.299999
IR_57376.jpg,2025-04-23 13:53:02,Machine,106.52203369140625,175.42303466796875,143.43899536132812,271.4735107421875,6.611283,0.432535,23.335562,25.237337
IR_57376.jpg,2025-04-23 13:53:02,Machine,479.9126281738281,132.84365844726562,563.406982421875,218.91433715820312,4.604030,5.357275,21.450195,25.299999
IR_57376.jpg,2025-04-23 13:53:02,Cableduct,429.75213623046875,33.90088653564453,461.44049072265625,57.132362365722656,7.752209,4.581384,21.660597,25.299999
IR_57376.jpg,2025-04-23 13:53:02,Cableduct,322.6788330078125,15.300305366516113,358.26708984375,40.383853912353516,7.250159,3.319183,21.699017,25.299999
IR_57376.jpg,2025-04-23 13:53:02,Window,134.52659606933594,50.25326919555664,176.77073669433594,129.11404418945312,1.673608,0.425160,22.337950,24.861359
IR_57376.jpg,2025-04-23 13:53:02,Machine,483.4111633300781,107.07763671875,578.514892578125,204.0865478515625,5.930405,5.192503,21.379734,25.299999
IR_57377.jpg,2025-04-23 13:53:32,Screen,339.99737548828125,275.9798889160156,473.51275634765625,375.4901428222656,11.519924,4.128505,21.749723,25.299999
IR_57377.jpg,2025-04-23 13:53:32,Cableduct,529.3472900390625,38.96479797363281,567.4801025390625,61.17085266113281,8.608603,4.877307,21.844236,25.299999
IR_57377.jpg,2025-04-23 13:53:32,Cableduct,574.5892333984375,35.427764892578125,622.2301025390625,57.893096923828125,9.981535,5.153578,22.102369,25.299999
IR_57377.jpg,2025-04-23 13:53:32,Cableduct,219.43968200683594,1.3944091796875,315.962158203125,50.30091094970703,11.384626,3.324516,21.089634,25.299999
IR_57377.jpg,2025-04-23 13:53:32,Cableduct,430.16265869140625,35.9305419921875,462.27947998046875,56.70172119140625,7.516462,4.547040,21.712187,25.299999
IR_57377.jpg,2025-04-23 13:53:32,Screen,610.7518310546875,275.9781494140625,639.8656005859375,376.3006591796875,11.202150,4.847093,21.114948,25.299999
IR_57377.jpg,2025-04-23 13:53:32,Machine,106.63746643066406,174.79461669921875,143.2699432373047,272.71783447265625,6.611944,0.433623,23.265833,25.253002
IR_57377.jpg,2025-04-23 13:53:32,Machine,479.20574951171875,130.41940307617188,562.4837036132812,218.37411499023438,4.683918,5.321781,21.396614,25.299999
IR_57377.jpg,2025-04-23 13:53:32,Window,136.05624389648438,50.909423828125,176.12799072265625,128.56874084472656,1.643241,0.428513,22.324917,24.751698
IR_57377.jpg,2025-04-23 13:53:32,Cableduct,322.32672119140625,16.14316177368164,358.55816650390625,41.93528747558594,7.229643,3.318789,21.652817,25.299999
IR_57378.jpg,2025-04-23 13:54:03,Screen,341.9607238769531,276.59600830078125,473.3894348144531,375.82489013671875,11.407585,4.125258,21.751934,25.299999
IR_57378.jpg,2025-04-23 13:54:03,Cableduct,528.94873046875,38.90161895751953,567.49951171875,61.417320251464844,8.605813,4.876606,21.797636,25.299999
IR_57378.jpg,2025-04-23 13:54:03,Screen,609.77294921875,276.6470947265625,639.642822265625,372.974365234375,11.015390,4.913397,21.023294,25.299999
IR_57378.jpg,2025-04-23 13:54:03,Cableduct,430.8614501953125,36.45744323730469,461.264404296875,55.817169189453125,7.534866,4.563331,21.877562,25.299999
IR_57378.jpg,2025-04-23 13:54:03,Cableduct,219.86306762695312,1.3039398193359375,316.5789489746094,49.90727233886719,11.436218,3.340370,21.058735,25.299999
IR_57378.jpg,2025-04-23 13:54:03,Cableduct,575.028076171875,34.612823486328125,621.06298828125,57.90864562988281,10.099468,5.167745,22.086472,25.299999
IR_57378.jpg,2025-04-23 13:54:03,Machine,479.88836669921875,131.54544067382812,562.6932983398438,218.654541015625,4.649482,5.333312,21.565193,25.299999
IR_57378.jpg,2025-04-23 13:54:03,Machine,105.46112060546875,175.16238403320312,143.60296630859375,272.2528381347656,6.657479,0.431526,23.224407,25.253002
IR_57378.jpg,2025-04-23 13:54:03,Cableduct,322.9593505859375,15.682923316955566,358.08642578125,40.988990783691406,7.258235,3.320168,21.644953,25.299999
IR_57378.jpg,2025-04-23 13:54:03,Window,136.18373107910156,50.3145866394043,176.94908142089844,128.2047882080078,1.663586,0.436924,22.291998,24.861359
IR_57378.jpg,2025-04-23 13:54:03,Screen,614.4000244140625,254.39395141601562,639.5213623046875,353.9378356933594,10.985569,4.927527,20.672588,25.299999
IR_57379.jpg,2025-04-23 13:54:32,Screen,340.99005126953125,276.89794921875,473.41046142578125,375.865234375,11.479115,4.124991,21.657061,25.200001
IR_57379.jpg,2025-04-23 13:54:32,Screen,609.401123046875,275.44635009765625,639.60986328125,371.69207763671875,10.980394,4.923447,20.928667,25.200001
IR_57379.jpg,2025-04-23 13:54:32,Cableduct,528.93212890625,38.815330505371094,567.608154296875,61.225440979003906,8.601918,4.875555,21.719858,25.200001
IR_57379.jpg,2025-04-23 13:54:32,Machine,106.28245544433594,174.63037109375,143.73184204101562,271.7635803222656,6.606483,0.428723,23.120781,25.153002
IR_57379.jpg,2025-04-23 13:54:32,Cableduct,574.5508422851562,35.248931884765625,620.6036987304688,57.68522644042969,10.016270,5.155511,22.048552,25.200001
IR_57379.jpg,2025-04-23 13:54:32,Machine,480.0840148925781,131.6561279296875,562.254638671875,219.2364501953125,4.658320,5.318534,21.568611,25.200001
IR_57379.jpg,2025-04-23 13:54:32,Cableduct,220.71763610839844,1.2268333435058594,316.070068359375,51.450199127197266,11.194225,3.316389,20.971647,25.200001
IR_57379.jpg,2025-04-23 13:54:32,Cableduct,430.3460693359375,36.407020568847656,461.3214111328125,55.41124725341797,7.479243,4.546181,21.805075,25.200001
IR_57379.jpg,2025-04-23 13:54:32,Cableduct,323.3439025878906,16.36406707763672,358.2566833496094,40.987083435058594,7.192756,3.300591,21.586527,25.200001
IR_57379.jpg,2025-04-23 13:54:32,Window,136.65328979492188,50.936676025390625,175.70016479492188,129.5607452392578,1.730696,0.442508,22.186235,24.808355
IR_57379.jpg,2025-04-23 13:54:32,Screen,615.281982421875,257.0946350097656,639.5819091796875,375.8354187011719,12.029741,4.739939,20.948530,25.200001
IR_57380.jpg,2025-04-23 13:55:02,Screen,340.50994873046875,275.86846923828125,473.79443359375,375.8841552734375,11.498549,4.126756,21.631401,25.200001
IR_57380.jpg,2025-04-23 13:55:02,Machine,480.29443359375,131.902099609375,562.5450439453125,219.27389526367188,4.651378,5.323918,21.646736,25.200001
IR_57380.jpg,2025-04-23 13:55:02,Screen,611.4791259765625,276.3718566894531,639.7545166015625,374.8128967285156,11.163581,4.865847,20.950083,25.200001
IR_57380.jpg,2025-04-23 13:55:02,Cableduct,529.302978515625,39.09077453613281,566.59228515625,60.906585693359375,8.598923,4.874493,21.813267,25.200001
IR_57380.jpg,2025-04-23 13:55:02,Cableduct,575.239990234375,35.771697998046875,620.901123046875,57.73390197753906,9.999303,5.154521,22.084063,25.200001
IR_57380.jpg,2025-04-23 13:55:02,Cableduct,430.699951171875,36.29908752441406,461.32293701171875,54.88862609863281,7.483392,4.547540,21.853418,25.200001
IR_57380.jpg,2025-04-23 13:55:02,Machine,103.0941162109375,174.76516723632812,144.13206481933594,272.5831298828125,6.747079,0.432112,23.008686,25.137337
IR_57380.jpg,2025-04-23 13:55:02,Cableduct,219.164794921875,1.2292060852050781,316.5947265625,50.15955352783203,11.524250,3.350676,20.955025,25.200001
IR_57380.jpg,2025-04-23 13:55:02,Window,140.68292236328125,51.19776916503906,176.76617431640625,125.3955078125,1.572122,0.459014,22.253023,24.808355
IR_57380.jpg,2025-04-23 13:55:02,Cableduct,323.96929931640625,16.57140350341797,357.79339599609375,40.113861083984375,7.149015,3.280447,21.583941,25.200001
IR_57381.jpg,2025-04-23 13:55:32,Screen,342.48590087890625,277.0235595703125,473.30255126953125,373.99609375,11.394782,4.138892,21.700411,25.200001
IR_57381.jpg,2025-04-23 13:55:32,Cableduct,529.3751220703125,39.21227264404297,567.5504150390625,61.487327575683594,8.600745,4.877459,21.735590,25.200001
IR_57381.jpg,2025-04-23 13:55:32,Machine,479.4120788574219,133.28518676757812,562.6904296875,219.56353759765625,4.588938,5.346362,21.676935,25.200001
IR_57381.jpg,2025-04-23 13:55:32,Cableduct,574.900634765625,34.553688049316406,620.671875,58.30970001220703,10.123964,5.170929,21.967207,25.200001
IR_57381.jpg,2025-04-23 13:55:32,Screen,610.6285400390625,274.002197265625,639.6795654296875,373.318603515625,11.125245,4.870672,20.956606,25.043343
IR_57381.jpg,2025-04-23 13:55:32,Machine,104.24546813964844,174.5621337890625,143.7933807373047,273.31341552734375,6.707322,0.431884,23.068394,25.153002
IR_57381.jpg,2025-04-23 13:55:32,Cableduct,217.53335571289062,1.4392356872558594,316.5070495605469,51.08440017700195,11.694931,3.363806,20.971741,25.200001
IR_57381.jpg,2025-04-23 13:55:32,Cableduct,430.7784423828125,37.844261169433594,460.77685546875,55.48968505859375,7.431205,4.554269,22.119476,25.200001
IR_57381.jpg,2025-04-23 13:55:32,Cableduct,322.6304931640625,16.24135971069336,357.87493896484375,40.44120407104492,7.151072,3.286571,21.600574,25.200001
IR_57381.jpg,2025-04-23 13:55:32,Window,138.96212768554688,51.68646240234375,177.48690795898438,126.59695434570312,1.529334,0.436250,22.199907,24.714361
IR_57382.jpg,2025-04-23 13:56:02,Screen,340.8227844238281,276.5274658203125,473.3123474121094,374.9451904296875,11.476784,4.130104,21.631487,25.200001
IR_57382.jpg,2025-04-23 13:56:02,Machine,479.8061828613281,132.76351928710938,563.17724609375,220.47247314453125,4.634248,5.325035,21.582312,25.200001
IR_57382.jpg,2025-04-23 13:56:02,Cableduct,430.6664733886719,36.36744689941406,460.3365783691406,55.11882781982422,7.557894,4.568117,22.042053,25.200001
IR_57382.jpg,2025-04-23 13:56:02,Screen,610.82421875,273.2278137207031,639.7705078125,376.3139953613281,11.281937,4.812525,20.956366,25.074673
IR_57382.jpg,2025-04-23 13:56:02,Cableduct,574.27587890625,34.28467559814453,622.5029296875,58.37720489501953,10.073310,5.163167,21.864834,25.200001
IR_57382.jpg,2025-04-23 13:56:02,Cableduct,528.8541259765625,38.60643005371094,568.6263427734375,61.888580322265625,8.629413,4.881570,21.634295,25.200001
IR_57382.jpg,2025-04-23 13:56:02,Cableduct,322.691650390625,16.139827728271484,358.952392578125,40.93436813354492,7.176214,3.303173,21.537403,25.200001
IR_57382.jpg,2025-04-23 13:56:02,Machine,102.91331481933594,174.0419921875,144.6237030029297,273.62060546875,6.756772,0.439956,22.936140,25.153002
IR_57382.jpg,2025-04-23 13:56:02,Cableduct,220.7570343017578,1.4461212158203125,316.10443115234375,49.96270751953125,11.241221,3.312213,20.948099,25.200001
IR_57382.jpg,2025-04-23 13:56:02,Screen,612.4063720703125,245.2940673828125,639.70849609375,359.6575927734375,11.454210,4.868222,20.673731,25.200001
IR_57382.jpg,2025-04-23 13:56:02,Window,136.41542053222656,50.07562255859375,176.93507385253906,128.5970458984375,1.715569,0.445282,22.102787,24.714361
IR_57383.jpg,2025-04-23 13:56:32,Screen,341.3203125,276.58917236328125,473.70098876953125,375.43951416015625,11.468634,4.130212,21.724857,25.200001
IR_57383.jpg,2025-04-23 13:56:32,Machine,479.01593017578125,131.46304321289062,562.8191528320312,217.815185546875,4.633246,5.353170,21.753357,25.200001
IR_57383.jpg,2025-04-23 13:56:32,Cableduct,529.158447265625,38.83915710449219,567.5479736328125,60.935577392578125,8.598505,4.874828,21.832294,25.200001
IR_57383.jpg,2025-04-23 13:56:32,Cableduct,430.9224853515625,36.074485778808594,460.96923828125,54.62567901611328,7.526942,4.557318,22.093925,25.200001
IR_57383.jpg,2025-04-23 13:56:32,Screen,609.9338989257812,274.51202392578125,639.7864379882812,375.6640625,11.178454,4.847730,21.066994,25.061357
IR_57383.jpg,2025-04-23 13:56:32,Cableduct,322.4173583984375,15.026652336120605,359.18408203125,41.88447952270508,7.346739,3.358527,21.524702,25.200001
IR_57383.jpg,2025-04-23 13:56:32,Cableduct,218.60691833496094,1.3084602355957031,316.2105712890625,49.72566223144531,11.553786,3.343552,21.044710,25.200001
IR_57383.jpg,2025-04-23 13:56:32,Machine,102.93161010742188,174.6220703125,144.32301330566406,273.89190673828125,6.774219,0.438729,23.001707,25.153786
IR_57383.jpg,2025-04-23 13:56:32,Cableduct,574.6705932617188,35.11615753173828,621.8306274414062,57.9476318359375,10.025018,5.159126,22.040977,25.200001
IR_57383.jpg,2025-04-23 13:56:32,Window,140.35421752929688,51.024505615234375,176.93515014648438,125.13742065429688,1.558413,0.456689,22.296206,24.722454
IR_57384.jpg,2025-04-23 13:57:03,Screen,340.91455078125,276.19903564453125,473.87890625,376.24102783203125,11.487053,4.125056,21.574362,25.100000
IR_57384.jpg,2025-04-23 13:57:03,Screen,610.7012329101562,275.04962158203125,639.6824340820312,370.27313232421875,10.982290,4.930499,20.864178,24.976763
IR_57384.jpg,2025-04-23 13:57:03,Cableduct,529.4324340820312,38.939727783203125,567.3589477539062,61.39494323730469,8.627878,4.880550,21.655651,25.100000
IR_57384.jpg,2025-04-23 13:57:03,Machine,479.7986145019531,131.43618774414062,562.15283203125,218.34982299804688,4.646430,5.331305,21.690706,25.100000
IR_57384.jpg,2025-04-23 13:57:03,Cableduct,220.7627410888672,1.342132568359375,315.67596435546875,48.91236114501953,11.211781,3.300140,20.921024,25.100000
IR_57384.jpg,2025-04-23 13:57:03,Cableduct,322.58843994140625,15.670669555664062,357.79693603515625,42.238731384277344,7.326627,3.341494,21.372536,25.100000
IR_57384.jpg,2025-04-23 13:57:03,Cableduct,431.5030517578125,36.58323669433594,460.7899169921875,54.27082824707031,7.519112,4.563551,22.163755,25.100000
IR_57384.jpg,2025-04-23 13:57:03,Machine,102.29936218261719,175.00924682617188,144.1324920654297,274.5788269042969,6.815152,0.441680,22.876400,25.053785
IR_57384.jpg,2025-04-23 13:57:03,Cableduct,574.323486328125,34.14213180541992,621.792236328125,58.05477523803711,10.093714,5.165858,21.843164,25.100000
IR_57385.jpg,2025-04-23 13:57:32,Screen,340.8287658691406,276.1867980957031,474.4541320800781,376.1716613769531,11.528669,4.132810,21.587124,25.100000
IR_57385.jpg,2025-04-23 13:57:32,Machine,479.018310546875,134.7554473876953,562.2923583984375,218.43663024902344,4.504107,5.386534,21.786739,25.100000
IR_57385.jpg,2025-04-23 13:57:32,Cableduct,528.997802734375,38.89885711669922,568.43603515625,61.436012268066406,8.591987,4.875789,21.668446,25.100000
IR_57385.jpg,2025-04-23 13:57:32,Screen,615.5531005859375,275.15411376953125,639.8414306640625,376.66192626953125,11.453756,4.778567,21.025978,24.930548
IR_57385.jpg,2025-04-23 13:57:32,Cableduct,220.13079833984375,1.2995529174804688,316.03668212890625,49.996177673339844,11.315161,3.320278,20.926422,25.100000
IR_57385.jpg,2025-04-23 13:57:32,Cableduct,576.9867553710938,35.636024475097656,621.5714721679688,57.626808166503906,10.079645,5.167258,22.067909,25.100000
IR_57385.jpg,2025-04-23 13:57:32,Cableduct,431.25244140625,37.33643341064453,461.93798828125,54.493408203125,7.367398,4.533383,21.982645,25.100000
IR_57385.jpg,2025-04-23 13:57:32,Cableduct,321.93023681640625,15.213546752929688,358.97174072265625,41.66979217529297,7.296162,3.342932,21.444012,25.100000
IR_57385.jpg,2025-04-23 13:57:32,Machine,101.916748046875,173.39422607421875,144.3258056640625,272.8732604980469,6.754495,0.436534,22.835449,25.053785
IR_57385.jpg,2025-04-23 13:57:32,Window,119.67898559570312,55.09039306640625,179.67877197265625,132.66004943847656,2.197260,0.372389,21.762430,24.622454
IR_57385.jpg,2025-04-23 13:57:32,Window,135.4066162109375,50.561279296875,176.466796875,129.83705139160156,1.723479,0.433340,22.003223,24.622454
IR_57386.jpg,2025-04-23 13:58:03,Screen,340.863037109375,275.8280029296875,474.129150390625,376.93994140625,11.489182,4.121755,21.709341,25.200001
IR_57386.jpg,2025-04-23 13:58:03,Machine,479.1871337890625,133.6405487060547,562.5228271484375,219.0846405029297,4.563572,5.359751,21.441545,25.200001
IR_57386.jpg,2025-04-23 13:58:03,Cableduct,529.5081787109375,38.791866302490234,567.2181396484375,61.15042495727539,8.636393,4.880949,21.859467,25.200001
IR_57386.jpg,2025-04-23 13:58:03,Cableduct,576.4094848632812,35.71887969970703,621.4972534179688,57.73870086669922,10.050623,5.163103,22.194571,25.200001
IR_57386.jpg,2025-04-23 13:58:03,Screen,610.82080078125,274.31884765625,639.617431640625,370.93609619140625,11.024210,4.910019,21.079649,25.092167
IR_57386.jpg,2025-04-23 13:58:03,Cableduct,218.9617919921875,1.5344696044921875,315.4024658203125,50.02307891845703,11.370830,3.309864,21.036285,25.200001
IR_57386.jpg,2025-04-23 13:58:03,Cableduct,322.5963134765625,15.23702621459961,358.2274169921875,40.67291259765625,7.272539,3.326292,21.596806,25.200001
IR_57386.jpg,2025-04-23 13:58:03,Machine,102.2000732421875,174.69741821289062,144.1955108642578,273.0370178222656,6.781659,0.436882,22.986038,25.153786
IR_57386.jpg,2025-04-23 13:58:03,Cableduct,430.926513671875,36.97288513183594,461.8980712890625,55.006744384765625,7.407272,4.536985,21.888975,25.200001
IR_57387.jpg,2025-04-23 13:58:32,Screen,341.05010986328125,276.114013671875,473.85467529296875,376.3369140625,11.473735,4.124128,21.674507,25.100000
IR_57387.jpg,2025-04-23 13:58:32,Cableduct,575.24609375,34.84577941894531,621.64404296875,57.05485534667969,10.039402,5.159520,22.034252,25.100000
IR_57387.jpg,2025-04-23 13:58:32,Cableduct,529.040283203125,40.01830291748047,565.7314453125,60.477195739746094,8.496466,4.859071,21.954712,25.100000
IR_57387.jpg,2025-04-23 13:58:32,Machine,102.1602783203125,174.23419189453125,144.568115234375,273.43280029296875,6.780892,0.441328,22.913906,25.054569
IR_57387.jpg,2025-04-23 13:58:32,Machine,479.394775390625,131.7689208984375,562.8929443359375,217.39981079101562,4.615617,5.363810,21.336262,25.100000
IR_57387.jpg,2025-04-23 13:58:32,Cableduct,221.4311065673828,1.5701446533203125,313.56988525390625,50.51698303222656,10.745950,3.222524,20.998392,25.100000
IR_57387.jpg,2025-04-23 13:58:32,Screen,615.198974609375,277.470703125,639.73388671875,371.5936279296875,11.165628,4.891257,21.051218,24.963707
IR_57387.jpg,2025-04-23 13:58:32,Cableduct,321.93011474609375,15.63113021850586,359.07452392578125,41.3112678527832,7.224483,3.321684,21.420494,25.100000
IR_57387.jpg,2025-04-23 13:58:32,Cableduct,430.0343017578125,35.71858215332031,461.90380859375,57.080902099609375,7.574125,4.559340,21.657812,25.100000
IR_57387.jpg,2025-04-23 13:58:32,Machine,481.778076171875,106.20468139648438,579.39599609375,204.4190673828125,6.027332,5.212172,21.266031,25.100000
IR_57388.jpg,2025-04-23 13:59:02,Screen,340.5242919921875,276.58050537109375,474.24267578125,375.82244873046875,11.550537,4.135575,21.682501,25.100000
IR_57388.jpg,2025-04-23 13:59:02,Cableduct,577.086669921875,36.126190185546875,621.126953125,57.20365905761719,10.028144,5.159263,22.216200,25.100000
IR_57388.jpg,2025-04-23 13:59:02,Cableduct,530.6781005859375,39.01829528808594,567.355224609375,61.22797393798828,8.674728,4.889399,21.914938,25.054569
IR_57388.jpg,2025-04-23 13:59:02,Screen,610.864501953125,274.1008605957031,639.655029296875,370.3973693847656,11.007675,4.916740,21.079592,24.963707
IR_57388.jpg,2025-04-23 13:59:02,Cableduct,221.3332977294922,1.3974266052246094,315.95086669921875,50.00855255126953,11.140097,3.301475,21.018021,25.100000
IR_57388.jpg,2025-04-23 13:59:02,Machine,101.49943542480469,174.32510375976562,144.67221069335938,273.57861328125,6.806929,0.444978,22.884388,25.054569
IR_57388.jpg,2025-04-23 13:59:02,Machine,479.1957702636719,131.77886962890625,562.180908203125,217.96490478515625,4.616764,5.347585,21.365007,25.100000
IR_57388.jpg,2025-04-23 13:59:02,Cableduct,323.4731140136719,15.899951934814453,357.6411437988281,40.76470947265625,7.248446,3.311695,21.632515,25.100000
IR_57388.jpg,2025-04-23 13:59:02,Cableduct,430.4978942871094,35.86737060546875,461.5412292480469,55.516990661621094,7.527904,4.551908,21.757320,25.100000
IR_57388.jpg,2025-04-23 13:59:02,Machine,481.876220703125,104.07970428466797,578.810791015625,203.671875,6.128111,5.172223,21.314445,25.100000
IR_57389.jpg,2025-04-23 13:59:33,Screen,339.78509521484375,275.81573486328125,474.41949462890625,376.32391357421875,11.579525,4.132876,21.637287,25.100000
IR_57389.jpg,2025-04-23 13:59:33,Cableduct,576.7896118164062,35.288177490234375,621.5923461914062,57.65216064453125,10.102476,5.170083,22.152201,25.100000
IR_57389.jpg,2025-04-23 13:59:33,Cableduct,529.559326171875,39.587013244628906,566.638671875,60.74445343017578,8.557562,4.869636,21.936287,25.038382
IR_57389.jpg,2025-04-23 13:59:33,Cableduct,322.00604248046875,14.555656433105469,358.3460693359375,41.89702606201172,7.399697,3.369171,21.483181,25.100000
IR_57389.jpg,2025-04-23 13:59:33,Cableduct,216.11013793945312,1.39080810546875,315.9072570800781,50.26689910888672,11.821544,3.362396,20.960268,25.100000
IR_57389.jpg,2025-04-23 13:59:33,Machine,102.74259948730469,174.44232177734375,143.810302734375,273.29547119140625,6.760651,0.431963,22.897799,25.053785
IR_57389.jpg,2025-04-23 13:59:33,Machine,479.57220458984375,133.67825317382812,561.6332397460938,217.49356079101562,4.528164,5.377470,21.363749,25.100000
IR_57389.jpg,2025-04-23 13:59:33,Cableduct,429.7473449707031,34.77206802368164,462.5242614746094,56.51332473754883,7.565182,4.542441,21.612806,25.100000
IR_57389.jpg,2025-04-23 13:59:33,Screen,614.0733032226562,274.59661865234375,639.8473510742188,375.67034912109375,11.364040,4.805877,21.136885,24.961357
IR_57389.jpg,2025-04-23 13:59:33,Machine,483.5954284667969,102.7546157836914,577.50390625,203.66580200195312,6.138649,5.120471,21.309330,25.100000
IR_57389.jpg,2025-04-23 13:59:33,Window,120.09341430664062,54.561859130859375,179.435546875,134.12548828125,2.150161,0.377023,21.715790,24.622454
IR_57390.jpg,2025-04-23 14:00:02,Screen,339.944580078125,275.75653076171875,475.0975341796875,375.8665771484375,11.612773,4.144011,21.755459,25.200001
IR_57390.jpg,2025-04-23 14:00:02,Cableduct,574.3434448242188,34.61988067626953,621.7952270507812,57.67218780517578,10.037546,5.158835,22.170729,25.200001
IR_57390.jpg,2025-04-23 14:00:02,Screen,614.7396850585938,276.43212890625,639.8151245117188,375.4420166015625,11.336597,4.822831,21.251301,25.061357
IR_57390.jpg,2025-04-23 14:00:02,Cableduct,429.9193115234375,35.088233947753906,463.396484375,57.649620056152344,7.552156,4.542223,21.677223,25.200001
IR_57390.jpg,2025-04-23 14:00:02,Cableduct,220.00384521484375,1.2536125183105469,315.0653076171875,50.34645462036133,11.173296,3.292292,21.072474,25.200001
IR_57390.jpg,2025-04-23 14:00:02,Cableduct,529.077880859375,39.808128356933594,565.799072265625,60.63117218017578,8.523612,4.863072,22.082272,25.045954
IR_57390.jpg,2025-04-23 14:00:02,Machine,479.5986328125,134.01181030273438,561.2783203125,217.58517456054688,4.515511,5.377696,21.518265,25.200001
IR_57390.jpg,2025-04-23 14:00:02,Cableduct,321.8787841796875,14.43157958984375,358.5941162109375,41.668819427490234,7.390247,3.368367,21.578926,25.200001
IR_57390.jpg,2025-04-23 14:00:02,Machine,101.20375061035156,174.6749267578125,144.4091796875,273.1850891113281,6.815835,0.442462,22.955498,25.153786
IR_57390.jpg,2025-04-23 14:00:02,Window,133.6981201171875,49.92744445800781,176.71697998046875,130.6909637451172,1.772820,0.429232,21.989502,23.074152
IR_57390.jpg,2025-04-23 14:00:02,Machine,484.1136474609375,102.50381469726562,577.3900146484375,202.0244140625,6.133503,5.118676,21.466778,25.200001
IR_57390.jpg,2025-04-23 14:00:02,Window,120.32067108154297,54.00694274902344,179.614501953125,132.31248474121094,2.151104,0.378807,21.814955,23.074152
IR_57391.jpg,2025-04-23 14:00:32,Screen,340.619384765625,275.28546142578125,474.30615234375,376.59735107421875,11.499260,4.124680,21.754284,25.100000
IR_57391.jpg,2025-04-23 14:00:32,Cableduct,575.442138671875,35.209083557128906,621.868896484375,58.08002471923828,10.059385,5.164553,22.141386,25.100000
IR_57391.jpg,2025-04-23 14:00:32,Cableduct,430.02862548828125,34.76041030883789,462.3856201171875,56.9179573059082,7.616703,4.556947,21.731697,25.100000
IR_57391.jpg,2025-04-23 14:00:32,Screen,610.9071044921875,275.44525146484375,639.7393798828125,373.66925048828125,11.113056,4.879784,21.176092,24.903133
IR_57391.jpg,2025-04-23 14:00:32,Cableduct,219.346923828125,1.4119873046875,315.59613037109375,50.225547790527344,11.343661,3.313756,21.073547,25.100000
IR_57391.jpg,2025-04-23 14:00:32,Cableduct,529.4405517578125,38.65184783935547,567.7064208984375,61.046409606933594,8.631974,4.880246,21.962652,24.948565
IR_57391.jpg,2025-04-23 14:00:32,Machine,479.4625244140625,133.90768432617188,561.2071533203125,218.11892700195312,4.529211,5.366236,21.531063,25.100000
IR_57391.jpg,2025-04-23 14:00:32,Machine,102.66001892089844,174.5069580078125,144.9508819580078,275.213623046875,6.808667,0.450054,22.931412,25.009138
IR_57391.jpg,2025-04-23 14:00:32,Cableduct,321.8807373046875,14.480476379394531,358.699462890625,42.287879943847656,7.420922,3.379330,21.556053,25.100000
IR_57391.jpg,2025-04-23 14:00:32,Window,120.4412841796875,55.39689636230469,179.49301147460938,133.05825805664062,2.134328,0.368700,21.798433,23.010183
IR_57391.jpg,2025-04-23 14:00:32,Window,138.96517944335938,51.4193115234375,178.48452758789062,126.19523620605469,1.512399,0.437836,22.041574,23.010183
IR_57391.jpg,2025-04-23 14:00:32,Machine,485.156005859375,101.96487426757812,577.6517333984375,202.62899780273438,6.170541,5.106982,21.465147,25.100000
IR_57392.jpg,2025-04-23 14:01:03,Screen,343.0401611328125,276.40869140625,473.8634033203125,375.9818115234375,11.362724,4.129799,21.787806,25.100000
IR_57392.jpg,2025-04-23 14:01:03,Cableduct,576.2077026367188,35.114051818847656,621.2169799804688,57.767295837402344,10.101910,5.169114,22.183855,25.100000
IR_57392.jpg,2025-04-23 14:01:03,Cableduct,528.9069213867188,40.05548858642578,565.4419555664062,60.71723175048828,8.503047,4.860041,22.048014,24.948565
IR_57392.jpg,2025-04-23 14:01:03,Cableduct,429.99365234375,35.06703186035156,463.08746337890625,56.86529541015625,7.535997,4.538670,21.687771,25.100000
IR_57392.jpg,2025-04-23 14:01:03,Cableduct,220.40762329101562,1.3106193542480469,316.4999084472656,49.90602493286133,11.351534,3.331293,21.063667,25.100000
IR_57392.jpg,2025-04-23 14:01:03,Cableduct,322.821044921875,14.360183715820312,358.506103515625,41.00775146484375,7.397601,3.365815,21.610685,25.100000
IR_57392.jpg,2025-04-23 14:01:03,Machine,479.406494140625,133.865966796875,561.6348876953125,216.684814453125,4.501696,5.386395,21.523190,25.100000
IR_57392.jpg,2025-04-23 14:01:03,Machine,104.88163757324219,174.86642456054688,144.98387145996094,274.3175048828125,6.724499,0.444797,22.978897,25.054569
IR_57392.jpg,2025-04-23 14:01:03,Screen,611.9906005859375,274.6121520996094,639.8243408203125,377.8746643066406,11.364422,4.791502,21.174206,24.963707
IR_57392.jpg,2025-04-23 14:01:03,Machine,484.9231872558594,103.04196166992188,579.3426513671875,201.70401000976562,6.152114,5.137826,21.442389,25.100000
IR_57392.jpg,2025-04-23 14:01:03,Window,135.6630859375,50.959320068359375,177.18682861328125,131.9775848388672,1.822216,0.443892,21.948439,23.010183
IR_57392.jpg,2025-04-23 14:01:03,Screen,613.9692993164062,258.7209167480469,639.4876098632812,354.5226745605469,10.877186,4.964756,20.787090,25.100000
IR_57392.jpg,2025-04-23 14:01:03,Window,120.3494873046875,55.33154296875,179.19244384765625,133.21768188476562,2.121963,0.367475,21.771496,23.010183
IR_57393.jpg,2025-04-23 14:01:32,Screen,341.20001220703125,276.1429443359375,472.67034912109375,375.6304931640625,11.396493,4.117908,21.782047,25.100000
IR_57393.jpg,2025-04-23 14:01:32,Cableduct,430.2470703125,34.9746208190918,462.3170166015625,57.50629806518555,7.649587,4.569199,21.654869,25.100000
IR_57393.jpg,2025-04-23 14:01:32,Cableduct,529.1441650390625,38.64044189453125,566.826904296875,61.10517883300781,8.637401,4.879598,21.945929,25.054569
IR_57393.jpg,2025-04-23 14:01:32,Screen,609.5531005859375,276.21929931640625,639.76806640625,374.25897216796875,11.055257,4.894002,21.115509,24.918276
IR_57393.jpg,2025-04-23 14:01:32,Cableduct,576.175048828125,35.14374542236328,621.6533203125,57.689720153808594,10.086502,5.167633,22.133743,25.100000
IR_57393.jpg,2025-04-23 14:01:32,Cableduct,220.45314025878906,1.5023651123046875,316.8629150390625,49.60045623779297,11.408460,3.338430,21.051819,25.100000
IR_57393.jpg,2025-04-23 14:01:32,Machine,480.2090759277344,134.08587646484375,561.7423095703125,219.19650268554688,4.554140,5.350812,21.502865,25.100000
IR_57393.jpg,2025-04-23 14:01:32,Machine,103.55368041992188,174.70986938476562,144.09652709960938,273.0269470214844,6.736397,0.433152,22.962910,25.054569
IR_57393.jpg,2025-04-23 14:01:32,Cableduct,322.10693359375,15.233165740966797,358.3560791015625,41.61655807495117,7.308843,3.341218,21.627611,25.100000
IR_57393.jpg,2025-04-23 14:01:32,Machine,483.97698974609375,103.57077026367188,578.0186157226562,202.14004516601562,6.093440,5.136292,21.418987,25.054569
IR_57393.jpg,2025-04-23 14:01:32,Window,135.3941650390625,51.177181243896484,177.39892578125,129.14382934570312,1.618260,0.421691,21.968056,22.949608
IR_57394.jpg,2025-04-23 14:02:02,Screen,340.2227783203125,275.92523193359375,474.03515625,375.92010498046875,11.533728,4.130515,21.805677,25.100000
IR_57394.jpg,2025-04-23 14:02:02,Screen,609.8914794921875,275.693603515625,639.5975341796875,368.98291015625,10.910694,4.961842,21.050556,24.963707
IR_57394.jpg,2025-04-23 14:02:02,Cableduct,529.096923828125,39.648277282714844,565.3018798828125,59.92859649658203,8.515586,4.859561,22.102266,24.948565
IR_57394.jpg,2025-04-23 14:02:02,Cableduct,430.44683837890625,35.18946838378906,463.42572021484375,59.34297180175781,7.670499,4.576071,21.602434,25.100000
IR_57394.jpg,2025-04-23 14:02:02,Cableduct,323.367431640625,15.04723834991455,358.1295166015625,40.24513626098633,7.301020,3.330913,21.749136,25.100000
IR_57394.jpg,2025-04-23 14:02:02,Cableduct,217.95358276367188,1.4994888305664062,315.1832580566406,49.37685012817383,11.494041,3.315309,21.109835,25.100000
IR_57394.jpg,2025-04-23 14:02:02,Cableduct,576.2010498046875,35.60877227783203,621.8231201171875,57.69873809814453,10.043045,5.162365,22.205051,25.100000
IR_57394.jpg,2025-04-23 14:02:02,Machine,479.8284912109375,134.06228637695312,562.398193359375,217.39297485351562,4.515600,5.387379,21.522093,25.100000
IR_57394.jpg,2025-04-23 14:02:02,Machine,104.69387817382812,175.1314697265625,144.6160125732422,273.35687255859375,6.716392,0.438931,23.050152,25.054569
IR_57394.jpg,2025-04-23 14:02:02,Window,135.4246826171875,50.84652328491211,176.78363037109375,128.16693115234375,1.602053,0.423527,22.018158,22.979895
IR_57394.jpg,2025-04-23 14:02:02,Machine,481.9631652832031,103.20789337158203,577.86669921875,201.13623046875,6.128182,5.160242,21.445772,25.100000
IR_57394.jpg,2025-04-23 14:02:02,Window,120.60614013671875,55.582305908203125,179.09619140625,133.7138214111328,2.099120,0.366029,21.813683,22.979895
IR_57395.jpg,2025-04-23 14:02:32,Screen,339.597412109375,275.68756103515625,474.119384765625,376.4996337890625,11.567180,4.127886,21.727772,25.100000
IR_57395.jpg,2025-04-23 14:02:32,Screen,608.723388671875,279.299560546875,639.55322265625,370.710693359375,10.881595,4.981300,21.020033,25.100000
IR_57395.jpg,2025-04-23 14:02:32,Cableduct,578.1781005859375,35.2288818359375,622.0093994140625,56.830291748046875,10.129904,5.173960,22.245447,25.100000
IR_57395.jpg,2025-04-23 14:02:32,Cableduct,528.8001708984375,40.21074676513672,565.7662353515625,61.321983337402344,8.505769,4.862207,21.936995,25.100000
IR_57395.jpg,2025-04-23 14:02:32,Cableduct,430.2508850097656,35.8803596496582,462.9371643066406,57.28823471069336,7.514429,4.544975,21.665154,25.100000
IR_57395.jpg,2025-04-23 14:02:32,Cableduct,219.19146728515625,1.4667129516601562,315.28125,49.540348052978516,11.338772,3.304369,21.064041,25.100000
IR_57395.jpg,2025-04-23 14:02:32,Machine,103.99440002441406,174.53643798828125,144.89418029785156,273.1794128417969,6.729236,0.438902,22.966309,25.054569
IR_57395.jpg,2025-04-23 14:02:32,Cableduct,324.00677490234375,15.305061340332031,357.50042724609375,42.39133071899414,7.440770,3.369023,21.661957,25.100000
IR_57395.jpg,2025-04-23 14:02:32,Machine,480.0756530761719,135.16571044921875,563.38720703125,217.21377563476562,4.478000,5.406580,21.401943,25.100000
IR_57395.jpg,2025-04-23 14:02:32,Window,135.1998291015625,51.2469596862793,176.4041748046875,130.3145294189453,1.683676,0.421600,21.936956,22.949608
IR_57395.jpg,2025-04-23 14:02:32,Machine,485.43988037109375,108.6748046875,577.8801879882812,202.5020751953125,5.794084,5.198106,21.368443,25.100000
IR_57396.jpg,2025-04-23 14:03:02,Screen,339.822509765625,276.02197265625,473.1771240234375,375.658203125,11.510403,4.123806,21.629911,25.000000
IR_57396.jpg,2025-04-23 14:03:02,Screen,608.7047119140625,279.18646240234375,639.5828857421875,370.02838134765625,10.861462,4.991184,20.963541,25.000000
IR_57396.jpg,2025-04-23 14:03:02,Cableduct,529.6334838867188,38.78885269165039,567.4712524414062,61.16170883178711,8.638723,4.881821,21.702385,25.000000
IR_57396.jpg,2025-04-23 14:03:02,Window,135.54086303710938,51.618412017822266,175.90957641601562,130.36331176757812,1.673706,0.420378,21.806908,22.804178
IR_57396.jpg,2025-04-23 14:03:02,Cableduct,576.3858032226562,36.486236572265625,620.9901733398438,57.89495849609375,9.995834,5.155576,22.104742,25.000000
IR_57396.jpg,2025-04-23 14:03:02,Cableduct,429.9433898925781,35.55978775024414,463.0827331542969,57.2383918762207,7.510222,4.538229,21.494963,25.000000
IR_57396.jpg,2025-04-23 14:03:02,Machine,103.65939331054688,173.58319091796875,144.2588653564453,272.7273254394531,6.702120,0.430680,22.845814,24.954569
IR_57396.jpg,2025-04-23 14:03:02,Cableduct,218.2552490234375,1.3407363891601562,316.35595703125,49.471092224121094,11.630901,3.351575,20.935118,25.000000
IR_57396.jpg,2025-04-23 14:03:02,Cableduct,322.36376953125,14.865123748779297,358.88134765625,41.855926513671875,7.366712,3.362266,21.465183,25.000000
IR_57396.jpg,2025-04-23 14:03:02,Machine,479.1688232421875,133.20904541015625,562.343017578125,217.62738037109375,4.552674,5.376985,21.273874,25.000000
IR_57397.jpg,2025-04-23 14:03:32,Screen,340.61773681640625,276.291748046875,473.22601318359375,375.9671630859375,11.469933,4.120598,21.682425,25.100000
IR_57397.jpg,2025-04-23 14:03:32,Screen,610.1421508789062,280.012451171875,639.6012573242188,369.1861572265625,10.870296,4.999348,21.078762,25.100000
IR_57397.jpg,2025-04-23 14:03:32,Machine,479.294677734375,130.25743103027344,562.9561767578125,220.2665557861328,4.733175,5.289408,21.482836,25.100000
IR_57397.jpg,2025-04-23 14:03:32,Cableduct,529.8267822265625,39.023033142089844,567.3642578125,61.08702850341797,8.625268,4.880397,21.788597,25.100000
IR_57397.jpg,2025-04-23 14:03:32,Window,135.33578491210938,51.914894104003906,175.800537109375,127.5625228881836,1.505268,0.410474,21.870632,22.767885
IR_57397.jpg,2025-04-23 14:03:32,Cableduct,219.2694549560547,1.3437385559082031,314.63751220703125,49.72039794921875,11.226039,3.285603,21.020853,25.100000
IR_57397.jpg,2025-04-23 14:03:32,Cableduct,576.40625,35.646602630615234,621.447021484375,57.812198638916016,10.061291,5.164531,22.136333,25.100000
IR_57397.jpg,2025-04-23 14:03:32,Machine,105.7056884765625,174.92437744140625,143.84222412109375,273.6702880859375,6.667840,0.436310,23.006311,25.039425
IR_57397.jpg,2025-04-23 14:03:32,Cableduct,430.84869384765625,36.370670318603516,462.40423583984375,55.52597427368164,7.447084,4.537390,21.765081,25.100000
IR_57397.jpg,2025-04-23 14:03:32,Cableduct,323.3915710449219,16.722251892089844,358.7521057128906,41.089439392089844,7.151129,3.292002,21.589436,25.100000
IR_57397.jpg,2025-04-23 14:03:32,Window,120.41831970214844,55.843475341796875,178.0756072998047,132.07240295410156,2.066011,0.357179,21.673059,22.767885
IR_57398.jpg,2025-04-23 14:04:03,Screen,343.093505859375,276.2601623535156,473.69818115234375,374.5203552246094,11.353031,4.138455,21.609507,25.000000
IR_57398.jpg,2025-04-23 14:04:03,Machine,479.96417236328125,129.94342041015625,563.1458129882812,219.80252075195312,4.744321,5.291482,21.521206,25.000000
IR_57398.jpg,2025-04-23 14:04:03,Cableduct,430.34307861328125,36.47333526611328,461.55670166015625,55.879188537597656,7.483293,4.547626,21.790478,25.000000
IR_57398.jpg,2025-04-23 14:04:03,Cableduct,529.4060668945312,38.88665008544922,567.1464233398438,60.705543518066406,8.603106,4.875089,21.728897,25.000000
IR_57398.jpg,2025-04-23 14:04:03,Screen,609.09814453125,278.7587890625,639.611572265625,369.7388916015625,10.870070,4.988310,21.008345,25.000000
IR_57398.jpg,2025-04-23 14:04:03,Cableduct,574.2781372070312,34.61407470703125,620.8085327148438,58.75831604003906,10.106702,5.169203,21.892416,25.000000
IR_57398.jpg,2025-04-23 14:04:03,Cableduct,220.33448791503906,1.4949874877929688,316.1875,49.72579574584961,11.317518,3.318818,20.916092,25.000000
IR_57398.jpg,2025-04-23 14:04:03,Window,136.24383544921875,52.02732849121094,176.48199462890625,127.22506713867188,1.490505,0.415110,21.746540,22.683029
IR_57398.jpg,2025-04-23 14:04:03,Machine,104.59097290039062,174.853515625,143.45437622070312,272.4493408203125,6.682922,0.428567,22.877031,24.954569
IR_57398.jpg,2025-04-23 14:04:03,Cableduct,322.07989501953125,15.128478050231934,358.65496826171875,41.25629425048828,7.292215,3.338137,21.423851,25.000000
IR_57398.jpg,2025-04-23 14:04:03,Window,127.20610046386719,55.1331901550293,181.56993103027344,129.08628845214844,1.848478,0.379949,21.628534,22.683029
IR_57399.jpg,2025-04-23 14:04:32,Screen,341.65362548828125,276.2507629394531,473.02679443359375,376.5893859863281,11.388203,4.115281,21.645800,25.000000
IR_57399.jpg,2025-04-23 14:04:32,Screen,608.4867553710938,285.1278076171875,639.1725463867188,365.9974365234375,10.662117,5.104138,21.094721,25.000000
IR_57399.jpg,2025-04-23 14:04:32,Machine,479.0803527832031,131.74517822265625,562.67138671875,220.30972290039062,4.664110,5.311072,21.480724,25.000000
IR_57399.jpg,2025-04-23 14:04:32,Cableduct,529.9780883789062,38.957176208496094,568.4605102539062,61.283531188964844,8.627684,4.882561,21.692114,25.000000
IR_57399.jpg,2025-04-23 14:04:32,Cableduct,221.42916870117188,1.5538063049316406,315.1357116699219,49.726051330566406,11.010891,3.271674,21.003109,25.000000
IR_57399.jpg,2025-04-23 14:04:32,Cableduct,574.2103271484375,35.04612731933594,621.471435546875,58.794456481933594,10.051403,5.162468,22.035574,25.000000
IR_57399.jpg,2025-04-23 14:04:32,Machine,103.13624572753906,175.03213500976562,144.41502380371094,273.7179260253906,6.775914,0.439028,22.900843,24.954569
IR_57399.jpg,2025-04-23 14:04:32,Cableduct,431.14825439453125,37.15416717529297,462.08587646484375,56.7281494140625,7.486258,4.559440,22.075603,25.000000
IR_57399.jpg,2025-04-23 14:04:32,Cableduct,322.56378173828125,15.629280090332031,357.77764892578125,41.05424499511719,7.257847,3.319000,21.551432,25.000000
IR_57399.jpg,2025-04-23 14:04:32,Window,135.53878784179688,51.99555587768555,175.28842163085938,125.96775817871094,1.444106,0.409412,21.838699,22.728460
IR_57399.jpg,2025-04-23 14:04:32,Machine,481.3856201171875,106.49115753173828,578.604736328125,210.87652587890625,6.041802,5.159859,21.491045,25.000000
IR_57400.jpg,2025-04-23 14:05:02,Screen,342.00152587890625,276.2996826171875,474.22052001953125,375.939453125,11.445841,4.132060,21.582226,24.900000
IR_57400.jpg,2025-04-23 14:05:02,Cableduct,216.53988647460938,1.4357070922851562,315.1450500488281,49.36430358886719,11.678005,3.332088,20.943926,24.900000
IR_57400.jpg,2025-04-23 14:05:02,Machine,478.50177001953125,128.25125122070312,563.0881958007812,220.9471435546875,4.834757,5.247498,21.333279,24.900000
IR_57400.jpg,2025-04-23 14:05:02,Cableduct,574.4293823242188,34.23682403564453,621.2946166992188,59.561363220214844,10.171756,5.178793,21.859209,24.900000
IR_57400.jpg,2025-04-23 14:05:02,Machine,103.01416015625,173.27560424804688,146.19940185546875,273.7929382324219,6.747953,0.454588,22.753571,24.900000
IR_57400.jpg,2025-04-23 14:05:02,Cableduct,529.2991943359375,39.41496276855469,568.0540771484375,61.39642333984375,8.564725,4.872871,21.666275,24.900000
IR_57400.jpg,2025-04-23 14:05:02,Cableduct,430.832763671875,37.2493896484375,461.204345703125,54.17533874511719,7.384534,4.535796,22.100847,24.900000
IR_57400.jpg,2025-04-23 14:05:02,Window,135.1658935546875,53.4561767578125,175.86849975585938,127.65789794921875,1.426645,0.393499,21.753326,22.667624
IR_57400.jpg,2025-04-23 14:05:02,Screen,610.1650390625,277.0732421875,639.639892578125,369.6234130859375,10.920835,4.964270,21.003510,24.900000
IR_57400.jpg,2025-04-23 14:05:02,Cableduct,321.966064453125,15.53546142578125,358.9442138671875,41.65043640136719,7.260083,3.331733,21.423571,24.900000
IR_57400.jpg,2025-04-23 14:05:02,Cableduct,314.65008544921875,15.632026672363281,361.7203369140625,45.574119567871094,7.263761,3.410146,21.092669,24.900000
IR_57400.jpg,2025-04-23 14:05:02,Machine,480.5350341796875,107.9265365600586,578.2369384765625,211.03939819335938,5.959350,5.183256,21.311573,24.900000
IR_57401.jpg,2025-04-23 14:05:33,Screen,341.6554870605469,276.46844482421875,472.9858703613281,373.37225341796875,11.412046,4.138260,21.585209,24.900000
IR_57401.jpg,2025-04-23 14:05:33,Screen,607.825927734375,285.161376953125,639.064697265625,365.9388427734375,10.640398,5.109153,20.947796,24.900000
IR_57401.jpg,2025-04-23 14:05:33,Machine,479.25665283203125,131.84274291992188,563.3176879882812,218.666259765625,4.638462,5.348211,21.354082,24.900000
IR_57401.jpg,2025-04-23 14:05:33,Cableduct,220.4259490966797,1.4391441345214844,315.49896240234375,50.046958923339844,11.190611,3.297295,20.902344,24.900000
IR_57401.jpg,2025-04-23 14:05:33,Cableduct,430.83349609375,36.446441650390625,460.8192138671875,54.25328826904297,7.482477,4.550722,22.023760,24.900000
IR_57401.jpg,2025-04-23 14:05:33,Window,136.57382202148438,52.877685546875,176.10476684570312,124.65957641601562,1.358284,0.406843,21.717745,24.557703
IR_57401.jpg,2025-04-23 14:05:33,Cableduct,530.2574462890625,39.28547668457031,567.9986572265625,61.483917236328125,8.629319,4.883851,21.713219,24.900000
IR_57401.jpg,2025-04-23 14:05:33,Cableduct,575.4554443359375,36.08143615722656,621.917724609375,58.15266418457031,9.983174,5.154630,21.984350,24.900000
IR_57401.jpg,2025-04-23 14:05:33,Machine,102.50473022460938,174.61737060546875,144.0302734375,273.94830322265625,6.786213,0.437327,22.750046,24.855352
IR_57401.jpg,2025-04-23 14:05:33,Cableduct,321.77630615234375,15.850281715393066,360.3797607421875,42.32923889160156,7.233699,3.339224,21.352955,24.900000
IR_57401.jpg,2025-04-23 14:05:33,Machine,481.281982421875,108.68862915039062,578.9608154296875,211.92855834960938,5.941988,5.189099,21.300102,24.900000
IR_57401.jpg,2025-04-23 14:05:33,Machine,195.65142822265625,102.85211181640625,221.07989501953125,132.79449462890625,0.659317,0.479267,21.950581,24.766058
IR_57402.jpg,2025-04-23 14:06:02,Screen,342.14117431640625,276.03167724609375,473.94122314453125,373.35784912109375,11.426491,4.147520,21.565838,24.799999
IR_57402.jpg,2025-04-23 14:06:02,Cableduct,218.47496032714844,1.2727012634277344,315.9219970703125,50.056968688964844,11.516880,3.336876,20.901846,24.799999
IR_57402.jpg,2025-04-23 14:06:02,Screen,610.0540771484375,280.25164794921875,639.6007080078125,369.75408935546875,10.881739,4.993983,20.980890,24.799999
IR_57402.jpg,2025-04-23 14:06:02,Cableduct,529.8255615234375,39.560523986816406,568.38525390625,60.39091491699219,8.524223,4.866462,21.708227,24.799999
IR_57402.jpg,2025-04-23 14:06:02,Cableduct,430.783203125,37.15756607055664,461.06298828125,55.65903854370117,7.474911,4.556715,21.756109,24.799999
IR_57402.jpg,2025-04-23 14:06:02,Cableduct,574.148681640625,33.92060852050781,621.96435546875,59.52410888671875,10.161577,5.175512,21.818090,24.799999
IR_57402.jpg,2025-04-23 14:06:02,Machine,477.2816162109375,133.3096923828125,565.727783203125,220.23068237304688,4.657724,5.375268,21.303267,24.799999
IR_57402.jpg,2025-04-23 14:06:02,Machine,100.66258239746094,173.38973999023438,144.65089416503906,274.3495178222656,6.822705,0.448542,22.668903,24.755352
IR_57402.jpg,2025-04-23 14:06:02,Cableduct,323.0497741699219,16.094913482666016,357.4038391113281,39.2750358581543,7.120944,3.270540,21.693932,24.799999
IR_57402.jpg,2025-04-23 14:06:02,Window,134.50888061523438,52.786800384521484,175.90451049804688,125.25112915039062,1.394093,0.396224,21.671062,24.799999
IR_57402.jpg,2025-04-23 14:06:02,Machine,480.79168701171875,108.93869018554688,579.9754028320312,214.78689575195312,5.992606,5.183627,21.305450,24.799999
IR_57402.jpg,2025-04-23 14:06:02,Window,120.12980651855469,57.01926040649414,177.66383361816406,131.58978271484375,2.071726,0.347637,21.517065,24.799999
IR_57403.jpg,2025-04-23 14:06:32,Screen,340.8089599609375,276.0439453125,473.356689453125,372.7779541015625,11.477615,4.145920,21.623495,24.900000
IR_57403.jpg,2025-04-23 14:06:32,Cableduct,430.28765869140625,35.95268630981445,462.23638916015625,56.78512191772461,7.530235,4.551457,21.643785,24.900000
IR_57403.jpg,2025-04-23 14:06:32,Cableduct,214.69818115234375,1.5315475463867188,314.6673583984375,49.42245864868164,11.847880,3.337197,20.970110,24.900000
IR_57403.jpg,2025-04-23 14:06:32,Machine,476.3802490234375,133.25289916992188,565.4698486328125,219.18173217773438,4.645947,5.396411,21.404001,24.900000
IR_57403.jpg,2025-04-23 14:06:32,Screen,610.72607421875,279.60931396484375,639.677001953125,373.61981201171875,11.027092,4.925099,21.179907,24.900000
IR_57403.jpg,2025-04-23 14:06:32,Cableduct,574.8887939453125,35.39158630371094,620.9066162109375,58.85466003417969,10.068460,5.165197,22.002039,24.900000
IR_57403.jpg,2025-04-23 14:06:32,Machine,100.85594177246094,173.812744140625,145.23626708984375,273.7797546386719,6.821052,0.452392,22.748318,24.855352
IR_57403.jpg,2025-04-23 14:06:32,Cableduct,322.38092041015625,15.797690391540527,358.97613525390625,40.863868713378906,7.197979,3.310807,21.641674,24.900000
IR_57403.jpg,2025-04-23 14:06:32,Cableduct,529.7237548828125,39.2884521484375,568.93603515625,61.165557861328125,8.570242,4.874704,21.643560,24.900000
IR_57403.jpg,2025-04-23 14:06:32,Window,135.3107147216797,53.71678924560547,177.81764221191406,127.01636505126953,1.413222,0.393759,21.722816,24.900000
IR_57403.jpg,2025-04-23 14:06:32,Machine,478.56097412109375,109.53952026367188,579.6434936523438,216.973876953125,5.993156,5.188633,21.382959,24.900000
IR_57404.jpg,2025-04-23 14:07:03,Screen,341.5653381347656,275.79583740234375,473.6113586425781,369.59832763671875,11.456894,4.170925,21.609436,24.799999
IR_57404.jpg,2025-04-23 14:07:03,Cableduct,220.05442810058594,1.6085395812988281,314.811279296875,49.53506088256836,11.150636,3.276701,20.925566,24.799999
IR_57404.jpg,2025-04-23 14:07:03,Screen,610.82568359375,278.10723876953125,639.6591796875,369.0860595703125,10.911995,4.976975,21.000002,24.799999
IR_57404.jpg,2025-04-23 14:07:03,Machine,102.27627563476562,171.90023803710938,145.65216064453125,272.2908935546875,6.703086,0.444287,22.720522,24.756136
IR_57404.jpg,2025-04-23 14:07:03,Machine,476.970947265625,133.19505310058594,564.1221923828125,217.9735870361328,4.591731,5.390440,21.397871,24.799999
IR_57404.jpg,2025-04-23 14:07:03,Cableduct,430.52935791015625,36.09874725341797,461.28814697265625,56.57758331298828,7.586376,4.570572,21.694845,24.799999
IR_57404.jpg,2025-04-23 14:07:03,Cableduct,575.1216430664062,36.220375061035156,621.6461791992188,56.895179748535156,9.899350,5.137768,22.133570,24.799999
IR_57404.jpg,2025-04-23 14:07:03,Cableduct,529.564453125,39.11467361450195,569.782958984375,61.3126335144043,8.569478,4.875243,21.662848,24.799999
IR_57404.jpg,2025-04-23 14:07:03,Window,135.15789794921875,55.366329193115234,176.73516845703125,124.25399780273438,1.295289,0.362585,21.701197,24.799999
IR_57404.jpg,2025-04-23 14:07:03,Machine,481.9402160644531,109.94107818603516,581.404296875,213.43081665039062,5.963258,5.226278,21.378922,24.799999
IR_57404.jpg,2025-04-23 14:07:03,Cableduct,322.68585205078125,15.81097412109375,359.07269287109375,39.46623992919922,7.122990,3.289433,21.591156,24.799999
IR_57404.jpg,2025-04-23 14:07:03,Machine,195.284912109375,101.47215270996094,221.48699951171875,132.2575225830078,0.643021,0.476374,21.926199,24.566057
IR_57405.jpg,2025-04-23 14:07:32,Screen,341.471923828125,275.8875732421875,473.3953857421875,373.7716064453125,11.427042,4.138154,21.468019,24.700001
IR_57405.jpg,2025-04-23 14:07:32,Screen,609.7318725585938,278.32415771484375,639.5757446289062,370.2950439453125,10.912565,4.969204,20.733120,24.700001
IR_57405.jpg,2025-04-23 14:07:32,Cableduct,219.77166748046875,1.686767578125,313.60418701171875,49.51583480834961,11.004524,3.240669,20.811306,24.700001
IR_57405.jpg,2025-04-23 14:07:32,Cableduct,574.07470703125,33.63255310058594,621.864501953125,59.55506896972656,10.185658,5.178071,21.699194,24.700001
IR_57405.jpg,2025-04-23 14:07:32,Machine,479.79656982421875,131.41354370117188,566.2490844726562,221.67745971679688,4.759102,5.309342,21.276209,24.700001
IR_57405.jpg,2025-04-23 14:07:32,Cableduct,529.5602416992188,38.829986572265625,568.8959350585938,61.468109130859375,8.619202,4.881215,21.563480,24.700001
IR_57405.jpg,2025-04-23 14:07:32,Machine,102.46220397949219,172.6893310546875,145.44419860839844,273.63885498046875,6.741628,0.447444,22.591970,24.656136
IR_57405.jpg,2025-04-23 14:07:32,Cableduct,322.94683837890625,15.214771270751953,358.27484130859375,40.083003997802734,7.252184,3.318528,21.602497,24.700001
IR_57405.jpg,2025-04-23 14:07:32,Machine,481.1968688964844,109.02859497070312,578.4776611328125,215.56524658203125,5.941879,5.147300,21.270308,24.700001
IR_57405.jpg,2025-04-23 14:07:32,Cableduct,431.32244873046875,37.667381286621094,461.47308349609375,55.084632873535156,7.409717,4.548200,21.705168,24.700001
IR_57406.jpg,2025-04-23 14:08:02,Screen,341.04852294921875,275.7192077636719,473.38116455078125,372.3082580566406,11.455698,4.147874,21.459486,24.700001
IR_57406.jpg,2025-04-23 14:08:02,Cableduct,219.3434600830078,1.6299095153808594,313.15911865234375,49.42347717285156,10.997789,3.232795,20.775513,24.700001
IR_57406.jpg,2025-04-23 14:08:02,Cableduct,430.61883544921875,36.212310791015625,462.81365966796875,58.981842041015625,7.612421,4.576223,21.543896,24.700001
IR_57406.jpg,2025-04-23 14:08:02,Cableduct,529.2716064453125,38.77490234375,568.7852783203125,61.91999816894531,8.633162,4.883449,21.480198,24.700001
IR_57406.jpg,2025-04-23 14:08:02,Machine,480.32861328125,132.7249755859375,563.7283935546875,216.83425903320312,4.576767,5.382216,21.338964,24.700001
IR_57406.jpg,2025-04-23 14:08:02,Machine,100.56086730957031,172.9541015625,146.54185485839844,274.00628662109375,6.821133,0.465614,22.502104,24.656136
IR_57406.jpg,2025-04-23 14:08:02,Cableduct,575.516845703125,36.62962341308594,621.651611328125,58.026832580566406,9.933461,5.144553,21.844795,24.700001
IR_57406.jpg,2025-04-23 14:08:02,Screen,616.2816162109375,245.06137084960938,639.7005615234375,345.9944152832031,10.965364,4.981762,20.371725,24.700001
IR_57406.jpg,2025-04-23 14:08:02,Window,134.283447265625,53.70539474487305,177.34591674804688,124.12364196777344,1.374050,0.378173,21.491879,22.419060
IR_57406.jpg,2025-04-23 14:08:02,Cableduct,323.3572082519531,16.498321533203125,358.6579284667969,39.51767349243164,7.078914,3.266986,21.571983,24.700001
IR_57406.jpg,2025-04-23 14:08:02,Machine,482.8782043457031,107.94024658203125,582.24169921875,211.91616821289062,6.067335,5.204131,21.229750,24.700001
IR_57406.jpg,2025-04-23 14:08:02,Screen,615.1026611328125,265.713134765625,639.863525390625,377.3734130859375,11.775782,4.734573,20.741507,24.700001
IR_57407.jpg,2025-04-23 14:08:32,Screen,342.60845947265625,275.9810791015625,473.6800537109375,371.5482177734375,11.390526,4.158428,21.510368,24.700001
IR_57407.jpg,2025-04-23 14:08:32,Machine,479.8741455078125,130.3123779296875,564.21826171875,220.1961669921875,4.746239,5.300999,21.331284,24.700001
IR_57407.jpg,2025-04-23 14:08:32,Cableduct,220.0800323486328,1.8892974853515625,313.76336669921875,49.93434524536133,10.971053,3.238417,20.812845,24.700001
IR_57407.jpg,2025-04-23 14:08:32,Cableduct,430.6026306152344,36.646820068359375,461.4541320800781,57.00761413574219,7.555154,4.569617,21.731148,24.700001
IR_57407.jpg,2025-04-23 14:08:32,Screen,611.2978515625,269.4227294921875,639.8807373046875,376.70062255859375,11.415043,4.759112,20.770777,24.700001
IR_57407.jpg,2025-04-23 14:08:32,Cableduct,528.9293823242188,39.365272521972656,567.7600708007812,61.07929229736328,8.541544,4.867728,21.509935,24.700001
IR_57407.jpg,2025-04-23 14:08:32,Cableduct,573.5987548828125,34.153350830078125,621.3160400390625,58.33802032470703,10.074531,5.161553,21.753157,24.700001
IR_57407.jpg,2025-04-23 14:08:32,Machine,101.32534790039062,172.16012573242188,146.76702880859375,274.3971862792969,6.786089,0.465677,22.533592,24.700001
IR_57407.jpg,2025-04-23 14:08:32,Cableduct,323.210693359375,14.725013732910156,357.92987060546875,39.59729766845703,7.295243,3.327146,21.549158,24.700001
IR_57407.jpg,2025-04-23 14:08:32,Machine,484.763916015625,107.67306518554688,578.711669921875,212.90728759765625,5.969497,5.137600,21.294071,24.700001
IR_57408.jpg,2025-04-23 14:09:02,Screen,343.780029296875,275.6325378417969,473.91204833984375,371.4466247558594,11.321201,4.162307,21.537100,24.799999
IR_57408.jpg,2025-04-23 14:09:02,Cableduct,529.041748046875,38.662696838378906,567.5897216796875,60.926734924316406,8.607747,4.875640,21.556786,24.799999
IR_57408.jpg,2025-04-23 14:09:02,Machine,479.72271728515625,131.84669494628906,562.2581176757812,219.3570098876953,4.647784,5.321665,21.161074,24.799999
IR_57408.jpg,2025-04-23 14:09:02,Machine,103.35606384277344,173.48123168945312,144.20278930664062,274.6227722167969,6.743320,0.441675,22.634331,24.799999
IR_57408.jpg,2025-04-23 14:09:02,Cableduct,221.87985229492188,1.2830963134765625,313.1161193847656,46.408447265625,10.758200,3.206394,20.816671,24.799999
IR_57408.jpg,2025-04-23 14:09:02,Cableduct,575.095947265625,33.70185089111328,621.628173828125,59.160682678222656,10.230644,5.187234,21.716507,24.799999
IR_57408.jpg,2025-04-23 14:09:02,Screen,615.2411499023438,274.6947326660156,639.6983032226562,371.5132751464844,11.239033,4.859571,20.717363,24.668407
IR_57408.jpg,2025-04-23 14:09:02,Cableduct,430.13262939453125,36.605491638183594,462.18353271484375,54.371299743652344,7.335989,4.510834,21.864502,24.799999
IR_57408.jpg,2025-04-23 14:09:02,Cableduct,319.08392333984375,15.291397094726562,360.27972412109375,41.831504821777344,7.172534,3.346047,21.560532,24.799999
IR_57408.jpg,2025-04-23 14:09:02,Window,135.57479858398438,53.712013244628906,177.83786010742188,123.08184051513672,1.339831,0.381909,21.551855,24.390600
IR_57409.jpg,2025-04-23 14:09:32,Screen,344.31756591796875,276.38525390625,473.42913818359375,371.35906982421875,11.283557,4.160218,21.568615,24.799999
IR_57409.jpg,2025-04-23 14:09:32,Machine,479.7658386230469,132.3829345703125,562.35888671875,220.44873046875,4.647787,5.311074,21.191990,24.799999
IR_57409.jpg,2025-04-23 14:09:32,Machine,105.11016845703125,174.458251953125,144.42861938476562,274.7675476074219,6.708092,0.447488,22.673967,24.799999
IR_57409.jpg,2025-04-23 14:09:32,Cableduct,528.9822387695312,38.87876892089844,568.4164428710938,61.95115661621094,8.617554,4.880510,21.512012,24.799999
IR_57409.jpg,2025-04-23 14:09:32,Cableduct,574.95361328125,34.85923767089844,622.792724609375,59.509544372558594,10.107082,5.172014,21.790560,24.799999
IR_57409.jpg,2025-04-23 14:09:32,Screen,612.4880981445312,271.8447265625,639.7411499023438,374.446533203125,11.314867,4.809015,20.778927,24.683029
IR_57409.jpg,2025-04-23 14:09:32,Cableduct,222.31259155273438,1.4585800170898438,311.7485656738281,46.98838806152344,10.469309,3.157044,20.824947,24.799999
IR_57409.jpg,2025-04-23 14:09:32,Cableduct,430.74566650390625,36.44670104980469,461.71844482421875,54.03553771972656,7.402357,4.529073,22.003679,24.799999
IR_57409.jpg,2025-04-23 14:09:32,Cableduct,322.81610107421875,17.085933685302734,358.571533203125,39.234619140625,6.964592,3.234835,21.754932,24.799999
IR_57409.jpg,2025-04-23 14:09:32,Cableduct,317.36798095703125,15.941744804382324,360.26092529296875,43.2028694152832,7.128577,3.349192,21.723351,24.799999
IR_57409.jpg,2025-04-23 14:09:32,Window,135.85662841796875,54.84161376953125,177.150390625,121.90150451660156,1.275148,0.366144,21.538975,24.799999
IR_57409.jpg,2025-04-23 14:09:32,Cableduct,321.2601318359375,22.757801055908203,355.20166015625,45.6734504699707,6.695050,3.125126,22.399008,24.799999
IR_57410.jpg,2025-04-23 14:10:03,Screen,341.03216552734375,276.2285461425781,472.91156005859375,375.0483703613281,11.428129,4.124347,21.552860,24.900000
IR_57410.jpg,2025-04-23 14:10:03,Screen,614.7679443359375,277.09765625,639.7703857421875,373.76513671875,11.248824,4.856708,20.816912,24.840469
IR_57410.jpg,2025-04-23 14:10:03,Machine,480.1822509765625,132.752685546875,562.594482421875,219.18377685546875,4.611147,5.340504,21.696924,24.900000
IR_57410.jpg,2025-04-23 14:10:03,Cableduct,430.1006774902344,35.766075134277344,462.7062683105469,55.464134216308594,7.428188,4.521118,21.982405,24.900000
IR_57410.jpg,2025-04-23 14:10:03,Cableduct,529.214111328125,38.66876220703125,567.518798828125,61.2598876953125,8.632666,4.880212,21.587339,24.900000
IR_57410.jpg,2025-04-23 14:10:03,Cableduct,222.82232666015625,1.2622146606445312,313.6597900390625,47.408058166503906,10.682009,3.213305,20.828957,24.900000
IR_57410.jpg,2025-04-23 14:10:03,Machine,102.90762329101562,173.44253540039062,144.55300903320312,274.8504333496094,6.764111,0.443391,22.623787,24.900000
IR_57410.jpg,2025-04-23 14:10:03,Cableduct,574.0891723632812,34.06425476074219,621.7655639648438,59.01423645019531,10.128939,5.170757,21.763988,24.900000
IR_57410.jpg,2025-04-23 14:10:03,Cableduct,322.89044189453125,16.233169555664062,358.87274169921875,39.0699577331543,7.058588,3.266908,21.558424,24.900000
IR_57410.jpg,2025-04-23 14:10:03,Cableduct,318.17413330078125,17.758342742919922,360.96783447265625,43.195518493652344,6.945358,3.300576,21.685966,24.900000
IR_57410.jpg,2025-04-23 14:10:03,Window,136.36306762695312,54.56964111328125,176.31961059570312,121.90699768066406,1.254107,0.373831,21.576178,22.206266
IR_57411.jpg,2025-04-23 14:10:32,Screen,341.8323974609375,276.2020568847656,473.3126220703125,374.5481262207031,11.405363,4.132798,21.557121,24.900000
IR_57411.jpg,2025-04-23 14:10:32,Cableduct,528.3720703125,39.45295715332031,565.307861328125,61.817169189453125,8.585910,4.872112,21.628603,24.900000
IR_57411.jpg,2025-04-23 14:10:32,Machine,480.13726806640625,130.7735595703125,562.3265991210938,217.043212890625,4.653758,5.343836,21.598400,24.900000
IR_57411.jpg,2025-04-23 14:10:32,Cableduct,214.65805053710938,1.4786949157714844,314.8481750488281,48.73485565185547,11.904392,3.344023,20.809254,24.900000
IR_57411.jpg,2025-04-23 14:10:32,Machine,107.38945007324219,174.11520385742188,143.9522247314453,274.5278015136719,6.634806,0.464479,22.767694,24.856136
IR_57411.jpg,2025-04-23 14:10:32,Screen,610.079345703125,275.753662109375,639.627197265625,369.3167724609375,10.925608,4.956327,20.767820,24.856136
IR_57411.jpg,2025-04-23 14:10:32,Cableduct,323.11328125,15.400581359863281,360.076416015625,40.752689361572266,7.246621,3.331551,21.565845,24.900000
IR_57411.jpg,2025-04-23 14:10:32,Cableduct,574.0468139648438,36.16868591308594,622.8562622070312,57.87980651855469,9.864563,5.130718,21.985170,24.900000
IR_57411.jpg,2025-04-23 14:10:32,Cableduct,431.0252685546875,36.23529815673828,462.318115234375,54.19365692138672,7.405494,4.526762,22.017225,24.900000
IR_57411.jpg,2025-04-23 14:10:32,Window,135.74761962890625,54.24786376953125,176.39077758789062,121.05380249023438,1.267293,0.370940,21.570118,24.900000
IR_57412.jpg,2025-04-23 14:11:02,Screen,340.94805908203125,275.51641845703125,474.0509033203125,376.67425537109375,11.470318,4.122467,21.595684,24.900000
IR_57412.jpg,2025-04-23 14:11:02,Cableduct,527.7257080078125,39.385711669921875,565.1964111328125,61.9747314453125,8.569465,4.868632,21.673639,24.900000
IR_57412.jpg,2025-04-23 14:11:02,Machine,478.423828125,132.62319946289062,561.868896484375,217.10247802734375,4.560041,5.372887,21.374832,24.900000
IR_57412.jpg,2025-04-23 14:11:02,Cableduct,574.3323974609375,34.60064697265625,622.1824951171875,57.71028137207031,10.029522,5.157504,21.948351,24.900000
IR_57412.jpg,2025-04-23 14:11:02,Machine,103.84593200683594,174.359619140625,144.3033905029297,273.8834228515625,6.734441,0.437300,22.721115,24.856136
IR_57412.jpg,2025-04-23 14:11:02,Cableduct,221.02590942382812,1.1824989318847656,314.5822448730469,48.475990295410156,11.027035,3.265437,20.898756,24.900000
IR_57412.jpg,2025-04-23 14:11:02,Screen,616.9810791015625,276.7644348144531,639.8709716796875,374.5838928222656,11.391550,4.818104,20.940947,24.783030
IR_57412.jpg,2025-04-23 14:11:02,Cableduct,322.5570068359375,15.826290130615234,359.6063232421875,41.791744232177734,7.247645,3.331512,21.492386,24.900000
IR_57412.jpg,2025-04-23 14:11:02,Window,134.979248046875,54.071773529052734,177.51898193359375,122.88836669921875,1.336798,0.373775,21.598452,22.224281
IR_57412.jpg,2025-04-23 14:11:02,Cableduct,430.36962890625,36.89495086669922,460.62677001953125,55.443824768066406,7.489995,4.556339,21.833632,24.900000
IR_57412.jpg,2025-04-23 14:11:02,Machine,482.97576904296875,105.28436279296875,577.4046020507812,206.86090087890625,6.022403,5.141200,21.293797,24.900000
IR_57413.jpg,2025-04-23 14:11:33,Screen,341.412109375,275.8907470703125,474.013427734375,374.6959228515625,11.463489,4.137482,21.631306,24.900000
IR_57413.jpg,2025-04-23 14:11:33,Cableduct,528.4100952148438,39.78899383544922,565.1524047851562,61.76524353027344,8.557351,4.868408,21.735804,24.900000
IR_57413.jpg,2025-04-23 14:11:33,Machine,479.400390625,131.49893188476562,563.1533203125,216.51260375976562,4.613199,5.368673,21.298048,24.900000
IR_57413.jpg,2025-04-23 14:11:33,Cableduct,576.307373046875,35.431495666503906,622.062744140625,57.345619201660156,10.043820,5.162260,22.044321,24.900000
IR_57413.jpg,2025-04-23 14:11:33,Cableduct,322.0542907714844,15.273597717285156,358.2860412597656,43.11231994628906,7.395341,3.369045,21.378149,24.900000
IR_57413.jpg,2025-04-23 14:11:33,Machine,105.15760803222656,173.69284057617188,145.00164794921875,274.45208740234375,6.691713,0.449427,22.715832,24.900000
IR_57413.jpg,2025-04-23 14:11:33,Cableduct,222.21865844726562,1.7794609069824219,313.8940124511719,49.0576171875,10.736384,3.218760,20.911449,24.900000
IR_57413.jpg,2025-04-23 14:11:33,Cableduct,430.2640075683594,36.19493103027344,461.1252136230469,55.952056884765625,7.536666,4.558263,21.813442,24.900000
IR_57413.jpg,2025-04-23 14:11:33,Window,135.29202270507812,54.47288513183594,176.568115234375,119.91616821289062,1.267625,0.361681,21.611759,22.121933
IR_57413.jpg,2025-04-23 14:11:33,Screen,611.3788452148438,274.96771240234375,639.7487182617188,371.81622314453125,11.066913,4.899944,20.922457,24.900000
IR_57414.jpg,2025-04-23 14:12:02,Cableduct,319.53387451171875,13.745942115783691,362.68560791015625,42.748626708984375,7.383904,3.430746,21.577051,27.700001
IR_57414.jpg,2025-04-23 14:12:02,Screen,343.91680908203125,275.3166809082031,473.5347900390625,374.7178649902344,11.259352,4.134884,22.169296,27.700001
IR_57414.jpg,2025-04-23 14:12:02,Person,69.13096618652344,152.9974365234375,178.18560791015625,367.4674072265625,9.105873,1.319325,22.962116,27.700001
IR_57414.jpg,2025-04-23 14:12:02,Cableduct,215.8985595703125,0.9592514038085938,313.82940673828125,50.214595794677734,11.541077,3.307676,21.222052,27.700001
IR_57414.jpg,2025-04-23 14:12:02,Cableduct,576.465576171875,34.13481903076172,622.9542236328125,59.85381317138672,10.269581,5.197475,22.348021,27.700001
IR_57414.jpg,2025-04-23 14:12:02,Cableduct,528.3828125,39.000579833984375,566.76123046875,62.973236083984375,8.655203,4.885426,22.221170,27.700001
IR_57414.jpg,2025-04-23 14:12:02,Window,134.94537353515625,55.220970153808594,179.39984130859375,119.82404327392578,1.341471,0.363042,22.187859,22.824020
IR_57414.jpg,2025-04-23 14:12:02,Person,18.383148193359375,151.42129516601562,167.5123291015625,375.6522521972656,9.669264,1.192223,22.911299,27.700001
IR_57414.jpg,2025-04-23 14:12:02,Screen,612.572509765625,276.8695068359375,639.675537109375,369.153564453125,10.984044,4.948224,21.271843,26.984856
IR_57414.jpg,2025-04-23 14:12:02,Cableduct,232.479248046875,0.0,294.5958251953125,35.830047607421875,6.019783,2.387959,21.655220,27.700001
IR_57414.jpg,2025-04-23 14:12:02,Machine,479.7847900390625,133.34521484375,562.130859375,219.07034301757812,4.578177,5.348600,21.759001,27.700001
IR_57414.jpg,2025-04-23 14:12:02,Machine,482.24505615234375,101.75531005859375,577.1843872070312,202.86660766601562,6.187911,5.117477,21.687605,27.700001
IR_57415.jpg,2025-04-23 14:12:32,Screen,340.40899658203125,276.05706787109375,473.59405517578125,376.42071533203125,11.495479,4.121146,21.655325,25.000000
IR_57415.jpg,2025-04-23 14:12:32,Cableduct,577.6600341796875,36.435157775878906,621.3028564453125,57.193641662597656,10.024363,5.159559,22.229750,25.000000
IR_57415.jpg,2025-04-23 14:12:32,Machine,104.63703918457031,175.35592651367188,143.7780303955078,273.1476135253906,6.709199,0.433540,22.812925,24.880939
IR_57415.jpg,2025-04-23 14:12:32,Cableduct,322.46319580078125,14.79134464263916,358.20233154296875,41.764190673828125,7.385705,3.362141,21.513100,25.000000
IR_57415.jpg,2025-04-23 14:12:32,Cableduct,530.3853759765625,39.47943115234375,566.2431640625,61.319793701171875,8.642742,4.884060,21.884029,24.910706
IR_57415.jpg,2025-04-23 14:12:32,Cableduct,221.289306640625,1.4968185424804688,315.17999267578125,50.34492492675781,11.016283,3.276079,20.950312,25.000000
IR_57415.jpg,2025-04-23 14:12:32,Machine,482.3433837890625,102.39617919921875,579.161865234375,203.15884399414062,6.220928,5.150679,21.308304,25.000000
IR_57415.jpg,2025-04-23 14:12:32,Machine,479.09149169921875,133.25030517578125,562.6860961914062,216.9129638671875,4.540732,5.385265,21.373024,25.000000
IR_57415.jpg,2025-04-23 14:12:32,Cableduct,429.71771240234375,34.68954086303711,462.71136474609375,57.52115249633789,7.614400,4.553574,21.596649,25.000000
IR_57415.jpg,2025-04-23 14:12:32,Window,135.03866577148438,56.20735549926758,177.06362915039062,120.78153991699219,1.261746,0.347869,21.642086,22.127676
IR_57415.jpg,2025-04-23 14:12:32,Screen,611.8331298828125,276.6591796875,639.6807861328125,370.415771484375,11.001749,4.934010,20.993273,24.866058
IR_57416.jpg,2025-04-23 14:13:03,Screen,340.71380615234375,276.011474609375,473.8798828125,376.4708251953125,11.492067,4.123091,21.699257,25.100000
IR_57416.jpg,2025-04-23 14:13:03,Cableduct,574.4512939453125,34.80878829956055,622.3970947265625,57.630916595458984,10.009654,5.155389,22.087532,25.100000
IR_57416.jpg,2025-04-23 14:13:03,Cableduct,219.7427978515625,1.3364601135253906,314.10400390625,51.283103942871094,11.029610,3.264081,21.032362,25.100000
IR_57416.jpg,2025-04-23 14:13:03,Cableduct,430.1256408691406,35.163536071777344,462.9058532714844,57.85951232910156,7.604328,4.558391,21.745422,25.100000
IR_57416.jpg,2025-04-23 14:13:03,Cableduct,529.4189453125,39.193145751953125,566.815185546875,60.977386474609375,8.594442,4.874659,21.973536,24.963707
IR_57416.jpg,2025-04-23 14:13:03,Machine,106.16331481933594,174.36859130859375,144.39471435546875,274.4315185546875,6.667161,0.451036,22.870180,25.054569
IR_57416.jpg,2025-04-23 14:13:03,Machine,484.205810546875,102.4503173828125,579.4613037109375,202.05133056640625,6.198606,5.138335,21.428944,25.100000
IR_57416.jpg,2025-04-23 14:13:03,Machine,479.15478515625,133.83786010742188,562.8602294921875,217.407470703125,4.527656,5.389266,21.472015,25.100000
IR_57416.jpg,2025-04-23 14:13:03,Cableduct,323.135986328125,14.675431251525879,358.6717529296875,42.14856719970703,7.441532,3.380992,21.586321,25.100000
IR_57416.jpg,2025-04-23 14:13:03,Window,134.69142150878906,54.08503341674805,177.7148895263672,117.66828918457031,1.306271,0.361769,21.661665,22.101566
IR_57417.jpg,2025-04-23 14:13:32,Screen,340.9139404296875,275.606689453125,473.6966552734375,376.31201171875,11.455729,4.121725,21.685963,25.000000
IR_57417.jpg,2025-04-23 14:13:32,Cableduct,576.50146484375,35.21422576904297,621.760986328125,57.34147644042969,10.077965,5.166345,22.186068,25.000000
IR_57417.jpg,2025-04-23 14:13:32,Cableduct,216.02911376953125,1.3831443786621094,315.19964599609375,50.436824798583984,11.719196,3.341352,21.009319,25.000000
IR_57417.jpg,2025-04-23 14:13:32,Cableduct,429.7489318847656,34.3121452331543,463.6214904785156,57.50942611694336,7.586802,4.539976,21.615629,25.000000
IR_57417.jpg,2025-04-23 14:13:32,Machine,105.55522155761719,175.73150634765625,143.48573303222656,273.5203857421875,6.686332,0.434477,22.876371,24.880939
IR_57417.jpg,2025-04-23 14:13:32,Window,134.63116455078125,55.20977783203125,177.3817138671875,116.20909118652344,1.267776,0.346710,21.651306,22.083029
IR_57417.jpg,2025-04-23 14:13:32,Cableduct,322.0903625488281,14.86849594116211,358.6373596191406,42.569580078125,7.403482,3.373338,21.568924,25.000000
IR_57417.jpg,2025-04-23 14:13:32,Machine,484.6595153808594,102.28274536132812,578.8446044921875,200.92971801757812,6.174961,5.128063,21.449387,25.000000
IR_57417.jpg,2025-04-23 14:13:32,Machine,479.8435363769531,133.01348876953125,563.593505859375,216.940673828125,4.563183,5.385722,21.483131,25.000000
IR_57417.jpg,2025-04-23 14:13:32,Cableduct,528.961181640625,39.999061584472656,565.842041015625,61.157875061035156,8.524134,4.864485,21.959541,24.866058
IR_57418.jpg,2025-04-23 14:14:02,Screen,341.08544921875,275.7347412109375,474.289306640625,376.5418701171875,11.484560,4.126282,21.686567,25.200001
IR_57418.jpg,2025-04-23 14:14:02,Cableduct,429.99005126953125,34.61509704589844,462.73736572265625,57.557945251464844,7.638939,4.559970,21.696074,25.200001
IR_57418.jpg,2025-04-23 14:14:02,Cableduct,574.246826171875,35.285606384277344,622.35693359375,57.79389190673828,9.965098,5.149825,22.176208,25.200001
IR_57418.jpg,2025-04-23 14:14:02,Cableduct,219.3296356201172,1.3738670349121094,314.91729736328125,49.656646728515625,11.262294,3.293084,21.056890,25.200001
IR_57418.jpg,2025-04-23 14:14:02,Machine,106.278076171875,175.26803588867188,144.2919921875,274.22589111328125,6.672116,0.443566,22.906319,25.153786
IR_57418.jpg,2025-04-23 14:14:02,Cableduct,321.963623046875,14.318138122558594,358.1405029296875,42.101810455322266,7.441430,3.380522,21.577576,25.200001
IR_57418.jpg,2025-04-23 14:14:02,Machine,478.4388732910156,132.86141967773438,563.8197021484375,219.36544799804688,4.617912,5.358029,21.502398,25.200001
IR_57418.jpg,2025-04-23 14:14:02,Cableduct,529.134033203125,39.493385314941406,566.8447265625,60.46440124511719,8.528120,4.864046,22.044230,25.045954
IR_57418.jpg,2025-04-23 14:14:02,Window,135.1132354736328,55.82134246826172,176.6824188232422,113.95731353759766,1.212346,0.333863,21.674549,22.026632
IR_57418.jpg,2025-04-23 14:14:02,Window,135.87338256835938,56.77693176269531,165.27359008789062,107.142333984375,0.842509,0.309694,21.715662,22.026632
IR_57419.jpg,2025-04-23 14:14:33,Screen,341.25848388671875,275.991455078125,473.67584228515625,375.759765625,11.449152,4.126572,21.819492,25.100000
IR_57419.jpg,2025-04-23 14:14:33,Window,134.82876586914062,56.064876556396484,176.22744750976562,111.92337036132812,1.216224,0.326172,21.780649,22.138382
IR_57419.jpg,2025-04-23 14:14:33,Cableduct,215.42884826660156,1.4282112121582031,316.3880615234375,51.443965911865234,11.945637,3.385441,21.156891,25.100000
IR_57419.jpg,2025-04-23 14:14:33,Cableduct,429.949462890625,34.814697265625,463.96588134765625,58.870452880859375,7.607947,4.552088,21.775434,25.055353
IR_57419.jpg,2025-04-23 14:14:33,Machine,105.13192749023438,175.4842529296875,144.27420043945312,274.51226806640625,6.723500,0.441976,22.986732,24.980940
IR_57419.jpg,2025-04-23 14:14:33,Cableduct,575.108642578125,36.503753662109375,622.5372314453125,57.194435119628906,9.869074,5.131585,22.332277,25.100000
IR_57419.jpg,2025-04-23 14:14:33,Machine,479.76904296875,133.60888671875,561.6435546875,217.76165771484375,4.539159,5.371217,21.676268,25.055353
IR_57419.jpg,2025-04-23 14:14:33,Cableduct,528.7494506835938,39.74440002441406,565.5148315429688,60.928619384765625,8.532382,4.863936,22.183849,24.966057
IR_57419.jpg,2025-04-23 14:14:33,Cableduct,321.7886962890625,15.28597640991211,359.4996337890625,41.25786209106445,7.248041,3.333829,21.753286,25.100000
IR_57420.jpg,2025-04-23 14:15:02,Screen,343.22607421875,276.42584228515625,473.9163818359375,375.54974365234375,11.357616,4.133670,21.816364,25.100000
IR_57420.jpg,2025-04-23 14:15:02,Cableduct,215.20953369140625,1.6874427795410156,315.6009521484375,50.709014892578125,11.876585,3.358135,21.162867,25.100000
IR_57420.jpg,2025-04-23 14:15:02,Cableduct,576.3138427734375,35.411155700683594,621.7913818359375,57.57514190673828,10.061277,5.164523,22.330898,25.100000
IR_57420.jpg,2025-04-23 14:15:02,Cableduct,429.84771728515625,34.744232177734375,463.39483642578125,58.638031005859375,7.633787,4.558503,21.782835,25.100000
IR_57420.jpg,2025-04-23 14:15:02,Machine,106.39683532714844,175.07403564453125,144.25230407714844,273.72662353515625,6.653648,0.440206,22.980165,25.055353
IR_57420.jpg,2025-04-23 14:15:02,Machine,478.52105712890625,133.58880615234375,562.4806518554688,220.26788330078125,4.584804,5.339468,21.655369,25.055353
IR_57420.jpg,2025-04-23 14:15:02,Cableduct,529.2701416015625,39.74986267089844,565.8948974609375,60.749664306640625,8.542286,4.866378,22.169737,24.966057
IR_57420.jpg,2025-04-23 14:15:02,Cableduct,322.3756103515625,15.690497398376465,358.9892578125,41.595558166503906,7.254797,3.329082,21.827265,25.100000
IR_57420.jpg,2025-04-23 14:15:02,Window,134.401611328125,56.31623840332031,179.260009765625,116.37464904785156,1.348035,0.342368,21.721905,25.100000
IR_57420.jpg,2025-04-23 14:15:02,Screen,617.0880126953125,275.7080383300781,639.7760009765625,373.6878356933594,11.387074,4.817168,21.249462,24.980940
IR_57420.jpg,2025-04-23 14:15:02,Machine,483.3880615234375,102.75584411621094,570.720947265625,201.2989959716797,5.944752,5.078542,21.667315,25.100000
IR_57421.jpg,2025-04-23 14:15:32,Screen,341.13336181640625,275.4843444824219,473.73590087890625,375.9273986816406,11.442780,4.124926,21.769138,25.100000
IR_57421.jpg,2025-04-23 14:15:32,Cableduct,211.5177001953125,1.4029045104980469,314.20672607421875,51.578041076660156,12.131544,3.363915,21.124588,25.100000
IR_57421.jpg,2025-04-23 14:15:32,Cableduct,429.74200439453125,34.91522979736328,462.48785400390625,57.835113525390625,7.628906,4.560757,21.768648,24.978851
IR_57421.jpg,2025-04-23 14:15:32,Machine,478.6649169921875,131.5111083984375,559.9508056640625,218.349365234375,4.626222,5.314021,21.642782,25.100000
IR_57421.jpg,2025-04-23 14:15:32,Cableduct,573.70751953125,34.19678497314453,622.61083984375,57.831993103027344,10.019610,5.153303,22.138178,25.100000
IR_57421.jpg,2025-04-23 14:15:32,Machine,102.72592163085938,174.02593994140625,144.8343963623047,275.22991943359375,6.793724,0.448055,22.835379,25.054569
IR_57421.jpg,2025-04-23 14:15:32,Screen,612.138916015625,273.0218505859375,639.7208251953125,372.10211181640625,11.166651,4.864271,21.153463,24.978851
IR_57421.jpg,2025-04-23 14:15:32,Window,134.4305419921875,57.23642349243164,180.01251220703125,116.43014526367188,1.380157,0.339188,21.664797,21.995562
IR_57421.jpg,2025-04-23 14:15:32,Cableduct,321.2479248046875,14.37677001953125,359.5928955078125,41.878700256347656,7.365918,3.371329,21.682789,25.100000
IR_57421.jpg,2025-04-23 14:15:32,Cableduct,529.3631591796875,40.00954818725586,566.7423095703125,60.50264358520508,8.495721,4.860737,22.189831,24.978851
IR_57422.jpg,2025-04-23 14:16:02,Screen,340.6033935546875,275.57940673828125,473.54248046875,375.73992919921875,11.467991,4.123871,21.763077,25.100000
IR_57422.jpg,2025-04-23 14:16:02,Cableduct,215.55557250976562,1.5867271423339844,315.2042541503906,51.91814422607422,11.730936,3.344006,21.108765,25.100000
IR_57422.jpg,2025-04-23 14:16:02,Machine,480.06231689453125,133.39833068847656,561.4777221679688,217.7126922607422,4.550946,5.365032,21.616320,25.100000
IR_57422.jpg,2025-04-23 14:16:02,Cableduct,574.3155517578125,34.383941650390625,621.5574951171875,57.7342529296875,10.065140,5.162223,22.160828,25.100000
IR_57422.jpg,2025-04-23 14:16:02,Cableduct,430.17181396484375,34.887794494628906,463.79693603515625,58.69188690185547,7.617417,4.556685,21.733702,25.024282
IR_57422.jpg,2025-04-23 14:16:02,Cableduct,529.534423828125,38.85383605957031,567.323486328125,60.881927490234375,8.617468,4.877919,22.070503,24.993996
IR_57422.jpg,2025-04-23 14:16:02,Machine,105.90914916992188,174.57421875,144.74346923828125,273.819091796875,6.666662,0.441477,22.933981,25.054569
IR_57422.jpg,2025-04-23 14:16:02,Cableduct,321.79547119140625,14.47768783569336,359.43927001953125,41.38916015625,7.349251,3.362591,21.687267,25.100000
IR_57422.jpg,2025-04-23 14:16:02,Window,134.51087951660156,55.7703857421875,180.92909240722656,115.27928161621094,1.419986,0.352832,21.633860,25.100000
IR_57422.jpg,2025-04-23 14:16:02,Screen,610.680419921875,277.12322998046875,639.6397705078125,369.67291259765625,10.937815,4.959354,21.059921,24.978851
IR_57422.jpg,2025-04-23 14:16:02,Machine,485.12249755859375,103.88463592529297,573.1055297851562,198.10394287109375,5.907189,5.106648,21.601376,24.751698
IR_57423.jpg,2025-04-23 14:16:32,Screen,341.2022705078125,275.704345703125,473.8431396484375,377.20098876953125,11.444805,4.117329,21.805853,25.100000
IR_57423.jpg,2025-04-23 14:16:32,Cableduct,574.3375244140625,34.47676086425781,621.8414306640625,58.06298065185547,10.065173,5.162664,22.139870,25.100000
IR_57423.jpg,2025-04-23 14:16:32,Cableduct,429.90802001953125,35.12211990356445,463.74688720703125,59.2978630065918,7.616998,4.558654,21.733303,25.055353
IR_57423.jpg,2025-04-23 14:16:32,Cableduct,216.7332305908203,1.4449806213378906,315.93365478515625,50.89783477783203,11.720657,3.355104,21.183607,25.100000
IR_57423.jpg,2025-04-23 14:16:32,Machine,107.62393188476562,174.97271728515625,144.216064453125,274.5880432128906,6.637510,0.458612,23.031937,25.055353
IR_57423.jpg,2025-04-23 14:16:32,Machine,479.7003479003906,133.8216552734375,563.0394287109375,217.52545166015625,4.534108,5.387969,21.617464,25.100000
IR_57423.jpg,2025-04-23 14:16:32,Screen,610.1287841796875,273.98748779296875,639.6297607421875,370.93389892578125,11.000973,4.913901,21.103611,24.906527
IR_57423.jpg,2025-04-23 14:16:32,Cableduct,322.62384033203125,15.0894775390625,359.07818603515625,40.77748107910156,7.281737,3.335844,21.847162,25.100000
IR_57423.jpg,2025-04-23 14:16:32,Cableduct,529.64501953125,40.42991638183594,566.211181640625,59.549224853515625,8.436263,4.850801,22.235920,24.951176
IR_57423.jpg,2025-04-23 14:16:32,Machine,485.06890869140625,103.23738861083984,577.2616577148438,199.78866577148438,6.065667,5.126321,21.574121,25.055353
IR_57424.jpg,2025-04-23 14:17:02,Screen,341.75537109375,275.806640625,473.0126953125,375.0726318359375,11.375352,4.125355,21.762413,25.100000
IR_57424.jpg,2025-04-23 14:17:02,Cableduct,574.623291015625,34.350975036621094,622.029296875,58.21880340576172,10.094748,5.167388,22.052538,25.100000
IR_57424.jpg,2025-04-23 14:17:02,Screen,610.4166259765625,281.1277770996094,639.630126953125,371.7713928222656,10.942826,4.969708,21.070021,25.100000
IR_57424.jpg,2025-04-23 14:17:02,Cableduct,214.8403778076172,1.4931983947753906,316.56268310546875,51.38603210449219,12.051796,3.396677,21.102154,25.100000
IR_57424.jpg,2025-04-23 14:17:02,Cableduct,429.96875,35.01264953613281,463.7044677734375,58.98858642578125,7.616192,4.557351,21.667866,25.100000
IR_57424.jpg,2025-04-23 14:17:02,Machine,479.5738830566406,134.38748168945312,562.3494873046875,217.54104614257812,4.503962,5.390034,21.502329,25.100000
IR_57424.jpg,2025-04-23 14:17:02,Machine,104.56129455566406,174.769775390625,145.0917510986328,273.85980224609375,6.727905,0.443495,22.942455,25.054569
IR_57424.jpg,2025-04-23 14:17:02,Cableduct,322.46044921875,14.66805648803711,359.3682861328125,41.66714096069336,7.372849,3.367359,21.694752,25.100000
IR_57424.jpg,2025-04-23 14:17:02,Window,134.67410278320312,56.45354461669922,179.11972045898438,112.23169708251953,1.376267,0.342754,21.651926,21.965275
IR_57424.jpg,2025-04-23 14:17:02,Cableduct,529.701416015625,40.289154052734375,566.27978515625,60.55223083496094,8.497706,4.861765,22.109196,24.963707
IR_57424.jpg,2025-04-23 14:17:02,Machine,482.37506103515625,103.1139144897461,577.4362182617188,202.09713745117188,6.118280,5.142325,21.428387,25.100000
IR_57425.jpg,2025-04-23 14:17:32,Screen,339.89093017578125,275.34014892578125,474.26141357421875,375.8612060546875,11.549484,4.132351,21.645042,25.100000
IR_57425.jpg,2025-04-23 14:17:32,Cableduct,574.5545043945312,34.30760192871094,622.2333374023438,58.542755126953125,10.102854,5.168412,21.986654,25.100000
IR_57425.jpg,2025-04-23 14:17:32,Screen,610.8990478515625,276.53582763671875,639.6002197265625,369.95550537109375,10.961016,4.946520,21.018116,25.100000
IR_57425.jpg,2025-04-23 14:17:32,Cableduct,217.14419555664062,1.3509902954101562,316.1878967285156,51.60978698730469,11.681847,3.360296,21.032896,25.100000
IR_57425.jpg,2025-04-23 14:17:32,Cableduct,430.1476745605469,35.25968933105469,463.2433166503906,58.84783935546875,7.629576,4.565590,21.559675,25.100000
IR_57425.jpg,2025-04-23 14:17:32,Machine,106.86636352539062,174.75933837890625,144.30825805664062,274.33343505859375,6.649281,0.451779,22.950516,25.053785
IR_57425.jpg,2025-04-23 14:17:32,Cableduct,528.71044921875,39.84063720703125,565.30322265625,60.63416290283203,8.511736,4.860188,21.952888,25.100000
IR_57425.jpg,2025-04-23 14:17:32,Machine,479.6959228515625,134.449951171875,562.8995361328125,218.7476806640625,4.530419,5.379605,21.341581,25.100000
IR_57425.jpg,2025-04-23 14:17:32,Cableduct,321.9543762207031,15.923274993896484,358.3674011230469,41.749996185302734,7.231690,3.318836,21.626812,25.100000
IR_57425.jpg,2025-04-23 14:17:32,Machine,485.4108581542969,107.25912475585938,579.961669921875,201.82086181640625,5.928113,5.204471,21.301624,25.100000
IR_57426.jpg,2025-04-23 14:18:02,Screen,340.74530029296875,276.58660888671875,473.24468994140625,375.45062255859375,11.476315,4.125749,21.973984,26.299999
IR_57426.jpg,2025-04-23 14:18:02,Cableduct,529.8263549804688,38.70056915283203,567.7761840820312,61.60630798339844,8.671574,4.888062,22.151838,26.299999
IR_57426.jpg,2025-04-23 14:18:02,Cableduct,578.2750854492188,34.85945129394531,622.6699829101562,57.549591064453125,10.189916,5.184122,22.453875,26.299999
IR_57426.jpg,2025-04-23 14:18:02,Screen,609.0380859375,288.0752868652344,639.552978515625,365.3052673339844,10.617298,5.146392,21.407965,26.299999
IR_57426.jpg,2025-04-23 14:18:02,Cableduct,429.896240234375,35.607200622558594,462.0640869140625,57.031700134277344,7.561306,4.553739,22.045183,26.299999
IR_57426.jpg,2025-04-23 14:18:02,Machine,106.44091796875,176.466552734375,144.59918212890625,275.1599426269531,6.713488,0.448876,23.394159,26.245171
IR_57426.jpg,2025-04-23 14:18:02,Machine,479.1874694824219,132.51632690429688,563.072509765625,220.20199584960938,4.634899,5.328191,21.962399,26.299999
IR_57426.jpg,2025-04-23 14:18:02,Cableduct,214.0704803466797,1.4397964477539062,315.49737548828125,52.44862747192383,11.957659,3.373848,21.359116,26.299999
IR_57426.jpg,2025-04-23 14:18:02,Cableduct,320.918212890625,14.848648071289062,359.30438232421875,44.165771484375,7.444376,3.397102,21.712151,26.299999
IR_57426.jpg,2025-04-23 14:18:02,Person,146.34521484375,112.11296844482422,221.57879638671875,282.24981689453125,5.682138,1.418776,23.144602,26.299999
IR_57426.jpg,2025-04-23 14:18:02,Person,154.70559692382812,114.76278686523438,243.52755737304688,281.38885498046875,5.745547,1.516711,22.756626,26.299999
IR_57426.jpg,2025-04-23 14:18:02,Machine,485.150634765625,107.28009796142578,578.6334228515625,204.52740478515625,5.908848,5.170367,21.827429,26.299999
IR_57427.jpg,2025-04-23 14:18:32,Screen,335.07989501953125,273.05438232421875,474.11248779296875,376.84857177734375,11.776140,4.118020,21.813046,26.200001
IR_57427.jpg,2025-04-23 14:18:32,Machine,107.18299865722656,175.29275512695312,144.21644592285156,276.3014831542969,6.701328,0.474142,23.292725,26.127937
IR_57427.jpg,2025-04-23 14:18:32,Cableduct,320.8914489746094,13.328231811523438,360.9214172363281,43.805973052978516,7.566166,3.446004,21.585056,26.200001
IR_57427.jpg,2025-04-23 14:18:32,Screen,607.959716796875,279.73394775390625,639.697265625,367.62188720703125,10.757204,5.041756,21.089134,26.200001
IR_57427.jpg,2025-04-23 14:18:32,Machine,479.03375244140625,128.93588256835938,562.9525756835938,220.31655883789062,4.793219,5.267034,21.803492,26.200001
IR_57427.jpg,2025-04-23 14:18:32,Cableduct,219.35040283203125,1.5316276550292969,315.4241943359375,52.187015533447266,11.249928,3.306988,21.249746,26.200001
IR_57427.jpg,2025-04-23 14:18:32,Cableduct,578.2831420898438,35.675846099853516,622.3441772460938,59.1973991394043,10.197973,5.187789,22.216152,26.200001
IR_57427.jpg,2025-04-23 14:18:32,Cableduct,528.2269287109375,38.21794128417969,568.8106689453125,63.14344787597656,8.683558,4.889042,21.916920,26.200001
IR_57427.jpg,2025-04-23 14:18:32,Person,339.765869140625,158.25979614257812,430.63739013671875,287.7303161621094,6.376249,3.345825,22.663675,26.200001
IR_57427.jpg,2025-04-23 14:18:32,Person,372.5897216796875,155.83895874023438,426.3194580078125,226.57196044921875,4.663726,3.252730,24.003899,26.200001
IR_57427.jpg,2025-04-23 14:18:32,Person,367.1568603515625,146.92874145507812,426.739990234375,215.67715454101562,4.406975,3.164585,23.964867,26.200001
IR_57428.jpg,2025-04-23 14:19:03,Screen,336.226806640625,273.05108642578125,473.56201171875,374.03558349609375,11.674442,4.130911,21.934645,27.000000
IR_57428.jpg,2025-04-23 14:19:03,Machine,106.67454528808594,175.56930541992188,144.94361877441406,275.9734802246094,6.710433,0.462881,23.480829,26.798956
IR_57428.jpg,2025-04-23 14:19:03,Screen,608.653564453125,275.31048583984375,639.641845703125,368.54974365234375,10.863238,4.976652,21.100502,26.276239
IR_57428.jpg,2025-04-23 14:19:03,Cableduct,574.4759521484375,34.17156982421875,624.1153564453125,60.79302215576172,10.156412,5.176477,22.013063,27.000000
IR_57428.jpg,2025-04-23 14:19:03,Machine,479.3704833984375,131.41763305664062,564.4056396484375,220.17819213867188,4.701558,5.322970,21.901127,27.000000
IR_57428.jpg,2025-04-23 14:19:03,Cableduct,321.122802734375,15.336383819580078,360.7371826171875,43.68662643432617,7.342031,3.376827,21.643330,27.000000
IR_57428.jpg,2025-04-23 14:19:03,Person,326.870361328125,171.901611328125,417.838134765625,291.0033264160156,6.639630,3.246146,22.768370,27.000000
IR_57428.jpg,2025-04-23 14:19:03,Screen,616.3568115234375,240.37319946289062,639.7174072265625,361.4289855957031,11.937396,4.857981,20.955540,26.276239
IR_57428.jpg,2025-04-23 14:19:03,Cableduct,529.9354248046875,38.50502014160156,567.498046875,62.26806640625,8.731121,4.897614,22.104187,27.000000
IR_57428.jpg,2025-04-23 14:19:03,Person,368.2452392578125,155.69271850585938,426.9947509765625,217.21670532226562,4.503719,3.199522,24.426809,27.000000
IR_57429.jpg,2025-04-23 14:19:32,Screen,337.37884521484375,272.93304443359375,473.29290771484375,375.0306396484375,11.571495,4.120774,21.958862,27.100000
IR_57429.jpg,2025-04-23 14:19:32,Machine,108.16217041015625,175.23651123046875,144.421142578125,275.33721923828125,6.650774,0.470375,23.551405,27.038904
IR_57429.jpg,2025-04-23 14:19:32,Screen,607.407470703125,275.899169921875,639.623291015625,369.7247314453125,10.852661,4.975761,21.158743,26.305744
IR_57429.jpg,2025-04-23 14:19:32,Cableduct,575.412109375,33.03369140625,624.0213623046875,61.53092956542969,10.344366,5.203507,22.057451,27.100000
IR_57429.jpg,2025-04-23 14:19:32,Cableduct,322.106201171875,15.606208801269531,361.1795654296875,43.614044189453125,7.338440,3.375404,21.699078,27.100000
IR_57429.jpg,2025-04-23 14:19:32,Machine,479.3382568359375,129.95948791503906,562.2919921875,220.98255920410156,4.757484,5.264909,21.915651,27.100000
IR_57429.jpg,2025-04-23 14:19:32,Person,327.845703125,179.3685302734375,420.623291015625,291.289794921875,6.761853,3.288486,22.836828,27.100000
IR_57429.jpg,2025-04-23 14:19:32,Cableduct,219.4687042236328,0.9035758972167969,314.55938720703125,47.84209060668945,11.255957,3.288135,21.385933,27.100000
IR_57430.jpg,2025-04-23 14:20:02,Screen,335.16778564453125,272.50408935546875,472.9073486328125,376.13946533203125,11.667173,4.104524,22.088730,27.400000
IR_57430.jpg,2025-04-23 14:20:02,Screen,608.6552734375,278.49658203125,639.584716796875,369.428466796875,10.850410,4.993838,21.273973,26.596344
IR_57430.jpg,2025-04-23 14:20:02,Machine,108.11625671386719,176.148681640625,144.59002685546875,276.14373779296875,6.682522,0.471492,23.662203,27.188511
IR_57430.jpg,2025-04-23 14:20:02,Machine,479.7418212890625,131.7787628173828,562.3255615234375,220.14308166503906,4.666747,5.307229,22.132320,27.400000
IR_57430.jpg,2025-04-23 14:20:02,Cableduct,320.039306640625,15.073921203613281,361.97222900390625,45.80621337890625,7.437240,3.423625,21.664251,27.400000
IR_57430.jpg,2025-04-23 14:20:02,Cableduct,576.9307861328125,33.75543975830078,623.143310546875,60.493202209472656,10.352792,5.210073,22.238461,27.400000
IR_57430.jpg,2025-04-23 14:20:02,Person,340.91033935546875,164.07901000976562,432.05389404296875,282.83099365234375,6.319374,3.357996,23.066702,27.400000
IR_57430.jpg,2025-04-23 14:20:02,Cableduct,529.8069458007812,38.821678161621094,566.8900756835938,63.41320037841797,8.760549,4.904027,22.219160,27.400000
IR_57430.jpg,2025-04-23 14:20:02,Cableduct,215.34478759765625,1.0919914245605469,314.72015380859375,49.19810485839844,11.782683,3.339284,21.426907,27.400000
IR_57431.jpg,2025-04-23 14:20:32,Screen,333.08892822265625,271.28424072265625,474.33001708984375,375.27178955078125,11.889427,4.127320,22.147194,27.500000
IR_57431.jpg,2025-04-23 14:20:32,Machine,479.2822265625,133.02761840820312,561.890625,219.71536254882812,4.598929,5.331619,22.656542,27.500000
IR_57431.jpg,2025-04-23 14:20:32,Machine,107.79255676269531,175.93096923828125,144.36289978027344,276.0252380371094,6.684195,0.469585,23.698896,27.267363
IR_57431.jpg,2025-04-23 14:20:32,Screen,610.6124267578125,268.8679504394531,639.8160400390625,371.7134704589844,11.188132,4.841463,21.383062,27.500000
IR_57431.jpg,2025-04-23 14:20:32,Cableduct,321.7596435546875,15.40673828125,361.866455078125,45.25244903564453,7.435663,3.413606,21.774094,27.500000
IR_57431.jpg,2025-04-23 14:20:32,Cableduct,573.9613037109375,32.934356689453125,623.680419921875,60.101654052734375,10.212009,5.179508,22.212564,27.500000
IR_57431.jpg,2025-04-23 14:20:32,Person,342.92120361328125,168.8734130859375,431.31488037109375,283.1300048828125,6.373665,3.377905,23.182743,27.500000
IR_57431.jpg,2025-04-23 14:20:32,Cableduct,529.9681396484375,38.88454818725586,566.7264404296875,62.319881439208984,8.714603,4.895254,22.352400,27.500000
IR_57432.jpg,2025-04-23 14:21:03,Screen,335.79339599609375,272.42242431640625,472.98626708984375,376.29656982421875,11.627213,4.103422,22.072781,27.600000
IR_57432.jpg,2025-04-23 14:21:03,Machine,108.2894287109375,176.11087036132812,144.20651245117188,274.5752868652344,6.632571,0.454315,23.642017,27.361618
IR_57432.jpg,2025-04-23 14:21:03,Cableduct,574.5761108398438,33.28416442871094,622.6563110351562,59.90991973876953,10.239225,5.186170,22.251451,27.600000
IR_57432.jpg,2025-04-23 14:21:03,Person,339.659423828125,164.97869873046875,432.8167724609375,284.89581298828125,6.402440,3.365302,23.122519,27.600000
IR_57432.jpg,2025-04-23 14:21:03,Machine,479.78717041015625,129.36453247070312,562.3801879882812,220.27340698242188,4.775115,5.266254,22.182657,27.600000
IR_57432.jpg,2025-04-23 14:21:03,Cableduct,213.74844360351562,1.0469589233398438,314.1020202636719,50.77620315551758,11.849395,3.340405,21.309605,27.600000
IR_57432.jpg,2025-04-23 14:21:03,Cableduct,320.57110595703125,15.06296157836914,361.18365478515625,44.025428771972656,7.365185,3.392317,21.613243,27.600000
IR_57432.jpg,2025-04-23 14:21:03,Cableduct,222.71853637695312,0.0,294.7305603027344,33.56867599487305,7.676585,2.499497,21.770199,27.600000
IR_57433.jpg,2025-04-23 14:21:32,Screen,333.8335266113281,272.23614501953125,473.1125183105469,376.63592529296875,11.766579,4.105282,22.147163,27.799999
IR_57433.jpg,2025-04-23 14:21:32,Machine,108.72726440429688,175.24005126953125,144.08123779296875,274.8303527832031,6.622937,0.469512,23.705297,27.449085
IR_57433.jpg,2025-04-23 14:21:32,Cableduct,321.3347473144531,14.478851318359375,361.4598083496094,44.1300163269043,7.462815,3.418259,21.754812,27.799999
IR_57433.jpg,2025-04-23 14:21:32,Cableduct,575.8195190429688,33.72254943847656,623.6238403320312,59.561683654785156,10.235198,5.189497,22.324596,27.799999
IR_57433.jpg,2025-04-23 14:21:32,Person,340.2980041503906,160.29647827148438,433.2006530761719,285.5963134765625,6.358234,3.361008,23.302711,27.799999
IR_57433.jpg,2025-04-23 14:21:32,Window,134.4345703125,55.28474426269531,170.58746337890625,108.4581298828125,1.044139,0.319286,22.155268,22.426632
IR_57433.jpg,2025-04-23 14:21:32,Cableduct,215.16552734375,1.2556190490722656,315.17681884765625,51.15476989746094,11.808483,3.353611,21.414642,27.799999
IR_57433.jpg,2025-04-23 14:21:32,Machine,479.1950988769531,129.96609497070312,561.696533203125,219.76821899414062,4.730493,5.280662,22.025028,27.799999
IR_57433.jpg,2025-04-23 14:21:32,Window,135.19903564453125,56.22596740722656,161.45819091796875,106.54887390136719,0.793370,0.320043,22.158270,22.426632
IR_57434.jpg,2025-04-23 14:22:02,Screen,335.5950927734375,272.2481994628906,474.531005859375,374.9128112792969,11.757418,4.131835,22.302025,28.000000
IR_57434.jpg,2025-04-23 14:22:02,Machine,108.07945251464844,176.13272094726562,144.62347412109375,274.22088623046875,6.634018,0.449006,23.818020,27.550915
IR_57434.jpg,2025-04-23 14:22:02,Screen,612.9346923828125,274.7078552246094,639.6612548828125,368.7646179199219,11.015324,4.928611,21.442793,27.124283
IR_57434.jpg,2025-04-23 14:22:02,Cableduct,574.32275390625,32.975311279296875,623.46240234375,59.726890563964844,10.219936,5.181528,22.413319,28.000000
IR_57434.jpg,2025-04-23 14:22:02,Person,335.57135009765625,169.034423828125,419.7596435546875,291.065185546875,6.562003,3.297360,23.679239,28.000000
IR_57434.jpg,2025-04-23 14:22:02,Person,381.0485534667969,166.36041259765625,453.5320739746094,290.213134765625,6.451052,3.724358,23.053394,28.000000
IR_57435.jpg,2025-04-23 14:22:33,Screen,332.3157958984375,268.6228942871094,474.01507568359375,376.7431945800781,11.818351,4.093971,22.240385,27.500000
IR_57435.jpg,2025-04-23 14:22:33,Cableduct,576.980224609375,34.92683410644531,621.5843505859375,58.35578918457031,10.177130,5.181150,22.605206,27.500000
IR_57435.jpg,2025-04-23 14:22:33,Machine,107.7098388671875,176.30844116210938,144.064697265625,275.7995910644531,6.681292,0.462907,23.702389,27.288511
IR_57435.jpg,2025-04-23 14:22:33,Cableduct,320.36138916015625,14.299999237060547,359.75396728515625,43.734046936035156,7.449934,3.403497,21.869459,27.500000
IR_57435.jpg,2025-04-23 14:22:33,Person,334.25396728515625,167.08041381835938,420.39556884765625,287.5614929199219,6.450460,3.277125,23.502117,27.500000
IR_57435.jpg,2025-04-23 14:22:33,Machine,479.10198974609375,135.0604248046875,561.9811401367188,220.13412475585938,4.520963,5.355648,21.980003,27.500000
IR_57435.jpg,2025-04-23 14:22:33,Cableduct,527.2257080078125,39.00483703613281,566.1055908203125,63.485816955566406,8.633561,4.880545,22.451035,27.500000
IR_57435.jpg,2025-04-23 14:22:33,Person,378.1910400390625,165.17510986328125,456.5885009765625,289.36846923828125,6.451370,3.720982,22.888000,27.500000
IR_57435.jpg,2025-04-23 14:22:33,Person,373.0391845703125,155.44749450683594,427.308349609375,215.65858459472656,4.457823,3.218792,25.126108,27.500000
IR_57435.jpg,2025-04-23 14:22:33,Machine,480.491943359375,100.83316802978516,578.73486328125,204.86386108398438,6.322135,5.136745,21.911396,27.500000
IR_57436.jpg,2025-04-23 14:23:02,Screen,332.21807861328125,270.46734619140625,473.60638427734375,377.52581787109375,11.852703,4.096217,22.030973,27.600000
IR_57436.jpg,2025-04-23 14:23:02,Machine,107.13580322265625,175.78463745117188,144.96200561523438,275.65618896484375,6.692738,0.460905,23.530386,27.227154
IR_57436.jpg,2025-04-23 14:23:02,Cableduct,576.856689453125,34.71141052246094,622.4656982421875,59.74688720703125,10.239708,5.193053,22.303341,27.600000
IR_57436.jpg,2025-04-23 14:23:02,Person,332.22381591796875,162.07662963867188,426.0606689453125,289.8995056152344,6.503635,3.297371,23.205013,27.600000
IR_57436.jpg,2025-04-23 14:23:02,Cableduct,529.634765625,38.904354095458984,566.819580078125,62.50529098510742,8.703186,4.893533,22.317568,26.985901
IR_57436.jpg,2025-04-23 14:23:02,Screen,611.2492065429688,277.56878662109375,639.7268676757812,372.57745361328125,11.037031,4.916806,21.335505,26.766581
IR_57437.jpg,2025-04-23 14:23:32,Screen,332.624267578125,268.911376953125,473.41632080078125,377.05645751953125,11.758860,4.084985,22.126408,27.700001
IR_57437.jpg,2025-04-23 14:23:32,Machine,107.82467651367188,176.0540771484375,144.41256713867188,274.7850341796875,6.651984,0.454042,23.603153,27.300522
IR_57437.jpg,2025-04-23 14:23:32,Cableduct,576.5377197265625,34.298194885253906,622.4168701171875,59.55915832519531,10.253928,5.194149,22.385979,27.700001
IR_57437.jpg,2025-04-23 14:23:32,Person,339.5208740234375,164.62466430664062,431.5777587890625,292.5843811035156,6.605742,3.383378,23.397041,27.700001
IR_57437.jpg,2025-04-23 14:23:32,Machine,480.6451416015625,101.2756576538086,578.4720458984375,203.54055786132812,6.280860,5.144804,21.837769,27.700001
IR_57437.jpg,2025-04-23 14:23:32,Machine,478.36151123046875,133.24972534179688,561.7608032226562,217.98629760742188,4.548892,5.370164,21.935404,27.700001
IR_57438.jpg,2025-04-23 14:24:02,Screen,332.02960205078125,267.96533203125,474.22747802734375,376.8385009765625,11.831446,4.091914,22.101622,27.400000
IR_57438.jpg,2025-04-23 14:24:02,Cableduct,576.752197265625,35.19048309326172,622.3936767578125,59.64732360839844,10.187815,5.186003,22.428598,27.400000
IR_57438.jpg,2025-04-23 14:24:02,Machine,107.15985107421875,175.8050537109375,144.27529907226562,274.85394287109375,6.668580,0.452294,23.559284,27.143082
IR_57438.jpg,2025-04-23 14:24:02,Person,345.20452880859375,167.75921630859375,444.27008056640625,290.23443603515625,6.634613,3.485503,23.056171,27.400000
IR_57438.jpg,2025-04-23 14:24:02,Machine,481.082763671875,103.68561553955078,578.95703125,203.0595703125,6.159727,5.182786,21.914040,27.335770
IR_57438.jpg,2025-04-23 14:24:02,Cableduct,321.22705078125,14.78366470336914,360.873779296875,43.71461486816406,7.408501,3.397048,21.844072,27.400000
IR_57438.jpg,2025-04-23 14:24:02,Machine,477.8900146484375,132.509033203125,562.601806640625,218.938720703125,4.606284,5.351605,21.983093,27.335770
IR_57438.jpg,2025-04-23 14:24:02,Cableduct,220.7186279296875,0.9325485229492188,317.06610107421875,52.881622314453125,11.301289,3.353832,21.438848,27.400000
IR_57438.jpg,2025-04-23 14:24:02,Cableduct,527.8739013671875,39.123512268066406,567.1685791015625,63.06244659423828,8.615256,4.879602,22.362194,26.201044
IR_57439.jpg,2025-04-23 14:24:32,Screen,336.35821533203125,271.4180908203125,475.21624755859375,376.8631591796875,11.707638,4.115527,22.079624,27.200001
IR_57439.jpg,2025-04-23 14:24:32,Machine,107.60643005371094,176.06289672851562,144.27716064453125,275.399658203125,6.671945,0.459265,23.501024,27.032898
IR_57439.jpg,2025-04-23 14:24:32,Cableduct,577.25927734375,35.54804992675781,622.0546875,58.66398620605469,10.140368,5.178003,22.468021,27.137337
IR_57439.jpg,2025-04-23 14:24:32,Cableduct,320.45794677734375,13.778343200683594,360.64056396484375,43.757476806640625,7.499109,3.424992,21.790506,27.200001
IR_57439.jpg,2025-04-23 14:24:32,Cableduct,528.6304931640625,39.422393798828125,568.074462890625,63.06529998779297,8.608637,4.881637,22.326679,26.218277
IR_57439.jpg,2025-04-23 14:24:32,Cableduct,220.30194091796875,1.2408103942871094,316.634521484375,53.90691375732422,11.253090,3.339939,21.384468,27.200001
IR_57439.jpg,2025-04-23 14:24:32,Person,350.5029602050781,168.14453125,444.8601989746094,291.80267333984375,6.654181,3.523382,23.054955,27.200001
IR_57439.jpg,2025-04-23 14:24:32,Machine,477.7928161621094,133.04937744140625,562.5714111328125,220.30401611328125,4.608237,5.334366,21.953371,27.200001
IR_57439.jpg,2025-04-23 14:24:32,Machine,481.669921875,102.99372100830078,577.6285400390625,202.97283935546875,6.144775,5.147273,21.914101,27.137337
IR_57440.jpg,2025-04-23 14:25:02,Screen,334.7398681640625,271.1092529296875,474.23724365234375,377.05029296875,11.741199,4.104665,22.112816,27.400000
IR_57440.jpg,2025-04-23 14:25:02,Cableduct,577.3590087890625,35.16551208496094,622.3775634765625,59.64485168457031,10.219626,5.190612,22.511389,27.400000
IR_57440.jpg,2025-04-23 14:25:02,Machine,106.75001525878906,175.37872314453125,145.1183624267578,276.1492004394531,6.710608,0.466505,23.524090,27.185902
IR_57440.jpg,2025-04-23 14:25:02,Cableduct,213.0799560546875,1.3736114501953125,317.37347412109375,52.96372985839844,12.358540,3.446028,21.438128,27.400000
IR_57440.jpg,2025-04-23 14:25:02,Cableduct,318.53887939453125,12.5408935546875,363.05413818359375,44.761497497558594,7.587820,3.493488,21.763504,27.400000
IR_57440.jpg,2025-04-23 14:25:02,Machine,477.06671142578125,133.28173828125,563.3372192382812,219.89520263671875,4.605846,5.353973,22.021349,27.400000
IR_57440.jpg,2025-04-23 14:25:02,Person,340.26031494140625,168.90093994140625,424.46405029296875,291.28155517578125,6.571044,3.352334,23.415579,27.400000
IR_57440.jpg,2025-04-23 14:25:02,Person,372.9153747558594,169.986328125,454.0197448730469,292.21295166015625,6.611553,3.701464,22.831593,27.400000
IR_57440.jpg,2025-04-23 14:25:02,Machine,480.23065185546875,102.60385131835938,578.6786499023438,206.26983642578125,6.236683,5.155944,21.940042,27.335770
IR_57440.jpg,2025-04-23 14:25:02,Cableduct,527.9841918945312,38.972618103027344,567.9971313476562,62.66577911376953,8.600645,4.877481,22.416565,26.714882
IR_57440.jpg,2025-04-23 14:25:02,Screen,610.732421875,273.7455749511719,639.809814453125,377.3930358886719,11.309557,4.802569,21.535946,26.565014
IR_57441.jpg,2025-04-23 14:25:33,Screen,335.8608093261719,271.03955078125,474.6615905761719,377.0224609375,11.688490,4.106072,22.084417,27.299999
IR_57441.jpg,2025-04-23 14:25:33,Cableduct,576.777587890625,35.72966766357422,622.096435546875,59.572242736816406,10.141790,5.179529,22.435410,27.299999
IR_57441.jpg,2025-04-23 14:25:33,Machine,106.59028625488281,175.8658447265625,144.68276977539062,275.305419921875,6.700067,0.453184,23.499149,27.046213
IR_57441.jpg,2025-04-23 14:25:33,Screen,612.6968994140625,277.0514831542969,639.7286376953125,374.3232116699219,11.180663,4.868135,21.435656,26.559792
IR_57441.jpg,2025-04-23 14:25:33,Person,347.8646240234375,169.29751586914062,446.4879150390625,293.1810607910156,6.736825,3.526644,23.011869,27.299999
IR_57441.jpg,2025-04-23 14:25:33,Cableduct,318.3780517578125,13.445907592773438,363.32861328125,44.70703887939453,7.488440,3.473390,21.756018,27.299999
IR_57441.jpg,2025-04-23 14:25:33,Cableduct,219.4432373046875,1.2624855041503906,317.4434814453125,54.99976348876953,11.453745,3.375656,21.398829,26.813578
IR_57441.jpg,2025-04-23 14:25:33,Machine,476.6803894042969,132.96286010742188,562.851318359375,219.20706176757812,4.599756,5.358780,22.009539,27.236553
IR_57441.jpg,2025-04-23 14:25:33,Cableduct,527.854248046875,38.537200927734375,567.92529296875,62.4697265625,8.626382,4.879627,22.375231,26.263708
IR_57441.jpg,2025-04-23 14:25:33,Cableduct,429.3124694824219,35.031494140625,462.1352233886719,58.7205810546875,7.664749,4.570443,22.307034,27.236553
IR_57441.jpg,2025-04-23 14:25:33,Machine,480.7308349609375,102.8619384765625,577.2518310546875,202.47653198242188,6.148460,5.154876,21.963913,24.127676
IR_57442.jpg,2025-04-23 14:26:02,Screen,336.28912353515625,270.91522216796875,474.08795166015625,377.26507568359375,11.608375,4.094562,22.067190,27.200001
IR_57442.jpg,2025-04-23 14:26:02,Cableduct,576.0107421875,34.662757873535156,622.285888671875,59.82762145996094,10.210001,5.188341,22.339140,27.200001
IR_57442.jpg,2025-04-23 14:26:02,Machine,107.25611877441406,175.17391967773438,145.4023895263672,276.4115905761719,6.703417,0.474797,23.475462,26.970236
IR_57442.jpg,2025-04-23 14:26:02,Screen,610.5404663085938,276.3952941894531,639.7366333007812,376.0273132324219,11.173080,4.855761,21.388153,26.385378
IR_57442.jpg,2025-04-23 14:26:02,Cableduct,319.457275390625,13.851395606994629,361.24298095703125,44.36259460449219,7.478992,3.432501,21.805882,27.200001
IR_57442.jpg,2025-04-23 14:26:02,Person,360.65777587890625,160.61956787109375,441.2061767578125,290.617919921875,6.429677,3.532100,23.141661,27.200001
IR_57442.jpg,2025-04-23 14:26:02,Cableduct,528.1583251953125,38.67512512207031,567.2662353515625,62.345130920410156,8.635199,4.880710,22.359142,26.218277
IR_57442.jpg,2025-04-23 14:26:02,Cableduct,216.68853759765625,1.4332008361816406,318.0594482421875,53.470069885253906,11.963827,3.423830,21.402985,27.137337
IR_57442.jpg,2025-04-23 14:26:02,Machine,477.7826232910156,132.7147216796875,562.4600830078125,218.24417114257812,4.582619,5.366904,21.983997,27.137337
IR_57442.jpg,2025-04-23 14:26:02,Person,340.7320556640625,164.65533447265625,424.208251953125,289.84088134765625,6.469048,3.337423,23.315590,27.200001
IR_57442.jpg,2025-04-23 14:26:02,Screen,612.1361083984375,256.43475341796875,639.4776611328125,364.51617431640625,11.299815,4.826425,21.137671,27.200001
IR_57442.jpg,2025-04-23 14:26:02,Cableduct,429.53564453125,35.114158630371094,462.21759033203125,58.993431091308594,7.681532,4.576575,22.255239,27.137337
IR_57443.jpg,2025-04-23 14:26:32,Screen,338.76007080078125,274.97796630859375,472.62640380859375,377.1253662109375,11.498703,4.104445,22.116404,27.500000
IR_57443.jpg,2025-04-23 14:26:32,Cableduct,430.2733154296875,35.80190658569336,462.1263427734375,58.931392669677734,7.670921,4.585885,22.318655,27.500000
IR_57443.jpg,2025-04-23 14:26:32,Cableduct,577.6362915039062,34.92160415649414,622.4658813476562,59.68289566040039,10.255412,5.195662,22.307055,27.500000
IR_57443.jpg,2025-04-23 14:26:32,Screen,610.5447387695312,278.89373779296875,639.5768432617188,369.337158203125,10.901788,4.981872,21.281532,26.698172
IR_57443.jpg,2025-04-23 14:26:32,Cableduct,528.485595703125,39.209922790527344,568.5306396484375,63.38526153564453,8.627500,4.884898,22.370016,26.264751
IR_57443.jpg,2025-04-23 14:26:32,Cableduct,321.8437805175781,15.49959945678711,358.6625671386719,43.93442916870117,7.404761,3.376763,21.933950,27.500000
IR_57443.jpg,2025-04-23 14:26:32,Machine,102.38775634765625,175.13735961914062,143.30191040039062,274.3457946777344,6.802548,0.433939,23.946299,27.326632
IR_57443.jpg,2025-04-23 14:26:32,Cableduct,217.88706970214844,1.1518058776855469,317.0213623046875,54.194244384765625,11.625476,3.382576,21.459455,27.500000
IR_57443.jpg,2025-04-23 14:26:32,Machine,476.56878662109375,133.78146362304688,561.4754028320312,219.38327026367188,4.545300,5.356799,21.966173,27.434986
IR_57443.jpg,2025-04-23 14:26:32,Machine,481.5030517578125,103.54084014892578,576.8668212890625,203.1220703125,6.092734,5.145576,21.927773,24.162663
IR_57443.jpg,2025-04-23 14:26:32,Person,133.39633178710938,122.27932739257812,191.43533325195312,261.8401184082031,5.257739,1.287613,23.730827,27.500000
IR_57443.jpg,2025-04-23 14:26:32,Person,119.09522247314453,125.13243865966797,181.54302978515625,264.4539794921875,5.476205,1.245670,24.098120,27.500000
IR_57444.jpg,2025-04-23 14:27:03,Screen,338.09588623046875,274.8167724609375,473.3458251953125,377.238037109375,11.580085,4.113678,21.968552,27.299999
IR_57444.jpg,2025-04-23 14:27:03,Cableduct,576.8863525390625,34.48635482788086,622.6929931640625,58.93986129760742,10.220358,5.189418,22.217941,27.299999
IR_57444.jpg,2025-04-23 14:27:03,Cableduct,428.7528991699219,33.728363037109375,461.6960144042969,59.36505889892578,7.810800,4.589752,21.999390,27.299999
IR_57444.jpg,2025-04-23 14:27:03,Cableduct,530.1707763671875,39.407989501953125,566.7301025390625,61.27711486816406,8.627617,4.881800,22.287035,26.636292
IR_57444.jpg,2025-04-23 14:27:03,Screen,610.1884155273438,278.4764404296875,639.7056274414062,371.012939453125,10.945295,4.958434,21.302458,27.299999
IR_57444.jpg,2025-04-23 14:27:03,Cableduct,219.99087524414062,1.1786231994628906,316.7803649902344,52.89228057861328,11.351475,3.348907,21.340488,27.299999
IR_57444.jpg,2025-04-23 14:27:03,Machine,102.45326232910156,173.81329345703125,143.34967041015625,274.1717224121094,6.765557,0.430768,23.798634,27.085901
IR_57444.jpg,2025-04-23 14:27:03,Cableduct,322.35174560546875,16.296672821044922,359.45660400390625,43.533687591552734,7.295325,3.347917,21.866770,27.299999
IR_57444.jpg,2025-04-23 14:27:03,Machine,479.4041748046875,133.96141052246094,563.6741943359375,219.14772033691406,4.564870,5.374421,21.724785,27.299999
IR_57445.jpg,2025-04-23 14:27:32,Screen,337.93670654296875,274.71356201171875,473.09283447265625,376.9056396484375,11.572945,4.113312,22.053572,27.400000
IR_57445.jpg,2025-04-23 14:27:32,Cableduct,576.2972412109375,33.901084899902344,622.9283447265625,58.82007598876953,10.235341,5.190929,22.276493,27.400000
IR_57445.jpg,2025-04-23 14:27:32,Screen,608.920654296875,275.0616455078125,639.552734375,368.49267578125,10.873928,4.970825,21.397840,27.400000
IR_57445.jpg,2025-04-23 14:27:32,Cableduct,320.09564208984375,14.41952896118164,360.87591552734375,43.25221252441406,7.378767,3.396860,21.790079,27.400000
IR_57445.jpg,2025-04-23 14:27:32,Cableduct,528.7596435546875,39.065185546875,566.7581787109375,61.42420959472656,8.595469,4.874252,22.299019,27.335770
IR_57445.jpg,2025-04-23 14:27:32,Cableduct,219.47552490234375,1.1773262023925781,315.69451904296875,52.44668197631836,11.270086,3.320736,21.441549,27.400000
IR_57445.jpg,2025-04-23 14:27:32,Cableduct,428.6287841796875,34.59772491455078,461.6536865234375,58.930931091308594,7.703951,4.573089,22.091801,27.400000
IR_57445.jpg,2025-04-23 14:27:32,Machine,478.153076171875,133.88729858398438,563.1016845703125,218.33224487304688,4.543645,5.385827,21.742121,27.400000
IR_57445.jpg,2025-04-23 14:27:32,Machine,108.28742980957031,174.28631591796875,145.24635314941406,274.4732666015625,6.616229,0.467406,24.148046,26.928982
IR_57445.jpg,2025-04-23 14:27:32,Machine,482.0361328125,107.3930892944336,579.168701171875,205.07986450195312,5.952321,5.220291,21.664333,27.400000
IR_57446.jpg,2025-04-23 14:28:02,Screen,339.0301513671875,274.9393615722656,473.42236328125,376.4111633300781,11.534615,4.118797,22.038363,27.500000
IR_57446.jpg,2025-04-23 14:28:02,Screen,608.2171020507812,279.924072265625,639.6250610351562,368.6036376953125,10.793346,5.025123,21.330681,27.500000
IR_57446.jpg,2025-04-23 14:28:02,Cableduct,575.753662109375,33.71034240722656,623.355712890625,59.750732421875,10.247923,5.191334,22.178331,27.500000
IR_57446.jpg,2025-04-23 14:28:02,Cableduct,217.98788452148438,0.8821296691894531,317.2210998535156,51.40195846557617,11.739208,3.391396,21.451500,27.500000
IR_57446.jpg,2025-04-23 14:28:02,Cableduct,319.8855285644531,15.618011474609375,359.7749938964844,42.735565185546875,7.221856,3.342497,21.779718,27.500000
IR_57446.jpg,2025-04-23 14:28:02,Machine,479.005615234375,134.63357543945312,561.7635498046875,220.80880737304688,4.551630,5.334746,21.942371,27.500000
IR_57446.jpg,2025-04-23 14:28:02,Cableduct,528.0181884765625,39.015037536621094,567.2149658203125,62.358970642089844,8.598587,4.875782,22.160215,27.500000
IR_57446.jpg,2025-04-23 14:28:02,Machine,110.09477233886719,174.70523071289062,147.2129364013672,274.6355895996094,6.587058,0.477568,24.281572,27.413317
IR_57446.jpg,2025-04-23 14:28:02,Cableduct,429.1824951171875,33.90674591064453,462.00830078125,58.037803649902344,7.726696,4.571534,22.035545,27.500000
IR_57446.jpg,2025-04-23 14:28:02,Person,136.243896484375,119.05988311767578,196.23721313476562,266.65069580078125,5.319474,1.304588,23.322407,27.500000
IR_57446.jpg,2025-04-23 14:28:02,Chair,365.1854248046875,195.45721435546875,411.3106689453125,255.525634765625,5.009469,4.096357,21.712198,27.500000
IR_57446.jpg,2025-04-23 14:28:02,Person,145.68975830078125,120.49533081054688,208.27325439453125,265.383056640625,5.246399,1.350977,22.758017,27.500000
IR_57447.jpg,2025-04-23 14:28:32,Screen,338.34381103515625,274.9891357421875,471.596923828125,376.1458740234375,11.467245,4.101053,21.978109,28.000000
IR_57447.jpg,2025-04-23 14:28:32,Cableduct,573.1297607421875,33.38158416748047,622.8331298828125,59.970489501953125,10.141455,5.168523,22.118994,28.000000
IR_57447.jpg,2025-04-23 14:28:32,Machine,107.62510681152344,175.2122802734375,143.90269470214844,272.9268798828125,6.598512,0.439348,23.785715,27.070496
IR_57447.jpg,2025-04-23 14:28:32,Machine,480.38348388671875,130.94351196289062,562.8823852539062,220.76004028320312,4.724274,5.285306,21.769661,28.000000
IR_57447.jpg,2025-04-23 14:28:32,Screen,607.8331298828125,284.0850830078125,639.8321533203125,366.0474853515625,10.649395,5.112312,21.182053,28.000000
IR_57447.jpg,2025-04-23 14:28:32,Cableduct,530.122802734375,38.73380661010742,565.6749267578125,61.14320755004883,8.700555,4.889487,22.158461,28.000000
IR_57447.jpg,2025-04-23 14:28:32,Cableduct,429.59747314453125,34.78070831298828,461.50848388671875,55.892234802246094,7.589576,4.550158,22.300129,28.000000
IR_57447.jpg,2025-04-23 14:28:32,Cableduct,319.02587890625,13.924137115478516,362.2679443359375,43.39309310913086,7.388128,3.429178,21.535944,28.000000
IR_57447.jpg,2025-04-23 14:28:32,Person,176.34896850585938,104.626220703125,246.78280639648438,273.97210693359375,5.233945,1.554667,23.475908,28.000000
IR_57448.jpg,2025-04-23 14:29:02,Screen,337.26507568359375,268.12554931640625,473.72235107421875,375.12261962890625,11.438105,4.087504,21.894308,27.000000
IR_57448.jpg,2025-04-23 14:29:02,Machine,108.25448608398438,175.97445678710938,144.81459045410156,274.0795593261719,6.624460,0.449614,23.499058,26.793734
IR_57448.jpg,2025-04-23 14:29:02,Machine,479.204345703125,128.25961303710938,562.2274169921875,218.85296630859375,4.790775,5.274221,21.837772,27.000000
IR_57448.jpg,2025-04-23 14:29:02,Cableduct,574.9072875976562,33.968017578125,623.0696411132812,59.161834716796875,10.157060,5.176398,22.003544,27.000000
IR_57448.jpg,2025-04-23 14:29:02,Cableduct,217.9545440673828,1.1277313232421875,315.70526123046875,51.12455368041992,11.519442,3.339454,21.307808,27.000000
IR_57448.jpg,2025-04-23 14:29:02,Screen,608.57666015625,286.92572021484375,639.7578125,364.89471435546875,10.602759,5.149488,21.209269,27.000000
IR_57448.jpg,2025-04-23 14:29:02,Cableduct,530.0064697265625,39.12098693847656,566.5616455078125,61.698028564453125,8.668695,4.887608,22.103416,27.000000
IR_57448.jpg,2025-04-23 14:29:02,Person,363.6561279296875,170.57369995117188,433.83099365234375,290.8463134765625,6.498230,3.532855,23.318476,27.000000
IR_57448.jpg,2025-04-23 14:29:02,Cableduct,321.52081298828125,15.19003677368164,359.8494873046875,43.38450622558594,7.371979,3.376534,21.653543,27.000000
IR_57449.jpg,2025-04-23 14:29:32,Screen,336.68890380859375,270.07110595703125,474.67596435546875,374.30035400390625,11.617768,4.119194,21.949209,27.100000
IR_57449.jpg,2025-04-23 14:29:32,Machine,107.0966796875,175.852783203125,144.8696746826172,275.90777587890625,6.700132,0.462930,23.527912,26.891123
IR_57449.jpg,2025-04-23 14:29:32,Machine,479.42041015625,131.20413208007812,562.7547607421875,218.976806640625,4.664819,5.325558,21.881151,27.100000
IR_57449.jpg,2025-04-23 14:29:32,Screen,609.4425048828125,274.7456359863281,639.7540283203125,372.3456115722656,11.008783,4.909246,21.096836,26.306267
IR_57449.jpg,2025-04-23 14:29:32,Cableduct,574.8148193359375,33.53697204589844,624.07470703125,61.618431091308594,10.267982,5.192315,21.845303,27.100000
IR_57449.jpg,2025-04-23 14:29:32,Cableduct,218.43829345703125,1.3619346618652344,316.03704833984375,50.43531799316406,11.525480,3.339434,21.331011,27.100000
IR_57449.jpg,2025-04-23 14:29:32,Person,359.7540283203125,170.09893798828125,438.41845703125,292.05950927734375,6.583118,3.541501,23.211102,27.100000
IR_57449.jpg,2025-04-23 14:29:32,Cableduct,322.0133056640625,15.408576965332031,360.1436767578125,44.228240966796875,7.413609,3.391010,21.637947,27.100000
IR_57449.jpg,2025-04-23 14:29:32,Cableduct,528.0364990234375,38.46234893798828,567.4766845703125,62.13855743408203,8.635134,4.879861,21.981274,27.100000
IR_57450.jpg,2025-04-23 14:30:02,Screen,341.45770263671875,272.3356628417969,471.89141845703125,374.3217468261719,11.213816,4.113480,23.610104,29.299999
IR_57450.jpg,2025-04-23 14:30:02,Machine,102.01029968261719,174.65155029296875,145.71139526367188,273.5692138671875,6.806690,0.454096,23.873030,29.299999
IR_57450.jpg,2025-04-23 14:30:02,Person,5.164253234863281,165.41033935546875,101.16939544677734,419.11212158203125,10.494211,1.098158,24.875563,29.299999
IR_57450.jpg,2025-04-23 14:30:02,Cableduct,528.2107543945312,38.778114318847656,571.8361206054688,63.056190490722656,8.541311,4.865680,23.524927,29.299999
IR_57450.jpg,2025-04-23 14:30:02,Cableduct,213.6343994140625,1.92987060546875,308.82244873046875,50.895721435546875,11.047008,3.159460,23.066334,29.299999
IR_57450.jpg,2025-04-23 14:30:02,Machine,476.3585205078125,133.9498291015625,563.5531005859375,220.7625732421875,4.599144,5.351690,23.382137,29.299999
IR_57450.jpg,2025-04-23 14:30:02,Person,380.541259765625,156.9267578125,449.277587890625,288.9044189453125,6.262625,3.668214,24.684587,29.299999
IR_57450.jpg,2025-04-23 14:30:02,Cableduct,65.7109375,0.0033054351806640625,97.2249755859375,16.84998321533203,2.634338,0.333255,21.737507,29.299999
IR_57450.jpg,2025-04-23 14:30:02,Machine,480.086669921875,110.62800598144531,579.7623291015625,209.5406951904297,5.868566,5.280674,23.194504,29.299999
IR_57450.jpg,2025-04-23 14:30:02,Cableduct,322.9061279296875,14.833946228027344,356.70025634765625,40.974857330322266,7.377166,3.345080,23.190063,29.299999
IR_57450.jpg,2025-04-23 14:30:02,Cableduct,431.59014892578125,34.855712890625,460.39739990234375,53.640220642089844,7.663601,4.579699,23.545387,29.299999
IR_57451.jpg,2025-04-23 14:30:32,Screen,335.20751953125,267.9031982421875,473.985107421875,375.1029052734375,11.593206,4.092656,21.948732,27.299999
IR_57451.jpg,2025-04-23 14:30:32,Machine,108.21640014648438,176.34939575195312,144.291259765625,275.0965576171875,6.651206,0.457900,23.569023,27.003916
IR_57451.jpg,2025-04-23 14:30:32,Cableduct,320.0106201171875,15.551125526428223,369.7509765625,46.663604736328125,7.506052,3.530397,21.583277,27.299999
IR_57451.jpg,2025-04-23 14:30:32,Screen,611.2501831054688,273.8323059082031,639.7266235351562,374.0793762207031,11.189817,4.850653,21.185747,26.538643
IR_57451.jpg,2025-04-23 14:30:32,Cableduct,573.6456298828125,33.51103973388672,623.9263916015625,61.28411102294922,10.189051,5.177621,21.893465,27.299999
IR_57451.jpg,2025-04-23 14:30:32,Machine,479.1772766113281,132.67767333984375,562.882080078125,218.61810302734375,4.597654,5.358128,21.746429,27.299999
IR_57451.jpg,2025-04-23 14:30:32,Person,370.07244873046875,162.88003540039062,458.51507568359375,292.64825439453125,6.578392,3.694852,22.839952,27.299999
IR_57451.jpg,2025-04-23 14:30:32,Cableduct,218.36654663085938,0.0,309.6925354003906,46.75135803222656,10.711237,3.165446,21.419634,27.299999
IR_57451.jpg,2025-04-23 14:30:32,Person,356.1208190917969,171.11166381835938,430.7211608886719,291.3021545410156,6.544480,3.478297,23.419689,27.299999
IR_57452.jpg,2025-04-23 14:31:02,Screen,334.645263671875,267.90765380859375,473.2081298828125,376.02435302734375,11.569351,4.077078,21.927908,27.299999
IR_57452.jpg,2025-04-23 14:31:02,Machine,108.0751953125,176.28482055664062,143.98129272460938,274.34112548828125,6.634549,0.449305,23.558647,26.940470
IR_57452.jpg,2025-04-23 14:31:02,Screen,610.1376953125,275.6837463378906,639.6502685546875,370.4571228027344,10.962606,4.938468,21.134224,26.475195
IR_57452.jpg,2025-04-23 14:31:02,Machine,479.17919921875,131.3045654296875,562.294921875,218.83416748046875,4.654009,5.325883,22.054672,27.299999
IR_57452.jpg,2025-04-23 14:31:02,Cableduct,320.19940185546875,15.28262710571289,366.80426025390625,45.30101013183594,7.396824,3.476456,21.515469,27.299999
IR_57452.jpg,2025-04-23 14:31:02,Cableduct,575.2681274414062,33.202735900878906,624.6038208007812,61.56486511230469,10.306790,5.198008,21.926945,27.299999
IR_57452.jpg,2025-04-23 14:31:02,Person,369.36456298828125,163.95877075195312,457.67108154296875,292.8375549316406,6.596751,3.689753,22.872915,27.299999
IR_57452.jpg,2025-04-23 14:31:02,Person,355.5423583984375,169.23202514648438,431.1156005859375,292.109375,6.548470,3.475373,23.362276,27.299999
IR_57452.jpg,2025-04-23 14:31:02,Cableduct,216.80392456054688,0.0,311.1734313964844,46.64644241333008,11.148022,3.229754,21.380867,27.299999
IR_57453.jpg,2025-04-23 14:31:33,Screen,335.7757568359375,268.02447509765625,473.7264404296875,376.16107177734375,11.528021,4.079629,21.934256,27.200001
IR_57453.jpg,2025-04-23 14:31:33,Machine,107.80903625488281,176.58511352539062,144.56927490234375,275.7065124511719,6.683283,0.460362,23.487976,26.886684
IR_57453.jpg,2025-04-23 14:31:33,Screen,610.8043212890625,274.21612548828125,639.6024169921875,370.146484375,10.993007,4.921598,21.101316,26.448042
IR_57453.jpg,2025-04-23 14:31:33,Machine,479.342041015625,131.64697265625,561.9874267578125,218.68560791015625,4.637902,5.329559,22.282703,27.200001
IR_57453.jpg,2025-04-23 14:31:33,Cableduct,573.4151611328125,32.68522644042969,623.3909912109375,60.844818115234375,10.240700,5.182127,21.904545,27.200001
IR_57453.jpg,2025-04-23 14:31:33,Cableduct,321.3150634765625,14.827041625976562,362.1021728515625,44.960899353027344,7.461782,3.424329,21.526993,27.200001
IR_57453.jpg,2025-04-23 14:31:33,Person,363.37664794921875,167.74957275390625,439.85601806640625,293.17620849609375,6.570013,3.566643,23.349495,27.200001
IR_57453.jpg,2025-04-23 14:31:33,Person,375.3292236328125,158.37173461914062,431.0675048828125,218.06277465820312,4.542280,3.267720,24.645195,27.200001
IR_57453.jpg,2025-04-23 14:31:33,Screen,613.3125,243.0055694580078,639.661865234375,365.63531494140625,11.894035,4.816869,20.968952,27.200001
IR_57453.jpg,2025-04-23 14:31:33,Cableduct,222.41561889648438,1.1379661560058594,314.7722473144531,49.99797058105469,10.820189,3.256434,21.296633,27.200001
IR_57454.jpg,2025-04-23 14:32:02,Screen,335.58428955078125,269.28546142578125,473.42584228515625,376.174560546875,11.563330,4.085663,21.958937,27.200001
IR_57454.jpg,2025-04-23 14:32:02,Screen,610.1025390625,275.8363342285156,639.6788330078125,374.4949645996094,11.103237,4.877924,21.217964,26.385378
IR_57454.jpg,2025-04-23 14:32:02,Machine,108.09132385253906,177.16421508789062,144.11549377441406,275.1666564941406,6.668056,0.452733,23.508829,26.907572
IR_57454.jpg,2025-04-23 14:32:02,Person,375.9901123046875,168.8770751953125,450.6790771484375,290.8260498046875,6.514593,3.690699,22.890503,27.200001
IR_57454.jpg,2025-04-23 14:32:02,Cableduct,319.48846435546875,15.055988311767578,366.34637451171875,46.26207733154297,7.456480,3.488571,21.395727,27.200001
IR_57454.jpg,2025-04-23 14:32:02,Cableduct,575.3580932617188,33.85242462158203,623.4703979492188,59.88336944580078,10.214644,5.185929,22.029633,27.200001
IR_57454.jpg,2025-04-23 14:32:02,Machine,479.64239501953125,132.53021240234375,562.3778686523438,221.97125244140625,4.672540,5.285442,22.031874,27.200001
IR_57454.jpg,2025-04-23 14:32:02,Person,375.53350830078125,157.2506103515625,431.50384521484375,218.17178344726562,4.537326,3.268702,24.557869,27.200001
IR_57454.jpg,2025-04-23 14:32:02,Cableduct,214.93576049804688,1.2705497741699219,315.4817199707031,51.29619598388672,11.880556,3.365705,21.263958,27.200001
IR_57454.jpg,2025-04-23 14:32:02,Person,356.7799377441406,170.86355590820312,432.5444030761719,290.4297790527344,6.525256,3.488471,23.414326,27.200001
IR_57454.jpg,2025-04-23 14:32:02,Cableduct,528.2847900390625,38.18550109863281,567.6251220703125,63.29844665527344,8.724482,4.895381,21.930750,26.719582
IR_57455.jpg,2025-04-23 14:32:32,Screen,335.2142333984375,270.75579833984375,472.918701171875,376.44512939453125,11.601540,4.089081,22.001390,27.299999
IR_57455.jpg,2025-04-23 14:32:32,Screen,609.870849609375,274.36639404296875,639.715576171875,373.86920166015625,11.103735,4.874656,21.249199,26.496346
IR_57455.jpg,2025-04-23 14:32:32,Machine,108.64849853515625,176.147705078125,143.68905639648438,274.7518310546875,6.627842,0.459941,23.557909,27.025064
IR_57455.jpg,2025-04-23 14:32:32,Cableduct,575.6917724609375,33.41100311279297,623.5274658203125,60.207122802734375,10.284849,5.195944,22.045736,27.299999
IR_57455.jpg,2025-04-23 14:32:32,Person,358.976806640625,167.169677734375,434.68658447265625,290.98651123046875,6.492509,3.504513,23.445391,27.299999
IR_57455.jpg,2025-04-23 14:32:32,Person,370.71435546875,156.11627197265625,428.681640625,217.95538330078125,4.523074,3.225065,24.718872,27.299999
IR_57455.jpg,2025-04-23 14:32:32,Person,373.4557189941406,166.17926025390625,450.6982116699219,290.2315673828125,6.478133,3.668009,22.974752,27.299999
IR_57455.jpg,2025-04-23 14:32:32,Machine,477.6885986328125,130.48739624023438,562.4237060546875,219.84060668945312,4.707222,5.301952,21.760994,27.299999
IR_57455.jpg,2025-04-23 14:32:32,Cableduct,527.0863037109375,38.038177490234375,566.1917724609375,63.25658416748047,8.703199,4.888111,21.992092,26.644386
IR_57456.jpg,2025-04-23 14:33:02,Screen,336.31365966796875,272.40679931640625,474.40692138671875,376.40899658203125,11.688912,4.116621,22.003883,27.600000
IR_57456.jpg,2025-04-23 14:33:02,Screen,610.0720825195312,274.7616271972656,639.7091674804688,372.9693298339844,11.063643,4.891680,21.229488,26.788511
IR_57456.jpg,2025-04-23 14:33:02,Machine,108.41445922851562,176.3792724609375,144.42617797851562,275.4986267089844,6.657829,0.463839,23.553675,27.117493
IR_57456.jpg,2025-04-23 14:33:02,Person,360.2389221191406,167.765625,435.4545593261719,290.1610412597656,6.474649,3.514248,23.535362,27.600000
IR_57456.jpg,2025-04-23 14:33:02,Cableduct,574.7039794921875,33.887237548828125,623.4278564453125,59.21759796142578,10.144217,5.173723,22.135784,27.600000
IR_57456.jpg,2025-04-23 14:33:02,Cableduct,319.86834716796875,13.96158504486084,361.43621826171875,43.99237060546875,7.457118,3.426082,21.539694,27.600000
IR_57456.jpg,2025-04-23 14:33:02,Person,372.44915771484375,151.5504150390625,426.551513671875,221.2103271484375,4.527990,3.222203,25.035959,27.600000
IR_57456.jpg,2025-04-23 14:33:02,Machine,478.1436462402344,133.42184448242188,561.1409912109375,219.68295288085938,4.567371,5.335423,21.679876,27.600000
IR_57457.jpg,2025-04-23 14:33:32,Screen,338.158203125,274.2984619140625,472.425537109375,377.1422119140625,11.501188,4.100935,21.996336,27.400000
IR_57457.jpg,2025-04-23 14:33:32,Cableduct,573.6322021484375,33.23390197753906,623.8165283203125,59.95820617675781,10.156706,5.171336,22.084230,27.400000
IR_57457.jpg,2025-04-23 14:33:32,Screen,609.5731811523438,276.9720764160156,639.6858520507812,369.6131896972656,10.902818,4.969710,21.214258,26.714882
IR_57457.jpg,2025-04-23 14:33:32,Cableduct,318.8512878417969,13.59637451171875,361.0378723144531,43.108306884765625,7.414394,3.418760,21.501738,27.400000
IR_57457.jpg,2025-04-23 14:33:32,Cableduct,527.8642578125,38.81163024902344,566.215087890625,62.90782165527344,8.653917,4.883167,22.131811,26.714882
IR_57457.jpg,2025-04-23 14:33:32,Machine,106.01266479492188,175.315673828125,143.12747192382812,274.35333251953125,6.675141,0.443034,24.002180,27.335770
IR_57457.jpg,2025-04-23 14:33:32,Cableduct,211.0553741455078,1.2855110168457031,314.82086181640625,51.08681869506836,12.304466,3.390666,21.266022,27.400000
IR_57457.jpg,2025-04-23 14:33:32,Machine,481.6275634765625,103.62210845947266,577.419189453125,203.18209838867188,6.105874,5.152460,21.662292,27.400000
IR_57457.jpg,2025-04-23 14:33:32,Person,131.946044921875,121.42782592773438,192.72171020507812,269.214599609375,5.441772,1.292705,23.790722,27.400000
IR_57457.jpg,2025-04-23 14:33:32,Machine,478.93743896484375,133.6395263671875,561.3352661132812,218.83047485351562,4.549673,5.352890,21.710382,27.400000
IR_57458.jpg,2025-04-23 14:34:02,Screen,338.789306640625,274.7999267578125,472.77239990234375,376.408203125,11.504443,4.111095,22.030355,27.299999
IR_57458.jpg,2025-04-23 14:34:02,Cableduct,576.4888916015625,34.21910095214844,622.528076171875,59.33953857421875,10.246679,5.192929,22.217636,27.299999
IR_57458.jpg,2025-04-23 14:34:02,Cableduct,320.1293640136719,15.110271453857422,361.3008117675781,43.50713348388672,7.310510,3.382495,21.662134,27.299999
IR_57458.jpg,2025-04-23 14:34:02,Machine,482.1287841796875,104.25259399414062,577.560546875,202.352294921875,6.066406,5.161554,21.771669,27.299999
IR_57458.jpg,2025-04-23 14:34:02,Cableduct,528.0830078125,39.42744445800781,565.4609375,61.256103515625,8.544791,4.864547,22.321384,26.179111
IR_57458.jpg,2025-04-23 14:34:02,Screen,611.5145263671875,275.3402404785156,639.7371826171875,374.4746398925781,11.178530,4.858836,21.346760,26.517494
IR_57458.jpg,2025-04-23 14:34:02,Person,133.41160583496094,118.75845336914062,196.38877868652344,273.611083984375,5.512932,1.305098,23.468395,27.299999
IR_57458.jpg,2025-04-23 14:34:02,Machine,105.07766723632812,176.41619873046875,144.2064208984375,274.087890625,6.740612,0.442818,23.972202,27.130810
IR_57458.jpg,2025-04-23 14:34:02,Cableduct,218.87623596191406,0.9720649719238281,315.4722900390625,49.01732635498047,11.433565,3.323118,21.339323,27.299999
IR_57458.jpg,2025-04-23 14:34:02,Person,120.66352844238281,124.76055908203125,178.64927673339844,272.28509521484375,5.631773,1.246507,24.200909,27.236553
IR_57458.jpg,2025-04-23 14:34:02,Person,144.25259399414062,121.54281616210938,209.92025756835938,272.864013671875,5.489046,1.368848,22.859568,27.299999
IR_57458.jpg,2025-04-23 14:34:02,Machine,479.548828125,134.39468383789062,562.3616943359375,217.92947387695312,4.511323,5.387034,21.804501,27.299999
IR_57459.jpg,2025-04-23 14:34:32,Screen,335.6308288574219,272.07965087890625,474.1578063964844,376.61407470703125,11.707364,4.111585,22.100107,27.500000
IR_57459.jpg,2025-04-23 14:34:32,Cableduct,576.162353515625,34.82347106933594,622.857177734375,59.62403106689453,10.183474,5.185572,22.399544,27.500000
IR_57459.jpg,2025-04-23 14:34:32,Machine,108.00917053222656,176.89755249023438,143.87384033203125,275.7178649902344,6.677263,0.459700,23.689806,27.044909
IR_57459.jpg,2025-04-23 14:34:32,Person,361.18878173828125,156.97195434570312,441.70123291015625,289.8194580078125,6.358742,3.525290,23.400940,27.500000
IR_57459.jpg,2025-04-23 14:34:32,Cableduct,527.8075561523438,39.09932327270508,567.1868286132812,62.5777473449707,8.591148,4.874922,22.403036,26.286423
IR_57459.jpg,2025-04-23 14:34:32,Cableduct,220.41299438476562,1.2573089599609375,314.6612243652344,52.50016784667969,10.985188,3.275669,21.464390,27.434986
IR_57459.jpg,2025-04-23 14:34:32,Machine,483.17645263671875,101.62127685546875,577.8662719726562,204.6776123046875,6.223054,5.110520,21.894455,27.500000
IR_57459.jpg,2025-04-23 14:34:32,Person,372.1866149902344,156.93212890625,431.3509216308594,215.3824462890625,4.492996,3.239871,24.497541,27.500000
IR_57459.jpg,2025-04-23 14:34:32,Cableduct,318.97125244140625,13.489784240722656,362.7772216796875,44.166664123535156,7.471924,3.457114,21.682295,27.500000
IR_57459.jpg,2025-04-23 14:34:32,Cableduct,429.4852294921875,33.95452880859375,462.06561279296875,58.701019287109375,7.775389,4.585798,22.213495,27.500000
IR_57459.jpg,2025-04-23 14:34:32,Machine,478.36279296875,134.037841796875,563.20654296875,219.368896484375,4.557911,5.371159,21.961754,27.500000
IR_57459.jpg,2025-04-23 14:34:32,Screen,609.9075927734375,275.4486083984375,639.6800537109375,371.270263671875,10.982684,4.926630,21.393820,26.654831
IR_57460.jpg,2025-04-23 14:35:02,Screen,335.1036376953125,273.517578125,474.4119873046875,375.8619384765625,11.820732,4.133352,22.070221,27.500000
IR_57460.jpg,2025-04-23 14:35:02,Cableduct,577.1025390625,35.29060363769531,622.108642578125,59.50377655029297,10.193997,5.186410,22.430941,27.500000
IR_57460.jpg,2025-04-23 14:35:02,Machine,108.30894470214844,176.84381103515625,144.23876953125,274.110595703125,6.634684,0.447644,23.639128,27.044909
IR_57460.jpg,2025-04-23 14:35:02,Person,357.2176818847656,165.64202880859375,446.5652160644531,293.7425537109375,6.644282,3.568910,23.227877,27.500000
IR_57460.jpg,2025-04-23 14:35:02,Cableduct,319.89080810546875,14.236489295959473,359.66583251953125,43.190086364746094,7.406856,3.391825,21.798197,27.500000
IR_57460.jpg,2025-04-23 14:35:02,Cableduct,527.3095703125,39.04048156738281,566.399658203125,63.52049255371094,8.630611,4.880748,22.344919,26.264751
IR_57460.jpg,2025-04-23 14:35:02,Machine,482.1650390625,103.4090347290039,578.566650390625,206.18099975585938,6.164814,5.141668,21.877810,24.249348
IR_57460.jpg,2025-04-23 14:35:02,Cableduct,214.81228637695312,1.0110054016113281,316.4570007324219,53.735313415527344,11.966909,3.403793,21.421808,27.500000
IR_57460.jpg,2025-04-23 14:35:02,Cableduct,428.9409484863281,33.949913024902344,462.7306213378906,59.773765563964844,7.755174,4.577093,22.136389,27.500000
IR_57460.jpg,2025-04-23 14:35:02,Machine,478.3916931152344,133.70526123046875,562.7613525390625,217.91168212890625,4.539603,5.384792,21.985334,27.413317
IR_57461.jpg,2025-04-23 14:35:32,Screen,335.69488525390625,272.64849853515625,473.43292236328125,377.72137451171875,11.660100,4.097463,22.119549,27.600000
IR_57461.jpg,2025-04-23 14:35:32,Machine,108.96815490722656,176.57818603515625,143.53924560546875,272.95440673828125,6.582048,0.445857,23.744970,27.117493
IR_57461.jpg,2025-04-23 14:35:32,Cableduct,576.609375,35.386436462402344,621.977783203125,59.53453826904297,10.165111,5.182110,22.512894,27.600000
IR_57461.jpg,2025-04-23 14:35:32,Person,356.5985412597656,165.31259155273438,445.6595764160156,292.6123962402344,6.605654,3.555578,23.252209,27.600000
IR_57461.jpg,2025-04-23 14:35:32,Cableduct,217.1623077392578,1.2168807983398438,317.44427490234375,53.11407470703125,11.821754,3.402753,21.490582,27.534204
IR_57461.jpg,2025-04-23 14:35:32,Cableduct,318.24163818359375,13.055870056152344,361.4847412109375,44.611793518066406,7.528463,3.456889,21.785841,27.600000
IR_57461.jpg,2025-04-23 14:35:32,Cableduct,527.8603515625,39.02472686767578,568.08154296875,64.04716491699219,8.652837,4.887982,22.384516,26.898172
IR_57461.jpg,2025-04-23 14:35:32,Cableduct,429.14154052734375,34.871238708496094,462.11578369140625,58.460548400878906,7.654650,4.565116,22.342693,27.534204
IR_57461.jpg,2025-04-23 14:35:32,Machine,477.2598571777344,132.580322265625,564.4998779296875,221.72976684570312,4.688626,5.318026,22.046410,27.600000
IR_57461.jpg,2025-04-23 14:35:32,Machine,480.96343994140625,102.1902084350586,578.4556274414062,205.81259155273438,6.239360,5.140429,21.971798,27.534204
IR_57462.jpg,2025-04-23 14:36:03,Screen,336.8917236328125,274.91400146484375,474.80810546875,376.51654052734375,11.762361,4.137346,22.041277,27.799999
IR_57462.jpg,2025-04-23 14:36:03,Screen,610.49267578125,277.72369384765625,639.7158203125,372.19073486328125,10.999842,4.930766,21.291813,26.969191
IR_57462.jpg,2025-04-23 14:36:03,Machine,108.12959289550781,177.1241455078125,144.34889221191406,272.970458984375,6.631026,0.448379,23.689104,27.283550
IR_57462.jpg,2025-04-23 14:36:03,Cableduct,576.470703125,34.33781051635742,622.816650390625,60.302730560302734,10.274523,5.198752,22.227139,27.799999
IR_57462.jpg,2025-04-23 14:36:03,Person,358.1852722167969,155.10153198242188,443.1888732910156,289.54949951171875,6.355770,3.512034,23.395777,27.799999
IR_57462.jpg,2025-04-23 14:36:03,Machine,477.27569580078125,132.68502807617188,563.1224975585938,221.40695190429688,4.655009,5.313982,21.948267,27.799999
IR_57462.jpg,2025-04-23 14:36:03,Cableduct,210.898681640625,1.4441871643066406,315.7850341796875,52.38763427734375,12.426407,3.420454,21.316807,27.732637
IR_57462.jpg,2025-04-23 14:36:03,Cableduct,527.173828125,39.20624542236328,565.66748046875,63.706764221191406,8.630949,4.880441,22.325224,26.228199
IR_57462.jpg,2025-04-23 14:36:03,Cableduct,427.75439453125,34.170326232910156,462.9619140625,59.301490783691406,7.616300,4.538997,22.184263,27.799999
IR_57463.jpg,2025-04-23 14:36:32,Screen,338.4520263671875,275.1003723144531,473.0400390625,377.4725646972656,11.546349,4.108165,22.125946,27.500000
IR_57463.jpg,2025-04-23 14:36:32,Cableduct,574.2446899414062,33.97032165527344,623.1094360351562,59.21910095214844,10.118274,5.169098,22.253752,27.500000
IR_57463.jpg,2025-04-23 14:36:32,Cableduct,429.9660339355469,34.93998718261719,461.1628112792969,56.931068420410156,7.681417,4.578006,22.421160,27.500000
IR_57463.jpg,2025-04-23 14:36:32,Cableduct,528.3397827148438,38.216575622558594,568.5346069335938,62.86577606201172,8.686586,4.890008,22.365850,27.434986
IR_57463.jpg,2025-04-23 14:36:32,Machine,106.62745666503906,177.70050048828125,142.3987579345703,273.4570617675781,6.685392,0.441793,23.966774,27.283289
IR_57463.jpg,2025-04-23 14:36:32,Screen,610.7835693359375,276.01666259765625,639.7174072265625,374.5384521484375,11.130392,4.872875,21.370539,26.676502
IR_57463.jpg,2025-04-23 14:36:32,Machine,481.3504943847656,104.46846771240234,577.3885498046875,205.45907592773438,6.075172,5.154426,21.930223,24.249348
IR_57463.jpg,2025-04-23 14:36:32,Cableduct,320.8941955566406,14.806120872497559,359.9538879394531,44.598609924316406,7.463266,3.408632,21.898497,27.500000
IR_57463.jpg,2025-04-23 14:36:32,Cableduct,217.69602966308594,1.3269920349121094,318.000244140625,52.619842529296875,11.850237,3.411592,21.467442,26.893211
IR_57463.jpg,2025-04-23 14:36:32,Person,143.61431884765625,101.78024291992188,221.0211181640625,269.8189392089844,5.258559,1.379872,23.131470,27.500000
IR_57463.jpg,2025-04-23 14:36:32,Machine,478.4510498046875,133.97967529296875,562.9244384765625,217.4141845703125,4.520543,5.392792,22.018597,27.434986
IR_57463.jpg,2025-04-23 14:36:32,Screen,613.556884765625,253.6283416748047,639.49072265625,356.30548095703125,11.062407,4.895537,21.004854,27.500000
IR_57463.jpg,2025-04-23 14:36:32,Person,134.3135223388672,102.87384033203125,196.06068420410156,271.9366455078125,5.302086,1.296211,23.896244,27.500000
IR_57464.jpg,2025-04-23 14:37:02,Screen,337.4212951660156,274.45928955078125,473.4322204589844,377.55499267578125,11.614376,4.112821,22.089710,27.200001
IR_57464.jpg,2025-04-23 14:37:02,Cableduct,575.930908203125,34.16887664794922,622.784423828125,59.815338134765625,10.238272,5.191853,22.276831,27.200001
IR_57464.jpg,2025-04-23 14:37:02,Machine,107.58114624023438,174.52792358398438,142.6380157470703,272.0422058105469,6.560892,0.436733,23.843306,27.034986
IR_57464.jpg,2025-04-23 14:37:02,Cableduct,530.045166015625,39.00994110107422,566.927490234375,61.325965881347656,8.656610,4.885328,22.449284,27.138121
IR_57464.jpg,2025-04-23 14:37:02,Cableduct,319.04522705078125,12.944167137145996,359.57574462890625,44.39788055419922,7.593144,3.449851,21.881607,27.200001
IR_57464.jpg,2025-04-23 14:37:02,Cableduct,429.952880859375,35.17668151855469,462.8607177734375,58.77568817138672,7.646573,4.568835,22.244402,27.200001
IR_57464.jpg,2025-04-23 14:37:02,Screen,609.53515625,277.623291015625,639.7275390625,372.587646484375,10.983074,4.932726,21.345024,27.200001
IR_57464.jpg,2025-04-23 14:37:02,Cableduct,216.2654571533203,1.4095916748046875,316.65179443359375,54.867462158203125,11.759823,3.385726,21.493732,27.200001
IR_57464.jpg,2025-04-23 14:37:02,Person,160.9628143310547,122.32916259765625,231.88499450683594,269.8954162597656,5.392697,1.476227,23.241417,27.200001
IR_57464.jpg,2025-04-23 14:37:02,Machine,483.4005126953125,105.19190216064453,577.74658203125,203.06036376953125,6.010138,5.157141,21.877167,27.138121
IR_57464.jpg,2025-04-23 14:37:02,Machine,477.7032775878906,133.06240844726562,563.6934814453125,216.78366088867188,4.560635,5.392097,21.930897,27.200001
IR_57465.jpg,2025-04-23 14:37:32,Screen,337.81231689453125,274.45111083984375,473.67889404296875,377.36236572265625,11.605814,4.116107,21.910038,26.900000
IR_57465.jpg,2025-04-23 14:37:32,Machine,104.17564392089844,174.14102172851562,142.59974670410156,271.78155517578125,6.658466,0.419329,23.576662,26.698956
IR_57465.jpg,2025-04-23 14:37:32,Cableduct,575.650390625,33.93019104003906,623.0224609375,58.535552978515625,10.178981,5.181007,22.161980,26.900000
IR_57465.jpg,2025-04-23 14:37:32,Screen,609.497802734375,276.7882080078125,639.53173828125,367.69366455078125,10.846260,4.994251,21.259930,26.900000
IR_57465.jpg,2025-04-23 14:37:32,Cableduct,528.3968505859375,38.35261535644531,567.0821533203125,62.9031982421875,8.706245,4.891802,22.095482,26.316971
IR_57465.jpg,2025-04-23 14:37:32,Cableduct,318.48779296875,13.964054107666016,360.21453857421875,44.42327117919922,7.446487,3.417917,21.633120,26.900000
IR_57465.jpg,2025-04-23 14:37:32,Person,163.40475463867188,118.84576416015625,226.87399291992188,268.36370849609375,5.255975,1.457376,23.190729,26.900000
IR_57465.jpg,2025-04-23 14:37:32,Machine,478.9801025390625,133.94281005859375,563.8067626953125,219.0599365234375,4.564303,5.379074,21.661217,26.900000
IR_57465.jpg,2025-04-23 14:37:32,Cableduct,428.7109680175781,34.7952880859375,462.8636169433594,59.26539611816406,7.627392,4.553972,21.950111,26.900000
IR_57465.jpg,2025-04-23 14:37:32,Cableduct,210.22401428222656,1.3122978210449219,316.89453125,54.80873489379883,12.605680,3.466912,21.352535,26.900000
IR_57466.jpg,2025-04-23 14:38:02,Screen,335.79998779296875,271.370361328125,474.05206298828125,377.3480224609375,11.656570,4.098354,21.859413,26.799999
IR_57466.jpg,2025-04-23 14:38:02,Screen,609.4017333984375,279.0030517578125,639.5306396484375,368.78912353515625,10.848575,5.000588,21.267654,26.799999
IR_57466.jpg,2025-04-23 14:38:02,Machine,107.93365478515625,176.120849609375,144.61611938476562,275.5859680175781,6.669908,0.462918,23.393038,26.740471
IR_57466.jpg,2025-04-23 14:38:02,Cableduct,575.989013671875,34.48377227783203,622.955810546875,59.01898193359375,10.175465,5.183212,22.069492,26.799999
IR_57466.jpg,2025-04-23 14:38:02,Person,353.3585205078125,172.12161254882812,440.2197265625,292.1439514160156,6.666174,3.523631,22.957418,26.799999
IR_57466.jpg,2025-04-23 14:38:02,Cableduct,216.99024963378906,1.5099830627441406,316.2139892578125,53.53367614746094,11.639977,3.360867,21.278650,26.343603
IR_57466.jpg,2025-04-23 14:38:02,Cableduct,317.7412109375,13.382530212402344,360.5855712890625,44.59034729003906,7.483166,3.436893,21.547646,26.799999
IR_57466.jpg,2025-04-23 14:38:02,Machine,478.3251037597656,133.3514404296875,562.1590576171875,219.63223266601562,4.578817,5.345326,21.667021,26.799999
IR_57466.jpg,2025-04-23 14:38:02,Cableduct,528.2435302734375,39.100555419921875,567.7154541015625,62.383033752441406,8.593740,4.876276,22.034496,26.740471
IR_57467.jpg,2025-04-23 14:38:32,Screen,338.38824462890625,271.35321044921875,474.5791015625,375.433837890625,11.530146,4.116415,21.845034,26.900000
IR_57467.jpg,2025-04-23 14:38:32,Machine,107.59278869628906,175.57977294921875,144.5056915283203,275.180419921875,6.661458,0.460008,23.341816,26.838903
IR_57467.jpg,2025-04-23 14:38:32,Screen,607.8263549804688,287.64959716796875,639.4644165039062,365.804931640625,10.600843,5.143865,21.222906,26.900000
IR_57467.jpg,2025-04-23 14:38:32,Person,361.8697509765625,167.17733764648438,439.297119140625,292.3938903808594,6.546060,3.551182,23.053936,26.900000
IR_57467.jpg,2025-04-23 14:38:32,Cableduct,576.684814453125,34.835166931152344,622.111083984375,59.16712188720703,10.199511,5.186096,22.049786,26.900000
IR_57467.jpg,2025-04-23 14:38:32,Cableduct,217.76512145996094,1.271484375,316.101318359375,51.7292366027832,11.582870,3.351741,21.235291,26.900000
IR_57467.jpg,2025-04-23 14:38:32,Cableduct,321.1005554199219,14.927849769592285,362.0281066894531,43.895103454589844,7.379616,3.402537,21.543589,26.900000
IR_57467.jpg,2025-04-23 14:38:32,Machine,479.467041015625,132.94827270507812,562.598876953125,220.6070556640625,4.624491,5.320551,21.828724,26.900000
IR_57468.jpg,2025-04-23 14:39:02,Screen,339.8222351074219,274.5023498535156,474.0543518066406,375.6760559082031,11.513369,4.128075,21.966312,27.100000
IR_57468.jpg,2025-04-23 14:39:02,Cableduct,574.4827880859375,33.55113983154297,622.70849609375,59.75743103027344,10.202828,5.181274,22.092440,27.100000
IR_57468.jpg,2025-04-23 14:39:02,Machine,106.82310485839844,175.16116333007812,145.13816833496094,276.33111572265625,6.709903,0.470524,23.420378,26.891123
IR_57468.jpg,2025-04-23 14:39:02,Screen,608.3975219726562,287.4319763183594,639.4682006835938,364.8564758300781,10.592672,5.150842,21.411434,27.100000
IR_57468.jpg,2025-04-23 14:39:02,Cableduct,213.70907592773438,1.2462501525878906,316.1997375488281,51.970985412597656,12.131035,3.403601,21.361742,27.037336
IR_57468.jpg,2025-04-23 14:39:02,Person,358.1171875,170.75439453125,441.72283935546875,287.3750915527344,6.493953,3.537023,22.999748,27.100000
IR_57468.jpg,2025-04-23 14:39:02,Machine,479.57965087890625,132.49661254882812,561.0526733398438,219.20199584960938,4.613266,5.321946,21.952120,27.100000
IR_57468.jpg,2025-04-23 14:39:02,Cableduct,318.3865966796875,14.383679389953613,360.016357421875,44.244876861572266,7.388636,3.400702,21.579683,27.100000
IR_57468.jpg,2025-04-23 14:39:02,Cableduct,530.381103515625,38.36498260498047,569.234375,62.50719451904297,8.745080,4.902662,22.052399,27.100000
IR_57469.jpg,2025-04-23 14:39:33,Screen,337.94268798828125,270.1925048828125,473.45623779296875,374.67266845703125,11.453158,4.105079,21.890720,26.900000
IR_57469.jpg,2025-04-23 14:39:33,Screen,610.4611206054688,276.3966064453125,639.5731811523438,369.10107421875,10.923487,4.961379,21.027554,26.900000
IR_57469.jpg,2025-04-23 14:39:33,Machine,106.63999938964844,173.52511596679688,145.28182983398438,275.04351806640625,6.663895,0.467238,23.306118,26.675980
IR_57469.jpg,2025-04-23 14:39:33,Cableduct,577.2222290039062,34.632347106933594,622.6318969726562,59.89946746826172,10.268750,5.197658,22.018198,26.900000
IR_57469.jpg,2025-04-23 14:39:33,Cableduct,222.13729858398438,1.30206298828125,316.1730041503906,51.562007904052734,11.015839,3.301404,21.276100,26.900000
IR_57469.jpg,2025-04-23 14:39:33,Cableduct,321.26507568359375,14.694191932678223,360.23468017578125,43.77729034423828,7.435590,3.400102,21.617691,26.900000
IR_57469.jpg,2025-04-23 14:39:33,Machine,479.2513732910156,133.86395263671875,562.0494384765625,219.03509521484375,4.549469,5.358654,21.807076,26.900000
IR_57469.jpg,2025-04-23 14:39:33,Person,359.55230712890625,171.5745849609375,438.60614013671875,290.71380615234375,6.567655,3.540679,23.153118,26.900000
IR_57469.jpg,2025-04-23 14:39:33,Cableduct,529.4485473632812,38.35297393798828,568.7399291992188,62.75377655029297,8.720633,4.897365,21.926411,26.900000
IR_57470.jpg,2025-04-23 14:40:02,Screen,338.1639404296875,271.37982177734375,474.615966796875,373.46282958984375,11.559906,4.131330,21.849062,26.900000
IR_57470.jpg,2025-04-23 14:40:02,Screen,609.858642578125,275.638671875,639.686767578125,369.74749755859375,10.932575,4.951931,20.955893,26.105743
IR_57470.jpg,2025-04-23 14:40:02,Machine,478.9698486328125,131.53860473632812,563.0712890625,219.72476196289062,4.666821,5.323042,21.744648,26.900000
IR_57470.jpg,2025-04-23 14:40:02,Machine,106.36309814453125,176.38348388671875,144.71792602539062,275.41400146484375,6.720440,0.450551,23.300829,26.696344
IR_57470.jpg,2025-04-23 14:40:02,Person,359.70196533203125,172.51364135742188,437.14813232421875,289.7264709472656,6.541273,3.532129,23.090420,26.900000
IR_57470.jpg,2025-04-23 14:40:02,Cableduct,319.82757568359375,14.200237274169922,366.03741455078125,46.14892578125,7.526747,3.502836,21.438221,26.900000
IR_57470.jpg,2025-04-23 14:40:02,Cableduct,220.31138610839844,1.3654899597167969,315.9814453125,50.50883865356445,11.264700,3.315404,21.224655,26.900000
IR_57470.jpg,2025-04-23 14:40:02,Cableduct,576.5286254882812,34.33653259277344,622.5385131835938,60.1478271484375,10.275097,5.198158,21.936363,26.900000
IR_57470.jpg,2025-04-23 14:40:02,Cableduct,529.1145629882812,38.6658935546875,569.0918579101562,62.32130432128906,8.648497,4.886383,21.833231,26.900000
IR_57471.jpg,2025-04-23 14:40:32,Screen,335.37164306640625,267.33001708984375,473.92193603515625,374.542724609375,11.561260,4.091795,21.888872,27.000000
IR_57471.jpg,2025-04-23 14:40:32,Machine,105.61724853515625,175.61572265625,145.577392578125,275.6266784667969,6.745656,0.455755,23.317118,26.793734
IR_57471.jpg,2025-04-23 14:40:32,Cableduct,320.6212158203125,14.545143127441406,367.010986328125,46.09162902832031,7.507251,3.503503,21.415182,27.000000
IR_57471.jpg,2025-04-23 14:40:32,Screen,610.9903564453125,272.063720703125,639.7354736328125,372.3580322265625,11.150347,4.861650,21.084215,26.216188
IR_57471.jpg,2025-04-23 14:40:32,Person,359.8369140625,170.79983520507812,434.953369140625,290.4104309082031,6.521270,3.518151,23.315722,27.000000
IR_57471.jpg,2025-04-23 14:40:32,Cableduct,575.88525390625,33.79595947265625,623.609130859375,60.2908935546875,10.265284,5.194691,21.954548,27.000000
IR_57471.jpg,2025-04-23 14:40:32,Machine,479.4247741699219,130.05276489257812,562.296142578125,218.83535766601562,4.711701,5.304183,21.739693,27.000000
IR_57471.jpg,2025-04-23 14:40:32,Cableduct,216.75050354003906,1.3349685668945312,316.549560546875,52.18427658081055,11.770309,3.376901,21.261480,26.938120
IR_57471.jpg,2025-04-23 14:40:32,Cableduct,528.934326171875,38.412044525146484,568.32861328125,62.59585952758789,8.689920,4.891286,21.910496,27.000000
IR_57472.jpg,2025-04-23 14:41:02,Screen,336.89495849609375,270.3262939453125,474.10089111328125,373.9747314453125,11.571605,4.115931,21.963638,27.100000
IR_57472.jpg,2025-04-23 14:41:02,Screen,610.2410278320312,273.48126220703125,639.8075561523438,373.39361572265625,11.121147,4.870428,21.205242,26.285379
IR_57472.jpg,2025-04-23 14:41:02,Machine,478.89068603515625,130.99734497070312,562.8175659179688,220.44522094726562,4.699301,5.299090,21.928179,27.100000
IR_57472.jpg,2025-04-23 14:41:02,Machine,105.029052734375,175.01031494140625,144.8441162109375,274.9549560546875,6.731433,0.446710,23.350370,26.891123
IR_57472.jpg,2025-04-23 14:41:02,Cableduct,576.2506103515625,32.926856994628906,623.6669921875,60.91778564453125,10.386944,5.211265,22.054277,27.100000
IR_57472.jpg,2025-04-23 14:41:02,Cableduct,216.83555603027344,1.1991958618164062,314.0413818359375,50.98338317871094,11.419594,3.299077,21.345654,27.100000
IR_57472.jpg,2025-04-23 14:41:02,Person,363.9470520019531,168.34432983398438,438.4897766113281,290.9543151855469,6.502308,3.555576,23.326714,27.100000
IR_57472.jpg,2025-04-23 14:41:02,Cableduct,320.2405090332031,14.552852630615234,363.2165832519531,46.77944564819336,7.540695,3.464152,21.600817,27.100000
IR_57472.jpg,2025-04-23 14:41:02,Cableduct,529.960205078125,39.158355712890625,567.202392578125,63.553741455078125,8.737982,4.902347,21.974728,26.118277
IR_57472.jpg,2025-04-23 14:41:02,Person,367.46136474609375,161.57382202148438,428.49273681640625,225.82553100585938,4.732156,3.251734,24.463366,27.100000
IR_57473.jpg,2025-04-23 14:41:32,Screen,336.001220703125,271.1484375,473.87237548828125,375.55029296875,11.635593,4.108846,21.918686,27.100000
IR_57473.jpg,2025-04-23 14:41:32,Machine,106.68203735351562,174.43218994140625,145.818603515625,274.589599609375,6.666855,0.455482,23.318930,26.893734
IR_57473.jpg,2025-04-23 14:41:32,Machine,480.03448486328125,131.07440185546875,562.8818969726562,219.5831298828125,4.690603,5.310456,22.339727,27.100000
IR_57473.jpg,2025-04-23 14:41:32,Cableduct,574.9063720703125,33.24871063232422,623.8924560546875,60.456085205078125,10.252074,5.188777,21.971306,27.100000
IR_57473.jpg,2025-04-23 14:41:32,Cableduct,321.5212707519531,14.87416934967041,364.3704528808594,45.734413146972656,7.474325,3.451396,21.505598,27.100000
IR_57473.jpg,2025-04-23 14:41:32,Person,359.884033203125,166.30838012695312,439.52978515625,290.6148986816406,6.498778,3.533443,23.212708,27.100000
IR_57473.jpg,2025-04-23 14:41:32,Screen,608.626953125,275.843017578125,639.6663818359375,370.0885009765625,10.902046,4.959578,21.138258,26.316189
IR_57473.jpg,2025-04-23 14:41:32,Cableduct,213.6399383544922,1.3367195129394531,314.08831787109375,49.65424346923828,11.895694,3.335327,21.264450,27.100000
IR_57473.jpg,2025-04-23 14:41:32,Cableduct,528.1284790039062,37.59605407714844,568.3716430664062,62.53838348388672,8.716842,4.890960,21.917435,27.100000
IR_57473.jpg,2025-04-23 14:41:32,Screen,615.7235107421875,265.7022705078125,639.9019775390625,376.1695556640625,11.745682,4.744853,21.217520,27.100000
IR_57474.jpg,2025-04-23 14:42:02,Screen,337.62127685546875,271.536376953125,474.48974609375,373.318603515625,11.594615,4.132850,22.016888,27.200001
IR_57474.jpg,2025-04-23 14:42:02,Screen,612.0133056640625,276.78363037109375,639.7940673828125,374.20001220703125,11.149426,4.875815,21.285917,26.427155
IR_57474.jpg,2025-04-23 14:42:02,Machine,105.20973205566406,175.98092651367188,144.86416625976562,275.26824951171875,6.753854,0.450159,23.356068,27.053785
IR_57474.jpg,2025-04-23 14:42:02,Person,361.51690673828125,167.02883911132812,436.76141357421875,290.40087890625,6.472554,3.527380,23.408150,27.200001
IR_57474.jpg,2025-04-23 14:42:02,Cableduct,319.5614318847656,15.462169647216797,361.6705627441406,44.643104553222656,7.311057,3.390140,21.606573,27.200001
IR_57474.jpg,2025-04-23 14:42:02,Cableduct,576.59033203125,34.40232849121094,623.115966796875,60.34490203857422,10.271231,5.198980,22.075029,27.200001
IR_57474.jpg,2025-04-23 14:42:02,Machine,480.05462646484375,129.44700622558594,561.9270629882812,219.7823028564453,4.764685,5.269535,22.196575,27.200001
IR_57474.jpg,2025-04-23 14:42:02,Cableduct,220.13467407226562,0.8922004699707031,315.6394348144531,48.59087371826172,11.306395,3.314713,21.349962,27.200001
IR_57474.jpg,2025-04-23 14:42:02,Person,370.2801513671875,160.59384155273438,428.9542236328125,224.64120483398438,4.691864,3.261114,24.654861,27.200001
IR_57475.jpg,2025-04-23 14:42:32,Screen,335.41070556640625,271.70751953125,474.38519287109375,376.66650390625,11.726984,4.111964,21.940857,27.100000
IR_57475.jpg,2025-04-23 14:42:32,Screen,611.9229125976562,275.674072265625,639.8005981445312,375.0460205078125,11.211292,4.850323,21.266621,26.295561
IR_57475.jpg,2025-04-23 14:42:32,Machine,104.48603820800781,175.1771240234375,145.01930236816406,275.3460693359375,6.765217,0.449873,23.260996,26.873108
IR_57475.jpg,2025-04-23 14:42:32,Cableduct,576.5036010742188,33.16441345214844,622.5888061523438,60.10816955566406,10.376266,5.210819,22.093199,27.100000
IR_57475.jpg,2025-04-23 14:42:32,Person,359.29052734375,169.22406005859375,440.12945556640625,291.4323425292969,6.568762,3.544330,23.227646,27.100000
IR_57475.jpg,2025-04-23 14:42:32,Cableduct,320.79937744140625,13.735416412353516,363.58392333984375,45.362693786621094,7.565846,3.473195,21.475977,27.100000
IR_57475.jpg,2025-04-23 14:42:32,Machine,478.92364501953125,129.47454833984375,562.5387573242188,220.21463012695312,4.762628,5.274561,21.767542,27.100000
IR_57475.jpg,2025-04-23 14:42:32,Cableduct,216.79237365722656,0.989105224609375,314.2647705078125,48.39597702026367,11.548524,3.309332,21.336458,27.100000
IR_57475.jpg,2025-04-23 14:42:32,Cableduct,527.533447265625,38.345916748046875,567.7218017578125,63.61688232421875,8.682424,4.888277,21.986219,26.357441
IR_57476.jpg,2025-04-23 14:43:02,Screen,337.41058349609375,271.74951171875,474.1463623046875,376.34814453125,11.573192,4.108244,21.963217,27.200001
IR_57476.jpg,2025-04-23 14:43:02,Screen,611.589111328125,276.91412353515625,639.71337890625,374.3433837890625,11.134974,4.877688,21.270586,26.406267
IR_57476.jpg,2025-04-23 14:43:02,Machine,106.84944152832031,175.13223266601562,144.68511962890625,274.67791748046875,6.666371,0.452897,23.334066,26.991123
IR_57476.jpg,2025-04-23 14:43:02,Person,359.24761962890625,167.1458740234375,442.81256103515625,291.9945373535156,6.575880,3.555963,23.189081,27.200001
IR_57476.jpg,2025-04-23 14:43:02,Cableduct,577.5991821289062,34.18064880371094,622.5956420898438,59.41557312011719,10.306269,5.201840,22.212391,27.200001
IR_57476.jpg,2025-04-23 14:43:02,Machine,479.2016906738281,133.32046508789062,561.032958984375,218.70089721679688,4.562784,5.345994,21.682373,27.200001
IR_57476.jpg,2025-04-23 14:43:02,Cableduct,205.69561767578125,1.27362060546875,316.40985107421875,50.00729751586914,13.297133,3.503976,21.235949,26.719582
IR_57476.jpg,2025-04-23 14:43:02,Person,378.33526611328125,162.2758026123047,429.98260498046875,223.1829376220703,4.653783,3.305950,24.694750,27.200001
IR_57477.jpg,2025-04-23 14:43:32,Screen,339.0677490234375,275.11419677734375,472.6573486328125,377.03668212890625,11.486206,4.105135,22.051718,27.600000
IR_57477.jpg,2025-04-23 14:43:32,Machine,100.82342529296875,173.43954467773438,142.775390625,273.8907775878906,6.797566,0.428139,23.517380,27.361618
IR_57477.jpg,2025-04-23 14:43:32,Cableduct,576.2615966796875,34.355796813964844,622.1053466796875,59.15412139892578,10.222014,5.188557,22.356144,27.600000
IR_57477.jpg,2025-04-23 14:43:32,Screen,610.9384765625,278.73876953125,639.67041015625,369.5418701171875,10.921259,4.975594,21.276302,26.841515
IR_57477.jpg,2025-04-23 14:43:32,Cableduct,321.10968017578125,14.588748931884766,360.365478515625,42.59657287597656,7.367093,3.380668,21.707781,27.600000
IR_57477.jpg,2025-04-23 14:43:32,Person,135.11996459960938,99.687744140625,191.64852905273438,267.38653564453125,5.144558,1.282210,24.006054,27.600000
IR_57477.jpg,2025-04-23 14:43:32,Cableduct,208.31689453125,1.1407203674316406,314.24481201171875,50.15467071533203,12.615153,3.407374,21.306873,27.600000
IR_57477.jpg,2025-04-23 14:43:32,Person,145.6280059814453,98.29016876220703,217.0962677001953,265.81011962890625,5.095148,1.367502,23.187597,27.600000
IR_57477.jpg,2025-04-23 14:43:32,Cableduct,528.205078125,38.05634307861328,566.989013671875,62.740623474121094,8.718082,4.892138,22.216963,27.600000
IR_57478.jpg,2025-04-23 14:44:02,Screen,340.0113525390625,275.54486083984375,472.80255126953125,376.962158203125,11.450566,4.107126,22.070881,27.400000
IR_57478.jpg,2025-04-23 14:44:02,Cableduct,573.6815185546875,34.08958435058594,622.13818359375,59.73040771484375,10.123294,5.169302,22.246666,27.400000
IR_57478.jpg,2025-04-23 14:44:02,Screen,611.3475952148438,277.00506591796875,639.8523559570312,375.94024658203125,11.186789,4.858133,21.396990,26.638641
IR_57478.jpg,2025-04-23 14:44:02,Cableduct,321.82049560546875,13.586562156677246,360.48492431640625,42.861724853515625,7.524084,3.425474,21.698999,27.400000
IR_57478.jpg,2025-04-23 14:44:02,Cableduct,528.3096923828125,39.020606994628906,566.7796630859375,63.30847930908203,8.665089,4.887504,22.271461,26.300261
IR_57478.jpg,2025-04-23 14:44:02,Cableduct,215.554931640625,1.0649337768554688,313.912841796875,50.741268157958984,11.580644,3.312648,21.327229,27.400000
IR_57478.jpg,2025-04-23 14:44:02,Machine,482.63482666015625,104.05471801757812,577.6864624023438,201.86456298828125,6.072196,5.156919,21.812088,27.400000
IR_57478.jpg,2025-04-23 14:44:02,Person,85.54249572753906,111.05337524414062,157.46014404296875,290.13922119140625,6.243965,1.149346,23.693979,27.400000
IR_57478.jpg,2025-04-23 14:44:02,Person,101.33560180664062,112.5084228515625,176.1824951171875,290.8699951171875,6.157571,1.215275,23.565992,27.400000
IR_57478.jpg,2025-04-23 14:44:02,Machine,478.311767578125,133.98568725585938,562.4666748046875,218.31887817382812,4.532852,5.382415,21.820131,27.400000
IR_57479.jpg,2025-04-23 14:44:32,Screen,338.75115966796875,275.16021728515625,472.74810791015625,377.01800537109375,11.513832,4.107553,21.974844,26.900000
IR_57479.jpg,2025-04-23 14:44:32,Cableduct,577.3143310546875,34.66979217529297,621.8038330078125,59.16441345214844,10.250183,5.192695,22.344240,26.900000
IR_57479.jpg,2025-04-23 14:44:32,Machine,100.57765197753906,175.78387451171875,142.8899688720703,273.17120361328125,6.855359,0.434900,23.505312,26.761097
IR_57479.jpg,2025-04-23 14:44:32,Cableduct,320.741943359375,12.938804626464844,361.226806640625,43.57997131347656,7.585287,3.454311,21.603792,26.900000
IR_57479.jpg,2025-04-23 14:44:32,Cableduct,527.653564453125,38.688438415527344,567.78125,63.66040802001953,8.660770,4.886885,22.175497,26.284857
IR_57479.jpg,2025-04-23 14:44:32,Screen,612.4097900390625,277.0047607421875,639.7911376953125,373.92010498046875,11.149627,4.878659,21.335075,26.185640
IR_57479.jpg,2025-04-23 14:44:32,Machine,482.1552734375,102.80426025390625,578.1370849609375,202.7847900390625,6.164915,5.146628,21.753862,26.900000
IR_57479.jpg,2025-04-23 14:44:32,Cableduct,218.719482421875,1.3864707946777344,316.5869140625,51.84659194946289,11.524026,3.353564,21.321753,26.840469
IR_57479.jpg,2025-04-23 14:44:32,Machine,479.1756591796875,134.06210327148438,561.705810546875,217.16049194335938,4.501977,5.386522,21.807121,26.840469
IR_57479.jpg,2025-04-23 14:44:32,Person,147.36279296875,113.5699462890625,212.42913818359375,268.6905212402344,5.260098,1.366113,22.779686,26.900000
IR_57480.jpg,2025-04-23 14:45:02,Screen,338.72821044921875,275.54168701171875,472.80584716796875,377.60205078125,11.528286,4.105253,21.874638,26.400000
IR_57480.jpg,2025-04-23 14:45:02,Machine,103.55513000488281,173.14364624023438,144.7676239013672,274.5216369628906,6.732117,0.444655,23.145668,26.212011
IR_57480.jpg,2025-04-23 14:45:02,Cableduct,576.9767456054688,34.92509078979492,622.2981567382812,58.56533432006836,10.174452,5.182298,22.320801,26.400000
IR_57480.jpg,2025-04-23 14:45:02,Cableduct,429.8488464355469,35.14495849609375,463.4632873535156,58.41404724121094,7.580933,4.549963,21.986229,26.400000
IR_57480.jpg,2025-04-23 14:45:02,Cableduct,321.963623046875,14.620932579040527,359.185546875,43.670188903808594,7.484543,3.404070,21.672352,26.400000
IR_57480.jpg,2025-04-23 14:45:02,Cableduct,529.4466552734375,39.59722137451172,567.3079833984375,62.223060607910156,8.607856,4.880672,22.189837,25.948826
IR_57480.jpg,2025-04-23 14:45:02,Machine,482.52691650390625,102.05130004882812,577.2445678710938,203.08547973632812,6.172935,5.118839,21.696226,26.400000
IR_57480.jpg,2025-04-23 14:45:02,Screen,610.8560180664062,277.830078125,639.6538696289062,371.8751220703125,11.000953,4.932013,21.220697,25.798433
IR_57480.jpg,2025-04-23 14:45:02,Person,160.97137451171875,109.22796630859375,237.11572265625,257.50152587890625,4.928863,1.452693,22.566431,26.400000
IR_57480.jpg,2025-04-23 14:45:02,Cableduct,218.44464111328125,1.6281776428222656,315.9957275390625,53.751102447509766,11.404064,3.334625,21.276287,26.343603
IR_57480.jpg,2025-04-23 14:45:02,Machine,478.6526794433594,132.33828735351562,562.7017822265625,218.57025146484375,4.607040,5.354485,21.756231,26.400000
IR_57480.jpg,2025-04-23 14:45:02,Person,141.57815551757812,107.4180908203125,205.28536987304688,254.09622192382812,4.897730,1.321937,23.241440,26.400000
IR_57480.jpg,2025-04-23 14:45:02,Person,155.7479248046875,108.25137329101562,212.33599853515625,254.23272705078125,4.769220,1.361694,23.174679,26.400000
IR_57480.jpg,2025-04-23 14:45:02,Chair,366.42156982421875,196.0482177734375,410.27935791015625,256.4792785644531,4.932514,4.019614,21.676449,26.400000
IR_57481.jpg,2025-04-23 14:45:32,Screen,337.2562561035156,274.5799560546875,473.4438781738281,377.6036376953125,11.629478,4.113581,21.839048,26.700001
IR_57481.jpg,2025-04-23 14:45:32,Cableduct,577.8785400390625,34.73400115966797,622.11328125,58.84911346435547,10.251754,5.193293,22.264570,26.700001
IR_57481.jpg,2025-04-23 14:45:32,Cableduct,528.6616821289062,38.873146057128906,567.1220092773438,62.37596893310547,8.646091,4.883493,22.156683,26.641253
IR_57481.jpg,2025-04-23 14:45:32,Machine,108.65017700195312,175.86703491210938,143.734130859375,275.5776672363281,6.651198,0.473424,23.309824,26.269190
IR_57481.jpg,2025-04-23 14:45:32,Cableduct,429.5859375,34.83221435546875,462.14544677734375,57.05628967285156,7.605922,4.553784,22.072424,26.700001
IR_57481.jpg,2025-04-23 14:45:32,Screen,611.9240112304688,277.9404602050781,639.7286987304688,374.0766906738281,11.110975,4.890588,21.227953,25.975456
IR_57481.jpg,2025-04-23 14:45:32,Cableduct,216.387451171875,1.4414825439453125,316.1998291015625,52.04414367675781,11.768925,3.368171,21.223721,26.641253
IR_57481.jpg,2025-04-23 14:45:32,Machine,483.68231201171875,102.98912811279297,578.3395385742188,203.460205078125,6.146039,5.129056,21.675934,26.151697
IR_57481.jpg,2025-04-23 14:45:32,Machine,478.19891357421875,133.19961547851562,562.6376342773438,218.27743530273438,4.565213,5.373946,21.750290,26.700001
IR_57481.jpg,2025-04-23 14:45:32,Cableduct,319.648193359375,14.33670711517334,360.6317138671875,43.671295166015625,7.399862,3.402675,21.596401,26.700001
IR_57481.jpg,2025-04-23 14:45:32,Person,162.74520874023438,117.73223876953125,230.72189331054688,257.6498718261719,4.979245,1.445397,22.631966,26.700001
IR_57481.jpg,2025-04-23 14:45:32,Person,155.49969482421875,113.1558837890625,212.910888671875,256.23046875,4.865443,1.366512,23.197920,26.700001
IR_57482.jpg,2025-04-23 14:46:02,Screen,338.46221923828125,275.71905517578125,473.40228271484375,377.69610595703125,11.588207,4.113301,21.901249,26.600000
IR_57482.jpg,2025-04-23 14:46:02,Cableduct,576.9996337890625,35.53221130371094,622.0269775390625,58.18733215332031,10.107698,5.172630,22.390953,26.600000
IR_57482.jpg,2025-04-23 14:46:02,Machine,108.86868286132812,174.55648803710938,144.28573608398438,275.35955810546875,6.631745,0.483854,23.269733,26.078329
IR_57482.jpg,2025-04-23 14:46:02,Cableduct,529.4490966796875,38.54266357421875,567.7967529296875,61.38056945800781,8.656412,4.884409,22.252266,26.001045
IR_57482.jpg,2025-04-23 14:46:02,Cableduct,430.0478515625,35.22358703613281,462.60986328125,57.255401611328125,7.580323,4.553236,22.152956,26.542036
IR_57482.jpg,2025-04-23 14:46:02,Cableduct,321.17010498046875,14.899085998535156,357.58575439453125,43.90861129760742,7.463802,3.388145,21.765047,26.600000
IR_57482.jpg,2025-04-23 14:46:02,Cableduct,218.27220153808594,1.5435638427734375,316.8804931640625,52.81550598144531,11.593920,3.365615,21.298563,26.542036
IR_57482.jpg,2025-04-23 14:46:02,Screen,611.6863403320312,279.55584716796875,639.6223754882812,369.47259521484375,10.932758,4.976978,21.209246,25.943081
IR_57482.jpg,2025-04-23 14:46:02,Machine,486.13287353515625,103.42120361328125,577.6286010742188,201.90988159179688,6.077064,5.118608,21.776821,23.875717
IR_57482.jpg,2025-04-23 14:46:02,Machine,479.07000732421875,133.04586791992188,562.9036254882812,219.88540649414062,4.605752,5.340618,21.811808,26.600000
IR_57482.jpg,2025-04-23 14:46:02,Person,155.35531616210938,104.57077026367188,206.70327758789062,254.05108642578125,4.720721,1.345714,23.497507,26.600000
IR_57482.jpg,2025-04-23 14:46:02,Person,164.14321899414062,101.4589614868164,227.81228637695312,257.3658752441406,4.771729,1.423874,22.808599,26.600000
IR_57483.jpg,2025-04-23 14:46:32,Screen,343.18499755859375,276.8037109375,472.82904052734375,377.037841796875,11.296665,4.113059,22.790987,25.190079
IR_57483.jpg,2025-04-23 14:46:32,Person,4.436431884765625,173.87313842773438,173.81387329101562,489.9402770996094,12.020714,1.461187,25.349499,32.000000
IR_57483.jpg,2025-04-23 14:46:32,Screen,610.9974365234375,278.54498291015625,639.5911865234375,368.11798095703125,10.883252,4.992898,21.755375,27.953526
IR_57483.jpg,2025-04-23 14:46:32,Cableduct,216.02491760253906,1.3328742980957031,317.4017333984375,52.19993591308594,11.996124,3.412337,21.774509,27.920626
IR_57483.jpg,2025-04-23 14:46:32,Cableduct,320.4248962402344,15.278327941894531,357.5094299316406,42.63837432861328,7.313365,3.342904,22.466673,32.000000
IR_57483.jpg,2025-04-23 14:46:32,Machine,102.2857666015625,172.4569091796875,153.20164489746094,256.7158508300781,6.906150,0.449139,24.701427,30.980156
IR_57483.jpg,2025-04-23 14:46:32,Cableduct,430.203125,35.01325988769531,460.976318359375,55.88977813720703,7.644534,4.570760,23.254593,31.243341
IR_57483.jpg,2025-04-23 14:46:32,Machine,479.0487976074219,134.206298828125,562.1103515625,219.2303466796875,4.538650,5.361625,22.683329,31.901306
IR_57484.jpg,2025-04-23 14:47:02,Screen,341.6344909667969,276.74847412109375,473.4572448730469,377.88323974609375,11.424753,4.111046,22.382837,24.604177
IR_57484.jpg,2025-04-23 14:47:02,Cableduct,217.31689453125,1.4916000366210938,314.73681640625,51.47104263305664,11.441123,3.309968,21.535093,26.040731
IR_57484.jpg,2025-04-23 14:47:02,Screen,611.5552978515625,275.8772277832031,639.6951904296875,372.5263977050781,11.082939,4.895628,21.538702,27.511488
IR_57484.jpg,2025-04-23 14:47:02,Person,90.12445068359375,189.54827880859375,245.71347045898438,482.53857421875,11.992709,1.955443,24.887568,32.299999
IR_57484.jpg,2025-04-23 14:47:02,Cableduct,320.6525573730469,15.455692291259766,356.8584899902344,41.09767150878906,7.219208,3.306442,22.174452,32.299999
IR_57484.jpg,2025-04-23 14:47:02,Machine,479.9818420410156,134.21136474609375,563.0562744140625,218.217529296875,4.532825,5.385973,22.231869,32.299999
IR_57484.jpg,2025-04-23 14:47:02,Machine,106.73313903808594,175.71487426757812,145.0347900390625,250.76272583007812,6.760828,0.458075,23.967968,30.145170
IR_57484.jpg,2025-04-23 14:47:02,Cableduct,430.2281799316406,34.63357925415039,462.0635681152344,56.535221099853516,7.641514,4.563102,22.620726,31.342299
IR_57485.jpg,2025-04-23 14:47:33,Screen,337.85174560546875,275.2542724609375,473.24761962890625,377.720458984375,11.601444,4.111203,21.727348,26.200001
IR_57485.jpg,2025-04-23 14:47:33,Cableduct,321.97125244140625,13.802093505859375,359.25775146484375,43.55321502685547,7.570058,3.430120,21.636417,26.200001
IR_57485.jpg,2025-04-23 14:47:33,Cableduct,529.6061401367188,38.44407653808594,569.1690063476562,62.091331481933594,8.681087,4.891163,22.002909,26.145170
IR_57485.jpg,2025-04-23 14:47:33,Cableduct,216.5098419189453,1.4408149719238281,317.32098388671875,51.466453552246094,11.942360,3.401682,21.193762,26.145170
IR_57485.jpg,2025-04-23 14:47:33,Cableduct,429.7721252441406,35.343345642089844,462.4606628417969,57.417213439941406,7.571163,4.551609,21.963739,26.200001
IR_57485.jpg,2025-04-23 14:47:33,Machine,108.15159606933594,177.76272583007812,143.6846923828125,273.92657470703125,6.652417,0.449139,23.243702,25.761358
IR_57485.jpg,2025-04-23 14:47:33,Cableduct,575.8729248046875,35.89190673828125,622.0345458984375,58.05426025390625,10.014231,5.159368,22.232849,26.200001
IR_57485.jpg,2025-04-23 14:47:33,Screen,610.6834716796875,276.06365966796875,639.8697509765625,376.36468505859375,11.199402,4.847840,21.127180,25.761358
IR_57485.jpg,2025-04-23 14:47:33,Machine,482.4783630371094,103.50093078613281,577.9798583984375,203.3021697998047,6.121068,5.147131,21.554531,26.145170
IR_57485.jpg,2025-04-23 14:47:33,Machine,476.6933288574219,132.9361572265625,562.655029296875,219.96072387695312,4.611485,5.342524,21.607897,26.200001
IR_57485.jpg,2025-04-23 14:47:33,Person,144.491455078125,115.08297729492188,209.59197998046875,265.8347473144531,5.217337,1.349055,22.542206,26.200001
IR_57485.jpg,2025-04-23 14:47:33,Person,108.41654968261719,176.12896728515625,144.7642059326172,270.17974853515625,6.217193,1.193231,23.238508,26.053785
IR_57486.jpg,2025-04-23 14:48:02,Screen,337.86785888671875,275.76922607421875,473.24639892578125,378.35491943359375,11.613951,4.108214,21.866276,26.500000
IR_57486.jpg,2025-04-23 14:48:02,Cableduct,215.64083862304688,1.4707908630371094,316.6247253417969,51.273597717285156,11.958508,3.389483,21.330149,26.500000
IR_57486.jpg,2025-04-23 14:48:02,Cableduct,529.31005859375,38.71286392211914,568.5126953125,61.64377975463867,8.632896,4.882458,22.180716,26.004438
IR_57486.jpg,2025-04-23 14:48:02,Screen,610.2701416015625,280.221435546875,639.5518798828125,370.949462890625,10.925587,4.972811,21.194839,26.500000
IR_57486.jpg,2025-04-23 14:48:02,Cableduct,577.480224609375,36.5195198059082,621.5498046875,58.79733657836914,10.077806,5.169666,22.453245,26.500000
IR_57486.jpg,2025-04-23 14:48:02,Machine,108.26045227050781,178.29241943359375,143.49478149414062,274.40777587890625,6.667401,0.451573,23.531511,25.851957
IR_57486.jpg,2025-04-23 14:48:02,Cableduct,429.60491943359375,35.912105560302734,462.56927490234375,58.394344329833984,7.557224,4.554518,22.012011,26.500000
IR_57486.jpg,2025-04-23 14:48:02,Cableduct,321.79437255859375,15.31573486328125,359.1243896484375,43.623382568359375,7.396383,3.377595,21.850477,26.500000
IR_57486.jpg,2025-04-23 14:48:02,Machine,485.94281005859375,107.12406921386719,577.0800170898438,203.5696563720703,5.868133,5.150374,21.684443,26.500000
IR_57486.jpg,2025-04-23 14:48:02,Machine,479.5215148925781,133.85336303710938,562.95703125,218.12728881835938,4.543217,5.383240,21.720329,26.500000
IR_57486.jpg,2025-04-23 14:48:02,Person,122.96759033203125,115.18472290039062,189.52835083007812,258.4684143066406,5.217698,1.260690,23.358717,26.500000
IR_57486.jpg,2025-04-23 14:48:02,Person,144.69366455078125,111.6854476928711,205.95034790039062,260.5907897949219,5.038689,1.332302,22.526209,26.500000
IR_57487.jpg,2025-04-23 14:48:32,Person,476.76708984375,237.4119110107422,640.0,485.52020263671875,11.523209,4.987303,23.895071,27.799999
IR_57487.jpg,2025-04-23 14:48:32,Screen,337.9901123046875,274.8862609863281,474.88226318359375,379.3220520019531,11.672323,4.115055,21.956018,27.799999
IR_57487.jpg,2025-04-23 14:48:32,Machine,109.062255859375,175.28555297851562,145.05352783203125,274.4765319824219,6.606157,0.465315,23.242479,26.228199
IR_57487.jpg,2025-04-23 14:48:32,Cableduct,212.40274047851562,1.1884117126464844,315.9624938964844,49.7855339050293,12.343056,3.411732,21.324875,25.464752
IR_57487.jpg,2025-04-23 14:48:32,Cableduct,573.711181640625,33.649810791015625,623.0556640625,60.25873565673828,10.160286,5.173604,22.060707,27.799999
IR_57487.jpg,2025-04-23 14:48:32,Cableduct,320.7335205078125,15.185050010681152,360.275390625,42.28759002685547,7.268517,3.355501,21.691235,27.799999
IR_57487.jpg,2025-04-23 14:48:32,Machine,478.31463623046875,133.76150512695312,562.0051879882812,219.40512084960938,4.556545,5.354011,21.782228,27.799999
IR_57488.jpg,2025-04-23 14:49:03,Screen,339.3136291503906,274.92230224609375,474.3887634277344,376.90106201171875,11.573491,4.125700,21.649014,26.000000
IR_57488.jpg,2025-04-23 14:49:03,Machine,102.73538208007812,171.10433959960938,147.598876953125,275.3465881347656,6.739379,0.473445,22.723322,26.000000
IR_57488.jpg,2025-04-23 14:49:03,Screen,610.0979614257812,276.45562744140625,639.6095581054688,367.58526611328125,10.865107,4.988723,20.819756,26.000000
IR_57488.jpg,2025-04-23 14:49:03,Machine,480.0091552734375,132.15032958984375,561.692138671875,219.927734375,4.649031,5.308201,21.432533,26.000000
IR_57488.jpg,2025-04-23 14:49:03,Cableduct,529.8553466796875,35.895599365234375,568.9447021484375,61.34056091308594,8.896805,4.916059,21.994816,26.000000
IR_57488.jpg,2025-04-23 14:49:03,Cableduct,224.4016571044922,1.2261810302734375,318.51165771484375,53.15801239013672,11.022549,3.347013,21.163176,26.000000
IR_57488.jpg,2025-04-23 14:49:03,Cableduct,575.6951904296875,35.034690856933594,622.2225341796875,58.030601501464844,10.079070,5.167759,22.250162,26.000000
IR_57488.jpg,2025-04-23 14:49:03,Cableduct,321.91259765625,15.50345230102539,358.6640625,39.95384216308594,7.163761,3.301104,21.990345,26.000000
IR_57489.jpg,2025-04-23 14:49:32,Screen,344.9971923828125,276.4971618652344,474.2103271484375,373.7822570800781,11.279287,4.151444,21.860607,26.000000
IR_57489.jpg,2025-04-23 14:49:32,Cableduct,574.7747192382812,35.73860168457031,621.0503540039062,58.461875915527344,10.010817,5.157178,22.271755,26.000000
IR_57489.jpg,2025-04-23 14:49:32,Screen,612.5363159179688,278.33648681640625,639.6172485351562,370.74627685546875,11.013296,4.938004,21.221949,26.000000
IR_57489.jpg,2025-04-23 14:49:32,Machine,106.91929626464844,173.27545166015625,146.43531799316406,276.00360107421875,6.686616,0.482277,22.913147,25.289818
IR_57489.jpg,2025-04-23 14:49:32,Machine,479.8015441894531,132.78817749023438,561.951171875,219.61727905273438,4.612936,5.328036,21.798000,26.000000
IR_57489.jpg,2025-04-23 14:49:32,Cableduct,529.0224609375,38.4580078125,569.244140625,62.035736083984375,8.646837,4.885131,21.891090,26.000000
IR_57489.jpg,2025-04-23 14:49:32,Cableduct,213.33782958984375,1.503204345703125,314.97296142578125,51.565364837646484,12.004422,3.364482,21.274635,26.000000
IR_57489.jpg,2025-04-23 14:49:32,Person,256.62457275390625,137.48382568359375,376.57281494140625,326.3643798828125,7.372140,2.683972,22.147961,26.000000
IR_57489.jpg,2025-04-23 14:49:32,Cableduct,321.80389404296875,15.499739646911621,359.46551513671875,43.20133972167969,7.343649,3.363794,21.799402,26.000000
IR_57489.jpg,2025-04-23 14:49:32,Person,298.5619201660156,141.86248779296875,387.7733459472656,324.1660461425781,7.132291,2.954140,22.608221,26.000000
IR_57490.jpg,2025-04-23 14:50:02,Screen,338.92376708984375,275.66497802734375,474.07745361328125,375.45062255859375,11.613459,4.137700,21.547098,25.500000
IR_57490.jpg,2025-04-23 14:50:02,Cableduct,215.21780395507812,1.4217720031738281,315.4021301269531,50.325157165527344,11.861437,3.356577,21.042156,25.500000
IR_57490.jpg,2025-04-23 14:50:02,Machine,479.8680725097656,131.96615600585938,561.2723388671875,218.65249633789062,4.629347,5.323958,21.534134,25.500000
IR_57490.jpg,2025-04-23 14:50:02,Screen,611.6689453125,279.0257568359375,639.605712890625,369.24334716796875,10.932117,4.974991,21.077723,25.500000
IR_57490.jpg,2025-04-23 14:50:02,Cableduct,528.9693603515625,38.498023986816406,569.0074462890625,62.271942138671875,8.655975,4.886673,21.585520,25.500000
IR_57490.jpg,2025-04-23 14:50:02,Machine,107.88055419921875,177.97653198242188,142.75210571289062,274.5777587890625,6.668432,0.448251,23.089594,25.165796
IR_57490.jpg,2025-04-23 14:50:02,Cableduct,574.6979370117188,35.45063018798828,621.3679809570312,58.236366271972656,10.017324,5.158002,21.939383,25.500000
IR_57490.jpg,2025-04-23 14:50:02,Cableduct,431.6192932128906,36.80821990966797,460.6898498535156,54.7532958984375,7.540591,4.571882,22.171303,25.500000
IR_57490.jpg,2025-04-23 14:50:02,Cableduct,321.91168212890625,15.159089088439941,358.6392822265625,42.83482360839844,7.379259,3.367058,21.508560,25.500000
IR_57490.jpg,2025-04-23 14:50:02,Person,120.56686401367188,137.06103515625,188.25930786132812,250.248046875,5.276816,1.261837,22.902885,25.500000
IR_57491.jpg,2025-04-23 14:50:32,Screen,338.75933837890625,275.4991455078125,472.15606689453125,372.7481689453125,11.514753,4.135659,21.747166,26.900000
IR_57491.jpg,2025-04-23 14:50:32,Screen,612.581298828125,278.7022705078125,639.585693359375,368.08837890625,10.929937,4.980448,21.158430,26.900000
IR_57491.jpg,2025-04-23 14:50:32,Cableduct,573.8309326171875,34.21101379394531,623.7650146484375,59.70826721191406,10.076263,5.162723,21.812363,26.900000
IR_57491.jpg,2025-04-23 14:50:32,Machine,479.39251708984375,133.16360473632812,562.9458618164062,220.79232788085938,4.619158,5.324425,21.740273,26.900000
IR_57491.jpg,2025-04-23 14:50:32,Machine,109.71527099609375,175.02191162109375,143.6219024658203,272.83819580078125,6.539819,0.456333,23.358202,25.881723
IR_57491.jpg,2025-04-23 14:50:32,Cableduct,212.97369384765625,1.2797164916992188,315.0511474609375,48.718082427978516,12.162954,3.374120,21.129639,26.900000
IR_57491.jpg,2025-04-23 14:50:32,Cableduct,322.3691711425781,15.055458068847656,361.1566467285156,43.85282516479492,7.427235,3.401385,21.486525,26.900000
IR_57491.jpg,2025-04-23 14:50:32,Cableduct,528.6456909179688,39.13525390625,569.5548706054688,61.741615295410156,8.546314,4.870915,21.765629,26.900000
IR_57491.jpg,2025-04-23 14:50:32,Person,148.33432006835938,108.32062530517578,203.77188110351562,261.7532958984375,4.985855,1.332145,23.001692,26.900000
IR_57491.jpg,2025-04-23 14:50:32,Machine,484.13055419921875,108.9854736328125,577.9293823242188,207.061767578125,5.824264,5.192117,21.691734,26.900000
IR_57492.jpg,2025-04-23 14:51:02,Screen,340.5775146484375,275.903076171875,473.1512451171875,373.455322265625,11.470400,4.138176,21.778395,26.200001
IR_57492.jpg,2025-04-23 14:51:02,Screen,610.5474853515625,271.90576171875,639.567626953125,370.285400390625,11.049232,4.894900,20.920031,25.615143
IR_57492.jpg,2025-04-23 14:51:02,Machine,479.46337890625,130.3236083984375,562.6864013671875,218.93280029296875,4.702763,5.311071,21.763910,26.200001
IR_57492.jpg,2025-04-23 14:51:02,Machine,105.92445373535156,173.56985473632812,145.7177734375,274.535400390625,6.674129,0.455895,22.894951,26.200001
IR_57492.jpg,2025-04-23 14:51:02,Cableduct,574.3304443359375,35.758026123046875,623.2938232421875,59.39619445800781,9.973562,5.151705,21.952860,26.200001
IR_57492.jpg,2025-04-23 14:51:02,Cableduct,430.0015869140625,36.029151916503906,461.479248046875,56.748390197753906,7.554859,4.559078,22.390356,26.200001
IR_57492.jpg,2025-04-23 14:51:02,Cableduct,528.813720703125,39.77539825439453,566.8448486328125,62.37755584716797,8.575886,4.875038,21.845387,26.200001
IR_57492.jpg,2025-04-23 14:51:02,Cableduct,319.25506591796875,14.287517547607422,365.52154541015625,44.59054183959961,7.443855,3.481862,21.556421,26.200001
IR_57492.jpg,2025-04-23 14:51:02,Person,237.78427124023438,100.49858856201172,277.7340393066406,168.3436279296875,3.061349,1.684845,24.171053,26.200001
IR_57492.jpg,2025-04-23 14:51:02,Person,232.15264892578125,109.30773162841797,283.822998046875,218.2410888671875,3.719927,1.737183,22.730537,26.200001
IR_57492.jpg,2025-04-23 14:51:02,Cableduct,219.3304443359375,1.3172988891601562,310.61090087890625,49.541927337646484,10.612135,3.158795,21.226265,26.200001
IR_57492.jpg,2025-04-23 14:51:02,Screen,610.5736083984375,234.9024658203125,639.8682861328125,360.88238525390625,11.773811,4.868001,20.734720,26.200001
IR_57492.jpg,2025-04-23 14:51:02,Person,227.24356079101562,115.18981170654297,272.0272521972656,217.78961181640625,3.722599,1.683839,23.000914,26.200001
IR_57493.jpg,2025-04-23 14:51:33,Screen,340.066650390625,275.7742614746094,474.291259765625,374.3874206542969,11.564316,4.145667,21.631531,25.600000
IR_57493.jpg,2025-04-23 14:51:33,Machine,479.58209228515625,129.23336791992188,562.8866577148438,218.99624633789062,4.756134,5.292938,21.533655,25.600000
IR_57493.jpg,2025-04-23 14:51:33,Machine,107.49856567382812,174.58328247070312,146.1326904296875,275.7825622558594,6.675815,0.472751,22.765940,25.600000
IR_57493.jpg,2025-04-23 14:51:33,Cableduct,528.8988037109375,38.27958679199219,569.15625,62.11885070800781,8.662631,4.886925,21.642805,25.600000
IR_57493.jpg,2025-04-23 14:51:33,Cableduct,574.0421142578125,35.049224853515625,623.1026611328125,58.81452941894531,9.996984,5.153700,21.970980,25.600000
IR_57493.jpg,2025-04-23 14:51:33,Cableduct,430.70745849609375,35.72694396972656,460.96746826171875,55.12799835205078,7.571514,4.563244,22.241125,25.600000
IR_57493.jpg,2025-04-23 14:51:33,Cableduct,216.85714721679688,1.3903732299804688,310.6184997558594,49.343727111816406,10.948882,3.186959,21.099478,25.600000
IR_57493.jpg,2025-04-23 14:51:33,Cableduct,318.71234130859375,14.308246612548828,360.96417236328125,43.67694854736328,7.364232,3.404866,21.481522,25.600000
IR_57493.jpg,2025-04-23 14:51:33,Person,234.18069458007812,108.29431915283203,273.4649963378906,164.95806884765625,3.059966,1.666518,23.679735,25.549870
IR_57493.jpg,2025-04-23 14:51:33,Screen,610.46044921875,271.1544189453125,639.84814453125,373.804443359375,11.209843,4.835609,20.874695,25.349348
IR_57493.jpg,2025-04-23 14:51:33,Person,229.58230590820312,115.2605972290039,292.5330505371094,221.50601196289062,3.879034,1.778796,21.955151,25.600000
IR_57494.jpg,2025-04-23 14:52:02,Screen,340.13946533203125,275.658447265625,474.64935302734375,370.7684326171875,11.601078,4.178074,21.690971,25.600000
IR_57494.jpg,2025-04-23 14:52:02,Machine,479.62188720703125,130.411865234375,562.7305297851562,218.61209106445312,4.694610,5.317769,21.404676,25.600000
IR_57494.jpg,2025-04-23 14:52:02,Screen,612.735107421875,271.30712890625,639.818115234375,372.372802734375,11.248645,4.835999,20.876827,25.349348
IR_57494.jpg,2025-04-23 14:52:02,Cableduct,321.304931640625,15.298919677734375,361.842041015625,43.26122283935547,7.310691,3.380433,21.653402,25.600000
IR_57494.jpg,2025-04-23 14:52:02,Machine,105.29554748535156,174.22036743164062,146.51162719726562,275.53564453125,6.735373,0.458908,22.723131,25.600000
IR_57494.jpg,2025-04-23 14:52:02,Cableduct,529.0709228515625,38.225547790527344,568.9488525390625,62.16741180419922,8.682263,4.889848,21.728750,25.600000
IR_57494.jpg,2025-04-23 14:52:02,Cableduct,219.5319061279297,1.3618011474609375,314.68133544921875,49.5387077331543,11.203552,3.283441,21.070034,25.600000
IR_57494.jpg,2025-04-23 14:52:02,Cableduct,574.7278442382812,35.18956756591797,622.0680541992188,58.93415069580078,10.060169,5.165382,22.015680,25.600000
IR_57494.jpg,2025-04-23 14:52:02,Cableduct,430.3172607421875,37.411376953125,461.509765625,56.256439208984375,7.422918,4.544295,22.331121,25.600000
IR_57495.jpg,2025-04-23 14:52:32,Screen,341.35980224609375,276.0208435058594,473.13653564453125,371.6419372558594,11.435189,4.150949,21.666491,25.900000
IR_57495.jpg,2025-04-23 14:52:32,Screen,609.8765869140625,276.20355224609375,639.7705078125,371.71966552734375,10.984875,4.929469,20.859612,25.375196
IR_57495.jpg,2025-04-23 14:52:32,Machine,479.46002197265625,130.00308227539062,563.2030639648438,219.43801879882812,4.731089,5.301596,21.461161,25.900000
IR_57495.jpg,2025-04-23 14:52:32,Cableduct,323.0439453125,16.208389282226562,361.6475830078125,42.7677001953125,7.247538,3.348130,21.586905,25.900000
IR_57495.jpg,2025-04-23 14:52:32,Cableduct,575.9830322265625,34.688751220703125,623.3179931640625,59.904090881347656,10.186506,5.185811,21.783432,25.900000
IR_57495.jpg,2025-04-23 14:52:32,Machine,107.45095825195312,176.43655395507812,143.64247131347656,274.69097900390625,6.661191,0.448195,23.072990,25.900000
IR_57495.jpg,2025-04-23 14:52:32,Cableduct,221.30873107910156,0.0,308.0567626953125,45.520484924316406,10.041969,3.062409,21.124952,25.900000
IR_57495.jpg,2025-04-23 14:52:32,Cableduct,429.8376159667969,35.99952697753906,460.3446350097656,55.05713653564453,7.529809,4.553748,22.157959,25.900000
IR_57495.jpg,2025-04-23 14:52:32,Cableduct,530.0628662109375,38.79338836669922,566.80322265625,61.99482727050781,8.711037,4.894121,21.794195,25.900000
IR_57495.jpg,2025-04-23 14:52:32,Person,124.89903259277344,125.06867218017578,190.3394317626953,257.5875244140625,5.277982,1.270401,23.060652,25.900000
IR_57495.jpg,2025-04-23 14:52:32,Person,147.79849243164062,117.02066040039062,203.31039428710938,259.4764709472656,5.028155,1.334101,22.224779,25.900000
IR_57496.jpg,2025-04-23 14:53:03,Screen,343.15521240234375,275.78533935546875,473.00006103515625,372.8524169921875,11.300311,4.142856,21.709719,26.200001
IR_57496.jpg,2025-04-23 14:53:03,Screen,611.712646484375,268.39617919921875,639.73583984375,372.15667724609375,11.272377,4.815301,20.871338,26.200001
IR_57496.jpg,2025-04-23 14:53:03,Machine,479.60260009765625,132.33880615234375,562.3798217773438,219.05026245117188,4.618820,5.337193,21.762094,26.200001
IR_57496.jpg,2025-04-23 14:53:03,Cableduct,216.98849487304688,1.2587242126464844,311.7527770996094,49.2907829284668,11.107204,3.223466,21.049589,26.200001
IR_57496.jpg,2025-04-23 14:53:03,Cableduct,574.69970703125,32.67938232421875,624.61962890625,60.63365173339844,10.275664,5.190006,21.700277,26.200001
IR_57496.jpg,2025-04-23 14:53:03,Person,117.64593505859375,131.2381591796875,189.380126953125,259.98309326171875,5.478368,1.262361,23.204517,26.200001
IR_57496.jpg,2025-04-23 14:53:03,Machine,107.25242614746094,174.51473999023438,143.9563446044922,274.5898742675781,6.642262,0.460228,23.187126,25.884857
IR_57496.jpg,2025-04-23 14:53:03,Cableduct,321.0965576171875,15.667095184326172,364.753662109375,44.205787658691406,7.284375,3.416370,21.691298,26.200001
IR_57496.jpg,2025-04-23 14:53:03,Cableduct,527.597900390625,38.95743942260742,567.374267578125,63.4803352355957,8.632582,4.882418,21.665510,26.200001
IR_57496.jpg,2025-04-23 14:53:03,Cableduct,429.7904968261719,36.52166748046875,461.3825378417969,56.75004577636719,7.504126,4.551735,22.304268,26.200001
IR_57496.jpg,2025-04-23 14:53:03,Person,142.72528076171875,117.01968383789062,201.69342041015625,258.7858581542969,5.061763,1.321333,22.513617,26.200001
IR_57497.jpg,2025-04-23 14:53:32,Screen,340.402587890625,274.62518310546875,473.27545166015625,375.710205078125,11.432451,4.119593,21.717693,26.400000
IR_57497.jpg,2025-04-23 14:53:32,Screen,612.9622802734375,277.71624755859375,639.7608642578125,372.39349365234375,11.090701,4.905333,20.962406,25.732899
IR_57497.jpg,2025-04-23 14:53:32,Machine,106.99661254882812,175.05526733398438,145.8170928955078,274.7440490722656,6.670690,0.454978,22.829756,25.142036
IR_57497.jpg,2025-04-23 14:53:32,Cableduct,530.0084228515625,39.57090759277344,566.8153076171875,62.978240966796875,8.682673,4.893548,21.894831,26.400000
IR_57497.jpg,2025-04-23 14:53:32,Machine,479.81195068359375,129.84518432617188,562.8624877929688,216.63021850585938,4.684221,5.344068,22.083126,26.400000
IR_57497.jpg,2025-04-23 14:53:32,Person,168.06192016601562,123.91034698486328,249.44345092773438,300.5511474609375,6.328568,1.632359,22.809427,26.400000
IR_57497.jpg,2025-04-23 14:53:32,Cableduct,576.364501953125,33.98683166503906,622.7474365234375,59.355690002441406,10.258691,5.194722,21.954834,26.400000
IR_57497.jpg,2025-04-23 14:53:32,Cableduct,320.6241455078125,13.757843017578125,365.0223388671875,44.418556213378906,7.486904,3.477210,21.565636,26.400000
IR_57497.jpg,2025-04-23 14:53:32,Cableduct,429.7764892578125,36.92729187011719,461.9774169921875,57.02330017089844,7.441639,4.539721,22.238739,26.400000
IR_57497.jpg,2025-04-23 14:53:32,Person,205.56781005859375,124.04397583007812,279.9427795410156,299.7797546386719,6.146228,1.864273,23.129688,26.400000
IR_57497.jpg,2025-04-23 14:53:32,Screen,610.074462890625,247.64239501953125,639.7822265625,378.3709716796875,12.217583,4.724558,20.978931,26.400000
IR_57497.jpg,2025-04-23 14:53:32,Person,215.14306640625,125.72622680664062,296.40667724609375,296.7747497558594,6.108896,1.967427,22.599791,26.400000
IR_57497.jpg,2025-04-23 14:53:32,Cableduct,216.66278076171875,1.0491905212402344,313.2705078125,49.54865646362305,11.375347,3.279050,21.092539,26.400000
IR_57498.jpg,2025-04-23 14:54:02,Screen,341.2445373535156,276.21697998046875,474.2515563964844,371.84454345703125,11.517792,4.163575,21.639713,25.700001
IR_57498.jpg,2025-04-23 14:54:02,Screen,612.150634765625,275.61627197265625,639.7586669921875,375.22296142578125,11.232043,4.843407,20.913483,25.441515
IR_57498.jpg,2025-04-23 14:54:02,Machine,480.045166015625,133.2841796875,562.564697265625,217.61737060546875,4.555154,5.376535,21.499798,25.700001
IR_57498.jpg,2025-04-23 14:54:02,Machine,105.50186157226562,177.970947265625,144.08648681640625,275.14654541015625,6.780735,0.452522,23.067764,25.458746
IR_57498.jpg,2025-04-23 14:54:02,Cableduct,528.2208251953125,38.91991424560547,567.5443115234375,61.95691680908203,8.592440,4.874586,21.719124,25.648302
IR_57498.jpg,2025-04-23 14:54:02,Cableduct,320.0817565917969,14.900734901428223,369.2884216308594,46.7559814453125,7.564961,3.540874,21.111675,25.700001
IR_57498.jpg,2025-04-23 14:54:02,Cableduct,220.7526092529297,1.2296600341796875,312.20025634765625,47.6064567565918,10.729912,3.192569,20.977257,25.700001
IR_57498.jpg,2025-04-23 14:54:02,Cableduct,576.7896118164062,34.16937255859375,622.4152221679688,59.58729553222656,10.279145,5.197665,21.909767,25.700001
IR_57498.jpg,2025-04-23 14:54:02,Person,121.22616577148438,138.83538818359375,187.40011596679688,253.0406494140625,5.351510,1.263975,22.920780,25.700001
IR_57498.jpg,2025-04-23 14:54:02,Person,108.73895263671875,175.9222412109375,149.18392944335938,272.3179931640625,6.281596,1.205563,23.272236,25.458746
IR_57498.jpg,2025-04-23 14:54:02,Cableduct,430.8092956542969,35.69140625,462.0218200683594,55.230255126953125,7.514589,4.546535,21.813339,25.700001
IR_57499.jpg,2025-04-23 14:54:33,Screen,341.4688720703125,276.1015625,473.753662109375,374.936279296875,11.449486,4.133672,21.745365,25.900000
IR_57499.jpg,2025-04-23 14:54:33,Screen,613.1016845703125,277.22491455078125,639.7008056640625,373.40374755859375,11.155528,4.880302,21.025814,25.655092
IR_57499.jpg,2025-04-23 14:54:33,Cableduct,528.4191284179688,38.42945861816406,567.8782348632812,62.696044921875,8.675800,4.888040,21.843719,25.847519
IR_57499.jpg,2025-04-23 14:54:33,Cableduct,577.0460205078125,35.02875518798828,622.0216064453125,58.606285095214844,10.175068,5.182093,22.147015,25.900000
IR_57499.jpg,2025-04-23 14:54:33,Machine,479.9418029785156,132.68173217773438,561.4100341796875,216.59207153320312,4.557639,5.368762,21.484184,25.900000
IR_57499.jpg,2025-04-23 14:54:33,Cableduct,320.96234130859375,14.759597778320312,360.71966552734375,42.77662658691406,7.347377,3.380337,21.450729,25.900000
IR_57499.jpg,2025-04-23 14:54:33,Machine,101.57405090332031,176.267578125,144.0146942138672,274.04486083984375,6.859459,0.443416,23.030842,25.690079
IR_57499.jpg,2025-04-23 14:54:33,Person,120.07260131835938,138.26211547851562,189.86383056640625,255.23397827148438,5.417502,1.268886,23.153517,25.900000
IR_57499.jpg,2025-04-23 14:54:33,Cableduct,220.73504638671875,1.3922691345214844,314.0904541015625,48.377777099609375,10.991726,3.249476,21.083540,25.900000
IR_57499.jpg,2025-04-23 14:54:33,Machine,481.6059265136719,103.64250183105469,579.991943359375,203.2790069580078,6.190809,5.189014,21.385134,25.900000
IR_57499.jpg,2025-04-23 14:54:33,Person,109.3007583618164,173.82638549804688,151.18496704101562,272.0506286621094,6.249828,1.208896,23.424067,25.690079
IR_57500.jpg,2025-04-23 14:55:02,Screen,341.42144775390625,276.076171875,473.59783935546875,377.027099609375,11.429447,4.117106,21.673016,25.700001
IR_57500.jpg,2025-04-23 14:55:02,Machine,106.79615783691406,175.40594482421875,145.7299346923828,274.05340576171875,6.670979,0.449961,23.012352,25.700001
IR_57500.jpg,2025-04-23 14:55:02,Cableduct,217.0569305419922,1.4880905151367188,312.39434814453125,50.558837890625,11.150291,3.239110,21.050144,25.700001
IR_57500.jpg,2025-04-23 14:55:02,Cableduct,573.738037109375,34.721275329589844,621.03076171875,58.31665802001953,10.041667,5.158774,22.017288,25.700001
IR_57500.jpg,2025-04-23 14:55:02,Cableduct,528.558837890625,38.38243103027344,568.0947265625,63.07421875,8.700754,4.892876,21.793486,25.700001
IR_57500.jpg,2025-04-23 14:55:02,Cableduct,322.60150146484375,15.349288940429688,358.8179931640625,42.42400360107422,7.357047,3.358934,21.547934,25.700001
IR_57500.jpg,2025-04-23 14:55:02,Person,115.75969696044922,127.87176513671875,185.53448486328125,253.99740600585938,5.309506,1.244456,22.838892,25.700001
IR_57500.jpg,2025-04-23 14:55:02,Machine,479.0840759277344,133.30816650390625,562.1085205078125,219.66033935546875,4.584124,5.340164,21.395208,25.700001
IR_57500.jpg,2025-04-23 14:55:02,Screen,611.78857421875,276.0726623535156,639.651611328125,372.8320617675781,11.102815,4.889399,21.013268,25.479374
IR_57500.jpg,2025-04-23 14:55:02,Machine,480.3621520996094,103.21617889404297,579.3306884765625,205.8408203125,6.222330,5.174272,21.319691,25.700001
IR_57500.jpg,2025-04-23 14:55:02,Person,109.77053833007812,173.23257446289062,149.891357421875,270.4357604980469,6.191305,1.204665,23.188892,25.411488
IR_57501.jpg,2025-04-23 14:55:32,Screen,341.65142822265625,276.57940673828125,472.58734130859375,376.24908447265625,11.374156,4.114005,21.778395,26.100000
IR_57501.jpg,2025-04-23 14:55:32,Cableduct,576.70068359375,34.96527099609375,621.9326171875,59.48114013671875,10.206064,5.187273,22.100945,26.100000
IR_57501.jpg,2025-04-23 14:55:32,Machine,106.63409423828125,174.8018798828125,144.39321899414062,274.01409912109375,6.650079,0.446592,23.039787,25.523499
IR_57501.jpg,2025-04-23 14:55:32,Cableduct,528.1583251953125,39.55150604248047,566.0111083984375,62.17162322998047,8.569782,4.871135,21.986115,25.739687
IR_57501.jpg,2025-04-23 14:55:32,Cableduct,219.53721618652344,1.4025764465332031,313.7318115234375,50.03776168823242,11.041294,3.253017,21.107885,26.100000
IR_57501.jpg,2025-04-23 14:55:32,Cableduct,320.999267578125,14.984195709228516,359.39697265625,42.30821990966797,7.316240,3.356316,21.501501,26.100000
IR_57501.jpg,2025-04-23 14:55:32,Screen,613.98681640625,278.0219421386719,639.669921875,371.9222717285156,11.111496,4.903659,21.067837,25.721670
IR_57501.jpg,2025-04-23 14:55:32,Machine,482.4981994628906,101.4564208984375,577.9161376953125,202.62149047851562,6.223875,5.121408,21.467724,26.100000
IR_57501.jpg,2025-04-23 14:55:32,Machine,194.77645874023438,102.83074951171875,222.62554931640625,134.05650329589844,0.743295,0.505218,21.777180,24.190340
IR_57501.jpg,2025-04-23 14:55:32,Machine,478.7474365234375,133.992431640625,561.628173828125,217.778564453125,4.514823,5.381153,21.506727,26.100000
IR_57501.jpg,2025-04-23 14:55:32,Person,120.64849853515625,128.42242431640625,188.95849609375,256.28546142578125,5.326004,1.261817,23.223783,26.100000
IR_57502.jpg,2025-04-23 14:56:02,Screen,340.6205139160156,275.87432861328125,473.7568054199219,376.96453857421875,11.482624,4.117730,21.803644,26.000000
IR_57502.jpg,2025-04-23 14:56:02,Cableduct,219.6280517578125,1.6140861511230469,315.0054931640625,51.75440216064453,11.162697,3.288795,21.172598,26.000000
IR_57502.jpg,2025-04-23 14:56:02,Cableduct,577.1556396484375,34.918418884277344,622.3389892578125,58.640235900878906,10.186473,5.184210,22.241821,26.000000
IR_57502.jpg,2025-04-23 14:56:02,Cableduct,322.4135437011719,14.874908447265625,359.4116516113281,42.430809020996094,7.393474,3.375188,21.616249,26.000000
IR_57502.jpg,2025-04-23 14:56:02,Cableduct,429.6102600097656,34.86513900756836,462.5185852050781,57.47417068481445,7.602430,4.552703,21.837860,26.000000
IR_57502.jpg,2025-04-23 14:56:02,Cableduct,528.4444580078125,39.56036376953125,566.3546142578125,62.05516052246094,8.571341,4.872040,22.049038,25.733681
IR_57502.jpg,2025-04-23 14:56:02,Machine,101.9285888671875,178.40298461914062,143.12014770507812,273.7935485839844,6.896257,0.450298,23.096645,25.733681
IR_57502.jpg,2025-04-23 14:56:02,Machine,479.1327209472656,132.04798889160156,562.6292724609375,217.86351013183594,4.608156,5.358982,21.609491,26.000000
IR_57502.jpg,2025-04-23 14:56:02,Machine,482.67022705078125,103.79916381835938,579.2162475585938,203.71978759765625,6.146866,5.163648,21.564301,26.000000
IR_57502.jpg,2025-04-23 14:56:02,Screen,612.1326293945312,275.21929931640625,639.6655883789062,372.52337646484375,11.127546,4.881348,21.168207,25.662663
IR_57502.jpg,2025-04-23 14:56:02,Person,120.91337585449219,142.2562255859375,183.1716766357422,254.73544311523438,5.418622,1.257207,23.422903,26.000000
IR_57502.jpg,2025-04-23 14:56:02,Machine,194.53875732421875,102.21717834472656,224.1082763671875,134.6112823486328,0.778572,0.516202,21.792410,25.591644
IR_57503.jpg,2025-04-23 14:56:32,Screen,343.1566162109375,276.239501953125,472.544677734375,377.7640380859375,11.257783,4.104096,22.743017,30.000000
IR_57503.jpg,2025-04-23 14:56:32,Machine,109.18244934082031,174.6214599609375,146.22772216796875,275.15484619140625,6.620975,0.479123,23.722679,26.052219
IR_57503.jpg,2025-04-23 14:56:32,Cableduct,320.43408203125,15.477317810058594,359.0428466796875,43.27154541015625,7.302462,3.352664,22.267090,30.000000
IR_57503.jpg,2025-04-23 14:56:32,Cableduct,573.47998046875,34.382537841796875,622.896240234375,60.762229919433594,10.110607,5.168178,22.849838,30.000000
IR_57503.jpg,2025-04-23 14:56:32,Cableduct,527.3819580078125,38.632877349853516,567.50634765625,63.549129486083984,8.651754,4.884298,22.964729,27.010965
IR_57503.jpg,2025-04-23 14:56:32,Cableduct,219.57708740234375,1.3423423767089844,315.89483642578125,49.06560516357422,11.398058,3.321169,21.945013,26.785379
IR_57503.jpg,2025-04-23 14:56:32,Machine,484.8470458984375,102.22636413574219,577.4327392578125,202.31739807128906,6.149019,5.110866,22.562197,30.000000
IR_57503.jpg,2025-04-23 14:56:32,Machine,478.8085632324219,132.93328857421875,561.52685546875,216.50790405273438,4.534296,5.377452,22.647144,30.000000
IR_57503.jpg,2025-04-23 14:56:32,Person,577.8414306640625,286.4864807128906,639.4970703125,478.4930725097656,11.280067,5.358035,23.420630,29.097651
IR_57503.jpg,2025-04-23 14:56:32,Person,587.30419921875,340.95147705078125,640.0,479.72027587890625,11.597481,5.398505,24.560038,29.097651
IR_57503.jpg,2025-04-23 14:56:32,Person,576.8260498046875,367.87115478515625,639.9342041015625,479.06439208984375,11.782036,5.359669,24.390182,28.251698
IR_57503.jpg,2025-04-23 14:56:32,Person,566.4876708984375,214.3514404296875,639.8076171875,478.71466064453125,10.806919,5.295241,22.704208,30.000000
IR_57503.jpg,2025-04-23 14:56:32,Machine,194.39108276367188,102.64173889160156,224.99942016601562,133.4801483154297,0.888522,0.532397,22.795158,24.755091
IR_57504.jpg,2025-04-23 14:57:02,Screen,340.5544128417969,276.6499938964844,472.9402160644531,376.0923767089844,11.467506,4.117800,21.735680,25.799999
IR_57504.jpg,2025-04-23 14:57:02,Cableduct,528.2902221679688,38.68263244628906,568.0608520507812,61.34297180175781,8.579364,4.871626,22.007511,25.524282
IR_57504.jpg,2025-04-23 14:57:02,Cableduct,576.6055908203125,35.68317413330078,622.0902099609375,58.00708770751953,10.065504,5.166612,22.253464,25.799999
IR_57504.jpg,2025-04-23 14:57:02,Cableduct,214.27212524414062,1.8860054016113281,316.3061218261719,52.845069885253906,12.034838,3.388705,21.135059,25.799999
IR_57504.jpg,2025-04-23 14:57:02,Cableduct,322.5509033203125,14.241194725036621,358.105712890625,42.566612243652344,7.503304,3.397604,21.687002,25.799999
IR_57504.jpg,2025-04-23 14:57:02,Cableduct,430.0803527832031,35.359046936035156,462.8776550292969,56.556480407714844,7.512695,4.537198,21.933657,25.799999
IR_57504.jpg,2025-04-23 14:57:02,Machine,484.81512451171875,101.70497131347656,577.7804565429688,201.2606658935547,6.178995,5.111130,21.562939,25.799999
IR_57504.jpg,2025-04-23 14:57:02,Machine,100.09786987304688,178.76443481445312,142.78231811523438,275.9742431640625,7.000200,0.451385,22.761299,25.265797
IR_57504.jpg,2025-04-23 14:57:02,Machine,478.20208740234375,132.25811767578125,564.6013793945312,217.74920654296875,4.626857,5.377663,21.596342,25.799999
IR_57504.jpg,2025-04-23 14:57:02,Person,143.89431762695312,98.94049072265625,214.34622192382812,265.26446533203125,5.093968,1.356325,22.357452,25.799999
IR_57504.jpg,2025-04-23 14:57:02,Screen,611.7860107421875,275.24139404296875,639.8978271484375,377.24542236328125,11.309055,4.812843,21.177523,25.593212
IR_57504.jpg,2025-04-23 14:57:02,Person,134.40499877929688,93.0794677734375,191.27606201171875,265.78424072265625,5.066727,1.278645,22.873926,25.799999
IR_57505.jpg,2025-04-23 14:57:32,Screen,338.70794677734375,275.6446533203125,472.7431640625,377.2650146484375,11.531300,4.107655,21.870903,26.600000
IR_57505.jpg,2025-04-23 14:57:32,Cableduct,429.6998291015625,33.72292709350586,461.59503173828125,57.267635345458984,7.761638,4.581003,22.085339,26.600000
IR_57505.jpg,2025-04-23 14:57:32,Cableduct,576.4127197265625,34.373626708984375,623.4090576171875,60.216651916503906,10.250362,5.195482,22.202082,26.600000
IR_57505.jpg,2025-04-23 14:57:32,Cableduct,528.9849853515625,38.25028991699219,568.2615966796875,62.46559143066406,8.702449,4.892524,22.172592,26.001045
IR_57505.jpg,2025-04-23 14:57:32,Cableduct,215.97947692871094,1.5474395751953125,315.5140380859375,51.98772430419922,11.719650,3.349468,21.310392,26.059008
IR_57505.jpg,2025-04-23 14:57:32,Cableduct,321.71551513671875,14.466552734375,358.628662109375,43.15113830566406,7.470178,3.395391,21.798475,26.600000
IR_57505.jpg,2025-04-23 14:57:32,Screen,612.7315673828125,277.0930480957031,639.6915283203125,374.1487121582031,11.174608,4.870290,21.235304,25.904438
IR_57505.jpg,2025-04-23 14:57:32,Machine,107.77458190917969,177.27645874023438,144.19577026367188,273.72735595703125,6.656634,0.448765,23.330265,25.923759
IR_57505.jpg,2025-04-23 14:57:32,Machine,478.7498779296875,131.7950439453125,563.634765625,218.76904296875,4.648428,5.350232,21.807322,26.464752
IR_57505.jpg,2025-04-23 14:57:32,Machine,482.7416076660156,102.83910369873047,577.0443115234375,204.97662353515625,6.136879,5.119224,21.750240,26.600000
IR_57505.jpg,2025-04-23 14:57:32,Person,116.01701354980469,133.94595336914062,187.3773956298828,263.13153076171875,5.594985,1.259172,23.484903,26.600000
IR_57505.jpg,2025-04-23 14:57:32,Person,109.43209838867188,174.69131469726562,147.8887939453125,270.4448547363281,6.206052,1.200880,23.472313,25.923759
IR_57505.jpg,2025-04-23 14:57:32,Machine,194.5482940673828,102.28907775878906,223.8956756591797,133.8579559326172,0.794156,0.516872,21.946844,24.397388
IR_57506.jpg,2025-04-23 14:58:03,Screen,338.0126953125,274.935546875,472.5322265625,377.48095703125,11.536847,4.102608,21.785885,26.600000
IR_57506.jpg,2025-04-23 14:58:03,Cableduct,429.68780517578125,33.557289123535156,461.80303955078125,58.11815643310547,7.809108,4.590639,21.954079,26.600000
IR_57506.jpg,2025-04-23 14:58:03,Cableduct,577.19384765625,34.87492370605469,622.11328125,58.62152862548828,10.195309,5.184995,22.227507,26.600000
IR_57506.jpg,2025-04-23 14:58:03,Cableduct,220.33184814453125,1.32745361328125,316.47735595703125,50.32011413574219,11.344146,3.331362,21.217896,26.051697
IR_57506.jpg,2025-04-23 14:58:03,Cableduct,527.7435913085938,39.09419250488281,566.7420043945312,62.297523498535156,8.583583,4.872592,22.104733,26.071280
IR_57506.jpg,2025-04-23 14:58:03,Screen,612.6968994140625,276.41064453125,639.6824951171875,371.953857421875,11.096484,4.898707,21.037930,25.836292
IR_57506.jpg,2025-04-23 14:58:03,Cableduct,322.0517272949219,14.75854206085205,357.8163757324219,43.9620475769043,7.514846,3.402497,21.762154,26.600000
IR_57506.jpg,2025-04-23 14:58:03,Machine,482.945556640625,104.07521057128906,577.888427734375,201.19154357910156,6.070484,5.159889,21.662077,26.541254
IR_57506.jpg,2025-04-23 14:58:03,Machine,98.33714294433594,174.5947265625,143.55001831054688,274.12603759765625,6.913288,0.445767,22.967730,25.836292
IR_57506.jpg,2025-04-23 14:58:03,Machine,194.07225036621094,101.05947875976562,225.0971221923828,134.84661865234375,0.784400,0.520975,21.821304,24.367624
IR_57506.jpg,2025-04-23 14:58:03,Person,117.84100341796875,129.31549072265625,189.30972290039062,262.59246826171875,5.516805,1.262966,23.420668,26.600000
IR_57506.jpg,2025-04-23 14:58:03,Machine,478.7532653808594,133.0985107421875,562.4320068359375,217.7060546875,4.558002,5.376953,21.714609,26.541254
IR_57506.jpg,2025-04-23 14:58:03,Person,103.24560546875,172.18826293945312,154.22750854492188,271.376953125,6.292512,1.204277,23.311789,25.953787
IR_57507.jpg,2025-04-23 14:58:32,Screen,339.88818359375,275.25726318359375,472.60009765625,376.65606689453125,11.437990,4.106696,21.802620,26.799999
IR_57507.jpg,2025-04-23 14:58:32,Cableduct,576.1075439453125,34.10879898071289,622.4610595703125,59.669002532958984,10.254604,5.194116,22.122114,26.799999
IR_57507.jpg,2025-04-23 14:58:32,Cableduct,429.21435546875,33.959922790527344,461.3223876953125,58.895973205566406,7.818625,4.595151,21.935101,26.799999
IR_57507.jpg,2025-04-23 14:58:32,Screen,611.40185546875,278.4691162109375,639.517333984375,368.581787109375,10.911671,4.980036,21.120516,26.799999
IR_57507.jpg,2025-04-23 14:58:32,Cableduct,217.55430603027344,1.3900680541992188,312.388427734375,51.2896728515625,11.059826,3.235187,21.243639,26.739687
IR_57507.jpg,2025-04-23 14:58:32,Cableduct,528.141357421875,39.67146301269531,566.0576171875,61.77264404296875,8.538361,4.865982,22.111677,26.156658
IR_57507.jpg,2025-04-23 14:58:32,Cableduct,319.42657470703125,15.50558090209961,360.10565185546875,43.91326141357422,7.281942,3.365175,21.606915,26.799999
IR_57507.jpg,2025-04-23 14:58:32,Machine,481.328369140625,104.28436279296875,578.6480712890625,203.97695922851562,6.119257,5.178435,21.553885,26.799999
IR_57507.jpg,2025-04-23 14:58:32,Machine,98.98345947265625,175.63763427734375,144.36099243164062,274.34246826171875,6.930071,0.454062,23.041689,26.357702
IR_57507.jpg,2025-04-23 14:58:32,Person,119.33966064453125,128.17236328125,189.791015625,265.5190734863281,5.558716,1.267659,23.627073,26.799999
IR_57507.jpg,2025-04-23 14:58:32,Machine,194.59536743164062,101.74296569824219,224.841064453125,134.69815063476562,0.779944,0.520395,21.859552,24.387466
IR_57507.jpg,2025-04-23 14:58:32,Machine,477.37799072265625,132.94357299804688,563.5823364257812,216.90457153320312,4.567911,5.390060,21.623350,26.739687
IR_57507.jpg,2025-04-23 14:58:32,Person,146.37100219726562,110.91427612304688,205.05874633789062,266.5334777832031,5.153840,1.338718,22.661028,26.799999
IR_57508.jpg,2025-04-23 14:59:02,Screen,340.48516845703125,276.04071044921875,472.79840087890625,376.74285888671875,11.438697,4.110111,21.789366,26.200001
IR_57508.jpg,2025-04-23 14:59:02,Cableduct,528.6707763671875,38.468994140625,568.7113037109375,63.069496154785156,8.686678,4.891898,21.886505,25.718016
IR_57508.jpg,2025-04-23 14:59:02,Cableduct,215.1365966796875,1.5255203247070312,315.0723876953125,51.6915397644043,11.775123,3.345879,21.209473,26.144386
IR_57508.jpg,2025-04-23 14:59:02,Cableduct,577.07080078125,35.03643798828125,621.9638671875,59.648094177246094,10.224694,5.190367,22.160854,26.200001
IR_57508.jpg,2025-04-23 14:59:02,Screen,611.3272705078125,279.2882080078125,639.5142822265625,367.5933837890625,10.869131,5.003583,21.133081,26.200001
IR_57508.jpg,2025-04-23 14:59:02,Machine,99.33740234375,176.11215209960938,144.1173095703125,274.7955627441406,6.938312,0.452845,22.936792,25.718016
IR_57508.jpg,2025-04-23 14:59:02,Cableduct,318.8514404296875,14.433406829833984,359.2451171875,44.52879333496094,7.429599,3.399118,21.557348,26.200001
IR_57508.jpg,2025-04-23 14:59:02,Cableduct,429.33026123046875,34.77439880371094,463.24285888671875,58.968101501464844,7.626587,4.555255,21.779642,26.200001
IR_57508.jpg,2025-04-23 14:59:02,Machine,479.1546630859375,133.73574829101562,563.4244384765625,218.43954467773438,4.557725,5.382798,21.530544,26.200001
IR_57508.jpg,2025-04-23 14:59:02,Machine,482.7816162109375,106.71014404296875,579.8145751953125,203.88742065429688,5.996676,5.216320,21.469875,26.200001
IR_57508.jpg,2025-04-23 14:59:02,Person,106.44345092773438,174.2513427734375,148.87477111816406,272.0702209472656,6.279741,1.199530,23.174692,25.718016
IR_57508.jpg,2025-04-23 14:59:02,Machine,194.31057739257812,101.64216613769531,225.22055053710938,134.54620361328125,0.816098,0.525583,21.804329,24.179373
IR_57508.jpg,2025-04-23 14:59:02,Person,115.8780288696289,126.57269287109375,189.93356323242188,266.7232360839844,5.608934,1.262193,23.223139,26.200001
IR_57509.jpg,2025-04-23 14:59:33,Screen,340.1257019042969,275.7635803222656,473.6407775878906,377.2516174316406,11.501214,4.114779,21.736855,26.200001
IR_57509.jpg,2025-04-23 14:59:33,Cableduct,574.7122802734375,34.22804260253906,622.9027099609375,59.748138427734375,10.153494,5.176508,21.998657,26.200001
IR_57509.jpg,2025-04-23 14:59:33,Machine,103.54046630859375,173.69430541992188,145.2146759033203,276.2707824707031,6.783001,0.459488,22.829330,25.625326
IR_57509.jpg,2025-04-23 14:59:33,Screen,611.1612548828125,275.86859130859375,639.6146240234375,368.5267333984375,10.934187,4.959265,21.176363,26.200001
IR_57509.jpg,2025-04-23 14:59:33,Cableduct,214.75711059570312,1.4938240051269531,316.4797668457031,53.53363037109375,11.978422,3.396046,21.204161,25.680941
IR_57509.jpg,2025-04-23 14:59:33,Machine,479.4440612792969,132.11276245117188,562.395263671875,220.20199584960938,4.650188,5.313705,21.686186,26.200001
IR_57509.jpg,2025-04-23 14:59:33,Cableduct,529.1002197265625,38.69451904296875,568.9429931640625,62.136383056640625,8.639256,4.884507,21.926004,26.200001
IR_57509.jpg,2025-04-23 14:59:33,Cableduct,318.7672119140625,14.160961151123047,359.672607421875,43.603675842285156,7.397274,3.397233,21.579042,26.200001
IR_57509.jpg,2025-04-23 14:59:33,Person,164.64053344726562,105.72051239013672,232.90225219726562,259.07244873046875,4.874561,1.446667,22.658201,26.200001
IR_57509.jpg,2025-04-23 14:59:33,Cableduct,429.1962890625,34.963478088378906,463.12835693359375,58.04430389404297,7.557036,4.539475,21.738478,26.200001
IR_57510.jpg,2025-04-23 15:00:02,Screen,339.86163330078125,275.61358642578125,472.60931396484375,374.97796630859375,11.462578,4.120513,21.833530,26.299999
IR_57510.jpg,2025-04-23 15:00:02,Screen,611.1434326171875,278.49908447265625,639.5367431640625,367.62103271484375,10.873914,4.997477,21.180561,26.299999
IR_57510.jpg,2025-04-23 15:00:02,Cableduct,575.078125,33.71106719970703,623.407470703125,58.771949768066406,10.162788,5.176622,22.084717,26.299999
IR_57510.jpg,2025-04-23 15:00:02,Machine,109.21476745605469,173.6083984375,145.0946807861328,275.501220703125,6.623158,0.496147,23.037575,25.725327
IR_57510.jpg,2025-04-23 15:00:02,Machine,479.88262939453125,133.93618774414062,562.3742065429688,220.82827758789062,4.592322,5.326470,21.845339,26.299999
IR_57510.jpg,2025-04-23 15:00:02,Cableduct,319.6802062988281,13.192981719970703,359.0841979980469,43.535770416259766,7.548724,3.429801,21.612780,26.299999
IR_57510.jpg,2025-04-23 15:00:02,Cableduct,528.7335205078125,39.817970275878906,567.2069091796875,61.91124725341797,8.539433,4.869103,22.046709,26.299999
IR_57510.jpg,2025-04-23 15:00:02,Person,165.84381103515625,108.85709381103516,231.86349487304688,257.6879577636719,4.855560,1.446410,22.570671,26.299999
IR_57510.jpg,2025-04-23 15:00:02,Cableduct,215.96868896484375,1.2466926574707031,314.81884765625,52.67226791381836,11.596282,3.333695,21.286261,26.299999
IR_57510.jpg,2025-04-23 15:00:02,Cableduct,429.89202880859375,36.069969177246094,461.45892333984375,58.34680938720703,7.635382,4.579944,21.955961,26.299999
IR_57510.jpg,2025-04-23 15:00:02,Person,151.79501342773438,109.1903076171875,218.45834350585938,257.51031494140625,4.921556,1.375196,23.096695,26.299999
IR_57511.jpg,2025-04-23 15:00:32,Screen,340.00250244140625,275.6512451171875,473.58990478515625,374.947998046875,11.516619,4.132384,21.533783,25.200001
IR_57511.jpg,2025-04-23 15:00:32,Machine,479.94342041015625,130.47607421875,563.1039428710938,218.82452392578125,4.700585,5.317389,21.486225,25.200001
IR_57511.jpg,2025-04-23 15:00:32,Cableduct,215.7758026123047,1.5936927795410156,316.53448486328125,51.7684326171875,11.908689,3.382978,21.014095,25.200001
IR_57511.jpg,2025-04-23 15:00:32,Cableduct,574.372802734375,34.82245635986328,621.78515625,59.23816680908203,10.090993,5.168200,21.791033,25.200001
IR_57511.jpg,2025-04-23 15:00:32,Machine,106.98146057128906,173.63870239257812,145.9622344970703,274.4077453613281,6.642446,0.460649,22.522434,24.562923
IR_57511.jpg,2025-04-23 15:00:32,Cableduct,321.10498046875,15.20944595336914,360.3173828125,43.394630432128906,7.345112,3.373537,21.449162,25.200001
IR_57511.jpg,2025-04-23 15:00:32,Screen,612.7540283203125,279.0,639.5501708984375,367.52020263671875,10.914758,4.989635,21.004446,25.200001
IR_57511.jpg,2025-04-23 15:00:32,Cableduct,528.6801147460938,38.68376541137695,568.5324096679688,62.23233413696289,8.631504,4.882337,21.614693,25.200001
IR_57511.jpg,2025-04-23 15:00:32,Person,340.7486572265625,121.01419067382812,383.71917724609375,235.08868408203125,4.370106,2.784678,21.927952,25.200001
IR_57512.jpg,2025-04-23 15:01:02,Screen,340.3321533203125,275.974853515625,472.22686767578125,373.14642333984375,11.432453,4.130453,21.820293,26.500000
IR_57512.jpg,2025-04-23 15:01:02,Screen,613.767822265625,276.5506591796875,639.531982421875,368.0020751953125,10.992052,4.948616,21.084539,26.500000
IR_57512.jpg,2025-04-23 15:01:02,Machine,108.75074768066406,173.49847412109375,144.03831481933594,275.32281494140625,6.625958,0.492965,22.962219,25.909138
IR_57512.jpg,2025-04-23 15:01:02,Machine,479.8735046386719,130.9181365966797,561.97607421875,219.6248321533203,4.695203,5.297753,21.798134,26.500000
IR_57512.jpg,2025-04-23 15:01:02,Cableduct,574.3658447265625,33.879302978515625,623.2044677734375,58.87171936035156,10.115486,5.168513,21.953781,26.500000
IR_57512.jpg,2025-04-23 15:01:02,Cableduct,530.2180786132812,39.097869873046875,566.5192260742188,61.529945373535156,8.674245,4.888344,22.001154,26.500000
IR_57512.jpg,2025-04-23 15:01:02,Person,159.25320434570312,123.73019409179688,232.01004028320312,269.2401123046875,5.408319,1.472972,22.673582,26.500000
IR_57512.jpg,2025-04-23 15:01:02,Cableduct,319.2215270996094,15.380817413330078,368.7240295410156,44.79214859008789,7.427176,3.507653,21.422590,26.500000
IR_57512.jpg,2025-04-23 15:01:02,Cableduct,431.00469970703125,35.86505889892578,460.38006591796875,54.579002380371094,7.590749,4.571454,22.652380,26.500000
IR_57512.jpg,2025-04-23 15:01:02,Cableduct,216.77792358398438,0.9424896240234375,312.1175842285156,49.2445068359375,11.196253,3.243316,21.260542,26.500000
IR_57513.jpg,2025-04-23 15:01:33,Screen,340.8353271484375,276.1637268066406,473.46240234375,371.1454162597656,11.496996,4.160587,21.699923,25.799999
IR_57513.jpg,2025-04-23 15:01:33,Screen,611.6151123046875,276.83428955078125,639.7041015625,368.24859619140625,10.926855,4.970696,20.897724,25.799999
IR_57513.jpg,2025-04-23 15:01:33,Cableduct,219.97171020507812,1.4332542419433594,313.4711608886719,50.07877731323242,10.941967,3.239114,21.115629,25.799999
IR_57513.jpg,2025-04-23 15:01:33,Machine,480.0437316894531,132.75253295898438,563.08203125,219.31790161132812,4.612787,5.344363,21.599869,25.799999
IR_57513.jpg,2025-04-23 15:01:33,Cableduct,430.937255859375,36.860511779785156,461.0545654296875,56.208656311035156,7.540940,4.570646,22.326162,25.799999
IR_57513.jpg,2025-04-23 15:01:33,Cableduct,320.86163330078125,16.117904663085938,361.05157470703125,43.757076263427734,7.243111,3.355089,21.513725,25.799999
IR_57513.jpg,2025-04-23 15:01:33,Cableduct,528.5628051757812,39.443023681640625,568.2710571289062,62.24445343017578,8.561287,4.873153,21.762247,25.799999
IR_57513.jpg,2025-04-23 15:01:33,Cableduct,575.3910522460938,33.60002899169922,623.5142211914062,59.212379455566406,10.207451,5.183845,21.808783,25.799999
IR_57513.jpg,2025-04-23 15:01:33,Machine,98.18650817871094,178.14126586914062,150.86285400390625,273.9928894042969,7.283941,0.516193,23.016113,25.731070
IR_57514.jpg,2025-04-23 15:02:02,Screen,340.979736328125,276.32940673828125,472.1490478515625,375.00238037109375,11.387924,4.117371,21.610327,26.000000
IR_57514.jpg,2025-04-23 15:02:02,Cableduct,219.06674194335938,1.4620780944824219,315.1075744628906,48.06325149536133,11.378496,3.299797,21.007933,26.000000
IR_57514.jpg,2025-04-23 15:02:02,Cableduct,321.8045654296875,14.600257873535156,363.2198486328125,43.002403259277344,7.371738,3.410275,21.550924,26.000000
IR_57514.jpg,2025-04-23 15:02:02,Machine,479.65606689453125,129.9627685546875,562.5892944335938,217.13958740234375,4.685077,5.334908,21.407539,26.000000
IR_57514.jpg,2025-04-23 15:02:02,Cableduct,528.6705322265625,39.82080841064453,567.4891357421875,62.45916748046875,8.556463,4.872957,21.717583,26.000000
IR_57514.jpg,2025-04-23 15:02:02,Screen,610.300048828125,269.211181640625,639.7982177734375,372.52740478515625,11.200414,4.834951,20.804871,25.423498
IR_57514.jpg,2025-04-23 15:02:02,Cableduct,577.447509765625,33.81298828125,623.191162109375,60.153846740722656,10.356083,5.210401,21.793932,26.000000
IR_57514.jpg,2025-04-23 15:02:02,Cableduct,430.7596435546875,35.77227020263672,461.08154296875,55.701515197753906,7.595269,4.569942,22.266790,26.000000
IR_57514.jpg,2025-04-23 15:02:02,Screen,610.9078979492188,243.50393676757812,639.9686889648438,356.4139099121094,11.257050,4.895423,20.565445,26.000000
IR_57515.jpg,2025-04-23 15:02:32,Screen,341.2906494140625,275.22808837890625,472.7557373046875,376.28460693359375,11.361848,4.112605,21.823767,26.700001
IR_57515.jpg,2025-04-23 15:02:32,Screen,610.4613037109375,271.6067810058594,639.7491455078125,375.5082702636719,11.274267,4.810601,21.033432,25.975456
IR_57515.jpg,2025-04-23 15:02:32,Machine,479.1431884765625,130.21212768554688,563.1134033203125,219.03720092773438,4.714009,5.312584,21.533457,26.700001
IR_57515.jpg,2025-04-23 15:02:32,Cableduct,573.6949462890625,31.987289428710938,623.33447265625,60.66529083251953,10.310503,5.190958,21.834068,26.700001
IR_57515.jpg,2025-04-23 15:02:32,Cableduct,530.188232421875,38.968833923339844,567.30517578125,62.005401611328125,8.692298,4.892567,21.886745,26.700001
IR_57515.jpg,2025-04-23 15:02:32,Cableduct,430.7702331542969,35.879249572753906,460.6890563964844,54.91999053955078,7.569470,4.565471,22.613659,26.700001
IR_57515.jpg,2025-04-23 15:02:32,Cableduct,320.7813415527344,15.758918762207031,364.6661071777344,44.572933197021484,7.287360,3.418046,21.728968,26.700001
IR_57515.jpg,2025-04-23 15:02:32,Machine,97.99702453613281,179.2686767578125,138.88780212402344,274.89306640625,7.028973,0.433647,22.857109,26.230026
IR_57515.jpg,2025-04-23 15:02:32,Person,143.41168212890625,110.36068725585938,212.660400390625,263.928955078125,5.147779,1.351129,22.782141,26.700001
IR_57515.jpg,2025-04-23 15:02:32,Screen,610.2164916992188,241.7869873046875,639.7398071289062,363.3809814453125,11.646091,4.830966,20.841867,26.700001
IR_57515.jpg,2025-04-23 15:02:32,Person,135.58560180664062,105.11581420898438,197.37359619140625,265.2791442871094,5.158030,1.297115,23.218105,26.700001
IR_57515.jpg,2025-04-23 15:02:32,Cableduct,214.86172485351562,1.1687583923339844,315.5295715332031,49.259796142578125,11.967124,3.369044,21.151304,26.700001
IR_57516.jpg,2025-04-23 15:03:03,Screen,340.9853515625,275.19805908203125,471.8709716796875,374.44580078125,11.336166,4.116709,21.776854,26.799999
IR_57516.jpg,2025-04-23 15:03:03,Machine,479.7666015625,129.84527587890625,562.6925048828125,218.00634765625,4.709018,5.318099,21.964544,26.799999
IR_57516.jpg,2025-04-23 15:03:03,Screen,610.8756103515625,267.77508544921875,639.8087158203125,372.8970947265625,11.280703,4.806546,20.902597,26.799999
IR_57516.jpg,2025-04-23 15:03:03,Cableduct,576.3621215820312,34.016605377197266,622.6519165039062,60.3777961730957,10.304733,5.202415,21.908585,26.799999
IR_57516.jpg,2025-04-23 15:03:03,Machine,109.63043212890625,174.25601196289062,144.5037841796875,272.8277587890625,6.536417,0.459773,23.149275,26.317493
IR_57516.jpg,2025-04-23 15:03:03,Cableduct,322.1410217285156,15.850215911865234,361.6931457519531,43.88690185546875,7.319539,3.374112,21.624805,26.799999
IR_57516.jpg,2025-04-23 15:03:03,Cableduct,528.832763671875,38.86307907104492,568.306396484375,61.8309440612793,8.607992,4.878439,21.824009,26.799999
IR_57516.jpg,2025-04-23 15:03:03,Cableduct,209.24884033203125,1.1654129028320312,311.585205078125,48.31407928466797,12.147856,3.311436,21.061583,26.799999
IR_57516.jpg,2025-04-23 15:03:03,Person,144.0956268310547,116.38809204101562,209.82249450683594,265.4069519042969,5.224962,1.349134,22.743862,26.799999
IR_57517.jpg,2025-04-23 15:03:32,Screen,342.1260681152344,275.504150390625,473.6537170410156,374.75921630859375,11.383766,4.133780,21.409279,24.500000
IR_57517.jpg,2025-04-23 15:03:32,Screen,611.0018310546875,277.1278076171875,639.6690673828125,370.769287109375,10.980698,4.940636,20.676481,24.401306
IR_57517.jpg,2025-04-23 15:03:32,Machine,479.920654296875,132.42758178710938,563.0531005859375,217.06661987304688,4.585393,5.373678,21.514917,24.500000
IR_57517.jpg,2025-04-23 15:03:32,Cableduct,216.4815673828125,1.0261192321777344,315.01068115234375,49.763946533203125,11.657120,3.336400,20.795309,24.500000
IR_57517.jpg,2025-04-23 15:03:32,Cableduct,573.839599609375,33.190521240234375,622.11279296875,59.419471740722656,10.196198,5.177625,21.582285,24.500000
IR_57517.jpg,2025-04-23 15:03:32,Cableduct,528.9017333984375,38.705238342285156,568.4283447265625,62.79553985595703,8.668840,4.889283,21.469040,24.500000
IR_57517.jpg,2025-04-23 15:03:32,Machine,106.38606262207031,174.9365234375,145.90162658691406,276.0663757324219,6.718498,0.466229,22.248308,24.457703
IR_57517.jpg,2025-04-23 15:03:32,Cableduct,429.7508239746094,35.701454162597656,463.3301086425781,59.20465850830078,7.578691,4.556458,21.434055,24.500000
IR_57517.jpg,2025-04-23 15:03:32,Cableduct,319.7078552246094,15.512550354003906,360.5157775878906,44.29050064086914,7.307818,3.374678,21.239622,24.500000
IR_57517.jpg,2025-04-23 15:03:32,Machine,485.0467834472656,108.30101776123047,576.5372314453125,205.97894287109375,5.813177,5.161017,21.538111,24.500000
IR_57518.jpg,2025-04-23 15:04:02,Screen,341.54193115234375,275.6555480957031,472.60443115234375,376.0982971191406,11.352229,4.113522,21.582619,26.100000
IR_57518.jpg,2025-04-23 15:04:02,Screen,610.489013671875,275.67474365234375,639.8521728515625,373.82940673828125,11.091661,4.886720,20.781523,25.496866
IR_57518.jpg,2025-04-23 15:04:02,Machine,99.94076538085938,173.53436279296875,143.4130859375,275.06866455078125,6.853519,0.441225,22.427818,25.588251
IR_57518.jpg,2025-04-23 15:04:02,Person,157.69686889648438,115.66747283935547,229.36349487304688,271.0301513671875,5.355545,1.453508,22.208307,26.100000
IR_57518.jpg,2025-04-23 15:04:02,Cableduct,321.9832763671875,14.728424072265625,364.09912109375,44.082763671875,7.414468,3.430003,21.363451,26.100000
IR_57518.jpg,2025-04-23 15:04:02,Machine,480.04766845703125,128.61920166015625,562.8816528320312,219.32000732421875,4.794289,5.274761,21.521088,26.100000
IR_57518.jpg,2025-04-23 15:04:02,Cableduct,528.3809204101562,38.9788818359375,567.0908813476562,62.301055908203125,8.619502,4.879138,21.605505,26.100000
IR_57518.jpg,2025-04-23 15:04:02,Cableduct,574.9307861328125,34.26036071777344,624.189697265625,58.98309326171875,10.095016,5.167833,21.768250,26.100000
IR_57518.jpg,2025-04-23 15:04:02,Cableduct,430.3626708984375,35.69549560546875,461.96923828125,57.07745361328125,7.592752,4.565029,21.796942,26.100000
IR_57518.jpg,2025-04-23 15:04:02,Cableduct,210.1804656982422,1.3570175170898438,313.94903564453125,51.0144157409668,12.290159,3.372301,20.850519,26.100000
IR_57519.jpg,2025-04-23 15:04:33,Screen,341.25177001953125,276.6291198730469,472.43438720703125,375.5726013183594,11.395207,4.116930,22.321497,30.400000
IR_57519.jpg,2025-04-23 15:04:33,Person,11.92413330078125,191.994873046875,198.70387268066406,475.17779541015625,12.028455,1.553215,24.666298,30.400000
IR_57519.jpg,2025-04-23 15:04:33,Screen,612.3378295898438,277.3255615234375,639.6422729492188,367.35498046875,10.916851,4.981168,21.230844,30.400000
IR_57519.jpg,2025-04-23 15:04:33,Machine,479.2994079589844,133.38314819335938,560.7301025390625,218.52987670898438,4.557301,5.346210,21.875519,30.400000
IR_57519.jpg,2025-04-23 15:04:33,Machine,100.21273803710938,173.30593872070312,150.9491729736328,259.35235595703125,6.978377,0.445976,24.508511,30.400000
IR_57519.jpg,2025-04-23 15:04:33,Cableduct,218.05465698242188,1.1054649353027344,315.7510681152344,47.89812469482422,11.621294,3.338623,21.394007,30.400000
IR_57520.jpg,2025-04-23 15:05:02,Screen,343.223388671875,276.17706298828125,473.08319091796875,375.11212158203125,11.300697,4.128270,21.521450,24.500000
IR_57520.jpg,2025-04-23 15:05:02,Cableduct,217.23388671875,1.1139144897460938,316.10162353515625,49.939544677734375,11.715635,3.360176,20.855743,24.500000
IR_57520.jpg,2025-04-23 15:05:02,Cableduct,574.1492919921875,34.22181701660156,621.5828857421875,57.386474609375,10.052923,5.159353,21.824883,24.500000
IR_57520.jpg,2025-04-23 15:05:02,Screen,612.41748046875,277.16131591796875,639.636962890625,371.31427001953125,11.041367,4.919326,20.769180,24.458487
IR_57520.jpg,2025-04-23 15:05:02,Cableduct,321.0469055175781,15.025792121887207,358.7626647949219,41.74177932739258,7.289935,3.342403,21.390293,24.500000
IR_57520.jpg,2025-04-23 15:05:02,Machine,480.08392333984375,133.46173095703125,562.0676879882812,217.1920166015625,4.538266,5.378192,21.176245,24.500000
IR_57520.jpg,2025-04-23 15:05:02,Machine,103.67544555664062,174.60177612304688,146.94247436523438,274.9609069824219,6.788974,0.465834,22.188536,24.458487
IR_57520.jpg,2025-04-23 15:05:02,Cableduct,529.05029296875,39.65177917480469,566.745849609375,61.100189208984375,8.541014,4.867321,21.673954,24.458487
IR_57520.jpg,2025-04-23 15:05:02,Cableduct,429.9914855957031,36.309104919433594,462.4162902832031,56.74732208251953,7.464880,4.537720,21.516432,24.500000
IR_57520.jpg,2025-04-23 15:05:02,Machine,481.59344482421875,103.64956665039062,578.9428100585938,204.41854858398438,6.162963,5.167417,21.092894,24.500000
IR_57520.jpg,2025-04-23 15:05:02,Machine,196.77972412109375,104.90074157714844,221.56396484375,132.8925018310547,0.716487,0.501700,21.404610,23.711227
IR_57521.jpg,2025-04-23 15:05:32,Screen,341.91064453125,275.6015625,473.5111083984375,376.404052734375,11.381718,4.120527,21.568262,24.500000
IR_57521.jpg,2025-04-23 15:05:32,Cableduct,576.1947021484375,34.91851043701172,621.9176025390625,58.66026306152344,10.148151,5.177801,21.868916,24.500000
IR_57521.jpg,2025-04-23 15:05:32,Cableduct,216.63644409179688,0.9988632202148438,314.4461975097656,49.4163932800293,11.562629,3.317175,20.947832,24.500000
IR_57521.jpg,2025-04-23 15:05:32,Machine,480.0120544433594,133.14361572265625,561.5989990234375,218.06207275390625,4.568491,5.356387,21.251513,24.500000
IR_57521.jpg,2025-04-23 15:05:32,Machine,102.207763671875,173.751220703125,147.6355438232422,275.5736083984375,6.828207,0.477907,22.199087,24.458487
IR_57521.jpg,2025-04-23 15:05:32,Screen,614.2889404296875,275.0565185546875,639.8648681640625,374.1614990234375,11.295877,4.834018,20.907789,24.458487
IR_57521.jpg,2025-04-23 15:05:32,Cableduct,322.28179931640625,15.464405059814453,359.21539306640625,42.03407287597656,7.299783,3.345341,21.410355,24.500000
IR_57521.jpg,2025-04-23 15:05:32,Cableduct,529.0445556640625,39.608787536621094,567.0430908203125,61.139007568359375,8.540983,4.867644,21.713324,24.458487
IR_57521.jpg,2025-04-23 15:05:32,Cableduct,429.1607666015625,34.98192596435547,462.5789794921875,57.44062042236328,7.556905,4.540579,21.404791,24.500000
IR_57521.jpg,2025-04-23 15:05:32,Machine,194.90689086914062,103.90240478515625,223.34725952148438,133.44354248046875,0.847835,0.520484,21.389042,24.015665
IR_57522.jpg,2025-04-23 15:06:02,Screen,342.2388916015625,275.830810546875,474.4693603515625,375.208251953125,11.435292,4.139204,21.547443,24.500000
IR_57522.jpg,2025-04-23 15:06:02,Cableduct,573.6586303710938,34.0238151550293,622.8804321289062,58.11812973022461,10.036449,5.155247,21.727089,24.500000
IR_57522.jpg,2025-04-23 15:06:02,Screen,613.974609375,279.85455322265625,639.675537109375,371.10455322265625,11.049389,4.935811,20.840868,24.359007
IR_57522.jpg,2025-04-23 15:06:02,Cableduct,215.89218139648438,1.1633682250976562,310.7754211425781,50.11800765991211,11.078373,3.207952,20.887135,24.500000
IR_57522.jpg,2025-04-23 15:06:02,Machine,479.4241027832031,132.56964111328125,561.630126953125,217.98956298828125,4.584508,5.352272,21.241732,24.500000
IR_57522.jpg,2025-04-23 15:06:02,Cableduct,321.1181640625,15.018204689025879,359.2144775390625,42.718101501464844,7.345665,3.363934,21.359528,24.500000
IR_57522.jpg,2025-04-23 15:06:02,Machine,103.73068237304688,175.71041870117188,146.94149780273438,276.18829345703125,6.838933,0.471480,22.179152,24.457703
IR_57522.jpg,2025-04-23 15:06:02,Cableduct,428.896484375,33.819007873535156,461.8753662109375,57.28321075439453,7.682687,4.558168,21.326565,24.457703
IR_57522.jpg,2025-04-23 15:06:02,Cableduct,529.2470092773438,40.490909576416016,565.9039916992188,61.5573844909668,8.510654,4.864936,21.772165,24.443604
IR_57522.jpg,2025-04-23 15:06:02,Machine,196.080810546875,104.27642822265625,222.96240234375,133.3578643798828,0.773469,0.513406,21.377319,24.175718
IR_57522.jpg,2025-04-23 15:06:02,Machine,482.0515441894531,102.00758361816406,577.99072265625,203.6360321044922,6.208071,5.130011,21.197954,24.500000
IR_57523.jpg,2025-04-23 15:06:32,Screen,340.29156494140625,275.3882751464844,473.27532958984375,376.0262756347656,11.462782,4.118502,21.615465,24.600000
IR_57523.jpg,2025-04-23 15:06:32,Cableduct,214.42477416992188,1.6118354797363281,316.5312805175781,51.828826904296875,12.086145,3.398616,20.910685,24.600000
IR_57523.jpg,2025-04-23 15:06:32,Cableduct,576.380615234375,35.102745056152344,621.583251953125,58.576194763183594,10.142336,5.176555,21.947216,24.600000
IR_57523.jpg,2025-04-23 15:06:32,Machine,480.1429443359375,133.45755004882812,562.010498046875,218.53607177734375,4.566400,5.356960,21.331638,24.600000
IR_57523.jpg,2025-04-23 15:06:32,Screen,614.459716796875,273.4241638183594,639.7041015625,369.8885803222656,11.166710,4.880167,20.876337,24.473106
IR_57523.jpg,2025-04-23 15:06:32,Machine,102.14219665527344,174.58212280273438,147.41786193847656,276.2748107910156,6.863332,0.479585,22.225496,24.557703
IR_57523.jpg,2025-04-23 15:06:32,Cableduct,428.99969482421875,34.153770446777344,463.73614501953125,57.73982238769531,7.557444,4.527144,21.416334,24.600000
IR_57523.jpg,2025-04-23 15:06:32,Cableduct,529.2426147460938,39.8297233581543,566.5374145507812,61.177364349365234,8.541676,4.868042,21.814064,24.543604
IR_57523.jpg,2025-04-23 15:06:32,Cableduct,319.5965576171875,15.310196876525879,358.1572265625,42.744834899902344,7.271451,3.339108,21.385733,24.600000
IR_57523.jpg,2025-04-23 15:06:32,Machine,483.2063293457031,101.55233001708984,576.801513671875,202.45968627929688,6.179990,5.108246,21.286592,24.600000
IR_57524.jpg,2025-04-23 15:07:02,Screen,340.1536865234375,275.41961669921875,474.90972900390625,375.06939697265625,11.581129,4.146035,21.567560,24.500000
IR_57524.jpg,2025-04-23 15:07:02,Cableduct,211.851318359375,1.1983909606933594,315.4661865234375,50.29637145996094,12.323946,3.402744,20.902781,24.500000
IR_57524.jpg,2025-04-23 15:07:02,Cableduct,576.416259765625,35.30937957763672,622.3177490234375,57.717567443847656,10.072945,5.167192,21.871481,24.500000
IR_57524.jpg,2025-04-23 15:07:02,Screen,613.577392578125,276.0701904296875,639.721923828125,371.1917724609375,11.111758,4.898827,20.877670,24.457703
IR_57524.jpg,2025-04-23 15:07:02,Machine,479.82049560546875,132.18756103515625,562.1703491210938,219.02590942382812,4.627500,5.331477,21.277668,24.457703
IR_57524.jpg,2025-04-23 15:07:02,Cableduct,429.7720947265625,34.87371063232422,463.9371337890625,57.942970275878906,7.541050,4.534969,21.392113,24.457703
IR_57524.jpg,2025-04-23 15:07:02,Cableduct,320.8167419433594,14.521855354309082,358.5862121582031,42.13822555541992,7.365791,3.365131,21.371244,24.500000
IR_57524.jpg,2025-04-23 15:07:02,Machine,106.56512451171875,173.10940551757812,147.91293334960938,276.3183288574219,6.706647,0.482900,22.223206,24.062923
IR_57524.jpg,2025-04-23 15:07:02,Cableduct,529.5233764648438,40.183902740478516,567.0484008789062,60.79555892944336,8.495675,4.862337,21.821114,24.359007
IR_57524.jpg,2025-04-23 15:07:02,Machine,482.4906311035156,101.89603424072266,577.9759521484375,201.26516723632812,6.195584,5.136120,21.236868,24.500000
IR_57525.jpg,2025-04-23 15:07:33,Screen,340.3067321777344,275.40362548828125,474.8956604003906,375.47515869140625,11.567352,4.142102,21.677771,24.600000
IR_57525.jpg,2025-04-23 15:07:33,Cableduct,219.10342407226562,1.4005546569824219,316.0320129394531,50.24671173095703,11.441830,3.330565,21.006069,24.416710
IR_57525.jpg,2025-04-23 15:07:33,Cableduct,575.8626708984375,35.196815490722656,621.9227294921875,58.48084259033203,10.098442,5.170791,21.948849,24.600000
IR_57525.jpg,2025-04-23 15:07:33,Screen,615.409423828125,276.3642883300781,639.681884765625,370.3298034667969,11.151480,4.895968,20.964060,24.557703
IR_57525.jpg,2025-04-23 15:07:33,Machine,479.21148681640625,133.46942138671875,562.0433959960938,219.6785888671875,4.579134,5.340860,21.398327,24.557703
IR_57525.jpg,2025-04-23 15:07:33,Cableduct,429.94915771484375,34.990989685058594,462.90814208984375,58.5369873046875,7.646165,4.566218,21.512804,24.557703
IR_57525.jpg,2025-04-23 15:07:33,Machine,103.11030578613281,173.94271850585938,147.73159790039062,276.4280700683594,6.822196,0.479321,22.266823,24.275719
IR_57525.jpg,2025-04-23 15:07:33,Cableduct,321.4708557128906,14.983661651611328,358.2115783691406,41.754844665527344,7.322650,3.346506,21.527670,24.600000
IR_57525.jpg,2025-04-23 15:07:33,Cableduct,528.9674072265625,40.02367401123047,566.2198486328125,60.793785095214844,8.498114,4.860422,21.950638,24.501305
IR_57525.jpg,2025-04-23 15:07:33,Machine,482.6806640625,101.93798828125,575.62890625,200.70001220703125,6.115679,5.111814,21.371153,24.600000
IR_57526.jpg,2025-04-23 15:08:02,Screen,339.380615234375,275.818359375,474.65435791015625,376.6328125,11.618257,4.134534,21.692808,24.600000
IR_57526.jpg,2025-04-23 15:08:02,Screen,613.869384765625,272.116943359375,639.70849609375,371.38970947265625,11.239389,4.846923,20.956120,24.487206
IR_57526.jpg,2025-04-23 15:08:02,Cableduct,214.73995971679688,1.4814605712890625,316.0104675292969,50.123905181884766,12.023629,3.380156,21.029127,24.459007
IR_57526.jpg,2025-04-23 15:08:02,Cableduct,573.60546875,34.43659973144531,622.2508544921875,57.385154724121094,9.983438,5.148276,21.894043,24.600000
IR_57526.jpg,2025-04-23 15:08:02,Cableduct,429.76220703125,34.776451110839844,462.9769287109375,57.36878204345703,7.582746,4.546224,21.560719,24.557703
IR_57526.jpg,2025-04-23 15:08:02,Machine,104.68833923339844,174.36529541015625,147.33737182617188,274.82684326171875,6.752048,0.465847,22.297968,24.557703
IR_57526.jpg,2025-04-23 15:08:02,Cableduct,528.812255859375,39.39269256591797,567.1650390625,60.93952178955078,8.537713,4.866037,21.895737,24.487206
IR_57526.jpg,2025-04-23 15:08:02,Cableduct,321.8880920410156,14.49724292755127,358.2181701660156,42.03890609741211,7.412606,3.372633,21.522608,24.600000
IR_57526.jpg,2025-04-23 15:08:02,Machine,479.6709899902344,133.882080078125,562.1575927734375,219.10415649414062,4.555199,5.356746,21.426746,24.557703
IR_57526.jpg,2025-04-23 15:08:02,Machine,484.654296875,102.01852416992188,577.3173828125,199.17022705078125,6.132910,5.117975,21.397818,24.600000
IR_57527.jpg,2025-04-23 15:08:32,Screen,340.39691162109375,275.52288818359375,474.01007080078125,375.55242919921875,11.509579,4.130940,21.716833,24.600000
IR_57527.jpg,2025-04-23 15:08:32,Cableduct,214.2664337158203,1.5325088500976562,316.43243408203125,51.328399658203125,12.109981,3.398642,21.021122,24.600000
IR_57527.jpg,2025-04-23 15:08:32,Cableduct,573.6884155273438,34.12486267089844,622.5567016601562,58.712738037109375,10.064621,5.160150,21.825985,24.600000
IR_57527.jpg,2025-04-23 15:08:32,Cableduct,322.3210754394531,14.946234703063965,358.8089294433594,41.13141632080078,7.312423,3.344448,21.549900,24.600000
IR_57527.jpg,2025-04-23 15:08:32,Cableduct,429.75909423828125,35.08705520629883,462.73809814453125,57.5943489074707,7.584006,4.551016,21.570293,24.557703
IR_57527.jpg,2025-04-23 15:08:32,Screen,611.7239990234375,276.831298828125,639.6229248046875,370.2198486328125,10.990847,4.938471,20.878334,24.487206
IR_57527.jpg,2025-04-23 15:08:32,Machine,479.0685119628906,134.297119140625,562.8284912109375,219.39617919921875,4.545826,5.367330,21.417931,24.557703
IR_57527.jpg,2025-04-23 15:08:32,Machine,107.76119995117188,174.28887939453125,147.232666015625,276.14910888671875,6.680601,0.480488,22.345449,24.557703
IR_57527.jpg,2025-04-23 15:08:32,Cableduct,529.4013671875,39.972084045410156,567.3590087890625,60.61292266845703,8.494776,4.861533,21.910189,24.473106
IR_57527.jpg,2025-04-23 15:08:32,Machine,484.097900390625,102.93099212646484,576.90966796875,199.43759155273438,6.075695,5.127186,21.383381,24.600000
IR_57527.jpg,2025-04-23 15:08:32,Machine,196.28488159179688,103.71368408203125,222.28945922851562,133.29476928710938,0.697419,0.502316,21.490810,23.655352
IR_57528.jpg,2025-04-23 15:09:03,Screen,339.81365966796875,275.76055908203125,473.89935302734375,375.21502685546875,11.550170,4.135054,21.797121,24.600000
IR_57528.jpg,2025-04-23 15:09:03,Screen,612.797119140625,279.2127685546875,639.5455322265625,369.460693359375,10.972242,4.962150,20.990204,24.600000
IR_57528.jpg,2025-04-23 15:09:03,Cableduct,215.0496063232422,1.5647201538085938,317.06292724609375,51.700096130371094,12.088524,3.408715,21.089411,24.430809
IR_57528.jpg,2025-04-23 15:09:03,Cableduct,430.09814453125,35.12062072753906,462.83740234375,58.911521911621094,7.670198,4.574819,21.591562,24.487206
IR_57528.jpg,2025-04-23 15:09:03,Cableduct,574.01953125,34.81035614013672,621.92333984375,58.97815704345703,10.055511,5.161911,21.876690,24.600000
IR_57528.jpg,2025-04-23 15:09:03,Machine,479.1861572265625,134.09353637695312,562.1790771484375,218.97183227539062,4.539615,5.364897,21.436420,24.557703
IR_57528.jpg,2025-04-23 15:09:03,Machine,105.96237182617188,172.73574829101562,147.95001220703125,276.2351379394531,6.712626,0.482587,22.391241,24.557703
IR_57528.jpg,2025-04-23 15:09:03,Cableduct,321.225830078125,15.554306983947754,358.8712158203125,41.92950439453125,7.246335,3.329863,21.631536,24.600000
IR_57528.jpg,2025-04-23 15:09:03,Cableduct,529.671630859375,40.22142791748047,566.74853515625,60.680419921875,8.499757,4.862684,21.968269,24.557703
IR_57528.jpg,2025-04-23 15:09:03,Machine,482.97174072265625,103.759521484375,576.2944946289062,200.29586791992188,6.028212,5.138120,21.391308,24.600000
IR_57529.jpg,2025-04-23 15:09:32,Screen,340.5693359375,275.95318603515625,473.895263671875,375.37091064453125,11.507229,4.132225,21.666918,24.500000
IR_57529.jpg,2025-04-23 15:09:32,Screen,612.1907958984375,282.23260498046875,639.6031494140625,369.71759033203125,10.922461,4.994843,20.879568,24.500000
IR_57529.jpg,2025-04-23 15:09:32,Cableduct,574.3616333007812,34.016334533691406,622.0110473632812,59.52667999267578,10.165141,5.176828,21.702301,24.500000
IR_57529.jpg,2025-04-23 15:09:32,Machine,479.34515380859375,134.03529357910156,561.4533081054688,218.0160675048828,4.520763,5.373334,21.240198,24.500000
IR_57529.jpg,2025-04-23 15:09:32,Cableduct,213.97898864746094,1.1857376098632812,314.4051513671875,50.717498779296875,11.864946,3.344568,20.961040,24.361618
IR_57529.jpg,2025-04-23 15:09:32,Machine,106.12107849121094,173.8585205078125,147.65048217773438,275.2093505859375,6.704406,0.465152,22.258635,24.071018
IR_57529.jpg,2025-04-23 15:09:32,Cableduct,429.22662353515625,34.590248107910156,463.70281982421875,58.85462188720703,7.598277,4.544291,21.393858,24.458487
IR_57529.jpg,2025-04-23 15:09:32,Cableduct,321.5990295410156,14.829787254333496,359.4958801269531,41.387779235839844,7.300179,3.349488,21.448517,24.500000
IR_57529.jpg,2025-04-23 15:09:32,Cableduct,529.6751708984375,40.39983367919922,567.2442626953125,60.95964813232422,8.487401,4.862408,21.791040,24.403133
IR_57530.jpg,2025-04-23 15:10:02,Screen,341.2552490234375,276.15264892578125,473.41436767578125,374.41485595703125,11.446609,4.133918,21.686050,24.500000
IR_57530.jpg,2025-04-23 15:10:02,Screen,612.1832275390625,281.55279541015625,639.5416259765625,368.972412109375,10.908860,4.998117,20.872770,24.500000
IR_57530.jpg,2025-04-23 15:10:02,Cableduct,215.33456420898438,1.3610801696777344,317.4385681152344,50.73237991333008,12.142550,3.420487,20.929041,24.500000
IR_57530.jpg,2025-04-23 15:10:02,Cableduct,574.252197265625,33.91104507446289,622.06689453125,59.4567756652832,10.162862,5.175867,21.639488,24.500000
IR_57530.jpg,2025-04-23 15:10:02,Machine,479.52789306640625,132.98696899414062,562.2160034179688,219.63784790039062,4.602364,5.334839,21.229589,24.500000
IR_57530.jpg,2025-04-23 15:10:02,Cableduct,429.48736572265625,35.28074645996094,463.3741455078125,59.79578399658203,7.629247,4.562886,21.289309,24.500000
IR_57530.jpg,2025-04-23 15:10:02,Cableduct,322.42626953125,15.152817726135254,357.88323974609375,40.877723693847656,7.294029,3.330886,21.541513,24.500000
IR_57530.jpg,2025-04-23 15:10:02,Machine,108.68954467773438,172.6676025390625,147.3614501953125,275.865966796875,6.643065,0.501532,22.294279,24.457703
IR_57530.jpg,2025-04-23 15:10:02,Cableduct,528.945556640625,39.263145446777344,567.563232421875,61.15009307861328,8.558716,4.869976,21.634180,24.457703
IR_57531.jpg,2025-04-23 15:10:33,Screen,340.9228820800781,276.3516845703125,473.9143981933594,372.183349609375,11.519647,4.158333,21.571894,24.299999
IR_57531.jpg,2025-04-23 15:10:33,Screen,611.8170776367188,279.93646240234375,639.6256713867188,369.66485595703125,10.937845,4.976744,20.708712,24.299999
IR_57531.jpg,2025-04-23 15:10:33,Cableduct,213.6954345703125,1.3079414367675781,316.15911865234375,50.09498977661133,12.188679,3.400463,20.808851,24.299999
IR_57531.jpg,2025-04-23 15:10:33,Machine,479.92938232421875,132.38726806640625,562.9608764648438,219.09033203125,4.622331,5.341980,21.198578,24.299999
IR_57531.jpg,2025-04-23 15:10:33,Cableduct,322.04302978515625,15.409234046936035,359.03436279296875,43.25392150878906,7.374679,3.369001,21.276985,24.299999
IR_57531.jpg,2025-04-23 15:10:33,Cableduct,528.9951171875,40.02375793457031,566.115966796875,61.09307098388672,8.515428,4.863505,21.516153,24.258486
IR_57531.jpg,2025-04-23 15:10:33,Cableduct,574.4539184570312,35.32346725463867,621.9508666992188,57.77291488647461,9.984640,5.153398,21.713375,24.299999
IR_57531.jpg,2025-04-23 15:10:33,Machine,106.947265625,170.39956665039062,147.43099975585938,275.9378967285156,6.668691,0.509063,22.108532,23.940208
IR_57531.jpg,2025-04-23 15:10:33,Cableduct,430.3961181640625,36.46382141113281,463.4918212890625,58.83892822265625,7.521014,4.553767,21.241245,24.299999
IR_57531.jpg,2025-04-23 15:10:33,Cableduct,317.8944091796875,11.417591094970703,361.249755859375,47.04353332519531,7.834873,3.539310,21.003143,24.299999
IR_57532.jpg,2025-04-23 15:11:02,Screen,339.92840576171875,275.57891845703125,473.67694091796875,374.90557861328125,11.524614,4.133709,21.580246,24.400000
IR_57532.jpg,2025-04-23 15:11:02,Screen,611.3850708007812,280.78173828125,639.5609741210938,370.1573486328125,10.929297,4.980328,20.800600,24.400000
IR_57532.jpg,2025-04-23 15:11:02,Machine,479.7559509277344,129.85763549804688,562.6380615234375,218.44619750976562,4.717060,5.309906,21.216890,24.400000
IR_57532.jpg,2025-04-23 15:11:02,Cableduct,217.405517578125,1.1010627746582031,316.80328369140625,48.89824676513672,11.834404,3.379936,20.867886,24.400000
IR_57532.jpg,2025-04-23 15:11:02,Cableduct,322.1422119140625,15.589064598083496,359.1292724609375,42.28748321533203,7.296978,3.344651,21.343441,24.400000
IR_57532.jpg,2025-04-23 15:11:02,Cableduct,578.0989990234375,35.86475372314453,621.0050048828125,57.583213806152344,10.120516,5.172569,21.881544,24.400000
IR_57532.jpg,2025-04-23 15:11:02,Machine,107.27728271484375,171.15032958984375,147.21275329589844,276.34326171875,6.678463,0.510467,22.174953,24.054047
IR_57532.jpg,2025-04-23 15:11:02,Cableduct,530.474609375,39.66465759277344,566.617431640625,61.09754943847656,8.612778,4.880188,21.565447,24.400000
IR_57532.jpg,2025-04-23 15:11:02,Cableduct,430.01141357421875,35.45259094238281,462.79510498046875,57.827789306640625,7.577048,4.554865,21.449381,24.400000
IR_57533.jpg,2025-04-23 15:11:32,Screen,342.07464599609375,276.0066833496094,473.87298583984375,372.7725524902344,11.429075,4.150913,21.582653,24.400000
IR_57533.jpg,2025-04-23 15:11:32,Cableduct,216.3801727294922,1.25238037109375,316.64935302734375,49.30337142944336,11.932307,3.384641,20.784039,24.400000
IR_57533.jpg,2025-04-23 15:11:32,Machine,479.6864013671875,130.89151000976562,562.8856201171875,218.92105102539062,4.680882,5.321412,21.165550,24.400000
IR_57533.jpg,2025-04-23 15:11:32,Cableduct,322.05963134765625,15.509154319763184,358.22747802734375,41.897674560546875,7.294945,3.336602,21.324974,24.400000
IR_57533.jpg,2025-04-23 15:11:32,Machine,102.23249816894531,171.28170776367188,147.55233764648438,276.32037353515625,6.777775,0.480456,22.037565,24.400000
IR_57533.jpg,2025-04-23 15:11:32,Screen,611.7745971679688,278.1942138671875,639.6653442382812,371.0638427734375,11.000392,4.939701,20.782198,24.400000
IR_57533.jpg,2025-04-23 15:11:32,Cableduct,530.0567626953125,38.90995407104492,565.6661376953125,61.14371109008789,8.681264,4.886905,21.479675,24.400000
IR_57533.jpg,2025-04-23 15:11:32,Cableduct,574.070556640625,34.80934143066406,621.43408203125,58.43959045410156,10.048550,5.160832,21.624535,24.400000
IR_57533.jpg,2025-04-23 15:11:32,Cableduct,431.2317199707031,37.931129455566406,461.5065612792969,56.83264923095703,7.470634,4.566200,21.860302,24.400000
IR_57534.jpg,2025-04-23 15:12:03,Screen,342.42303466796875,274.8530578613281,474.90936279296875,373.9322814941406,11.426208,4.151158,21.573826,24.400000
IR_57534.jpg,2025-04-23 15:12:03,Cableduct,215.8288116455078,1.4011421203613281,315.48468017578125,50.52094650268555,11.786198,3.352388,20.799875,24.400000
IR_57534.jpg,2025-04-23 15:12:03,Screen,615.149658203125,278.08648681640625,639.6787109375,369.70391845703125,11.066713,4.928657,20.657503,24.400000
IR_57534.jpg,2025-04-23 15:12:03,Machine,479.9649353027344,128.9621124267578,564.1563720703125,219.8502655029297,4.798879,5.283410,21.164120,24.400000
IR_57534.jpg,2025-04-23 15:12:03,Cableduct,530.1761474609375,38.91997528076172,566.8275146484375,61.81976318359375,8.696370,4.892099,21.465851,24.400000
IR_57534.jpg,2025-04-23 15:12:03,Machine,105.99159240722656,170.9578857421875,146.59671020507812,275.7860107421875,6.685948,0.493785,22.094864,24.400000
IR_57534.jpg,2025-04-23 15:12:03,Cableduct,574.1253051757812,34.108482360839844,621.4685668945312,60.451622009277344,10.198496,5.182044,21.578999,24.400000
IR_57534.jpg,2025-04-23 15:12:03,Cableduct,322.33331298828125,15.919231414794922,359.77716064453125,43.91940689086914,7.355745,3.369231,21.288170,24.400000
IR_57534.jpg,2025-04-23 15:12:03,Cableduct,430.5667724609375,35.84912109375,461.7650146484375,57.10169982910156,7.607697,4.572074,21.549948,24.400000
IR_57534.jpg,2025-04-23 15:12:03,Screen,611.467041015625,244.63677978515625,639.76416015625,367.29486083984375,11.815386,4.801091,20.591665,24.400000
IR_57535.jpg,2025-04-23 15:12:32,Screen,341.6173095703125,275.62518310546875,474.93359375,374.2862548828125,11.501208,4.149160,21.617165,24.500000
IR_57535.jpg,2025-04-23 15:12:32,Cableduct,214.12527465820312,1.3015785217285156,316.6626892089844,51.3971061706543,12.164404,3.411900,20.823931,24.500000
IR_57535.jpg,2025-04-23 15:12:32,Machine,479.80657958984375,132.66903686523438,563.3124389648438,220.21817016601562,4.633340,5.329887,21.145473,24.500000
IR_57535.jpg,2025-04-23 15:12:32,Cableduct,574.0906372070312,33.53406524658203,622.4096069335938,59.891456604003906,10.194704,5.179208,21.598064,24.500000
IR_57535.jpg,2025-04-23 15:12:32,Screen,613.7120361328125,271.491455078125,639.7451171875,376.2496337890625,11.447841,4.759865,20.674717,24.387207
IR_57535.jpg,2025-04-23 15:12:32,Cableduct,530.2275390625,38.63914489746094,566.267822265625,61.08766174316406,8.700848,4.890090,21.503155,24.500000
IR_57535.jpg,2025-04-23 15:12:32,Machine,107.27975463867188,171.78997802734375,147.07180786132812,275.49578857421875,6.655493,0.492640,22.162140,24.062923
IR_57535.jpg,2025-04-23 15:12:32,Cableduct,430.75909423828125,36.642372131347656,462.44219970703125,57.193092346191406,7.508226,4.556229,21.598339,24.500000
IR_57535.jpg,2025-04-23 15:12:32,Screen,613.9329833984375,255.25454711914062,639.4769287109375,351.9900207519531,10.858604,4.966840,20.382231,24.500000
IR_57535.jpg,2025-04-23 15:12:32,Cableduct,322.37127685546875,16.270736694335938,357.93609619140625,42.181968688964844,7.243165,3.318156,21.401014,24.500000
IR_57536.jpg,2025-04-23 15:13:02,Screen,341.7699890136719,275.12579345703125,474.8638610839844,373.60675048828125,11.474916,4.152678,21.653984,24.500000
IR_57536.jpg,2025-04-23 15:13:02,Cableduct,216.97750854492188,1.3730659484863281,315.8645324707031,49.30923080444336,11.731630,3.350637,20.829500,24.500000
IR_57536.jpg,2025-04-23 15:13:02,Machine,479.61248779296875,133.13003540039062,562.7119750976562,217.84451293945312,4.565387,5.374966,21.068754,24.500000
IR_57536.jpg,2025-04-23 15:13:02,Cableduct,529.0580444335938,38.343505859375,568.3411254882812,62.053985595703125,8.676748,4.888321,21.417360,24.500000
IR_57536.jpg,2025-04-23 15:13:02,Cableduct,574.5149536132812,33.43177032470703,623.4331665039062,60.41075134277344,10.223572,5.184241,21.498144,24.500000
IR_57536.jpg,2025-04-23 15:13:02,Cableduct,322.4451904296875,15.408836364746094,360.1962890625,43.546390533447266,7.388237,3.381379,21.285166,24.500000
IR_57536.jpg,2025-04-23 15:13:02,Machine,107.13932800292969,174.51763916015625,145.75619506835938,275.57080078125,6.676890,0.468372,22.205372,24.147520
IR_57536.jpg,2025-04-23 15:13:02,Screen,612.6716918945312,247.3699188232422,639.6792602539062,356.63848876953125,11.239902,4.893223,20.439209,24.500000
IR_57536.jpg,2025-04-23 15:13:02,Screen,611.9393920898438,272.18170166015625,639.7948608398438,375.01849365234375,11.304077,4.810501,20.678858,24.316710
IR_57536.jpg,2025-04-23 15:13:02,Cableduct,431.0399475097656,37.39567947387695,461.6004943847656,57.1419563293457,7.514373,4.570297,21.844864,24.500000
IR_57537.jpg,2025-04-23 15:13:32,Screen,343.7403564453125,274.82037353515625,473.77838134765625,373.27862548828125,11.277474,4.146464,21.670158,24.500000
IR_57537.jpg,2025-04-23 15:13:32,Machine,479.55242919921875,129.55531311035156,563.2760620117188,218.3042449951172,4.732288,5.314496,21.087370,24.500000
IR_57537.jpg,2025-04-23 15:13:32,Cableduct,218.28079223632812,1.1822662353515625,316.2465515136719,49.80873489379883,11.601551,3.350953,20.821924,24.500000
IR_57537.jpg,2025-04-23 15:13:32,Cableduct,529.687255859375,38.44450378417969,568.43359375,62.16553497314453,8.702202,4.893696,21.413723,24.500000
IR_57537.jpg,2025-04-23 15:13:32,Cableduct,573.9050903320312,33.21873474121094,621.9020385742188,60.36003112792969,10.244757,5.185562,21.522692,24.500000
IR_57537.jpg,2025-04-23 15:13:32,Machine,105.64244079589844,169.49429321289062,146.9893035888672,276.4716796875,6.702019,0.516012,22.123367,24.500000
IR_57537.jpg,2025-04-23 15:13:32,Cableduct,321.80950927734375,15.523948669433594,359.09423828125,42.95221710205078,7.332433,3.357101,21.328426,24.500000
IR_57537.jpg,2025-04-23 15:13:32,Cableduct,430.7278137207031,37.648597717285156,461.4817810058594,57.58489227294922,7.504723,4.570066,21.931591,24.500000
IR_57537.jpg,2025-04-23 15:13:32,Screen,614.1529541015625,255.94827270507812,639.48876953125,340.9912414550781,10.446135,5.145442,20.359421,24.500000
IR_57537.jpg,2025-04-23 15:13:32,Screen,615.5126953125,270.2569885253906,639.7593994140625,377.4968566894531,11.642836,4.734455,20.696632,24.359007
IR_57538.jpg,2025-04-23 15:14:03,Screen,342.6269226074219,274.50897216796875,474.7300109863281,373.93560791015625,11.391037,4.149060,21.649769,24.500000
IR_57538.jpg,2025-04-23 15:14:03,Cableduct,218.6075439453125,1.5914382934570312,316.88677978515625,49.72759246826172,11.652878,3.359500,20.779135,24.500000
IR_57538.jpg,2025-04-23 15:14:03,Machine,479.36676025390625,131.11502075195312,563.1734008789062,217.74349975585938,4.652159,5.350607,21.337906,24.500000
IR_57538.jpg,2025-04-23 15:14:03,Cableduct,320.4908447265625,15.260773658752441,360.2376708984375,43.53840637207031,7.325618,3.371255,21.285366,24.500000
IR_57538.jpg,2025-04-23 15:14:03,Cableduct,529.1676025390625,38.39988708496094,568.7364501953125,62.867279052734375,8.707756,4.895319,21.374414,24.457703
IR_57538.jpg,2025-04-23 15:14:03,Machine,108.31996154785156,171.39700317382812,146.57846069335938,275.5674133300781,6.632882,0.508196,22.168442,24.105223
IR_57538.jpg,2025-04-23 15:14:03,Cableduct,576.393798828125,35.165924072265625,622.1357421875,59.97418975830078,10.192255,5.186467,21.662647,24.500000
IR_57538.jpg,2025-04-23 15:14:03,Cableduct,430.28729248046875,36.13189697265625,461.94012451171875,55.0472412109375,7.437900,4.530797,21.898474,24.500000
IR_57538.jpg,2025-04-23 15:14:03,Screen,613.646728515625,267.72265625,639.80712890625,378.44580078125,11.681924,4.725536,20.708181,24.500000
IR_57538.jpg,2025-04-23 15:14:03,Screen,613.23388671875,249.98776245117188,639.4169921875,348.7151794433594,10.826262,4.973709,20.396254,24.500000
IR_57539.jpg,2025-04-23 15:14:32,Screen,343.4232177734375,275.05755615234375,473.520263671875,373.8851318359375,11.285458,4.139621,21.811354,24.600000
IR_57539.jpg,2025-04-23 15:14:32,Cableduct,214.002685546875,1.4730415344238281,315.76812744140625,49.62997055053711,12.101758,3.381229,20.886656,24.600000
IR_57539.jpg,2025-04-23 15:14:32,Machine,479.16668701171875,131.14028930664062,562.7510375976562,217.15921020507812,4.635425,5.357615,21.668877,24.600000
IR_57539.jpg,2025-04-23 15:14:32,Screen,613.8206787109375,275.0224609375,639.742431640625,374.85931396484375,11.308928,4.824448,20.791615,24.487206
IR_57539.jpg,2025-04-23 15:14:32,Cableduct,576.08251953125,35.51544189453125,621.674072265625,58.684043884277344,10.093864,5.170411,21.881113,24.600000
IR_57539.jpg,2025-04-23 15:14:32,Cableduct,322.173828125,15.776466369628906,359.6146240234375,42.18463134765625,7.261804,3.337667,21.443790,24.600000
IR_57539.jpg,2025-04-23 15:14:32,Machine,107.17300415039062,171.098876953125,147.3280029296875,275.1534729003906,6.643417,0.493522,22.271816,24.600000
IR_57539.jpg,2025-04-23 15:14:32,Cableduct,528.79248046875,39.6744499206543,566.434326171875,62.3185920715332,8.588979,4.876108,21.555744,24.557703
IR_57539.jpg,2025-04-23 15:14:32,Cableduct,430.80279541015625,35.52665710449219,462.69830322265625,55.95704650878906,7.523199,4.545309,21.720383,24.600000
IR_57540.jpg,2025-04-23 15:15:02,Screen,342.35247802734375,274.6852722167969,474.28900146484375,375.2287292480469,11.378946,4.135480,21.828957,24.700001
IR_57540.jpg,2025-04-23 15:15:02,Machine,480.1855163574219,131.28720092773438,563.029541015625,218.78579711914062,4.667529,5.328885,21.502525,24.700001
IR_57540.jpg,2025-04-23 15:15:02,Cableduct,219.3853759765625,1.4658737182617188,314.01177978515625,49.18177795410156,11.131952,3.262036,20.946228,24.700001
IR_57540.jpg,2025-04-23 15:15:02,Screen,612.9642333984375,275.76031494140625,639.9136962890625,377.02362060546875,11.339065,4.810233,20.884592,24.656919
IR_57540.jpg,2025-04-23 15:15:02,Cableduct,575.8485107421875,35.47755432128906,621.8536376953125,58.85400390625,10.090717,5.170390,21.917154,24.700001
IR_57540.jpg,2025-04-23 15:15:02,Machine,105.14071655273438,168.67056274414062,147.76849365234375,276.7512512207031,6.707690,0.526275,22.273972,24.139948
IR_57540.jpg,2025-04-23 15:15:02,Cableduct,321.5885009765625,15.900825500488281,359.13525390625,42.38079071044922,7.244452,3.330873,21.420458,24.700001
IR_57540.jpg,2025-04-23 15:15:02,Cableduct,528.694580078125,40.252017974853516,565.435791015625,61.39310073852539,8.506201,4.861936,21.728258,24.656919
IR_57541.jpg,2025-04-23 15:15:33,Screen,342.67327880859375,274.824462890625,474.26348876953125,374.656005859375,11.365519,4.139976,21.769735,24.700001
IR_57541.jpg,2025-04-23 15:15:33,Cableduct,217.41729736328125,1.3501014709472656,312.2342529296875,48.53414535522461,11.147373,3.231439,20.834564,24.700001
IR_57541.jpg,2025-04-23 15:15:33,Machine,480.1264343261719,132.86444091796875,562.476318359375,217.53860473632812,4.572609,5.370583,21.229454,24.700001
IR_57541.jpg,2025-04-23 15:15:33,Screen,615.3855590820312,276.16009521484375,639.9098510742188,376.74053955078125,11.426960,4.793601,20.794201,24.656136
IR_57541.jpg,2025-04-23 15:15:33,Machine,108.64544677734375,170.13314819335938,146.40647888183594,275.32684326171875,6.618362,0.520976,22.265907,24.334465
IR_57541.jpg,2025-04-23 15:15:33,Cableduct,529.4172973632812,38.5531120300293,568.4682006835938,61.94486618041992,8.667839,4.888001,21.576761,24.700001
IR_57541.jpg,2025-04-23 15:15:33,Cableduct,574.6002197265625,34.617713928222656,621.6568603515625,57.54974365234375,10.051468,5.161430,21.831245,24.700001
IR_57541.jpg,2025-04-23 15:15:33,Cableduct,321.608642578125,15.181610107421875,359.5389404296875,43.016807556152344,7.359453,3.369483,21.298059,24.700001
IR_57541.jpg,2025-04-23 15:15:33,Cableduct,316.05914306640625,15.693535804748535,363.072021484375,47.32341003417969,7.359536,3.440673,21.041094,24.700001
IR_57541.jpg,2025-04-23 15:15:33,Machine,196.8776092529297,103.51953125,221.2412872314453,132.27340698242188,0.643251,0.480252,21.319006,23.267101
IR_57541.jpg,2025-04-23 15:15:33,Cableduct,429.16357421875,34.82826614379883,462.7608642578125,56.739078521728516,7.518823,4.528445,21.481850,24.700001
IR_57542.jpg,2025-04-23 15:16:02,Screen,343.8292236328125,273.95977783203125,474.639404296875,374.25421142578125,11.290709,4.146492,21.793194,24.700001
IR_57542.jpg,2025-04-23 15:16:02,Cableduct,217.57894897460938,1.3564796447753906,312.7276916503906,50.850337982177734,11.123235,3.245976,20.850874,24.700001
IR_57542.jpg,2025-04-23 15:16:02,Cableduct,576.0052490234375,35.705406188964844,620.8541259765625,58.297821044921875,10.069227,5.165188,21.950174,24.700001
IR_57542.jpg,2025-04-23 15:16:02,Machine,478.650146484375,133.79037475585938,561.568359375,216.82241821289062,4.503588,5.386550,21.187111,24.700001
IR_57542.jpg,2025-04-23 15:16:02,Machine,107.07675170898438,170.89675903320312,146.64781188964844,275.138427734375,6.642740,0.495622,22.249743,24.232115
IR_57542.jpg,2025-04-23 15:16:02,Screen,614.9732055664062,276.00384521484375,639.9658813476562,377.0152587890625,11.422625,4.792924,20.845621,24.583029
IR_57542.jpg,2025-04-23 15:16:02,Cableduct,320.95941162109375,14.889789581298828,358.54107666015625,42.43389892578125,7.348487,3.359554,21.298059,24.700001
IR_57542.jpg,2025-04-23 15:16:02,Cableduct,528.6044921875,39.61366271972656,566.798583984375,61.3089599609375,8.531185,4.865519,21.637281,24.700001
IR_57543.jpg,2025-04-23 15:16:32,Screen,343.93206787109375,274.6507263183594,474.92327880859375,374.4685974121094,11.323517,4.149038,21.874784,24.799999
IR_57543.jpg,2025-04-23 15:16:32,Cableduct,215.56466674804688,1.2044754028320312,311.6196594238281,50.02702331542969,11.252914,3.237555,20.905365,24.799999
IR_57543.jpg,2025-04-23 15:16:32,Cableduct,574.1636962890625,34.89838409423828,621.2578125,57.954322814941406,10.030211,5.158403,21.921309,24.799999
IR_57543.jpg,2025-04-23 15:16:32,Machine,479.39208984375,133.03439331054688,562.9532470703125,217.29586791992188,4.560770,5.380599,21.243996,24.799999
IR_57543.jpg,2025-04-23 15:16:32,Machine,107.88031005859375,173.06768798828125,146.6607666015625,275.5352783203125,6.650957,0.486555,22.323017,24.434465
IR_57543.jpg,2025-04-23 15:16:32,Cableduct,322.27191162109375,14.863773345947266,359.3892822265625,41.95714569091797,7.360262,3.364794,21.414278,24.799999
IR_57543.jpg,2025-04-23 15:16:32,Cableduct,528.9960327148438,39.28953552246094,566.9025268554688,61.303863525390625,8.578259,4.872530,21.706163,24.756136
IR_57543.jpg,2025-04-23 15:16:32,Screen,615.8798828125,277.62957763671875,639.745849609375,373.712890625,11.283895,4.851277,20.872850,24.683029
IR_57543.jpg,2025-04-23 15:16:32,Machine,482.0181579589844,102.14969635009766,579.8243408203125,205.44808959960938,6.272556,5.147600,21.151682,24.799999
IR_57543.jpg,2025-04-23 15:16:32,Cableduct,429.5802001953125,34.90399932861328,463.48956298828125,57.22705841064453,7.516434,4.529101,21.446022,24.799999
IR_57543.jpg,2025-04-23 15:16:32,Machine,195.77810668945312,103.28036499023438,223.52487182617188,132.5980224609375,0.786474,0.517234,21.346069,23.279373
IR_57544.jpg,2025-04-23 15:17:02,Screen,342.35113525390625,274.7503356933594,474.79962158203125,376.2254943847656,11.406750,4.133428,21.921745,24.900000
IR_57544.jpg,2025-04-23 15:17:02,Cableduct,215.7185821533203,1.1984176635742188,312.20001220703125,50.46799087524414,11.305925,3.254276,20.975742,24.900000
IR_57544.jpg,2025-04-23 15:17:02,Cableduct,429.4910583496094,34.38390350341797,463.1735534667969,58.708953857421875,7.661923,4.560068,21.481804,24.900000
IR_57544.jpg,2025-04-23 15:17:02,Cableduct,575.6092529296875,36.4627799987793,622.0347900390625,59.04274368286133,9.994503,5.157024,21.951391,24.900000
IR_57544.jpg,2025-04-23 15:17:02,Machine,478.8397216796875,133.46755981445312,562.56982421875,218.32199096679688,4.556271,5.373473,21.352488,24.900000
IR_57544.jpg,2025-04-23 15:17:02,Cableduct,322.1087646484375,14.154243469238281,359.1884765625,42.518550872802734,7.472947,3.398417,21.492365,24.900000
IR_57544.jpg,2025-04-23 15:17:02,Machine,107.2760009765625,170.78863525390625,146.7390899658203,274.4047546386719,6.615195,0.488384,22.380272,24.483290
IR_57544.jpg,2025-04-23 15:17:02,Cableduct,528.5390625,39.89723205566406,564.6962890625,60.93084716796875,8.523188,4.861593,21.894594,24.825588
IR_57544.jpg,2025-04-23 15:17:02,Machine,482.14898681640625,101.47470092773438,578.7687377929688,203.3516845703125,6.260096,5.133770,21.288084,24.900000
IR_57544.jpg,2025-04-23 15:17:02,Screen,614.3726806640625,275.9836730957031,639.8887939453125,376.0400085449219,11.355621,4.813407,20.990116,24.780939
IR_57544.jpg,2025-04-23 15:17:02,Machine,195.37164306640625,102.78509521484375,223.8753662109375,133.15623474121094,0.786101,0.518004,21.394447,23.352219
IR_57545.jpg,2025-04-23 15:17:33,Screen,343.03173828125,275.57049560546875,473.7529296875,375.07806396484375,11.334002,4.133736,21.987818,24.900000
IR_57545.jpg,2025-04-23 15:17:33,Cableduct,576.9696044921875,35.36370086669922,621.7845458984375,58.55852508544922,10.142874,5.177442,22.051685,24.900000
IR_57545.jpg,2025-04-23 15:17:33,Cableduct,219.00733947753906,1.4559249877929688,317.3582763671875,51.32118225097656,11.619596,3.372834,20.960625,24.900000
IR_57545.jpg,2025-04-23 15:17:33,Cableduct,322.3580017089844,14.647258758544922,359.3529968261719,42.25925064086914,7.407763,3.378941,21.493851,24.900000
IR_57545.jpg,2025-04-23 15:17:33,Machine,108.12931823730469,172.53195190429688,146.85545349121094,275.79913330078125,6.651147,0.497602,22.392033,24.438643
IR_57545.jpg,2025-04-23 15:17:33,Cableduct,430.04010009765625,34.818321228027344,462.58551025390625,56.41051483154297,7.570035,4.545347,21.603006,24.900000
IR_57545.jpg,2025-04-23 15:17:33,Machine,479.98480224609375,134.16213989257812,562.1522827148438,217.87838745117188,4.521100,5.382324,21.381041,24.900000
IR_57545.jpg,2025-04-23 15:17:33,Cableduct,529.02197265625,39.48489761352539,566.936279296875,61.04329299926758,8.548750,4.868160,21.857037,24.780939
IR_57545.jpg,2025-04-23 15:17:33,Machine,483.71844482421875,101.98641967773438,578.1181030273438,201.76486206054688,6.182811,5.121374,21.333130,24.900000
IR_57545.jpg,2025-04-23 15:17:33,Screen,615.413818359375,278.23577880859375,639.72314453125,373.98468017578125,11.258816,4.858209,20.981665,24.780939
IR_57545.jpg,2025-04-23 15:17:33,Machine,121.33031463623047,154.25588989257812,188.89013671875,228.10665893554688,6.284313,0.593970,21.679806,24.900000
IR_57546.jpg,2025-04-23 15:18:02,Screen,342.7435302734375,275.1666259765625,473.9351806640625,374.867919921875,11.350982,4.135948,21.992342,24.900000
IR_57546.jpg,2025-04-23 15:18:02,Cableduct,218.14500427246094,1.5095977783203125,317.4801025390625,51.777156829833984,11.737199,3.386114,20.952196,24.855352
IR_57546.jpg,2025-04-23 15:18:02,Cableduct,575.8717041015625,35.94383239746094,621.7486572265625,58.31874084472656,10.026617,5.161017,21.993584,24.900000
IR_57546.jpg,2025-04-23 15:18:02,Cableduct,429.93096923828125,34.40336608886719,463.25982666015625,57.70170593261719,7.626132,4.552701,21.520466,24.855352
IR_57546.jpg,2025-04-23 15:18:02,Machine,110.48318481445312,172.84335327148438,146.35552978515625,274.9880065917969,6.577581,0.506254,22.444044,24.438643
IR_57546.jpg,2025-04-23 15:18:02,Cableduct,528.7335205078125,40.04590606689453,565.2513427734375,61.298439025878906,8.526077,4.864074,21.871248,24.795822
IR_57546.jpg,2025-04-23 15:18:02,Machine,478.9745178222656,134.51190185546875,562.9605712890625,217.43905639648438,4.501326,5.397436,21.383396,24.900000
IR_57546.jpg,2025-04-23 15:18:02,Machine,483.8203125,102.0201644897461,578.769287109375,202.65567016601562,6.206077,5.124201,21.335230,24.900000
IR_57546.jpg,2025-04-23 15:18:02,Cableduct,321.33648681640625,15.090522766113281,358.54010009765625,42.93762969970703,7.371837,3.366078,21.526356,24.900000
IR_57546.jpg,2025-04-23 15:18:02,Screen,615.4937744140625,280.15802001953125,639.742919921875,373.94744873046875,11.209092,4.880407,20.977091,24.780939
IR_57547.jpg,2025-04-23 15:18:32,Screen,342.55645751953125,274.5013427734375,474.33221435546875,376.48974609375,11.355301,4.126830,21.998848,25.000000
IR_57547.jpg,2025-04-23 15:18:32,Cableduct,219.34107971191406,1.273223876953125,314.7584228515625,49.512840270996094,11.242688,3.289771,21.028795,25.000000
IR_57547.jpg,2025-04-23 15:18:32,Screen,612.576171875,278.2099609375,639.6566162109375,370.500244140625,11.008272,4.940876,20.973202,24.833420
IR_57547.jpg,2025-04-23 15:18:32,Cableduct,576.5731201171875,35.88844299316406,621.7869873046875,58.044464111328125,10.052268,5.164491,22.073540,25.000000
IR_57547.jpg,2025-04-23 15:18:32,Cableduct,430.0030822753906,34.85687255859375,463.2464904785156,57.8702392578125,7.600865,4.552388,21.613138,24.939426
IR_57547.jpg,2025-04-23 15:18:32,Machine,109.85932922363281,169.763427734375,146.9375762939453,275.1188659667969,6.621152,0.538279,22.408501,24.469975
IR_57547.jpg,2025-04-23 15:18:32,Cableduct,321.23626708984375,14.421550750732422,359.0567626953125,42.658870697021484,7.417906,3.383907,21.525394,25.000000
IR_57547.jpg,2025-04-23 15:18:32,Machine,479.23846435546875,134.33749389648438,563.1487426757812,218.65164184570312,4.534646,5.384408,21.436535,24.954569
IR_57547.jpg,2025-04-23 15:18:32,Cableduct,529.4354248046875,40.04179382324219,566.4312744140625,60.936676025390625,8.522443,4.865381,21.987825,24.878851
IR_57547.jpg,2025-04-23 15:18:32,Machine,483.7994689941406,103.73148345947266,577.9334716796875,201.69442749023438,6.081968,5.142107,21.405582,25.000000
IR_57547.jpg,2025-04-23 15:18:32,Machine,121.28372192382812,154.10134887695312,188.7030029296875,227.32998657226562,6.285959,0.589026,21.690235,25.000000
IR_57548.jpg,2025-04-23 15:19:02,Screen,341.5661315917969,274.3871765136719,474.2051086425781,375.8882751464844,11.408701,4.128433,22.029137,25.000000
IR_57548.jpg,2025-04-23 15:19:02,Cableduct,213.25927734375,1.4821014404296875,314.9224853515625,50.162193298339844,12.054443,3.363573,21.039513,24.893995
IR_57548.jpg,2025-04-23 15:19:02,Cableduct,574.332763671875,35.581634521484375,621.901123046875,57.354095458984375,9.937782,5.146615,22.095718,25.000000
IR_57548.jpg,2025-04-23 15:19:02,Screen,613.95361328125,278.19024658203125,639.674560546875,371.50384521484375,11.087263,4.912915,21.003824,24.878851
IR_57548.jpg,2025-04-23 15:19:02,Machine,109.85387420654297,172.71585083007812,147.12371826171875,274.4580078125,6.574676,0.493082,22.446123,24.575979
IR_57548.jpg,2025-04-23 15:19:02,Cableduct,430.3237609863281,34.931060791015625,462.6299133300781,57.11341857910156,7.614845,4.559401,21.649153,24.893995
IR_57548.jpg,2025-04-23 15:19:02,Cableduct,321.83465576171875,14.4071044921875,358.45928955078125,41.715457916259766,7.396539,3.369406,21.598839,25.000000
IR_57548.jpg,2025-04-23 15:19:02,Machine,480.152587890625,134.78289794921875,562.9610595703125,217.96942138671875,4.504254,5.393301,21.476105,24.954569
IR_57548.jpg,2025-04-23 15:19:02,Cableduct,529.9957275390625,39.516357421875,567.46826171875,60.624114990234375,8.564677,4.872007,21.957952,24.893995
IR_57548.jpg,2025-04-23 15:19:02,Machine,484.699462890625,103.70274353027344,576.746826171875,201.39317321777344,6.040940,5.125019,21.438942,25.000000
IR_57548.jpg,2025-04-23 15:19:02,Machine,196.82366943359375,103.63694763183594,222.912353515625,132.55642700195312,0.707742,0.508165,21.433176,23.349348
IR_57549.jpg,2025-04-23 15:19:32,Screen,341.3800048828125,274.821533203125,474.6134033203125,376.1429443359375,11.458360,4.131091,22.006218,25.000000
IR_57549.jpg,2025-04-23 15:19:32,Cableduct,215.1057891845703,1.6076774597167969,314.58087158203125,52.637969970703125,11.671823,3.329709,21.002792,24.954569
IR_57549.jpg,2025-04-23 15:19:32,Screen,612.8121337890625,280.72705078125,639.6444091796875,370.9766845703125,10.998528,4.956262,20.929617,24.848564
IR_57549.jpg,2025-04-23 15:19:32,Cableduct,430.0617370605469,34.80250930786133,462.4904479980469,57.543216705322266,7.643047,4.564212,21.650034,24.954569
IR_57549.jpg,2025-04-23 15:19:32,Cableduct,573.5748291015625,33.94908142089844,622.2122802734375,58.592041015625,10.076874,5.161175,21.878357,25.000000
IR_57549.jpg,2025-04-23 15:19:32,Machine,109.2326431274414,172.763427734375,146.77774047851562,275.7742919921875,6.628487,0.505390,22.419418,24.439686
IR_57549.jpg,2025-04-23 15:19:32,Cableduct,322.0289306640625,14.247337341308594,358.5489501953125,41.87730407714844,7.431058,3.380088,21.610758,25.000000
IR_57549.jpg,2025-04-23 15:19:32,Machine,484.43902587890625,102.765625,577.3451538085938,201.37322998046875,6.110509,5.121103,21.395346,25.000000
IR_57549.jpg,2025-04-23 15:19:32,Cableduct,529.582763671875,39.993263244628906,566.271240234375,60.44048309326172,8.513947,4.863078,21.945593,24.893995
IR_57549.jpg,2025-04-23 15:19:32,Machine,480.6064758300781,134.90298461914062,563.385498046875,218.92254638671875,4.523123,5.384037,21.453796,24.954569
IR_57549.jpg,2025-04-23 15:19:32,Machine,196.35275268554688,102.96900939941406,224.07315063476562,132.1461944580078,0.768989,0.519793,21.403690,23.349348
IR_57550.jpg,2025-04-23 15:20:02,Screen,341.42498779296875,274.3320007324219,474.44110107421875,375.4300842285156,11.432942,4.133729,22.058182,25.100000
IR_57550.jpg,2025-04-23 15:20:02,Cableduct,574.5333862304688,34.876258850097656,622.7335815429688,58.15967559814453,10.022781,5.157925,21.931839,25.100000
IR_57550.jpg,2025-04-23 15:20:02,Screen,612.7864990234375,276.831787109375,639.8441162109375,373.69873046875,11.160425,4.877475,20.918762,24.945953
IR_57550.jpg,2025-04-23 15:20:02,Cableduct,213.120361328125,1.4085731506347656,316.12310791015625,52.255035400390625,12.186363,3.405286,21.023804,25.100000
IR_57550.jpg,2025-04-23 15:20:02,Cableduct,530.531005859375,39.71953582763672,565.306884765625,60.576927185058594,8.610479,4.877459,22.007915,24.961357
IR_57550.jpg,2025-04-23 15:20:02,Machine,110.42239379882812,170.16021728515625,147.17825317382812,274.30950927734375,6.567820,0.524169,22.456549,24.530025
IR_57550.jpg,2025-04-23 15:20:02,Cableduct,429.9730224609375,35.36833190917969,462.45263671875,57.3135986328125,7.576677,4.554172,21.649641,25.053785
IR_57550.jpg,2025-04-23 15:20:02,Machine,479.80950927734375,134.21163940429688,563.3385620117188,216.83871459960938,4.508179,5.399535,21.436607,25.053785
IR_57550.jpg,2025-04-23 15:20:02,Cableduct,320.4609069824219,13.354958534240723,359.0341491699219,42.321372985839844,7.488098,3.406837,21.521296,25.100000
IR_57550.jpg,2025-04-23 15:20:02,Machine,483.49267578125,103.08401489257812,578.6099853515625,201.45895385742188,6.142072,5.147693,21.372440,25.100000
IR_57550.jpg,2025-04-23 15:20:02,Machine,194.54612731933594,102.66506958007812,225.0590362548828,134.6378173828125,0.847961,0.528591,21.382011,24.745691
IR_57551.jpg,2025-04-23 15:20:32,Screen,341.92236328125,274.42657470703125,474.7274169921875,375.35516357421875,11.423350,4.137844,21.968493,25.000000
IR_57551.jpg,2025-04-23 15:20:32,Screen,613.2059326171875,280.7807312011719,639.5240478515625,369.2937316894531,10.960460,4.976039,20.874405,25.000000
IR_57551.jpg,2025-04-23 15:20:32,Cableduct,213.312744140625,1.6159515380859375,316.336181640625,51.56581497192383,12.213558,3.405499,20.927496,25.000000
IR_57551.jpg,2025-04-23 15:20:32,Cableduct,574.0865478515625,34.571449279785156,622.2962646484375,58.91117858886719,10.066624,5.162890,21.836189,25.000000
IR_57551.jpg,2025-04-23 15:20:32,Cableduct,429.8680419921875,34.865501403808594,462.798583984375,57.941505432128906,7.626127,4.559312,21.529848,25.000000
IR_57551.jpg,2025-04-23 15:20:32,Cableduct,529.0750732421875,39.67893981933594,566.2742919921875,60.97203063964844,8.542496,4.866824,21.816257,24.861359
IR_57551.jpg,2025-04-23 15:20:32,Machine,479.4723205566406,134.14093017578125,562.8214111328125,217.10272216796875,4.509923,5.394133,21.287830,25.000000
IR_57551.jpg,2025-04-23 15:20:32,Cableduct,322.8115234375,14.867278099060059,358.53826904296875,41.62458038330078,7.376561,3.360704,21.546535,25.000000
IR_57551.jpg,2025-04-23 15:20:32,Machine,110.43400573730469,169.60391235351562,146.6913604736328,275.1246032714844,6.647789,0.553040,22.388517,24.460836
IR_57551.jpg,2025-04-23 15:20:32,Machine,194.3519287109375,101.89299011230469,223.77401733398438,133.24217224121094,0.797353,0.516220,21.318386,23.243864
IR_57551.jpg,2025-04-23 15:20:32,Machine,482.2923583984375,103.32242584228516,577.9490966796875,201.99569702148438,6.125129,5.153959,21.228796,25.000000
IR_57551.jpg,2025-04-23 15:20:32,Machine,121.09799194335938,154.97369384765625,187.00970458984375,225.95541381835938,6.329353,0.566556,21.657478,25.000000
IR_57552.jpg,2025-04-23 15:21:03,Screen,342.89300537109375,275.0652160644531,473.98358154296875,375.1976013183594,11.339357,4.134077,22.053114,25.000000
IR_57552.jpg,2025-04-23 15:21:03,Screen,612.8846435546875,280.818603515625,639.5562744140625,370.003662109375,10.971101,4.969326,21.035200,25.000000
IR_57552.jpg,2025-04-23 15:21:03,Cableduct,212.1943359375,1.7803001403808594,315.69329833984375,52.7093505859375,12.224680,3.396049,21.000513,25.000000
IR_57552.jpg,2025-04-23 15:21:03,Cableduct,528.956298828125,39.757789611816406,566.228515625,61.081626892089844,8.535334,4.865906,21.735380,24.878851
IR_57552.jpg,2025-04-23 15:21:03,Cableduct,574.0809326171875,34.71600341796875,621.7742919921875,58.73712158203125,10.060764,5.162463,21.916752,25.000000
IR_57552.jpg,2025-04-23 15:21:03,Machine,110.80328369140625,170.31802368164062,146.73544311523438,275.14910888671875,6.636446,0.547953,22.462694,24.575979
IR_57552.jpg,2025-04-23 15:21:03,Cableduct,429.57269287109375,34.60871124267578,463.18707275390625,57.982521057128906,7.605458,4.548742,21.550304,25.000000
IR_57552.jpg,2025-04-23 15:21:03,Machine,479.9813537597656,135.61251831054688,562.9249267578125,218.18185424804688,4.473768,5.400808,21.305180,25.000000
IR_57552.jpg,2025-04-23 15:21:03,Cableduct,322.31939697265625,14.801925659179688,358.74212646484375,42.028968811035156,7.385273,3.367142,21.594028,25.000000
IR_57552.jpg,2025-04-23 15:21:03,Machine,195.88710021972656,103.02046203613281,223.14808654785156,132.68826293945312,0.743686,0.510965,21.419460,24.954569
IR_57552.jpg,2025-04-23 15:21:03,Cableduct,426.026611328125,32.1165657043457,466.00445556640625,61.46553421020508,7.603837,4.497232,21.310242,25.000000
IR_57553.jpg,2025-04-23 15:21:32,Screen,341.80133056640625,273.96600341796875,475.11163330078125,375.6837158203125,11.437324,4.138285,21.930973,25.000000
IR_57553.jpg,2025-04-23 15:21:32,Cableduct,213.76841735839844,1.5828742980957031,316.1778564453125,52.4964599609375,12.097990,3.396162,20.912436,25.000000
IR_57553.jpg,2025-04-23 15:21:32,Screen,612.62158203125,279.591552734375,639.561279296875,369.96356201171875,10.977054,4.960264,20.935228,25.000000
IR_57553.jpg,2025-04-23 15:21:32,Machine,479.8876953125,131.5489501953125,562.29736328125,219.29507446289062,4.661675,5.317421,21.478987,25.000000
IR_57553.jpg,2025-04-23 15:21:32,Machine,109.95286560058594,170.16455078125,146.05247497558594,275.81268310546875,6.684310,0.553999,22.400078,24.568668
IR_57553.jpg,2025-04-23 15:21:32,Cableduct,529.2193603515625,38.65480041503906,567.8475341796875,61.60218811035156,8.644135,4.882963,21.636362,25.000000
IR_57553.jpg,2025-04-23 15:21:32,Cableduct,429.671142578125,34.53852844238281,463.8636474609375,57.949256896972656,7.569722,4.537742,21.445715,25.000000
IR_57553.jpg,2025-04-23 15:21:32,Cableduct,322.904052734375,15.12051010131836,358.8001708984375,42.07177734375,7.374161,3.362418,21.550955,25.000000
IR_57553.jpg,2025-04-23 15:21:32,Cableduct,574.6927490234375,35.17491149902344,620.9688720703125,58.05589294433594,10.040664,5.160033,21.961916,25.000000
IR_57553.jpg,2025-04-23 15:21:32,Machine,194.92364501953125,102.78378295898438,223.944580078125,132.72592163085938,0.832513,0.522274,21.342859,23.320889
IR_57553.jpg,2025-04-23 15:21:32,Machine,121.41421508789062,154.0792236328125,187.88958740234375,224.6392822265625,6.309855,0.569140,21.672281,25.000000
IR_57554.jpg,2025-04-23 15:22:02,Screen,342.54852294921875,274.09722900390625,474.19732666015625,375.10845947265625,11.342315,4.134689,21.914814,24.900000
IR_57554.jpg,2025-04-23 15:22:02,Cableduct,215.4656982421875,1.6006088256835938,314.4375,50.496524810791016,11.673769,3.320067,20.900517,24.900000
IR_57554.jpg,2025-04-23 15:22:02,Machine,479.66534423828125,131.74554443359375,562.1273803710938,217.6802978515625,4.617859,5.348730,21.395151,24.900000
IR_57554.jpg,2025-04-23 15:22:02,Screen,612.2128295898438,279.7068176269531,639.6277465820312,370.2654724121094,10.971269,4.961922,20.875759,24.900000
IR_57554.jpg,2025-04-23 15:22:02,Machine,109.8410873413086,170.3077392578125,146.97671508789062,275.8792724609375,6.648132,0.543300,22.356684,24.369974
IR_57554.jpg,2025-04-23 15:22:02,Cableduct,529.3021240234375,38.64939880371094,568.793701171875,62.17982482910156,8.658230,4.887460,21.535757,24.900000
IR_57554.jpg,2025-04-23 15:22:02,Cableduct,573.9927978515625,33.5301513671875,620.9022216796875,60.11857604980469,10.240564,5.186167,21.739414,24.900000
IR_57554.jpg,2025-04-23 15:22:02,Cableduct,429.85906982421875,36.52912902832031,462.84088134765625,57.029510498046875,7.423436,4.528566,21.593107,24.900000
IR_57554.jpg,2025-04-23 15:22:02,Cableduct,321.1645202636719,15.80230712890625,356.8085021972656,42.22013473510742,7.270283,3.321387,21.507399,24.900000
IR_57554.jpg,2025-04-23 15:22:02,Machine,195.36672973632812,103.19502258300781,223.56417846679688,132.96194458007812,0.800746,0.517896,21.321358,23.325066
IR_57555.jpg,2025-04-23 15:22:32,Screen,342.1302795410156,274.33258056640625,474.3965148925781,372.55340576171875,11.403672,4.154763,21.833462,24.799999
IR_57555.jpg,2025-04-23 15:22:32,Cableduct,214.17941284179688,1.6849822998046875,316.5091247558594,51.14524841308594,12.137461,3.399151,20.770430,24.799999
IR_57555.jpg,2025-04-23 15:22:32,Screen,610.309814453125,283.064208984375,639.59228515625,368.67059326171875,10.821611,5.035591,20.760456,24.799999
IR_57555.jpg,2025-04-23 15:22:32,Machine,479.5889587402344,133.01443481445312,561.7374267578125,219.64968872070312,4.601360,5.329467,21.192005,24.799999
IR_57555.jpg,2025-04-23 15:22:32,Machine,109.4451904296875,169.77682495117188,146.92166137695312,276.2071228027344,6.674513,0.551764,22.221462,24.269974
IR_57555.jpg,2025-04-23 15:22:32,Cableduct,576.9970703125,35.874366760253906,621.34423828125,58.406837463378906,10.098471,5.170812,21.853554,24.799999
IR_57555.jpg,2025-04-23 15:22:32,Cableduct,529.2833251953125,38.5198974609375,569.6241455078125,61.86028289794922,8.638821,4.884619,21.397614,24.799999
IR_57555.jpg,2025-04-23 15:22:32,Cableduct,321.7474670410156,15.46426773071289,358.3251037597656,42.70941162109375,7.335577,3.351807,21.293701,24.799999
IR_57555.jpg,2025-04-23 15:22:32,Cableduct,430.72052001953125,37.040748596191406,461.80706787109375,55.85059356689453,7.438622,4.544554,21.831457,24.799999
IR_57555.jpg,2025-04-23 15:22:32,Machine,194.51210021972656,102.473388671875,224.8478240966797,133.1251220703125,0.873969,0.530417,21.177778,23.194778
IR_57556.jpg,2025-04-23 15:23:03,Screen,343.4609375,275.32464599609375,474.36865234375,371.28729248046875,11.359924,4.166947,21.911028,24.900000
IR_57556.jpg,2025-04-23 15:23:03,Cableduct,218.6813201904297,1.4872207641601562,313.17132568359375,49.55632019042969,11.085301,3.243772,20.803825,24.900000
IR_57556.jpg,2025-04-23 15:23:03,Machine,480.34368896484375,132.57969665527344,562.7892456054688,220.5363006591797,4.648818,5.314215,21.232393,24.900000
IR_57556.jpg,2025-04-23 15:23:03,Screen,610.1143798828125,278.92303466796875,639.5040283203125,367.52227783203125,10.833771,5.011810,20.926039,24.900000
IR_57556.jpg,2025-04-23 15:23:03,Cableduct,430.93572998046875,36.161643981933594,461.06536865234375,54.38715362548828,7.501384,4.552071,21.861963,24.900000
IR_57556.jpg,2025-04-23 15:23:03,Cableduct,528.9530029296875,39.139442443847656,569.7977294921875,62.43602752685547,8.589198,4.879463,21.414013,24.900000
IR_57556.jpg,2025-04-23 15:23:03,Machine,110.99581146240234,170.30746459960938,146.63961791992188,276.0061340332031,6.693811,0.568641,22.297997,24.475979
IR_57556.jpg,2025-04-23 15:23:03,Cableduct,575.1043701171875,35.52446746826172,621.7462158203125,57.45220184326172,9.987542,5.153653,21.858854,24.900000
IR_57556.jpg,2025-04-23 15:23:03,Cableduct,321.14093017578125,15.497669219970703,358.70135498046875,43.050716400146484,7.321377,3.353007,21.271294,24.900000
IR_57557.jpg,2025-04-23 15:23:32,Screen,343.15869140625,274.1044921875,475.229736328125,372.8533935546875,11.381949,4.161638,21.952789,24.900000
IR_57557.jpg,2025-04-23 15:23:32,Cableduct,218.75088500976562,1.6678237915039062,316.4934997558594,49.69913101196289,11.573971,3.344001,20.884714,24.900000
IR_57557.jpg,2025-04-23 15:23:32,Machine,479.696044921875,131.71038818359375,565.209716796875,222.03433227539062,4.735878,5.298690,21.214417,24.900000
IR_57557.jpg,2025-04-23 15:23:32,Machine,108.60931396484375,169.275634765625,146.93955993652344,274.87274169921875,6.598383,0.522360,22.297483,24.475979
IR_57557.jpg,2025-04-23 15:23:32,Cableduct,574.064453125,34.838401794433594,621.95166015625,58.235084533691406,10.022509,5.156844,21.816320,24.900000
IR_57557.jpg,2025-04-23 15:23:32,Screen,612.2244262695312,275.2153625488281,639.6043090820312,370.0932312011719,11.028377,4.918897,20.830721,24.900000
IR_57557.jpg,2025-04-23 15:23:32,Cableduct,429.5621643066406,34.80897903442383,462.4898376464844,56.399776458740234,7.545891,4.537275,21.558319,24.900000
IR_57557.jpg,2025-04-23 15:23:32,Cableduct,529.43017578125,39.61517333984375,567.19580078125,61.048316955566406,8.552448,4.869999,21.547812,24.900000
IR_57557.jpg,2025-04-23 15:23:32,Cableduct,321.8770751953125,15.271305084228516,365.46307373046875,44.74909973144531,7.374275,3.440172,21.365236,24.900000
IR_57558.jpg,2025-04-23 15:24:02,Screen,343.830810546875,274.2173156738281,474.5919189453125,371.7217712402344,11.311390,4.164581,21.888105,24.900000
IR_57558.jpg,2025-04-23 15:24:02,Cableduct,221.33322143554688,1.4362449645996094,315.5356750488281,49.098716735839844,11.106953,3.287284,20.780066,24.900000
IR_57558.jpg,2025-04-23 15:24:02,Cableduct,430.33514404296875,35.52449035644531,461.04815673828125,54.886566162109375,7.546295,4.552480,21.846043,24.900000
IR_57558.jpg,2025-04-23 15:24:02,Machine,106.1202392578125,169.99356079101562,146.18475341796875,274.8429260253906,6.647582,0.492556,22.170940,24.900000
IR_57558.jpg,2025-04-23 15:24:02,Machine,479.7646179199219,129.46295166015625,563.663818359375,216.61065673828125,4.712698,5.343298,21.222824,24.900000
IR_57558.jpg,2025-04-23 15:24:02,Screen,610.7316284179688,274.59405517578125,639.7567749023438,370.57586669921875,10.997360,4.922676,20.533466,24.900000
IR_57558.jpg,2025-04-23 15:24:02,Cableduct,529.553955078125,39.683135986328125,567.15625,61.081214904785156,8.554615,4.870696,21.436380,24.900000
IR_57558.jpg,2025-04-23 15:24:02,Cableduct,574.7714233398438,35.052406311035156,621.4765014648438,57.031639099121094,9.999497,5.153666,21.846994,24.900000
IR_57558.jpg,2025-04-23 15:24:02,Cableduct,321.26385498046875,16.18854522705078,359.96295166015625,42.321414947509766,7.182091,3.323843,21.441315,24.900000
IR_57559.jpg,2025-04-23 15:24:32,Screen,342.74578857421875,274.8648681640625,474.591796875,372.34478759765625,11.396469,4.159853,21.926039,25.000000
IR_57559.jpg,2025-04-23 15:24:32,Cableduct,220.9031219482422,1.4332542419433594,315.36102294921875,49.28547668457031,11.131556,3.287050,20.815094,25.000000
IR_57559.jpg,2025-04-23 15:24:32,Machine,479.18658447265625,132.8658447265625,563.4575805664062,218.48040771484375,4.593852,5.369466,21.131153,25.000000
IR_57559.jpg,2025-04-23 15:24:32,Cableduct,431.0743713378906,36.09070587158203,460.8870544433594,55.45178985595703,7.586648,4.573479,22.032106,25.000000
IR_57559.jpg,2025-04-23 15:24:32,Machine,109.85133361816406,170.16610717773438,146.6228790283203,274.3302307128906,6.576087,0.519148,22.287642,24.568668
IR_57559.jpg,2025-04-23 15:24:32,Screen,610.77294921875,269.39923095703125,639.7310791015625,370.47894287109375,11.130226,4.864240,20.595228,24.845953
IR_57559.jpg,2025-04-23 15:24:32,Cableduct,321.5020751953125,15.155487060546875,359.44525146484375,41.745208740234375,7.281710,3.344099,21.367329,25.000000
IR_57559.jpg,2025-04-23 15:24:32,Cableduct,529.642578125,39.370262145996094,568.697265625,61.57392120361328,8.582247,4.877060,21.498611,25.000000
IR_57559.jpg,2025-04-23 15:24:32,Cableduct,574.805908203125,35.204734802246094,622.608154296875,58.54254913330078,10.031578,5.161080,21.767595,25.000000
IR_57559.jpg,2025-04-23 15:24:32,Screen,607.8021240234375,238.81155395507812,640.0,359.0703430175781,11.384972,4.865158,20.471785,25.000000
IR_57560.jpg,2025-04-23 15:25:02,Screen,343.1602783203125,274.0662841796875,474.817138671875,373.406982421875,11.351791,4.153606,21.983248,25.100000
IR_57560.jpg,2025-04-23 15:25:02,Cableduct,212.34234619140625,1.7281875610351562,314.29193115234375,48.39685821533203,12.136879,3.349239,20.840059,25.100000
IR_57560.jpg,2025-04-23 15:25:02,Machine,479.3454895019531,129.51870727539062,561.783203125,218.66561889648438,4.730003,5.293162,21.176489,25.100000
IR_57560.jpg,2025-04-23 15:25:02,Screen,611.1145629882812,269.03985595703125,639.7836303710938,371.98468017578125,11.219130,4.832914,20.662481,25.100000
IR_57560.jpg,2025-04-23 15:25:02,Machine,109.94700622558594,170.18026733398438,146.2904815673828,274.5165710449219,6.600639,0.526908,22.342728,24.622454
IR_57560.jpg,2025-04-23 15:25:02,Cableduct,430.93896484375,36.355995178222656,461.474365234375,56.334556579589844,7.563569,4.569321,21.988504,25.100000
IR_57560.jpg,2025-04-23 15:25:02,Cableduct,322.89404296875,16.793155670166016,359.875244140625,40.93877410888672,7.094806,3.287960,21.509815,25.100000
IR_57560.jpg,2025-04-23 15:25:02,Cableduct,529.250732421875,38.61116027832031,569.09765625,62.08671569824219,8.649186,4.886127,21.439650,25.100000
IR_57560.jpg,2025-04-23 15:25:02,Cableduct,575.4171752929688,35.60909652709961,621.9751586914062,59.06101608276367,10.065353,5.167320,21.823112,25.100000
IR_57561.jpg,2025-04-23 15:25:32,Screen,344.7818603515625,274.9324951171875,474.7662353515625,371.59124755859375,11.287682,4.169652,21.972904,25.000000
IR_57561.jpg,2025-04-23 15:25:32,Machine,479.49652099609375,132.512939453125,563.1033325195312,218.67767333984375,4.608848,5.355290,21.555311,25.000000
IR_57561.jpg,2025-04-23 15:25:32,Cableduct,220.62982177734375,1.5357093811035156,314.25421142578125,50.8778076171875,10.945196,3.254351,20.796797,25.000000
IR_57561.jpg,2025-04-23 15:25:32,Screen,613.2384033203125,274.8266906738281,639.6810302734375,375.8491516113281,11.332039,4.810790,20.702480,24.861359
IR_57561.jpg,2025-04-23 15:25:32,Machine,109.56764221191406,169.6522216796875,145.8573760986328,275.03570556640625,6.652031,0.542413,22.303545,25.000000
IR_57561.jpg,2025-04-23 15:25:32,Cableduct,529.6751708984375,38.93738555908203,566.8966064453125,61.284339904785156,8.643542,4.882495,21.500633,24.953787
IR_57561.jpg,2025-04-23 15:25:32,Cableduct,321.49090576171875,14.815353393554688,358.89703369140625,42.109619140625,7.352273,3.361283,21.401155,25.000000
IR_57561.jpg,2025-04-23 15:25:32,Cableduct,431.13763427734375,37.4813346862793,461.04010009765625,55.74215316772461,7.478144,4.562487,22.116314,25.000000
IR_57561.jpg,2025-04-23 15:25:32,Cableduct,574.176025390625,34.82990646362305,622.62841796875,59.312198638916016,10.058515,5.162811,21.708050,25.000000
IR_57561.jpg,2025-04-23 15:25:32,Screen,612.084716796875,243.13629150390625,639.677734375,367.4774169921875,11.915281,4.799026,20.580757,25.000000
IR_57562.jpg,2025-04-23 15:26:02,Screen,343.4600830078125,274.82965087890625,474.6405029296875,371.37554931640625,11.359796,4.168108,21.990553,25.000000
IR_57562.jpg,2025-04-23 15:26:02,Screen,612.917724609375,273.25067138671875,639.685546875,374.23895263671875,11.289583,4.822716,20.686604,24.861359
IR_57562.jpg,2025-04-23 15:26:02,Machine,479.8050537109375,131.54498291015625,563.1837158203125,217.4007568359375,4.629617,5.361465,21.670998,25.000000
IR_57562.jpg,2025-04-23 15:26:02,Cableduct,220.50389099121094,1.6505508422851562,314.0401611328125,48.82415771484375,10.996738,3.246023,20.801992,25.000000
IR_57562.jpg,2025-04-23 15:26:02,Machine,110.38499450683594,170.46792602539062,146.24098205566406,276.12841796875,6.697099,0.561048,22.323046,24.568668
IR_57562.jpg,2025-04-23 15:26:02,Cableduct,321.3981628417969,14.906837463378906,359.8711242675781,42.82592010498047,7.364651,3.374071,21.324556,25.000000
IR_57562.jpg,2025-04-23 15:26:02,Cableduct,528.4574584960938,38.79069900512695,567.3919067382812,62.89804458618164,8.662978,4.886835,21.460587,25.000000
IR_57562.jpg,2025-04-23 15:26:02,Cableduct,431.0389099121094,36.64628601074219,460.8113708496094,56.6212158203125,7.607058,4.585587,21.914364,25.000000
IR_57562.jpg,2025-04-23 15:26:02,Cableduct,576.9408569335938,36.569190979003906,622.4091186523438,58.18870544433594,10.002408,5.156435,21.902786,25.000000
IR_57562.jpg,2025-04-23 15:26:02,Machine,121.89707946777344,154.38729858398438,187.58592224121094,227.36541748046875,6.216113,0.574499,21.585199,25.000000
IR_57563.jpg,2025-04-23 15:26:32,Screen,343.527099609375,274.626708984375,473.698486328125,374.3731689453125,11.272788,4.137256,22.024725,25.000000
IR_57563.jpg,2025-04-23 15:26:32,Screen,612.613037109375,276.18853759765625,639.67041015625,373.70965576171875,11.174870,4.867947,20.787506,24.863708
IR_57563.jpg,2025-04-23 15:26:32,Cableduct,576.812744140625,35.003990173339844,622.1689453125,58.72325134277344,10.168880,5.181534,21.941435,25.000000
IR_57563.jpg,2025-04-23 15:26:32,Cableduct,219.2189178466797,1.4296188354492188,314.35101318359375,48.490299224853516,11.229312,3.275027,20.881958,25.000000
IR_57563.jpg,2025-04-23 15:26:32,Cableduct,528.75390625,38.55583953857422,567.893798828125,63.312477111816406,8.709377,4.895102,21.512808,25.000000
IR_57563.jpg,2025-04-23 15:26:32,Machine,479.7874755859375,134.450927734375,562.0894775390625,216.30618286132812,4.475970,5.398152,21.363064,25.000000
IR_57563.jpg,2025-04-23 15:26:32,Machine,110.04379272460938,169.52447509765625,146.86328125,274.6251525878906,6.606187,0.536568,22.383171,24.530548
IR_57563.jpg,2025-04-23 15:26:32,Cableduct,320.9997863769531,15.3275146484375,360.5682678222656,43.328399658203125,7.319737,3.369979,21.262028,25.000000
IR_57563.jpg,2025-04-23 15:26:32,Cableduct,430.45062255859375,35.38385772705078,461.90826416015625,56.02460479736328,7.571162,4.555896,21.617426,25.000000
IR_57563.jpg,2025-04-23 15:26:32,Machine,121.9652099609375,153.58164978027344,188.31915283203125,225.2898406982422,6.234494,0.573644,21.632710,25.000000
IR_57564.jpg,2025-04-23 15:27:03,Screen,343.55352783203125,274.080322265625,474.81817626953125,373.6654052734375,11.326378,4.152296,22.051554,25.000000
IR_57564.jpg,2025-04-23 15:27:03,Cableduct,215.43666076660156,1.4332618713378906,311.8514404296875,49.4025764465332,11.323246,3.241791,20.888838,25.000000
IR_57564.jpg,2025-04-23 15:27:03,Screen,613.2138671875,275.38348388671875,639.723876953125,375.14898681640625,11.284611,4.829871,20.843840,24.803133
IR_57564.jpg,2025-04-23 15:27:03,Cableduct,576.2745361328125,35.12122344970703,621.9822998046875,58.292015075683594,10.115490,5.173089,21.993734,25.000000
IR_57564.jpg,2025-04-23 15:27:03,Machine,109.99832153320312,170.152099609375,146.60848999023438,274.80511474609375,6.607601,0.531123,22.362648,24.575979
IR_57564.jpg,2025-04-23 15:27:03,Machine,479.3628845214844,134.96420288085938,562.0426025390625,215.73861694335938,4.441556,5.409729,21.312513,25.000000
IR_57564.jpg,2025-04-23 15:27:03,Cableduct,528.3054809570312,39.70551300048828,565.6890258789062,61.24738311767578,8.525620,4.862954,21.667419,25.000000
IR_57564.jpg,2025-04-23 15:27:03,Cableduct,321.68011474609375,15.30841064453125,358.72369384765625,42.81006622314453,7.349730,3.359577,21.381903,25.000000
IR_57564.jpg,2025-04-23 15:27:03,Cableduct,429.0460205078125,33.718387603759766,461.26806640625,56.936397552490234,7.723539,4.569133,21.588655,25.000000
IR_57564.jpg,2025-04-23 15:27:03,Machine,122.13929748535156,153.3350372314453,187.96067810058594,226.08067321777344,6.168932,0.571622,21.644493,25.000000
IR_57564.jpg,2025-04-23 15:27:03,Machine,197.0560302734375,102.55531311035156,222.82330322265625,128.90699768066406,0.734097,0.512706,21.324463,23.273630
IR_57565.jpg,2025-04-23 15:27:32,Screen,343.2731628417969,274.3955078125,474.4187927246094,374.17047119140625,11.326555,4.144986,22.066719,25.000000
IR_57565.jpg,2025-04-23 15:27:32,Cableduct,220.05245971679688,1.4770240783691406,314.6583557128906,50.78152847290039,11.087595,3.274958,20.922363,25.000000
IR_57565.jpg,2025-04-23 15:27:32,Cableduct,528.5596923828125,39.93974304199219,565.1783447265625,61.35943603515625,8.531425,4.864374,21.728998,24.803133
IR_57565.jpg,2025-04-23 15:27:32,Cableduct,574.5651245117188,35.43843078613281,621.9183959960938,57.59846496582031,9.973017,5.151835,22.024803,25.000000
IR_57565.jpg,2025-04-23 15:27:32,Machine,110.4241943359375,170.02438354492188,146.93228149414062,274.78790283203125,6.607987,0.537593,22.442024,24.621410
IR_57565.jpg,2025-04-23 15:27:32,Machine,479.6354675292969,132.68209838867188,562.135498046875,217.53970336914062,4.573896,5.366638,21.269747,25.000000
IR_57565.jpg,2025-04-23 15:27:32,Screen,613.4244384765625,276.30712890625,639.7955322265625,376.16937255859375,11.311810,4.823018,20.940182,25.000000
IR_57565.jpg,2025-04-23 15:27:32,Cableduct,321.3121337890625,14.849971771240234,359.01959228515625,42.130088806152344,7.340112,3.359215,21.370102,25.000000
IR_57565.jpg,2025-04-23 15:27:32,Machine,481.79083251953125,103.55928039550781,579.0867309570312,204.70350646972656,6.171599,5.164054,21.196022,25.000000
IR_57565.jpg,2025-04-23 15:27:32,Machine,121.91415405273438,153.60411071777344,187.902099609375,227.1348114013672,6.175964,0.576172,21.685034,25.000000
IR_57566.jpg,2025-04-23 15:28:02,Screen,343.19122314453125,275.315673828125,474.183837890625,374.84149169921875,11.343668,4.139380,22.099733,25.000000
IR_57566.jpg,2025-04-23 15:28:02,Cableduct,218.81982421875,1.2136154174804688,312.64990234375,50.585601806640625,10.956556,3.231338,20.960657,25.000000
IR_57566.jpg,2025-04-23 15:28:02,Cableduct,576.4266967773438,34.60467529296875,622.0819702148438,57.99858093261719,10.154462,5.177822,22.025021,25.000000
IR_57566.jpg,2025-04-23 15:28:02,Machine,110.26563262939453,170.52618408203125,146.03240966796875,274.4079284667969,6.601531,0.526902,22.457457,24.621410
IR_57566.jpg,2025-04-23 15:28:02,Cableduct,529.5092163085938,39.8962287902832,566.5335083007812,61.038211822509766,8.542351,4.868452,21.792883,24.878851
IR_57566.jpg,2025-04-23 15:28:02,Machine,479.074462890625,132.8316650390625,561.857421875,218.13421630859375,4.571893,5.358619,21.326817,25.000000
IR_57566.jpg,2025-04-23 15:28:02,Cableduct,321.2427673339844,14.597099304199219,358.3769836425781,41.970314025878906,7.367906,3.362471,21.471655,25.000000
IR_57566.jpg,2025-04-23 15:28:02,Cableduct,429.79400634765625,35.25511169433594,462.9486083984375,57.27854919433594,7.539114,4.541374,21.536684,25.000000
IR_57566.jpg,2025-04-23 15:28:02,Machine,482.26116943359375,102.51564025878906,578.3023071289062,202.67539978027344,6.183951,5.144186,21.273399,25.000000
IR_57566.jpg,2025-04-23 15:28:02,Screen,613.9814453125,274.66717529296875,639.869140625,378.27197265625,11.465782,4.764378,21.013563,25.000000
IR_57567.jpg,2025-04-23 15:28:32,Screen,342.9810791015625,275.0328674316406,473.7391357421875,375.0185241699219,11.318795,4.133039,22.084251,25.000000
IR_57567.jpg,2025-04-23 15:28:32,Cableduct,222.27647399902344,1.4629478454589844,315.2960205078125,50.85237503051758,10.885700,3.268865,20.947084,25.000000
IR_57567.jpg,2025-04-23 15:28:32,Cableduct,576.34521484375,35.120365142822266,622.224853515625,57.855342864990234,10.094633,5.170025,22.055052,25.000000
IR_57567.jpg,2025-04-23 15:28:32,Cableduct,429.99627685546875,34.70518493652344,462.69525146484375,57.29901123046875,7.619666,4.556279,21.538742,25.000000
IR_57567.jpg,2025-04-23 15:28:32,Machine,110.62203216552734,170.73941040039062,146.19833374023438,274.7633361816406,6.618172,0.535046,22.458237,24.621410
IR_57567.jpg,2025-04-23 15:28:32,Cableduct,529.083984375,39.41826629638672,567.6436767578125,61.835609436035156,8.581933,4.875457,21.791294,24.878851
IR_57567.jpg,2025-04-23 15:28:32,Machine,483.18890380859375,103.1278076171875,577.7283325195312,201.08706665039062,6.111791,5.142009,21.322262,25.000000
IR_57567.jpg,2025-04-23 15:28:32,Machine,478.5912780761719,132.07162475585938,563.648193359375,218.94467163085938,4.640501,5.351813,21.350485,25.000000
IR_57567.jpg,2025-04-23 15:28:32,Cableduct,320.59832763671875,15.299903869628906,358.0498046875,42.888511657714844,7.323658,3.350073,21.433043,25.000000
IR_57567.jpg,2025-04-23 15:28:32,Screen,612.5045166015625,276.7810363769531,639.6868896484375,372.3276062011719,11.093872,4.898951,20.935093,25.000000
IR_57567.jpg,2025-04-23 15:28:32,Machine,196.20330810546875,103.68635559082031,222.01031494140625,130.82350158691406,0.761089,0.507812,21.320887,23.273630
IR_57568.jpg,2025-04-23 15:29:02,Screen,343.5224609375,275.45391845703125,474.3536376953125,375.4666748046875,11.334450,4.137222,22.122606,25.000000
IR_57568.jpg,2025-04-23 15:29:02,Cableduct,216.86170959472656,1.4078826904296875,316.0616455078125,50.71421813964844,11.729589,3.358207,20.980236,25.000000
IR_57568.jpg,2025-04-23 15:29:02,Cableduct,430.0084228515625,34.79175567626953,463.004638671875,57.34197998046875,7.593915,4.550233,21.593468,25.000000
IR_57568.jpg,2025-04-23 15:29:02,Cableduct,576.565673828125,36.61067199707031,621.716064453125,58.509796142578125,10.008431,5.158438,22.131416,25.000000
IR_57568.jpg,2025-04-23 15:29:02,Machine,111.63853454589844,171.56863403320312,146.34129333496094,274.1346130371094,6.577213,0.526058,22.514782,24.575979
IR_57568.jpg,2025-04-23 15:29:02,Cableduct,321.2207946777344,14.176097869873047,359.2229309082031,43.463680267333984,7.491897,3.408692,21.495913,25.000000
IR_57568.jpg,2025-04-23 15:29:02,Machine,479.57550048828125,133.43099975585938,562.0287475585938,218.01226806640625,4.549826,5.369456,21.451780,25.000000
IR_57568.jpg,2025-04-23 15:29:02,Screen,612.2318115234375,274.4989929199219,639.7493896484375,372.3016662597656,11.139385,4.877540,21.003683,24.803133
IR_57568.jpg,2025-04-23 15:29:02,Cableduct,529.0733642578125,39.80794906616211,566.9339599609375,60.91573715209961,8.515661,4.863811,21.931845,24.878851
IR_57568.jpg,2025-04-23 15:29:02,Machine,484.48980712890625,102.31381225585938,576.9993286132812,201.78167724609375,6.130161,5.112218,21.430655,25.000000
IR_57568.jpg,2025-04-23 15:29:02,Machine,196.29144287109375,103.00462341308594,222.89312744140625,130.31752014160156,0.773137,0.514203,21.352133,23.273630
IR_57569.jpg,2025-04-23 15:29:32,Screen,342.737060546875,274.9049072265625,474.181396484375,375.27716064453125,11.355446,4.134956,22.065680,24.900000
IR_57569.jpg,2025-04-23 15:29:32,Cableduct,216.99551391601562,1.5317497253417969,316.5071105957031,51.387935638427734,11.755359,3.368610,20.970730,24.900000
IR_57569.jpg,2025-04-23 15:29:32,Cableduct,576.71728515625,35.975311279296875,622.37158203125,58.55842590332031,10.064993,5.168128,22.039827,24.900000
IR_57569.jpg,2025-04-23 15:29:32,Machine,479.52459716796875,130.72760009765625,561.0654907226562,216.82672119140625,4.642214,5.336133,21.462523,24.900000
IR_57569.jpg,2025-04-23 15:29:32,Machine,110.44004821777344,170.04837036132812,146.4161834716797,275.7960205078125,6.684349,0.561026,22.447563,24.527937
IR_57569.jpg,2025-04-23 15:29:32,Screen,609.7359619140625,279.20123291015625,639.81201171875,369.08111572265625,10.862411,5.000832,20.966703,24.900000
IR_57569.jpg,2025-04-23 15:29:32,Cableduct,321.61370849609375,14.734719276428223,358.9967041015625,41.05030822753906,7.299541,3.344253,21.528860,24.900000
IR_57569.jpg,2025-04-23 15:29:32,Cableduct,529.1221313476562,39.87727355957031,566.6798706054688,60.63716125488281,8.503379,4.861368,21.929268,24.810705
IR_57569.jpg,2025-04-23 15:29:32,Cableduct,430.20819091796875,34.88615417480469,463.74017333984375,58.489227294921875,7.612422,4.555630,21.541298,24.840469
IR_57569.jpg,2025-04-23 15:29:32,Machine,483.3541259765625,102.3028564453125,575.297119140625,199.38308715820312,6.072423,5.113006,21.434700,24.900000
IR_57569.jpg,2025-04-23 15:29:32,Machine,195.96453857421875,103.68708801269531,222.2410888671875,132.10414123535156,0.750553,0.507118,21.303534,24.483290
IR_57570.jpg,2025-04-23 15:30:02,Screen,342.1518859863281,275.1330871582031,474.6824645996094,373.9109191894531,11.438444,4.149240,22.116817,24.900000
IR_57570.jpg,2025-04-23 15:30:02,Cableduct,213.3870391845703,1.156829833984375,315.66278076171875,51.104095458984375,12.122493,3.391827,20.998713,24.900000
IR_57570.jpg,2025-04-23 15:30:02,Screen,614.1857299804688,276.89971923828125,639.8300170898438,375.13848876953125,11.285269,4.839395,20.994493,24.795822
IR_57570.jpg,2025-04-23 15:30:02,Cableduct,322.2261657714844,14.23809814453125,358.9073181152344,41.8299446105957,7.430798,3.382126,21.581488,24.900000
IR_57570.jpg,2025-04-23 15:30:02,Cableduct,577.1039428710938,37.31877136230469,621.7562866210938,57.80262756347656,9.933726,5.142397,22.244644,24.900000
IR_57570.jpg,2025-04-23 15:30:02,Machine,479.2542419433594,134.2952423095703,562.2239990234375,219.71559143066406,4.546216,5.354134,21.463837,24.855352
IR_57570.jpg,2025-04-23 15:30:02,Machine,110.40192413330078,169.78884887695312,146.54974365234375,275.5745544433594,6.673006,0.559244,22.452759,24.483290
IR_57570.jpg,2025-04-23 15:30:02,Cableduct,528.3762817382812,39.812294006347656,566.3466186523438,61.49127960205078,8.518529,4.863533,21.875948,24.795822
IR_57570.jpg,2025-04-23 15:30:02,Cableduct,429.40521240234375,34.636619567871094,464.13067626953125,58.59081268310547,7.561498,4.535326,21.523754,24.855352
IR_57571.jpg,2025-04-23 15:30:33,Screen,340.12713623046875,275.50030517578125,474.1671142578125,374.60113525390625,11.541922,4.141147,22.031834,24.799999
IR_57571.jpg,2025-04-23 15:30:33,Cableduct,576.6094360351562,35.435020446777344,622.0846557617188,59.368995666503906,10.151206,5.180177,21.892742,24.799999
IR_57571.jpg,2025-04-23 15:30:33,Cableduct,215.3216552734375,1.4199104309082031,316.58740234375,52.2767219543457,11.962477,3.393519,20.958904,24.799999
IR_57571.jpg,2025-04-23 15:30:33,Cableduct,529.3126220703125,39.77293395996094,566.0452880859375,60.719390869140625,8.538060,4.865993,21.881386,24.741514
IR_57571.jpg,2025-04-23 15:30:33,Cableduct,430.1756896972656,35.00956344604492,463.3935852050781,57.84139633178711,7.586734,4.551141,21.584148,24.799999
IR_57571.jpg,2025-04-23 15:30:33,Screen,613.0604858398438,275.56817626953125,639.7753295898438,374.29156494140625,11.234169,4.848838,20.882793,24.697651
IR_57571.jpg,2025-04-23 15:30:33,Machine,111.02649688720703,169.3211669921875,146.976318359375,274.541259765625,6.625067,0.554446,22.452799,24.390600
IR_57571.jpg,2025-04-23 15:30:33,Cableduct,321.6630859375,15.392067909240723,358.38909912109375,41.5284423828125,7.266622,3.330117,21.561499,24.799999
IR_57571.jpg,2025-04-23 15:30:33,Machine,479.6903381347656,134.42446899414062,563.1781005859375,219.58169555664062,4.549539,5.366638,21.419022,24.799999
IR_57571.jpg,2025-04-23 15:30:33,Machine,194.72320556640625,103.17570495605469,224.430908203125,133.92539978027344,0.856188,0.526645,21.239025,24.390600
IR_57571.jpg,2025-04-23 15:30:33,Machine,485.7041015625,103.58332061767578,573.822265625,198.9329833984375,5.946806,5.102955,21.421835,24.799999
IR_57571.jpg,2025-04-23 15:30:33,Machine,122.32404327392578,154.52401733398438,188.25836181640625,226.62167358398438,6.243331,0.577639,21.649542,24.799999
IR_57572.jpg,2025-04-23 15:31:02,Screen,340.7254638671875,275.81903076171875,474.0186767578125,374.45172119140625,11.506224,4.139995,22.047129,24.799999
IR_57572.jpg,2025-04-23 15:31:02,Screen,612.9647216796875,275.74102783203125,639.6566162109375,372.33062744140625,11.143587,4.881431,20.856684,24.799999
IR_57572.jpg,2025-04-23 15:31:02,Cableduct,214.03097534179688,1.5404853820800781,315.8657531738281,52.19416809082031,12.026175,3.383890,20.974270,24.799999
IR_57572.jpg,2025-04-23 15:31:02,Cableduct,574.508544921875,33.99738311767578,622.8533935546875,58.558143615722656,10.110006,5.168313,21.813480,24.799999
IR_57572.jpg,2025-04-23 15:31:02,Machine,479.3456726074219,134.3311767578125,562.890380859375,216.740234375,4.495406,5.399938,21.400343,24.799999
IR_57572.jpg,2025-04-23 15:31:02,Machine,111.53416442871094,169.82742309570312,146.63478088378906,275.4499816894531,6.687341,0.575246,22.463112,24.346737
IR_57572.jpg,2025-04-23 15:31:02,Cableduct,429.345947265625,34.54266357421875,463.0133056640625,57.99095153808594,7.609052,4.548233,21.536537,24.756136
IR_57572.jpg,2025-04-23 15:31:02,Cableduct,322.7669982910156,14.963974952697754,358.1986999511719,40.87005615234375,7.323359,3.341062,21.607103,24.799999
IR_57572.jpg,2025-04-23 15:31:02,Cableduct,529.4990844726562,39.889976501464844,566.1046752929688,60.40093231201172,8.520536,4.863405,21.883589,24.741514
IR_57572.jpg,2025-04-23 15:31:02,Machine,483.55810546875,103.82550048828125,576.4525146484375,200.29415893554688,6.022858,5.134068,21.346935,24.756136
IR_57572.jpg,2025-04-23 15:31:02,Machine,195.32525634765625,102.45268249511719,224.235595703125,132.7891082763672,0.798265,0.521180,21.269636,23.133160
IR_57573.jpg,2025-04-23 15:31:32,Screen,339.77337646484375,275.3038635253906,474.52069091796875,374.1473083496094,11.582878,4.149333,21.917173,24.700001
IR_57573.jpg,2025-04-23 15:31:32,Screen,613.998046875,276.92822265625,639.59521484375,370.44384765625,11.079238,4.913661,20.826769,24.700001
IR_57573.jpg,2025-04-23 15:31:32,Cableduct,214.97042846679688,1.6279029846191406,315.4633483886719,51.903472900390625,11.848339,3.358320,20.858198,24.700001
IR_57573.jpg,2025-04-23 15:31:32,Cableduct,575.1131591796875,34.40239715576172,622.0452880859375,58.65845489501953,10.138768,5.175445,21.750668,24.700001
IR_57573.jpg,2025-04-23 15:31:32,Machine,479.51898193359375,134.03701782226562,562.8580932617188,218.36740112304688,4.539189,5.380984,21.224245,24.700001
IR_57573.jpg,2025-04-23 15:31:32,Cableduct,428.9735107421875,34.728424072265625,462.32330322265625,57.89837646484375,7.610616,4.550858,21.403828,24.700001
IR_57573.jpg,2025-04-23 15:31:32,Cableduct,321.9955139160156,14.473926544189453,358.5705871582031,41.265316009521484,7.365743,3.359840,21.443260,24.700001
IR_57573.jpg,2025-04-23 15:31:32,Cableduct,530.0458374023438,40.12617492675781,566.4387817382812,60.79573059082031,8.538239,4.868652,21.826056,24.700001
IR_57573.jpg,2025-04-23 15:31:32,Machine,111.35541534423828,169.59625244140625,146.69488525390625,274.27691650390625,6.620026,0.552992,22.387186,24.290600
IR_57573.jpg,2025-04-23 15:31:32,Machine,482.5917053222656,103.97817993164062,577.2344970703125,203.50198364257812,6.069974,5.140867,21.155151,24.700001
IR_57574.jpg,2025-04-23 15:32:03,Screen,341.22412109375,274.7752380371094,473.19085693359375,375.9501037597656,11.379807,4.118362,21.838007,24.600000
IR_57574.jpg,2025-04-23 15:32:03,Screen,612.8060302734375,278.772705078125,639.5926513671875,371.6199951171875,11.042956,4.926277,20.748121,24.600000
IR_57574.jpg,2025-04-23 15:32:03,Cableduct,212.66751098632812,1.3446731567382812,314.0639343261719,52.28007888793945,11.933721,3.347183,20.793282,24.600000
IR_57574.jpg,2025-04-23 15:32:03,Cableduct,528.6809692382812,38.387481689453125,567.6793823242188,61.794708251953125,8.654135,4.883134,21.511333,24.556135
IR_57574.jpg,2025-04-23 15:32:03,Cableduct,574.18896484375,33.958984375,621.991455078125,59.23759460449219,10.147459,5.173486,21.625862,24.600000
IR_57574.jpg,2025-04-23 15:32:03,Cableduct,430.1492004394531,35.58522033691406,462.4447326660156,58.02870178222656,7.609541,4.566168,21.330971,24.600000
IR_57574.jpg,2025-04-23 15:32:03,Machine,111.45420837402344,170.06936645507812,146.9360809326172,275.1201477050781,6.649024,0.561109,22.319960,24.146736
IR_57574.jpg,2025-04-23 15:32:03,Machine,479.2943115234375,133.32159423828125,563.0511474609375,218.07861328125,4.564170,5.378895,21.170794,24.600000
IR_57574.jpg,2025-04-23 15:32:03,Cableduct,321.99200439453125,15.395660400390625,358.4522705078125,41.835811614990234,7.297346,3.339227,21.387693,24.600000
IR_57574.jpg,2025-04-23 15:32:03,Machine,195.853271484375,102.82339477539062,224.27359008789062,132.5806884765625,0.791394,0.521951,21.106758,23.006266
IR_57575.jpg,2025-04-23 15:32:32,Screen,341.6612548828125,276.10186767578125,472.94970703125,374.83026123046875,11.388556,4.126862,21.831839,24.500000
IR_57575.jpg,2025-04-23 15:32:32,Screen,614.385009765625,279.6048583984375,639.612060546875,370.3006591796875,11.041677,4.940401,20.699183,24.500000
IR_57575.jpg,2025-04-23 15:32:32,Cableduct,211.4049072265625,1.8021583557128906,316.8751220703125,52.06211853027344,12.530992,3.441843,20.758198,24.500000
IR_57575.jpg,2025-04-23 15:32:32,Cableduct,574.8388671875,34.749603271484375,622.58837890625,58.919921875,10.089261,5.168522,21.628723,24.500000
IR_57575.jpg,2025-04-23 15:32:32,Machine,480.11004638671875,130.53350830078125,562.6017456054688,219.19671630859375,4.707122,5.304929,21.259180,24.500000
IR_57575.jpg,2025-04-23 15:32:32,Cableduct,528.5833740234375,40.03373718261719,564.9110107421875,61.06871032714844,8.515310,4.861338,21.562683,24.456919
IR_57575.jpg,2025-04-23 15:32:32,Cableduct,321.7420959472656,14.629962921142578,358.5907287597656,43.357173919677734,7.465911,3.394030,21.270214,24.500000
IR_57575.jpg,2025-04-23 15:32:32,Cableduct,430.53485107421875,35.60877990722656,463.63018798828125,57.117706298828125,7.499778,4.537506,21.288210,24.500000
IR_57575.jpg,2025-04-23 15:32:32,Machine,111.6193618774414,170.10406494140625,146.08163452148438,274.59100341796875,6.652443,0.560429,22.277824,24.040470
IR_57576.jpg,2025-04-23 15:33:02,Screen,342.8059387207031,274.921630859375,473.5845031738281,373.0797119140625,11.328028,4.144982,21.793873,24.500000
IR_57576.jpg,2025-04-23 15:33:02,Cableduct,213.84185791015625,1.4331741333007812,316.32196044921875,52.14289474487305,12.123804,3.402450,20.770220,24.500000
IR_57576.jpg,2025-04-23 15:33:02,Machine,480.0352783203125,133.45736694335938,562.366455078125,216.96011352539062,4.533756,5.382159,21.198414,24.500000
IR_57576.jpg,2025-04-23 15:33:02,Cableduct,529.6962890625,39.00316619873047,567.9375,61.605567932128906,8.634261,4.883187,21.491804,24.500000
IR_57576.jpg,2025-04-23 15:33:02,Machine,110.78380584716797,170.5491943359375,145.87530517578125,274.9345397949219,6.648596,0.546916,22.257986,24.133421
IR_57576.jpg,2025-04-23 15:33:02,Cableduct,574.051513671875,34.18193054199219,622.25146484375,59.06153869628906,10.105371,5.167457,21.569012,24.500000
IR_57576.jpg,2025-04-23 15:33:02,Cableduct,430.67669677734375,36.06348419189453,462.43426513671875,56.51244354248047,7.516656,4.550580,21.558392,24.500000
IR_57576.jpg,2025-04-23 15:33:02,Cableduct,320.43402099609375,15.895587921142578,358.23394775390625,42.00614929199219,7.191975,3.312574,21.277580,24.500000
IR_57576.jpg,2025-04-23 15:33:02,Screen,612.4822998046875,279.1646728515625,639.8304443359375,374.26043701171875,11.109035,4.897883,20.787216,24.500000
IR_57576.jpg,2025-04-23 15:33:02,Machine,119.31126403808594,151.99835205078125,187.9461212158203,225.3427734375,6.293759,0.573902,21.454798,24.500000
IR_57576.jpg,2025-04-23 15:33:02,Machine,196.58871459960938,103.97007751464844,224.27011108398438,131.24925231933594,0.845779,0.529640,21.109970,22.892689
IR_57577.jpg,2025-04-23 15:33:33,Screen,343.3182067871094,275.05828857421875,473.8714294433594,374.17828369140625,11.311923,4.140806,21.718649,24.400000
IR_57577.jpg,2025-04-23 15:33:33,Cableduct,217.30538940429688,1.5454025268554688,315.2392883300781,50.494163513183594,11.551048,3.324430,20.698462,24.400000
IR_57577.jpg,2025-04-23 15:33:33,Machine,479.6114501953125,130.17337036132812,563.0635986328125,219.70889282226562,4.728733,5.297716,21.050814,24.400000
IR_57577.jpg,2025-04-23 15:33:33,Machine,110.67926025390625,170.50949096679688,146.73233032226562,275.4661865234375,6.646739,0.548760,22.172915,24.033421
IR_57577.jpg,2025-04-23 15:33:33,Screen,612.326171875,282.7439880371094,639.58154296875,368.1266174316406,10.872303,5.022106,20.843496,24.400000
IR_57577.jpg,2025-04-23 15:33:33,Cableduct,530.135498046875,39.60491180419922,567.0020751953125,61.38457489013672,8.607746,4.879778,21.414227,24.400000
IR_57577.jpg,2025-04-23 15:33:33,Cableduct,577.4036865234375,35.951515197753906,622.3382568359375,57.54521942138672,10.054167,5.165400,21.757263,24.400000
IR_57577.jpg,2025-04-23 15:33:33,Cableduct,319.21588134765625,15.319705963134766,359.0985107421875,43.579708099365234,7.290855,3.357605,21.082712,24.400000
IR_57577.jpg,2025-04-23 15:33:33,Cableduct,316.18914794921875,13.858779907226562,363.39971923828125,48.56656265258789,7.598269,3.503797,20.829454,24.400000
IR_57577.jpg,2025-04-23 15:33:33,Cableduct,431.02215576171875,36.29054260253906,461.7679443359375,54.46467590332031,7.452114,4.540193,21.715595,24.400000
IR_57578.jpg,2025-04-23 15:34:02,Screen,341.12725830078125,275.80322265625,473.88897705078125,370.88958740234375,11.494401,4.165419,21.739691,24.400000
IR_57578.jpg,2025-04-23 15:34:02,Cableduct,217.25265502929688,1.7023277282714844,314.3171691894531,51.352718353271484,11.387218,3.293555,20.674673,24.400000
IR_57578.jpg,2025-04-23 15:34:02,Machine,479.6434326171875,134.0172119140625,564.374267578125,219.28048706054688,4.573252,5.379057,21.032272,24.400000
IR_57578.jpg,2025-04-23 15:34:02,Cableduct,530.2525634765625,39.01715087890625,567.5106201171875,61.55377197265625,8.666083,4.888243,21.382704,24.400000
IR_57578.jpg,2025-04-23 15:34:02,Screen,614.7818603515625,277.91424560546875,639.6766357421875,368.4052734375,11.017281,4.949807,20.512718,24.400000
IR_57578.jpg,2025-04-23 15:34:02,Machine,111.09563446044922,169.56124877929688,145.93853759765625,275.0489807128906,6.686924,0.570077,22.179268,24.357702
IR_57578.jpg,2025-04-23 15:34:02,Cableduct,430.75341796875,36.589805603027344,461.640869140625,54.733497619628906,7.432271,4.538210,21.704105,24.400000
IR_57578.jpg,2025-04-23 15:34:02,Cableduct,321.5545349121094,15.608355522155762,358.3462829589844,43.07284927368164,7.333232,3.352443,21.139832,24.400000
IR_57578.jpg,2025-04-23 15:34:02,Cableduct,575.081298828125,35.46824264526367,622.715087890625,58.63371658325195,10.026893,5.161860,21.601479,24.400000
IR_57579.jpg,2025-04-23 15:34:32,Screen,343.93402099609375,275.86541748046875,472.6907958984375,370.80987548828125,11.247786,4.155584,21.785284,24.400000
IR_57579.jpg,2025-04-23 15:34:32,Cableduct,218.11781311035156,1.46917724609375,315.1375732421875,49.727603912353516,11.453836,3.312652,20.713711,24.400000
IR_57579.jpg,2025-04-23 15:34:32,Machine,479.35626220703125,133.466552734375,563.3666381835938,218.33282470703125,4.566530,5.379324,21.037270,24.400000
IR_57579.jpg,2025-04-23 15:34:32,Screen,613.310302734375,260.576171875,639.7471923828125,371.09613037109375,11.544239,4.779846,20.498730,24.400000
IR_57579.jpg,2025-04-23 15:34:32,Cableduct,529.9719848632812,39.552207946777344,567.1986694335938,61.85491180419922,8.622854,4.882801,21.367231,24.400000
IR_57579.jpg,2025-04-23 15:34:32,Machine,110.7552261352539,170.33035278320312,146.10189819335938,274.82330322265625,6.639310,0.545968,22.171022,24.040209
IR_57579.jpg,2025-04-23 15:34:32,Cableduct,430.6914367675781,35.30461883544922,461.6512145996094,54.95165252685547,7.551150,4.551166,21.659727,24.400000
IR_57579.jpg,2025-04-23 15:34:32,Cableduct,322.5528564453125,16.09444808959961,358.91162109375,43.360206604003906,7.325718,3.351822,21.207468,24.400000
IR_57579.jpg,2025-04-23 15:34:32,Cableduct,574.3343505859375,33.575416564941406,623.2491455078125,59.26630401611328,10.155418,5.173622,21.481571,24.400000
IR_57579.jpg,2025-04-23 15:34:32,Machine,119.47544860839844,88.54013061523438,157.62159729003906,136.58920288085938,2.051123,0.213167,20.610708,21.051174
IR_57580.jpg,2025-04-23 15:35:03,Screen,343.02960205078125,274.91845703125,473.99053955078125,374.34344482421875,11.331551,4.140173,21.655817,24.400000
IR_57580.jpg,2025-04-23 15:35:03,Cableduct,217.38278198242188,1.3042259216308594,314.3164978027344,48.7532958984375,11.461737,3.298222,20.671602,24.400000
IR_57580.jpg,2025-04-23 15:35:03,Cableduct,528.813232421875,38.406761169433594,567.776611328125,62.311500549316406,8.681327,4.888574,21.253576,24.400000
IR_57580.jpg,2025-04-23 15:35:03,Machine,479.3807373046875,133.27191162109375,562.005615234375,217.317626953125,4.541947,5.377035,20.917683,24.400000
IR_57580.jpg,2025-04-23 15:35:03,Screen,614.3968505859375,272.505126953125,639.782958984375,373.3590087890625,11.336327,4.815043,20.497324,24.287207
IR_57580.jpg,2025-04-23 15:35:03,Cableduct,574.7843017578125,33.53777313232422,622.9439697265625,59.684600830078125,10.212496,5.183303,21.433517,24.400000
IR_57580.jpg,2025-04-23 15:35:03,Cableduct,430.9163818359375,36.64806365966797,460.893798828125,55.152061462402344,7.511946,4.560451,21.720625,24.400000
IR_57580.jpg,2025-04-23 15:35:03,Machine,111.28573608398438,169.08843994140625,146.0267333984375,273.75830078125,6.626787,0.555698,22.172478,24.033421
IR_57580.jpg,2025-04-23 15:35:03,Cableduct,321.86419677734375,16.41949462890625,358.98834228515625,43.31666564941406,7.256501,3.333827,21.234169,24.400000
IR_57581.jpg,2025-04-23 15:35:32,Screen,343.3626708984375,274.72998046875,473.4801025390625,373.3216552734375,11.279226,4.142618,21.733187,24.400000
IR_57581.jpg,2025-04-23 15:35:32,Cableduct,216.15597534179688,1.3332405090332031,315.0928039550781,50.49018478393555,11.684878,3.337446,20.721376,24.400000
IR_57581.jpg,2025-04-23 15:35:32,Cableduct,528.4808349609375,38.53387451171875,567.9639892578125,62.54768371582031,8.660726,4.885950,21.338953,24.400000
IR_57581.jpg,2025-04-23 15:35:32,Machine,480.0685119628906,130.4669189453125,562.1593017578125,217.44979858398438,4.674160,5.330132,21.166454,24.400000
IR_57581.jpg,2025-04-23 15:35:32,Cableduct,431.8031311035156,36.27400207519531,461.4129333496094,54.07862091064453,7.508398,4.557806,21.815653,24.400000
IR_57581.jpg,2025-04-23 15:35:32,Cableduct,576.145263671875,34.843833923339844,622.072998046875,59.772865295410156,10.201237,5.186910,21.599808,24.400000
IR_57581.jpg,2025-04-23 15:35:32,Screen,613.0858154296875,268.8782958984375,639.8406982421875,377.1827392578125,11.542723,4.736125,20.653856,24.400000
IR_57581.jpg,2025-04-23 15:35:32,Machine,110.838134765625,170.1510009765625,146.43313598632812,274.57733154296875,6.619928,0.542876,22.200048,24.123238
IR_57581.jpg,2025-04-23 15:35:32,Cableduct,322.58319091796875,16.11569595336914,360.59356689453125,42.12284469604492,7.218690,3.331786,21.290260,24.400000
IR_57581.jpg,2025-04-23 15:35:32,Screen,610.5543212890625,230.611572265625,639.9071044921875,357.33367919921875,11.757179,4.927687,20.438826,24.400000
IR_57581.jpg,2025-04-23 15:35:32,Machine,122.60236358642578,153.51393127441406,188.1463623046875,225.58204650878906,6.171060,0.570100,21.435734,24.400000
IR_57582.jpg,2025-04-23 15:36:02,Screen,343.6948547363281,274.79998779296875,474.0233459472656,373.543701171875,11.293161,4.146857,21.697836,24.400000
IR_57582.jpg,2025-04-23 15:36:02,Machine,479.92120361328125,130.5927734375,562.2764282226562,217.587890625,4.669663,5.331931,21.473566,24.400000
IR_57582.jpg,2025-04-23 15:36:02,Cableduct,221.9442138671875,1.4495697021484375,315.55877685546875,49.62791442871094,11.011097,3.280748,20.724489,24.400000
IR_57582.jpg,2025-04-23 15:36:02,Cableduct,430.4831237792969,36.38938903808594,461.8767395019531,56.75529479980469,7.527091,4.557773,21.657808,24.400000
IR_57582.jpg,2025-04-23 15:36:02,Screen,613.0005493164062,269.4837646484375,639.7515258789062,374.1722412109375,11.383607,4.779926,20.609907,24.400000
IR_57582.jpg,2025-04-23 15:36:02,Cableduct,528.90869140625,38.50615692138672,567.4833984375,61.74366760253906,8.655773,4.883686,21.399435,24.400000
IR_57582.jpg,2025-04-23 15:36:02,Machine,110.77322387695312,170.15252685546875,146.50112915039062,276.05908203125,6.701076,0.569450,22.170288,24.081724
IR_57582.jpg,2025-04-23 15:36:02,Cableduct,575.97509765625,34.533172607421875,622.8050537109375,59.88447570800781,10.212486,5.189264,21.582724,24.400000
IR_57582.jpg,2025-04-23 15:36:02,Cableduct,322.4595947265625,15.927120208740234,359.6231689453125,42.228050231933594,7.258692,3.335932,21.281519,24.400000
IR_57582.jpg,2025-04-23 15:36:02,Machine,121.71088409423828,153.93283081054688,187.5439453125,225.25784301757812,6.248451,0.566211,21.419821,24.400000
IR_57582.jpg,2025-04-23 15:36:02,Screen,609.31591796875,228.48008728027344,639.921630859375,358.75048828125,11.872922,4.946866,20.467163,24.400000
IR_57583.jpg,2025-04-23 15:36:32,Screen,343.04486083984375,275.2435302734375,472.52392578125,372.14520263671875,11.263998,4.142211,21.803947,24.500000
IR_57583.jpg,2025-04-23 15:36:32,Machine,479.468505859375,132.14425659179688,563.87744140625,216.447021484375,4.593870,5.381116,21.388821,24.500000
IR_57583.jpg,2025-04-23 15:36:32,Screen,612.27099609375,276.2568359375,639.69873046875,373.2662353515625,11.137455,4.880278,20.690985,24.387207
IR_57583.jpg,2025-04-23 15:36:32,Cableduct,217.3858642578125,1.2054023742675781,312.01031494140625,50.33544921875,11.059063,3.228318,20.764965,24.500000
IR_57583.jpg,2025-04-23 15:36:32,Cableduct,574.43505859375,34.30780029296875,622.184814453125,58.02532196044922,10.074291,5.163653,21.667496,24.500000
IR_57583.jpg,2025-04-23 15:36:32,Cableduct,529.117431640625,38.69995880126953,568.00390625,61.946983337402344,8.648172,4.884368,21.447298,24.500000
IR_57583.jpg,2025-04-23 15:36:32,Machine,110.97276306152344,170.51055908203125,146.5382843017578,274.40057373046875,6.599178,0.535119,22.250843,24.203917
IR_57583.jpg,2025-04-23 15:36:32,Cableduct,430.42901611328125,35.70613479614258,462.68194580078125,57.70466995239258,7.582395,4.561416,21.374208,24.500000
IR_57583.jpg,2025-04-23 15:36:32,Cableduct,319.7110595703125,15.437313079833984,360.887939453125,44.53203582763672,7.324984,3.383563,21.107738,24.500000
IR_57583.jpg,2025-04-23 15:36:32,Cableduct,314.79620361328125,15.528945922851562,367.04974365234375,48.187904357910156,7.549301,3.526880,20.998655,24.500000
IR_57583.jpg,2025-04-23 15:36:32,Machine,120.67998504638672,154.51406860351562,187.33489990234375,227.28350830078125,6.302063,0.576497,21.475473,24.500000
IR_57583.jpg,2025-04-23 15:36:32,Machine,484.90252685546875,108.25674438476562,577.2438354492188,205.83541870117188,5.830910,5.168378,21.402763,24.500000
IR_57584.jpg,2025-04-23 15:37:02,Screen,342.70233154296875,274.7916259765625,474.37548828125,374.49627685546875,11.370499,4.142187,21.776377,24.500000
IR_57584.jpg,2025-04-23 15:37:02,Cableduct,217.25860595703125,1.374298095703125,312.0911865234375,49.8953857421875,11.100936,3.229009,20.828550,24.500000
IR_57584.jpg,2025-04-23 15:37:02,Screen,614.60595703125,276.67877197265625,639.77734375,374.82781982421875,11.298372,4.836333,20.756842,24.444647
IR_57584.jpg,2025-04-23 15:37:02,Machine,479.7584228515625,131.35372924804688,561.6025390625,216.16232299804688,4.604652,5.357530,21.255701,24.500000
IR_57584.jpg,2025-04-23 15:37:02,Cableduct,529.8887939453125,39.52515411376953,565.7298583984375,61.506492614746094,8.632163,4.881529,21.601393,24.500000
IR_57584.jpg,2025-04-23 15:37:02,Cableduct,575.9974365234375,34.725669860839844,621.8765869140625,58.99440002441406,10.172243,5.181279,21.794876,24.500000
IR_57584.jpg,2025-04-23 15:37:02,Cableduct,321.184326171875,15.393586158752441,360.388427734375,44.574066162109375,7.398538,3.391643,21.241745,24.500000
IR_57584.jpg,2025-04-23 15:37:02,Machine,110.62094116210938,172.41162109375,146.0545654296875,274.2162780761719,6.552210,0.501365,22.326105,24.458487
IR_57584.jpg,2025-04-23 15:37:02,Cableduct,429.88909912109375,34.737640380859375,462.1962890625,56.94721984863281,7.624341,4.558420,21.431705,24.500000
IR_57584.jpg,2025-04-23 15:37:02,Machine,121.82974243164062,153.5467529296875,186.85772705078125,225.65411376953125,6.173541,0.559045,21.538929,24.500000
IR_57585.jpg,2025-04-23 15:37:32,Screen,342.59991455078125,275.404541015625,472.9583740234375,375.0224609375,11.306552,4.125573,21.810303,24.500000
IR_57585.jpg,2025-04-23 15:37:32,Cableduct,222.4054718017578,1.5315170288085938,315.60235595703125,50.55939483642578,10.924006,3.275538,20.830149,24.500000
IR_57585.jpg,2025-04-23 15:37:32,Screen,612.7808837890625,278.58697509765625,639.634033203125,371.58270263671875,11.042945,4.926061,20.798134,24.403133
IR_57585.jpg,2025-04-23 15:37:32,Cableduct,574.3921508789062,34.46375274658203,622.3834838867188,58.28723907470703,10.064478,5.162655,21.765564,24.500000
IR_57585.jpg,2025-04-23 15:37:32,Machine,479.42535400390625,132.30322265625,562.4674682617188,217.56170654296875,4.591866,5.365016,21.191109,24.500000
IR_57585.jpg,2025-04-23 15:37:32,Machine,111.012451171875,170.193603515625,146.31900024414062,274.85955810546875,6.643067,0.551557,22.325602,24.209400
IR_57585.jpg,2025-04-23 15:37:32,Cableduct,529.26513671875,39.642433166503906,565.291259765625,60.746788024902344,8.562988,4.868468,21.684248,24.458487
IR_57585.jpg,2025-04-23 15:37:32,Cableduct,429.352294921875,33.94036865234375,462.75372314453125,56.888336181640625,7.618877,4.543471,21.418964,24.500000
IR_57585.jpg,2025-04-23 15:37:32,Cableduct,322.6031494140625,15.643909454345703,356.899169921875,41.31345748901367,7.289448,3.321806,21.432594,24.500000
IR_57586.jpg,2025-04-23 15:38:02,Screen,343.26324462890625,274.9556884765625,473.71356201171875,373.869384765625,11.304029,4.141234,21.792171,24.500000
IR_57586.jpg,2025-04-23 15:38:02,Cableduct,220.7642059326172,1.5712471008300781,315.25311279296875,50.97479248046875,11.075423,3.283516,20.817688,24.500000
IR_57586.jpg,2025-04-23 15:38:02,Cableduct,576.1593017578125,35.070579528808594,622.2947998046875,58.43792724609375,10.115841,5.173785,21.864527,24.500000
IR_57586.jpg,2025-04-23 15:38:02,Machine,478.60296630859375,131.55145263671875,562.1087036132812,217.289794921875,4.611733,5.358324,21.159132,24.500000
IR_57586.jpg,2025-04-23 15:38:02,Screen,613.3607177734375,276.2630615234375,639.829345703125,376.38818359375,11.318611,4.820343,20.808758,24.361618
IR_57586.jpg,2025-04-23 15:38:02,Machine,109.50534057617188,172.05307006835938,146.04104614257812,276.46923828125,6.660722,0.528114,22.278368,24.458487
IR_57586.jpg,2025-04-23 15:38:02,Cableduct,322.5872802734375,15.604740142822266,356.645263671875,41.51195526123047,7.310040,3.326331,21.447338,24.500000
IR_57586.jpg,2025-04-23 15:38:02,Cableduct,529.3519897460938,40.06610870361328,565.8992309570312,60.81787109375,8.520380,4.864119,21.722813,24.375458
IR_57586.jpg,2025-04-23 15:38:02,Cableduct,429.5053405761719,33.855987548828125,461.8994445800781,56.720001220703125,7.685516,4.561769,21.393885,24.500000
IR_57586.jpg,2025-04-23 15:38:02,Machine,121.54039001464844,153.28854370117188,186.9781036376953,226.43679809570312,6.158195,0.564305,21.546820,24.500000
IR_57587.jpg,2025-04-23 15:38:32,Screen,343.10821533203125,275.1441650390625,473.47723388671875,375.0784912109375,11.298074,4.130417,21.798178,24.500000
IR_57587.jpg,2025-04-23 15:38:32,Cableduct,216.11697387695312,1.503875732421875,316.1428527832031,51.889007568359375,11.800745,3.368356,20.837677,24.500000
IR_57587.jpg,2025-04-23 15:38:32,Cableduct,576.485595703125,35.368263244628906,621.9970703125,58.11955261230469,10.095074,5.170362,21.888031,24.500000
IR_57587.jpg,2025-04-23 15:38:32,Machine,479.909423828125,132.48406982421875,562.092041015625,217.365234375,4.582517,5.364410,21.214849,24.500000
IR_57587.jpg,2025-04-23 15:38:32,Cableduct,429.54840087890625,34.62959289550781,462.96453857421875,57.83563232421875,7.609056,4.550263,21.385675,24.500000
IR_57587.jpg,2025-04-23 15:38:32,Cableduct,529.3084716796875,39.904685974121094,565.8365478515625,61.030235290527344,8.544174,4.867558,21.666243,24.361618
IR_57587.jpg,2025-04-23 15:38:32,Machine,110.09451293945312,172.33505249023438,146.44735717773438,274.8758850097656,6.579406,0.506073,22.326435,24.126371
IR_57587.jpg,2025-04-23 15:38:32,Cableduct,322.00836181640625,15.10861873626709,357.73321533203125,42.0220947265625,7.355190,3.351140,21.402277,24.500000
IR_57587.jpg,2025-04-23 15:38:32,Screen,612.7129516601562,275.14752197265625,639.7211303710938,373.42889404296875,11.193645,4.860701,20.797098,24.389296
IR_57587.jpg,2025-04-23 15:38:32,Machine,483.46258544921875,102.459716796875,579.7059936523438,201.95953369140625,6.215454,5.151764,21.155413,24.500000
IR_57588.jpg,2025-04-23 15:39:02,Screen,343.75872802734375,275.9122314453125,473.87017822265625,374.51666259765625,11.310846,4.140404,21.853907,24.600000
IR_57588.jpg,2025-04-23 15:39:02,Cableduct,576.1851806640625,35.502357482910156,621.9090576171875,58.244163513183594,10.075640,5.167695,21.935669,24.600000
IR_57588.jpg,2025-04-23 15:39:02,Cableduct,215.51368713378906,1.6111640930175781,315.0289306640625,50.326026916503906,11.762842,3.337800,20.873173,24.600000
IR_57588.jpg,2025-04-23 15:39:02,Cableduct,430.0166931152344,34.888160705566406,462.5809631347656,57.431251525878906,7.620007,4.559037,21.455109,24.600000
IR_57588.jpg,2025-04-23 15:39:02,Machine,479.15313720703125,133.74002075195312,562.0568237304688,219.09530639648438,4.554802,5.356257,21.271107,24.600000
IR_57588.jpg,2025-04-23 15:39:02,Machine,111.05772399902344,170.115478515625,146.17848205566406,274.122802734375,6.609000,0.540717,22.394768,24.247520
IR_57588.jpg,2025-04-23 15:39:02,Cableduct,322.3506774902344,15.303768157958984,357.1949157714844,41.987648010253906,7.354287,3.345445,21.501640,24.600000
IR_57588.jpg,2025-04-23 15:39:02,Cableduct,529.1298828125,40.02349090576172,565.6258544921875,61.69109344482422,8.559253,4.870828,21.780294,24.501305
IR_57588.jpg,2025-04-23 15:39:02,Screen,612.9302978515625,275.6185302734375,639.7293701171875,371.62353515625,11.112689,4.893618,20.838598,24.600000
IR_57588.jpg,2025-04-23 15:39:02,Machine,482.9405822753906,101.85256958007812,577.5948486328125,202.04959106445312,6.183266,5.120110,21.231943,24.600000
IR_57588.jpg,2025-04-23 15:39:02,Machine,196.43446350097656,103.72386169433594,224.11366271972656,132.51536560058594,0.797458,0.523110,21.143909,22.992689
IR_57589.jpg,2025-04-23 15:39:32,Screen,340.4692077636719,275.6641845703125,473.8487243652344,373.77008056640625,11.510943,4.143501,21.829872,24.600000
IR_57589.jpg,2025-04-23 15:39:32,Cableduct,215.48974609375,1.3575096130371094,316.08837890625,50.247886657714844,11.932871,3.376069,20.872919,24.600000
IR_57589.jpg,2025-04-23 15:39:32,Cableduct,429.58709716796875,34.675270080566406,463.71307373046875,58.505157470703125,7.593710,4.545641,21.380110,24.600000
IR_57589.jpg,2025-04-23 15:39:32,Cableduct,576.2860717773438,35.438575744628906,622.6997680664062,58.310699462890625,10.075705,5.169137,21.905100,24.600000
IR_57589.jpg,2025-04-23 15:39:32,Screen,613.029052734375,274.5692443847656,639.661865234375,372.0369567871094,11.164904,4.872275,20.832962,24.571802
IR_57589.jpg,2025-04-23 15:39:32,Machine,479.1946105957031,133.09597778320312,562.298828125,217.35794067382812,4.552167,5.377167,21.309650,24.600000
IR_57589.jpg,2025-04-23 15:39:32,Machine,111.45089721679688,170.48699951171875,146.46322631835938,275.0693359375,6.651793,0.557224,22.380373,24.247520
IR_57589.jpg,2025-04-23 15:39:32,Cableduct,322.58319091796875,15.363487243652344,358.23468017578125,41.56707000732422,7.312408,3.339699,21.503565,24.600000
IR_57589.jpg,2025-04-23 15:39:32,Cableduct,528.7877197265625,40.01878356933594,566.3050537109375,60.94548034667969,8.495170,4.860080,21.808512,24.473106
IR_57589.jpg,2025-04-23 15:39:32,Machine,483.102783203125,102.51319122314453,576.9854736328125,200.63128662109375,6.118015,5.126818,21.271505,24.600000
IR_57589.jpg,2025-04-23 15:39:32,Machine,121.07806396484375,154.49560546875,187.34686279296875,226.366943359375,6.297309,0.571482,21.586042,24.600000
IR_57590.jpg,2025-04-23 15:40:02,Screen,342.0762939453125,276.0760498046875,474.2132568359375,374.5794677734375,11.441475,4.141424,21.861219,24.600000
IR_57590.jpg,2025-04-23 15:40:02,Cableduct,215.692626953125,1.4677314758300781,316.59375,52.02219009399414,11.921877,3.388299,20.908978,24.600000
IR_57590.jpg,2025-04-23 15:40:02,Cableduct,574.55322265625,35.77122497558594,623.111328125,57.60008239746094,9.910737,5.139444,21.930540,24.600000
IR_57590.jpg,2025-04-23 15:40:02,Machine,111.25326538085938,170.00128173828125,146.46621704101562,275.71575927734375,6.697619,0.574004,22.402464,24.247520
IR_57590.jpg,2025-04-23 15:40:02,Machine,479.6528015136719,134.27474975585938,562.666015625,219.41244506835938,4.546850,5.362378,21.353548,24.557703
IR_57590.jpg,2025-04-23 15:40:02,Cableduct,430.11767578125,34.562904357910156,463.497314453125,58.146629333496094,7.632733,4.556767,21.467518,24.557703
IR_57590.jpg,2025-04-23 15:40:02,Cableduct,320.993408203125,14.776985168457031,359.71405029296875,42.170440673828125,7.326265,3.362969,21.411146,24.600000
IR_57590.jpg,2025-04-23 15:40:02,Screen,614.8187866210938,276.2657470703125,639.8796997070312,375.6610107421875,11.352352,4.817912,20.932875,24.473106
IR_57590.jpg,2025-04-23 15:40:02,Machine,483.83831787109375,102.59431457519531,576.6217651367188,200.19847106933594,6.094680,5.120808,21.322773,24.600000
IR_57590.jpg,2025-04-23 15:40:02,Cableduct,529.6163330078125,39.95476150512695,567.8065185546875,61.04147720336914,8.518799,4.866800,21.795324,24.543604
IR_57591.jpg,2025-04-23 15:40:32,Screen,343.46063232421875,275.67877197265625,474.76287841796875,374.46392822265625,11.377028,4.148677,21.919537,24.600000
IR_57591.jpg,2025-04-23 15:40:32,Cableduct,215.0040283203125,1.3310470581054688,316.4700927734375,49.8992919921875,12.067674,3.394164,21.012079,24.600000
IR_57591.jpg,2025-04-23 15:40:32,Cableduct,573.781005859375,34.75745391845703,622.63232421875,58.09052276611328,9.987206,5.150488,21.913422,24.600000
IR_57591.jpg,2025-04-23 15:40:32,Cableduct,429.6756591796875,34.37251281738281,463.3499755859375,58.596649169921875,7.656459,4.558918,21.516504,24.558485
IR_57591.jpg,2025-04-23 15:40:32,Machine,111.43233489990234,169.7763671875,146.53756713867188,276.3347473144531,6.740790,0.592008,22.449598,24.226370
IR_57591.jpg,2025-04-23 15:40:32,Machine,480.0821838378906,134.08990478515625,561.9227294921875,219.59979248046875,4.561371,5.345895,21.450397,24.558485
IR_57591.jpg,2025-04-23 15:40:32,Screen,612.9842529296875,271.6461181640625,639.7545166015625,371.7529296875,11.225924,4.846007,20.969193,24.489296
IR_57591.jpg,2025-04-23 15:40:32,Cableduct,321.05023193359375,14.642406463623047,358.92047119140625,42.046478271484375,7.349852,3.362087,21.534479,24.600000
IR_57591.jpg,2025-04-23 15:40:32,Cableduct,528.8355712890625,39.88548278808594,566.597412109375,60.86259460449219,8.500488,4.860833,21.890711,24.489296
IR_57591.jpg,2025-04-23 15:40:32,Machine,483.9019775390625,103.1113052368164,575.4041748046875,199.06149291992188,6.024253,5.120101,21.423882,24.600000
IR_57592.jpg,2025-04-23 15:41:02,Screen,340.26025390625,276.30242919921875,473.67919921875,374.03533935546875,11.533820,4.142602,21.944853,24.700001
IR_57592.jpg,2025-04-23 15:41:02,Cableduct,213.3723907470703,1.2308197021484375,315.10284423828125,51.309452056884766,12.031536,3.373124,21.045437,24.700001
IR_57592.jpg,2025-04-23 15:41:02,Machine,479.350341796875,134.70700073242188,562.39306640625,218.3338623046875,4.506189,5.387313,21.485640,24.657701
IR_57592.jpg,2025-04-23 15:41:02,Cableduct,575.8059692382812,36.34763717651367,622.1828002929688,58.39663314819336,9.981710,5.153901,22.066063,24.700001
IR_57592.jpg,2025-04-23 15:41:02,Machine,111.07916259765625,170.49468994140625,146.4183349609375,275.923828125,6.693888,0.567317,22.512205,24.361618
IR_57592.jpg,2025-04-23 15:41:02,Cableduct,429.75836181640625,34.509674072265625,463.49322509765625,58.58233642578125,7.638970,4.556252,21.550898,24.657701
IR_57592.jpg,2025-04-23 15:41:02,Cableduct,320.90167236328125,14.682640075683594,358.43609619140625,41.90157699584961,7.338977,3.355262,21.565247,24.700001
IR_57592.jpg,2025-04-23 15:41:02,Screen,614.532958984375,275.7287292480469,639.8701171875,375.0686340332031,11.328228,4.824327,21.073984,24.587206
IR_57592.jpg,2025-04-23 15:41:02,Machine,483.58172607421875,102.58931732177734,576.6644897460938,200.43161010742188,6.099292,5.121912,21.445185,24.657701
IR_57592.jpg,2025-04-23 15:41:02,Cableduct,528.5286254882812,39.26017761230469,564.2538452148438,59.34376525878906,8.515137,4.855261,22.029259,24.657701
IR_57592.jpg,2025-04-23 15:41:02,Machine,196.57476806640625,103.45945739746094,224.6024169921875,131.7845916748047,0.817622,0.528330,21.297144,22.993996
IR_57593.jpg,2025-04-23 15:41:32,Screen,339.610595703125,276.2625732421875,473.6337890625,375.02154541015625,11.564882,4.136056,21.850689,24.600000
IR_57593.jpg,2025-04-23 15:41:32,Cableduct,576.25341796875,35.554527282714844,621.8372802734375,58.302406311035156,10.078140,5.168080,21.987686,24.600000
IR_57593.jpg,2025-04-23 15:41:32,Screen,612.5,272.36529541015625,639.7275390625,370.95343017578125,11.150767,4.871932,20.915945,24.529505
IR_57593.jpg,2025-04-23 15:41:32,Cableduct,212.42120361328125,1.4641227722167969,316.15771484375,50.84009552001953,12.331526,3.412984,20.986658,24.600000
IR_57593.jpg,2025-04-23 15:41:32,Cableduct,429.42010498046875,34.875457763671875,463.13433837890625,58.42689514160156,7.600452,4.550400,21.509338,24.557703
IR_57593.jpg,2025-04-23 15:41:32,Machine,111.5643081665039,170.5523681640625,146.38967895507812,275.3050231933594,6.668788,0.563248,22.446472,24.205221
IR_57593.jpg,2025-04-23 15:41:32,Cableduct,529.2677001953125,40.280303955078125,565.7677001953125,60.57527160644531,8.487579,4.858958,21.951435,24.543604
IR_57593.jpg,2025-04-23 15:41:32,Machine,479.11370849609375,134.02005004882812,563.6089477539062,218.60946655273438,4.551267,5.385929,21.430021,24.600000
IR_57593.jpg,2025-04-23 15:41:32,Cableduct,320.7759094238281,14.849159240722656,358.4362487792969,41.71458435058594,7.303312,3.344684,21.515900,24.600000
IR_57593.jpg,2025-04-23 15:41:32,Machine,483.84393310546875,103.08805847167969,577.7369995117188,201.6082305908203,6.108511,5.130359,21.387094,24.600000
IR_57594.jpg,2025-04-23 15:42:02,Screen,339.3247985839844,275.92156982421875,472.8473205566406,375.45135498046875,11.519375,4.122567,21.788107,24.600000
IR_57594.jpg,2025-04-23 15:42:02,Cableduct,576.4517211914062,34.68138885498047,622.4223022460938,59.456581115722656,10.210161,5.188273,21.800936,24.600000
IR_57594.jpg,2025-04-23 15:42:02,Cableduct,429.9603576660156,34.253150939941406,463.2792663574219,58.46971893310547,7.683232,4.565539,21.463655,24.557703
IR_57594.jpg,2025-04-23 15:42:02,Cableduct,215.8162841796875,1.7057762145996094,314.82568359375,49.9654541015625,11.702467,3.325885,20.956213,24.459007
IR_57594.jpg,2025-04-23 15:42:02,Machine,479.1378479003906,134.61126708984375,561.4061279296875,217.9095458984375,4.491970,5.384346,21.378672,24.557703
IR_57594.jpg,2025-04-23 15:42:02,Screen,612.6395263671875,275.0103454589844,639.8406982421875,374.7461242675781,11.247664,4.840909,20.844141,24.487206
IR_57594.jpg,2025-04-23 15:42:02,Cableduct,321.7362060546875,14.34149169921875,358.7503662109375,41.26634979248047,7.367211,3.362550,21.497749,24.600000
IR_57594.jpg,2025-04-23 15:42:02,Machine,111.46781921386719,170.5283203125,146.5833282470703,275.22021484375,6.655356,0.558727,22.413055,24.219320
IR_57594.jpg,2025-04-23 15:42:02,Cableduct,529.6131591796875,40.0140266418457,566.1207275390625,60.28152084350586,8.508900,4.861929,21.893038,24.459007
IR_57594.jpg,2025-04-23 15:42:02,Machine,482.8998718261719,102.54249572753906,578.179443359375,200.24269104003906,6.157552,5.148551,21.312159,24.557703
IR_57595.jpg,2025-04-23 15:42:32,Screen,339.87554931640625,275.9200439453125,474.11566162109375,373.94757080078125,11.573275,4.148218,21.905794,24.700001
IR_57595.jpg,2025-04-23 15:42:32,Cableduct,210.29647827148438,1.6314735412597656,317.2612609863281,52.988548278808594,12.708667,3.470762,21.021080,24.700001
IR_57595.jpg,2025-04-23 15:42:32,Cableduct,576.3785400390625,35.355316162109375,622.3221435546875,59.73786926269531,10.160192,5.182180,21.945314,24.700001
IR_57595.jpg,2025-04-23 15:42:32,Cableduct,429.5390319824219,34.757720947265625,463.2303771972656,59.816558837890625,7.690145,4.572268,21.501263,24.657701
IR_57595.jpg,2025-04-23 15:42:32,Screen,611.8116455078125,275.82098388671875,639.6617431640625,370.96722412109375,11.029610,4.917131,20.915260,24.700001
IR_57595.jpg,2025-04-23 15:42:32,Machine,480.0456237792969,134.89688110351562,564.027099609375,218.44815063476562,4.519544,5.397485,21.436708,24.700001
IR_57595.jpg,2025-04-23 15:42:32,Machine,111.2359848022461,170.86859130859375,146.59872436523438,275.09454345703125,6.633029,0.546626,22.526474,24.375717
IR_57595.jpg,2025-04-23 15:42:32,Cableduct,529.74072265625,40.2884635925293,566.0830078125,60.64887619018555,8.507900,4.863296,21.971220,24.643602
IR_57595.jpg,2025-04-23 15:42:32,Cableduct,321.05218505859375,15.456843376159668,358.32073974609375,41.58821487426758,7.239297,3.323457,21.634398,24.700001
IR_57595.jpg,2025-04-23 15:42:32,Machine,196.685302734375,104.02511596679688,223.81201171875,130.3860626220703,0.846055,0.527617,21.316153,23.092690
IR_57596.jpg,2025-04-23 15:43:03,Screen,342.1850280761719,275.7069396972656,473.4541320800781,374.5250549316406,11.375922,4.133937,21.796947,24.600000
IR_57596.jpg,2025-04-23 15:43:03,Cableduct,574.1908569335938,33.599220275878906,622.2223510742188,58.65801239013672,10.146354,5.171914,21.762949,24.600000
IR_57596.jpg,2025-04-23 15:43:03,Machine,480.33734130859375,134.60928344726562,562.2861938476562,218.86993408203125,4.527750,5.370022,21.277704,24.600000
IR_57596.jpg,2025-04-23 15:43:03,Cableduct,211.29339599609375,1.5215530395507812,315.79669189453125,53.09889221191406,12.350766,3.415016,20.922941,24.600000
IR_57596.jpg,2025-04-23 15:43:03,Screen,614.65234375,279.5552978515625,639.6160888671875,370.68109130859375,11.062135,4.931863,20.937634,24.600000
IR_57596.jpg,2025-04-23 15:43:03,Machine,111.41226196289062,170.77236938476562,146.31820678710938,275.4288330078125,6.669044,0.559981,22.434744,24.303917
IR_57596.jpg,2025-04-23 15:43:03,Cableduct,428.9464111328125,34.018043518066406,463.1962890625,59.299339294433594,7.690814,4.560542,21.376823,24.600000
IR_57596.jpg,2025-04-23 15:43:03,Cableduct,320.22357177734375,14.250553131103516,359.59490966796875,41.92719268798828,7.344002,3.372521,21.452789,24.600000
IR_57596.jpg,2025-04-23 15:43:03,Cableduct,529.1802978515625,39.8033447265625,566.9044189453125,61.645660400390625,8.556131,4.871394,21.771444,24.557703
IR_57597.jpg,2025-04-23 15:43:32,Screen,340.7425231933594,275.51129150390625,473.2284851074219,373.93121337890625,11.448537,4.133812,21.803350,24.600000
IR_57597.jpg,2025-04-23 15:43:32,Screen,609.8986206054688,288.5229187011719,639.7443237304688,366.7286682128906,10.679657,5.125547,20.995792,24.600000
IR_57597.jpg,2025-04-23 15:43:32,Machine,479.589111328125,132.55908203125,563.9521484375,218.48980712890625,4.613360,5.367988,21.373014,24.600000
IR_57597.jpg,2025-04-23 15:43:32,Cableduct,208.40780639648438,1.0129623413085938,314.1663513183594,49.890724182128906,12.601538,3.406094,20.967384,24.600000
IR_57597.jpg,2025-04-23 15:43:32,Cableduct,573.5474853515625,33.476402282714844,622.1766357421875,59.906150817871094,10.173870,5.174706,21.727081,24.600000
IR_57597.jpg,2025-04-23 15:43:32,Machine,111.55870056152344,169.7861328125,146.5603790283203,275.45343017578125,6.691920,0.577030,22.455429,24.289818
IR_57597.jpg,2025-04-23 15:43:32,Cableduct,429.5755615234375,35.282371520996094,463.69970703125,59.085670471191406,7.572530,4.548038,21.377451,24.600000
IR_57597.jpg,2025-04-23 15:43:32,Cableduct,529.1022338867188,38.89605712890625,568.0414428710938,61.91136169433594,8.627019,4.881623,21.690699,24.557703
IR_57597.jpg,2025-04-23 15:43:32,Cableduct,317.58978271484375,14.675362586975098,357.92608642578125,43.03618621826172,7.283710,3.353681,21.400463,24.600000
IR_57598.jpg,2025-04-23 15:44:02,Screen,340.4481506347656,275.9169006347656,473.4655456542969,375.2017517089844,11.487822,4.128572,21.650188,24.500000
IR_57598.jpg,2025-04-23 15:44:02,Cableduct,212.11680603027344,1.5927505493164062,316.1220703125,51.95962905883789,12.327632,3.413596,20.850096,24.500000
IR_57598.jpg,2025-04-23 15:44:02,Machine,480.02972412109375,132.3155517578125,562.8908081054688,219.5164794921875,4.635173,5.331829,21.344879,24.500000
IR_57598.jpg,2025-04-23 15:44:02,Screen,612.2355346679688,280.530029296875,639.6139526367188,370.4466552734375,10.967251,4.966867,20.858570,24.500000
IR_57598.jpg,2025-04-23 15:44:02,Cableduct,529.2255249023438,39.030189514160156,567.7689819335938,61.48682403564453,8.605982,4.877839,21.576113,24.458487
IR_57598.jpg,2025-04-23 15:44:02,Cableduct,574.5224609375,35.15031433105469,621.577392578125,57.85497283935547,10.014846,5.157121,21.829308,24.500000
IR_57598.jpg,2025-04-23 15:44:02,Machine,111.10697937011719,170.98580932617188,145.72581481933594,275.56097412109375,6.685398,0.558646,22.380148,24.264751
IR_57598.jpg,2025-04-23 15:44:02,Cableduct,322.83990478515625,15.98677921295166,358.72198486328125,41.70762634277344,7.251435,3.324612,21.460974,24.500000
IR_57598.jpg,2025-04-23 15:44:02,Machine,195.3844757080078,104.5472412109375,222.48060607910156,132.44882202148438,0.840250,0.516367,21.121693,22.825588
IR_57598.jpg,2025-04-23 15:44:02,Cableduct,430.1871337890625,36.29853439331055,462.99658203125,56.8121452331543,7.442268,4.531444,21.461565,24.500000
IR_57599.jpg,2025-04-23 15:44:33,Screen,341.07745361328125,275.9649963378906,473.243408203125,374.5270690917969,11.440181,4.130905,21.645313,24.400000
IR_57599.jpg,2025-04-23 15:44:33,Screen,613.328369140625,279.17291259765625,639.6328125,371.3902587890625,11.046865,4.929767,20.816790,24.400000
IR_57599.jpg,2025-04-23 15:44:33,Machine,480.146484375,132.58547973632812,562.3016357421875,218.64840698242188,4.606975,5.344188,21.249159,24.400000
IR_57599.jpg,2025-04-23 15:44:33,Cableduct,214.27081298828125,1.4609451293945312,315.40277099609375,51.79798126220703,11.938066,3.367799,20.852678,24.400000
IR_57599.jpg,2025-04-23 15:44:33,Machine,111.15875244140625,170.58184814453125,146.37979125976562,275.8731689453125,6.691797,0.566637,22.338680,24.074152
IR_57599.jpg,2025-04-23 15:44:33,Cableduct,530.8953857421875,39.77531814575195,566.0042724609375,60.876407623291016,8.624516,4.881701,21.635073,24.400000
IR_57599.jpg,2025-04-23 15:44:33,Cableduct,322.15045166015625,15.233193397521973,358.83050537109375,42.337860107421875,7.346486,3.357205,21.375391,24.400000
IR_57599.jpg,2025-04-23 15:44:33,Cableduct,574.5665283203125,35.654449462890625,621.666748046875,58.73814392089844,10.010478,5.158415,21.742392,24.400000
IR_57599.jpg,2025-04-23 15:44:33,Cableduct,430.4998779296875,36.13714599609375,462.59600830078125,58.007415771484375,7.571579,4.564665,21.652557,24.400000
IR_57600.jpg,2025-04-23 15:45:02,Screen,343.9959716796875,275.3709716796875,474.327392578125,371.3917236328125,11.325096,4.166563,21.665524,24.400000
IR_57600.jpg,2025-04-23 15:45:02,Cableduct,210.01602172851562,1.4333305358886719,315.5303649902344,51.12525939941406,12.547799,3.422556,20.834068,24.400000
IR_57600.jpg,2025-04-23 15:45:02,Machine,479.1426086425781,132.64678955078125,563.530517578125,218.27670288085938,4.599950,5.370902,21.212437,24.400000
IR_57600.jpg,2025-04-23 15:45:02,Cableduct,529.4779052734375,38.73851013183594,568.4949951171875,61.47071075439453,8.631093,4.882161,21.458876,24.400000
IR_57600.jpg,2025-04-23 15:45:02,Machine,109.71722412109375,171.86697387695312,146.13006591796875,276.74822998046875,6.683401,0.539418,22.269714,24.169191
IR_57600.jpg,2025-04-23 15:45:02,Cableduct,574.4515991210938,35.87310028076172,621.9016723632812,58.05809783935547,9.949355,5.149112,21.802485,24.400000
IR_57600.jpg,2025-04-23 15:45:02,Screen,614.4554443359375,281.5689697265625,639.6492919921875,369.01495361328125,10.979836,4.979241,20.812626,24.400000
IR_57600.jpg,2025-04-23 15:45:02,Cableduct,430.63104248046875,35.39654541015625,462.49066162109375,56.96058654785156,7.594324,4.561645,21.619778,24.400000
IR_57600.jpg,2025-04-23 15:45:02,Cableduct,317.24896240234375,13.841094970703125,363.21624755859375,47.89810562133789,7.574395,3.492009,21.025988,24.400000
IR_57601.jpg,2025-04-23 15:45:32,Screen,342.93414306640625,275.03057861328125,473.84600830078125,373.1812744140625,11.339230,4.147149,21.628515,24.400000
IR_57601.jpg,2025-04-23 15:45:32,Cableduct,220.17405700683594,1.3232192993164062,316.9176025390625,50.540809631347656,11.424778,3.347249,20.833937,24.400000
IR_57601.jpg,2025-04-23 15:45:32,Cableduct,530.4053955078125,39.244667053222656,565.7657470703125,60.87055206298828,8.653142,4.883641,21.604986,24.400000
IR_57601.jpg,2025-04-23 15:45:32,Cableduct,573.91748046875,34.63404083251953,622.19580078125,59.08155822753906,10.061337,5.161995,21.638359,24.400000
IR_57601.jpg,2025-04-23 15:45:32,Machine,480.19281005859375,132.06802368164062,565.4220581054688,219.65646362304688,4.678719,5.349425,21.184540,24.400000
IR_57601.jpg,2025-04-23 15:45:32,Screen,612.7998046875,279.8052673339844,639.58740234375,367.9516296386719,10.918730,4.991472,20.872398,24.400000
IR_57601.jpg,2025-04-23 15:45:32,Cableduct,321.92578125,15.51279067993164,360.22515869140625,43.859161376953125,7.373970,3.379485,21.221958,24.400000
IR_57601.jpg,2025-04-23 15:45:32,Machine,110.10198974609375,172.65444946289062,145.57974243164062,274.96502685546875,6.590147,0.504767,22.308655,24.101305
IR_57601.jpg,2025-04-23 15:45:32,Cableduct,430.63720703125,35.70996856689453,461.915283203125,55.347023010253906,7.515675,4.546567,21.685787,24.400000
IR_57601.jpg,2025-04-23 15:45:32,Machine,248.28451538085938,137.77484130859375,276.8925476074219,185.0899658203125,1.615565,1.333817,20.696024,24.400000
IR_57602.jpg,2025-04-23 15:46:02,Screen,344.65228271484375,275.5087890625,474.13165283203125,372.02264404296875,11.273092,4.161225,21.450747,24.299999
IR_57602.jpg,2025-04-23 15:46:02,Screen,610.5722045898438,275.6970520019531,639.5004272460938,366.8239440917969,10.867567,4.986134,20.635723,24.299999
IR_57602.jpg,2025-04-23 15:46:02,Machine,479.7151794433594,132.53952026367188,563.4364013671875,220.94253540039062,4.652968,5.316183,21.070183,24.299999
IR_57602.jpg,2025-04-23 15:46:02,Cableduct,220.5588836669922,1.49114990234375,314.73272705078125,49.16703414916992,11.085201,3.270264,20.661644,24.299999
IR_57602.jpg,2025-04-23 15:46:02,Cableduct,530.4557495117188,39.59557342529297,567.5888061523438,61.341392517089844,8.611581,4.881472,21.344250,24.299999
IR_57602.jpg,2025-04-23 15:46:02,Cableduct,574.8939819335938,35.908447265625,623.1824340820312,58.477264404296875,9.956677,5.148876,21.542868,24.299999
IR_57602.jpg,2025-04-23 15:46:02,Machine,111.33494567871094,169.27374267578125,145.53501892089844,274.74359130859375,6.697301,0.576449,22.149111,23.987728
IR_57602.jpg,2025-04-23 15:46:02,Cableduct,322.36737060546875,16.15148162841797,359.42633056640625,41.377906799316406,7.180503,3.309928,21.313234,24.299999
IR_57602.jpg,2025-04-23 15:46:02,Cableduct,430.05194091796875,35.53223419189453,461.20367431640625,54.05162048339844,7.472398,4.532803,21.513359,24.299999
IR_57602.jpg,2025-04-23 15:46:02,Machine,120.25357055664062,154.91806030273438,187.04470825195312,227.20626831054688,6.351700,0.575168,21.358940,24.299999
IR_57602.jpg,2025-04-23 15:46:02,Window,163.4736785888672,56.43400573730469,196.56163024902344,115.43205261230469,0.968145,0.524328,20.621353,24.299999
IR_57602.jpg,2025-04-23 15:46:02,Screen,605.191162109375,239.47183227539062,640.0,360.2864074707031,11.279232,4.850271,20.490713,24.299999
IR_57603.jpg,2025-04-23 15:46:32,Screen,343.2624816894531,275.4026794433594,473.9418029785156,373.4236145019531,11.335682,4.147406,21.584938,24.400000
IR_57603.jpg,2025-04-23 15:46:32,Cableduct,529.331298828125,38.83024597167969,567.6171875,62.13316345214844,8.662704,4.887077,21.356947,24.400000
IR_57603.jpg,2025-04-23 15:46:32,Cableduct,214.56777954101562,1.298004150390625,315.1376647949219,49.91578674316406,11.923185,3.358114,20.786171,24.400000
IR_57603.jpg,2025-04-23 15:46:32,Cableduct,575.523681640625,34.44678497314453,622.626953125,59.325477600097656,10.172985,5.181838,21.635702,24.400000
IR_57603.jpg,2025-04-23 15:46:32,Cableduct,430.85955810546875,36.327003479003906,461.600341796875,56.031333923339844,7.535308,4.561110,21.562918,24.400000
IR_57603.jpg,2025-04-23 15:46:32,Screen,612.841796875,251.65634155273438,639.690673828125,372.9335632324219,11.937331,4.757432,20.589851,24.400000
IR_57603.jpg,2025-04-23 15:46:32,Machine,110.24972534179688,170.04254150390625,146.27279663085938,274.7861328125,6.627387,0.539716,22.245182,24.067884
IR_57603.jpg,2025-04-23 15:46:32,Machine,479.6547546386719,132.362060546875,564.123046875,220.0791015625,4.653801,5.336392,21.103346,24.400000
IR_57603.jpg,2025-04-23 15:46:32,Cableduct,322.724609375,15.608467102050781,359.07305908203125,40.611656188964844,7.216342,3.315588,21.435938,24.400000
IR_57603.jpg,2025-04-23 15:46:32,Screen,610.27099609375,231.80638122558594,639.9296875,359.8114013671875,11.836110,4.907856,20.468969,24.400000
IR_57603.jpg,2025-04-23 15:46:32,Machine,122.62570190429688,153.44229125976562,188.26837158203125,225.1932373046875,6.179134,0.569812,21.486275,24.400000
IR_57604.jpg,2025-04-23 15:47:02,Screen,343.4033203125,275.89300537109375,473.6844482421875,374.66558837890625,11.319901,4.137047,21.616341,24.500000
IR_57604.jpg,2025-04-23 15:47:02,Cableduct,216.83633422851562,1.5074653625488281,316.7350158691406,50.2750129699707,11.848777,3.377597,20.815420,24.500000
IR_57604.jpg,2025-04-23 15:47:02,Cableduct,529.4114990234375,38.85875701904297,567.718505859375,61.91089630126953,8.651770,4.885332,21.495665,24.500000
IR_57604.jpg,2025-04-23 15:47:02,Machine,479.79046630859375,130.89682006835938,562.3941040039062,217.81289672851562,4.659358,5.334967,21.087778,24.500000
IR_57604.jpg,2025-04-23 15:47:02,Screen,611.2911987304688,272.2664794921875,639.7592163085938,371.419677734375,11.117445,4.876707,20.621899,24.347780
IR_57604.jpg,2025-04-23 15:47:02,Cableduct,430.6961669921875,36.28184509277344,462.396484375,55.89585876464844,7.466437,4.540627,21.799366,24.500000
IR_57604.jpg,2025-04-23 15:47:02,Machine,110.1395492553711,169.27981567382812,145.89401245117188,274.32183837890625,6.632809,0.544493,22.293100,24.167885
IR_57604.jpg,2025-04-23 15:47:02,Cableduct,574.8504638671875,34.41352081298828,622.6817626953125,60.369224548339844,10.179379,5.181579,21.661198,24.500000
IR_57604.jpg,2025-04-23 15:47:02,Cableduct,322.39544677734375,15.857917785644531,359.88128662109375,42.229400634765625,7.259463,3.338414,21.615520,24.500000
IR_57604.jpg,2025-04-23 15:47:02,Machine,122.551513671875,150.619873046875,188.32968139648438,225.523193359375,5.973271,0.566325,21.493967,24.500000
IR_57605.jpg,2025-04-23 15:47:32,Screen,343.3804931640625,275.53082275390625,473.8609619140625,374.52960205078125,11.321000,4.139083,21.645544,24.500000
IR_57605.jpg,2025-04-23 15:47:32,Cableduct,219.9869384765625,1.6464157104492188,315.15863037109375,50.89788055419922,11.166359,3.288340,20.855194,24.500000
IR_57605.jpg,2025-04-23 15:47:32,Machine,479.71612548828125,132.63519287109375,563.3359985351562,217.9610595703125,4.594823,5.371254,21.317886,24.500000
IR_57605.jpg,2025-04-23 15:47:32,Cableduct,529.051513671875,38.76243591308594,568.21826171875,62.671783447265625,8.669123,4.889205,21.478502,24.500000
IR_57605.jpg,2025-04-23 15:47:32,Screen,612.366455078125,271.235595703125,639.72607421875,374.885498046875,11.344940,4.795794,20.741217,24.333942
IR_57605.jpg,2025-04-23 15:47:32,Cableduct,574.8782348632812,34.549896240234375,623.0337524414062,57.868804931640625,10.050280,5.161636,21.792454,24.500000
IR_57605.jpg,2025-04-23 15:47:32,Machine,110.77252960205078,170.04483032226562,145.82623291015625,275.5765075683594,6.700782,0.567592,22.342075,24.181723
IR_57605.jpg,2025-04-23 15:47:32,Cableduct,430.93914794921875,36.86677551269531,461.725830078125,55.476402282714844,7.453290,4.547226,21.930477,24.500000
IR_57605.jpg,2025-04-23 15:47:32,Cableduct,322.1287841796875,16.1868896484375,358.46258544921875,41.628475189208984,7.199436,3.309151,21.488411,24.500000
IR_57605.jpg,2025-04-23 15:47:32,Screen,611.7896728515625,243.62725830078125,639.7789306640625,361.5377197265625,11.572434,4.850929,20.605495,24.500000
IR_57605.jpg,2025-04-23 15:47:32,Machine,119.2885971069336,89.54129028320312,153.47732543945312,138.32046508789062,1.919250,0.185974,20.686230,21.178852
IR_57606.jpg,2025-04-23 15:48:03,Screen,343.41796875,275.6396179199219,473.6002197265625,374.7868347167969,11.304649,4.134944,21.581369,24.500000
IR_57606.jpg,2025-04-23 15:48:03,Screen,612.7686157226562,272.03424072265625,639.6610717773438,373.55670166015625,11.286332,4.821049,20.660080,24.375458
IR_57606.jpg,2025-04-23 15:48:03,Machine,480.39111328125,132.64620971679688,562.8411865234375,218.19735717773438,4.599055,5.357934,21.584637,24.500000
IR_57606.jpg,2025-04-23 15:48:03,Cableduct,322.5302734375,15.8331298828125,357.309814453125,40.94882583618164,7.235058,3.308411,21.462545,24.500000
IR_57606.jpg,2025-04-23 15:48:03,Cableduct,219.9303436279297,1.4754219055175781,315.09478759765625,50.15729904174805,11.191129,3.289859,20.782623,24.500000
IR_57606.jpg,2025-04-23 15:48:03,Cableduct,530.441162109375,39.463478088378906,565.12646484375,61.273277282714844,8.665533,4.886066,21.602652,24.500000
IR_57606.jpg,2025-04-23 15:48:03,Machine,110.23692321777344,169.80465698242188,145.85411071777344,275.770751953125,6.705369,0.565651,22.270823,24.154047
IR_57606.jpg,2025-04-23 15:48:03,Cableduct,430.62762451171875,36.470985412597656,461.55145263671875,55.67359161376953,7.490730,4.550661,21.855902,24.500000
IR_57606.jpg,2025-04-23 15:48:03,Cableduct,573.947021484375,34.11865997314453,622.9189453125,58.349937438964844,10.054899,5.159060,21.655468,24.500000
IR_57606.jpg,2025-04-23 15:48:03,Machine,121.87555694580078,154.12838745117188,187.14239501953125,226.55062866210938,6.201908,0.566163,21.513418,24.500000
IR_57606.jpg,2025-04-23 15:48:03,Window,163.12652587890625,56.26097869873047,201.09213256835938,114.69026947021484,1.045879,0.517521,20.787289,24.500000
IR_57607.jpg,2025-04-23 15:48:32,Screen,344.17889404296875,275.99664306640625,474.167236328125,373.093994140625,11.314446,4.154145,21.607613,24.500000
IR_57607.jpg,2025-04-23 15:48:32,Cableduct,218.09780883789062,1.3524246215820312,314.1053771972656,52.19387435913086,11.218540,3.283791,20.805910,24.500000
IR_57607.jpg,2025-04-23 15:48:32,Machine,480.17578125,131.71275329589844,562.5760498046875,217.5707550048828,4.624148,5.352252,21.495827,24.500000
IR_57607.jpg,2025-04-23 15:48:32,Screen,615.48388671875,275.1483154296875,639.882080078125,374.2293701171875,11.350521,4.821616,20.734608,24.375458
IR_57607.jpg,2025-04-23 15:48:32,Machine,110.73518371582031,170.14761352539062,146.01475524902344,275.1041259765625,6.663146,0.554680,22.261463,24.181723
IR_57607.jpg,2025-04-23 15:48:32,Cableduct,528.8193969726562,38.64225769042969,566.9307250976562,61.442291259765625,8.634972,4.879499,21.518492,24.458487
IR_57607.jpg,2025-04-23 15:48:32,Cableduct,575.9078369140625,35.37892150878906,622.2047119140625,58.57548522949219,10.083599,5.169542,21.803080,24.500000
IR_57607.jpg,2025-04-23 15:48:32,Cableduct,430.22314453125,36.28474426269531,462.9935302734375,57.28010559082031,7.472342,4.539161,21.516989,24.500000
IR_57607.jpg,2025-04-23 15:48:32,Cableduct,322.197021484375,15.58749771118164,360.24365234375,44.11968231201172,7.392132,3.384589,21.388929,24.500000
IR_57607.jpg,2025-04-23 15:48:32,Machine,121.44073486328125,154.15853881835938,187.48922729492188,227.15145874023438,6.232044,0.574214,21.519880,24.500000
IR_57608.jpg,2025-04-23 15:49:02,Screen,343.04351806640625,275.0386962890625,473.9798583984375,375.3975830078125,11.327713,4.132758,21.771458,24.600000
IR_57608.jpg,2025-04-23 15:49:02,Cableduct,218.0785675048828,1.3259773254394531,314.41729736328125,49.9771728515625,11.343029,3.293283,20.997009,24.600000
IR_57608.jpg,2025-04-23 15:49:02,Cableduct,575.4122924804688,34.80931854248047,622.2642211914062,57.999977111816406,10.083684,5.168095,21.992199,24.600000
IR_57608.jpg,2025-04-23 15:49:02,Machine,479.57183837890625,132.40875244140625,562.8778686523438,216.03057861328125,4.563912,5.380984,21.411732,24.600000
IR_57608.jpg,2025-04-23 15:49:02,Cableduct,429.6600646972656,35.88074493408203,462.6380310058594,58.238189697265625,7.550084,4.552363,21.498720,24.600000
IR_57608.jpg,2025-04-23 15:49:02,Machine,110.84133911132812,170.2762451171875,146.2794189453125,276.07489013671875,6.708196,0.570771,22.425859,24.267885
IR_57608.jpg,2025-04-23 15:49:02,Screen,614.5142822265625,273.8419494628906,639.9141845703125,376.7190856933594,11.443136,4.775626,20.971399,24.600000
IR_57608.jpg,2025-04-23 15:49:02,Cableduct,322.43701171875,15.784842491149902,360.4776611328125,43.56549072265625,7.341021,3.369478,21.464205,24.600000
IR_57608.jpg,2025-04-23 15:49:02,Cableduct,528.7471313476562,40.223609924316406,564.1115112304688,61.14252471923828,8.524274,4.862554,21.820580,24.558485
IR_57608.jpg,2025-04-23 15:49:02,Machine,121.00342559814453,154.66485595703125,188.34130859375,226.55755615234375,6.349674,0.583949,21.681828,24.600000
IR_57609.jpg,2025-04-23 15:49:32,Screen,343.4754333496094,275.18829345703125,474.1017761230469,375.10797119140625,11.315144,4.136822,21.721947,24.600000
IR_57609.jpg,2025-04-23 15:49:32,Cableduct,219.29872131347656,1.4685249328613281,316.104248046875,49.980716705322266,11.434810,3.329120,20.949318,24.600000
IR_57609.jpg,2025-04-23 15:49:32,Screen,612.8985595703125,277.72332763671875,639.6597900390625,370.92376708984375,11.037264,4.926853,20.858101,24.600000
IR_57609.jpg,2025-04-23 15:49:32,Machine,479.07159423828125,133.19546508789062,562.0253295898438,216.9398193359375,4.537092,5.380014,21.308485,24.600000
IR_57609.jpg,2025-04-23 15:49:32,Cableduct,576.1202392578125,35.81822967529297,622.0679931640625,58.30164337158203,10.043731,5.163898,21.949030,24.600000
IR_57609.jpg,2025-04-23 15:49:32,Cableduct,322.48419189453125,15.209915161132812,360.32476806640625,42.259010314941406,7.331095,3.363185,21.455769,24.600000
IR_57609.jpg,2025-04-23 15:49:32,Machine,110.84686279296875,169.68609619140625,145.771728515625,274.39691162109375,6.646475,0.552651,22.397131,24.600000
IR_57609.jpg,2025-04-23 15:49:32,Cableduct,429.8648681640625,34.507240295410156,462.8582763671875,57.25923156738281,7.615323,4.551760,21.501379,24.600000
IR_57609.jpg,2025-04-23 15:49:32,Cableduct,528.6397705078125,40.186790466308594,565.9342041015625,60.94573211669922,8.479267,4.857411,21.819700,24.558485
IR_57609.jpg,2025-04-23 15:49:32,Machine,121.42389678955078,154.6260986328125,187.60809326171875,226.44512939453125,6.291688,0.573452,21.636162,24.600000
IR_57610.jpg,2025-04-23 15:50:03,Screen,344.82958984375,275.335693359375,473.5560302734375,374.209228515625,11.208505,4.139741,21.667072,24.600000
IR_57610.jpg,2025-04-23 15:50:03,Cableduct,218.6509246826172,1.500732421875,316.16046142578125,50.445499420166016,11.513800,3.338197,20.863304,24.600000
IR_57610.jpg,2025-04-23 15:50:03,Cableduct,576.2894287109375,35.37364196777344,621.6524658203125,58.699607849121094,10.117841,5.173671,21.898851,24.600000
IR_57610.jpg,2025-04-23 15:50:03,Screen,613.1190185546875,277.648193359375,639.7572021484375,373.4986572265625,11.147600,4.884648,20.810390,24.501305
IR_57610.jpg,2025-04-23 15:50:03,Cableduct,429.2291564941406,34.69903564453125,463.5768737792969,58.95027160644531,7.602796,4.547114,21.366558,24.600000
IR_57610.jpg,2025-04-23 15:50:03,Machine,110.98562622070312,170.02255249023438,145.75723266601562,275.6305236816406,6.711825,0.573272,22.330458,24.247520
IR_57610.jpg,2025-04-23 15:50:03,Cableduct,322.246337890625,14.241519927978516,359.981689453125,42.538246154785156,7.455554,3.399043,21.385492,24.600000
IR_57610.jpg,2025-04-23 15:50:03,Machine,479.56793212890625,134.362548828125,563.3040161132812,216.59844970703125,4.496251,5.403519,21.245605,24.600000
IR_57610.jpg,2025-04-23 15:50:03,Cableduct,528.636474609375,40.367095947265625,565.505859375,60.82521057128906,8.464838,4.854921,21.762913,24.501305
IR_57610.jpg,2025-04-23 15:50:03,Machine,484.54779052734375,107.52743530273438,577.7758178710938,205.81222534179688,5.885187,5.163096,21.195713,24.600000
IR_57610.jpg,2025-04-23 15:50:03,Machine,120.67051696777344,154.59976196289062,186.73097229003906,228.00881958007812,6.267339,0.572532,21.566599,24.600000
IR_57611.jpg,2025-04-23 15:50:32,Screen,344.020263671875,275.984375,474.3492431640625,374.86773681640625,11.324500,4.143009,21.688175,24.600000
IR_57611.jpg,2025-04-23 15:50:32,Cableduct,221.76687622070312,1.6865921020507812,314.8549499511719,50.128395080566406,10.908046,3.256548,20.900564,24.600000
IR_57611.jpg,2025-04-23 15:50:32,Screen,611.89501953125,275.6507568359375,639.7275390625,375.3948974609375,11.227734,4.843010,20.850872,24.558485
IR_57611.jpg,2025-04-23 15:50:32,Cableduct,429.78521728515625,34.544334411621094,462.927001953125,57.4410400390625,7.612369,4.551031,21.454355,24.600000
IR_57611.jpg,2025-04-23 15:50:32,Cableduct,529.39306640625,38.93321228027344,567.11962890625,61.25187683105469,8.624265,4.879364,21.693521,24.600000
IR_57611.jpg,2025-04-23 15:50:32,Machine,111.1794204711914,170.40728759765625,145.54177856445312,275.1751708984375,6.687363,0.563485,22.382172,24.600000
IR_57611.jpg,2025-04-23 15:50:32,Cableduct,576.141357421875,35.175445556640625,622.091064453125,58.18401336669922,10.097253,5.170590,21.925905,24.600000
IR_57611.jpg,2025-04-23 15:50:32,Cableduct,322.1689147949219,14.666988372802734,358.9447326660156,42.03510284423828,7.391349,3.371069,21.440924,24.600000
IR_57611.jpg,2025-04-23 15:50:32,Machine,479.99853515625,133.1663818359375,562.499755859375,218.90032958984375,4.585130,5.352153,21.268143,24.600000
IR_57611.jpg,2025-04-23 15:50:32,Machine,482.6474609375,103.54705810546875,579.12939453125,202.93289184570312,6.153540,5.163676,21.212635,24.600000
IR_57611.jpg,2025-04-23 15:50:32,Machine,197.97402954101562,103.04762268066406,223.46609497070312,128.31541442871094,0.747691,0.520035,21.155157,22.773369
IR_57611.jpg,2025-04-23 15:50:32,Window,159.88668823242188,57.471885681152344,195.97738647460938,116.3539810180664,0.996633,0.484396,20.833818,24.600000
IR_57611.jpg,2025-04-23 15:50:32,Screen,605.400634765625,250.79981994628906,640.0,361.1739501953125,10.962090,4.859209,20.704800,24.600000
IR_57611.jpg,2025-04-23 15:50:32,Machine,119.65927124023438,154.71685791015625,185.7958984375,226.29327392578125,6.351794,0.559790,21.590099,24.600000
IR_57612.jpg,2025-04-23 15:51:02,Screen,344.46063232421875,276.4940185546875,472.67364501953125,374.6258544921875,11.212992,4.129679,21.697241,24.600000
IR_57612.jpg,2025-04-23 15:51:02,Cableduct,217.6182861328125,1.4964561462402344,314.45281982421875,50.70672607421875,11.383267,3.297020,20.877752,24.600000
IR_57612.jpg,2025-04-23 15:51:02,Cableduct,429.98541259765625,34.095481872558594,462.96435546875,58.530189514160156,7.723903,4.574667,21.369871,24.600000
IR_57612.jpg,2025-04-23 15:51:02,Cableduct,576.4296875,35.19191360473633,621.9835205078125,58.69087600708008,10.134988,5.176489,21.926182,24.600000
IR_57612.jpg,2025-04-23 15:51:02,Screen,612.5989990234375,277.68121337890625,639.8212890625,374.49993896484375,11.164513,4.875526,20.834949,24.459007
IR_57612.jpg,2025-04-23 15:51:02,Cableduct,529.4883422851562,39.99384307861328,565.5172729492188,60.39263153076172,8.520966,4.862964,21.781820,24.473106
IR_57612.jpg,2025-04-23 15:51:02,Machine,110.85450744628906,170.5126953125,145.9758758544922,276.2242431640625,6.721639,0.572532,22.334173,24.303917
IR_57612.jpg,2025-04-23 15:51:02,Machine,479.977294921875,134.14474487304688,562.337890625,217.77645874023438,4.519701,5.384414,21.265465,24.600000
IR_57612.jpg,2025-04-23 15:51:02,Cableduct,321.7618103027344,14.412651062011719,358.8172912597656,42.48795700073242,7.434052,3.384891,21.404442,24.600000
IR_57612.jpg,2025-04-23 15:51:02,Machine,483.2333068847656,105.04141998291016,578.4095458984375,201.75991821289062,6.032217,5.175291,21.228144,24.600000
IR_57612.jpg,2025-04-23 15:51:02,Machine,195.5831298828125,102.95286560058594,224.66860961914062,132.58041381835938,0.835931,0.528103,21.072468,22.837599
IR_57612.jpg,2025-04-23 15:51:02,Machine,120.02300262451172,154.765380859375,187.756103515625,227.4276123046875,6.381508,0.584702,21.573305,24.600000
IR_57613.jpg,2025-04-23 15:51:33,Screen,341.233642578125,275.65350341796875,473.36572265625,374.78546142578125,11.426150,4.129910,21.675358,24.600000
IR_57613.jpg,2025-04-23 15:51:33,Cableduct,576.0025634765625,35.01008605957031,622.1170654296875,58.80577850341797,10.133812,5.176369,21.906113,24.600000
IR_57613.jpg,2025-04-23 15:51:33,Cableduct,215.07415771484375,1.3953475952148438,315.17681884765625,51.14250183105469,11.819328,3.352079,20.882322,24.600000
IR_57613.jpg,2025-04-23 15:51:33,Cableduct,429.9216003417969,34.36688232421875,463.5267639160156,58.91423034667969,7.678592,4.565196,21.386942,24.600000
IR_57613.jpg,2025-04-23 15:51:33,Machine,110.93347930908203,170.4300537109375,146.1610107421875,275.5479431152344,6.680103,0.560795,22.339981,24.360313
IR_57613.jpg,2025-04-23 15:51:33,Screen,611.8663330078125,276.10302734375,639.7327880859375,373.518310546875,11.133026,4.879436,20.855186,24.487206
IR_57613.jpg,2025-04-23 15:51:33,Machine,479.2080078125,132.83273315429688,562.995849609375,218.44851684570312,4.589668,5.364625,21.283735,24.600000
IR_57613.jpg,2025-04-23 15:51:33,Cableduct,321.5628662109375,14.975791931152344,358.8240966796875,42.32375717163086,7.351315,3.360503,21.420269,24.600000
IR_57613.jpg,2025-04-23 15:51:33,Cableduct,529.9708251953125,40.148685455322266,566.8792724609375,60.57828903198242,8.514084,4.865092,21.814453,24.459007
IR_57613.jpg,2025-04-23 15:51:33,Machine,481.8465270996094,104.41858673095703,578.5037841796875,205.40618896484375,6.109042,5.163242,21.218016,24.600000
IR_57613.jpg,2025-04-23 15:51:33,Machine,196.13519287109375,104.03926086425781,222.3843994140625,130.14170837402344,0.823718,0.516366,21.137375,22.837599
IR_57613.jpg,2025-04-23 15:51:33,Machine,120.69548034667969,155.194091796875,187.5950164794922,227.364013671875,6.359820,0.580476,21.597113,24.600000
IR_57614.jpg,2025-04-23 15:52:02,Screen,343.11663818359375,275.7991943359375,473.351318359375,374.9490966796875,11.312302,4.131255,21.673977,24.600000
IR_57614.jpg,2025-04-23 15:52:02,Cableduct,576.3556518554688,35.13727569580078,621.9052124023438,58.58265686035156,10.132721,5.175806,21.950178,24.600000
IR_57614.jpg,2025-04-23 15:52:02,Cableduct,214.20091247558594,1.3160667419433594,313.7261962890625,50.77862548828125,11.728464,3.318195,20.895134,24.600000
IR_57614.jpg,2025-04-23 15:52:02,Cableduct,429.70489501953125,34.31282043457031,463.06854248046875,58.32493591308594,7.667717,4.561693,21.368120,24.600000
IR_57614.jpg,2025-04-23 15:52:02,Screen,612.76806640625,277.86749267578125,639.640625,370.01043701171875,11.003914,4.942772,20.808805,24.487206
IR_57614.jpg,2025-04-23 15:52:02,Machine,110.53076934814453,170.3865966796875,145.89837646484375,275.75360107421875,6.693529,0.560604,22.359907,24.600000
IR_57614.jpg,2025-04-23 15:52:02,Cableduct,322.5498046875,15.173709869384766,358.466796875,42.289100646972656,7.373024,3.360923,21.483978,24.600000
IR_57614.jpg,2025-04-23 15:52:02,Cableduct,529.9196166992188,39.690467834472656,565.7094116210938,60.79314422607422,8.585463,4.873585,21.807505,24.557703
IR_57614.jpg,2025-04-23 15:52:02,Machine,482.5489501953125,104.05270385742188,578.0625,203.89547729492188,6.096692,5.151707,21.228174,24.600000
IR_57614.jpg,2025-04-23 15:52:02,Machine,479.48736572265625,132.46517944335938,563.0296020507812,218.44241333007812,4.606058,5.357915,21.281351,24.600000
IR_57614.jpg,2025-04-23 15:52:02,Machine,194.98971557617188,103.23782348632812,223.24465942382812,131.81460571289062,0.847534,0.520435,21.109959,22.837599
IR_57614.jpg,2025-04-23 15:52:02,Machine,120.30758666992188,154.98974609375,187.50454711914062,227.51202392578125,6.364769,0.581341,21.584059,24.600000
IR_57615.jpg,2025-04-23 15:52:32,Screen,342.7110595703125,276.11956787109375,473.434814453125,374.92413330078125,11.353409,4.132278,21.632513,24.500000
IR_57615.jpg,2025-04-23 15:52:32,Screen,611.5228881835938,273.98260498046875,639.7835083007812,373.32989501953125,11.164293,4.863037,20.831564,24.444647
IR_57615.jpg,2025-04-23 15:52:32,Cableduct,217.65625,0.9941864013671875,315.68658447265625,50.55244827270508,11.577204,3.344641,20.899368,24.500000
IR_57615.jpg,2025-04-23 15:52:32,Cableduct,430.4454345703125,34.48009490966797,463.268798828125,58.398460388183594,7.691174,4.572490,21.365488,24.500000
IR_57615.jpg,2025-04-23 15:52:32,Cableduct,575.8175048828125,35.53358840942383,621.96826171875,58.95167922973633,10.086660,5.170202,21.866131,24.500000
IR_57615.jpg,2025-04-23 15:52:32,Cableduct,529.269287109375,39.05443572998047,566.54248046875,61.15277862548828,8.613045,4.876879,21.702562,24.375458
IR_57615.jpg,2025-04-23 15:52:32,Machine,479.7705993652344,134.54945373535156,561.5318603515625,217.96861267089844,4.503314,5.380589,21.252666,24.500000
IR_57615.jpg,2025-04-23 15:52:32,Cableduct,323.0655517578125,14.87363052368164,357.883056640625,41.2368278503418,7.374037,3.353359,21.496281,24.500000
IR_57615.jpg,2025-04-23 15:52:32,Machine,109.5872802734375,172.01898193359375,146.30068969726562,276.52349853515625,6.657198,0.528970,22.274260,24.140209
IR_57615.jpg,2025-04-23 15:52:32,Machine,482.119873046875,102.67413330078125,577.6455078125,201.01416015625,6.146430,5.148459,21.198048,24.500000
IR_57615.jpg,2025-04-23 15:52:32,Machine,195.70692443847656,100.76097106933594,226.1711883544922,131.37127685546875,0.811415,0.534006,21.053104,22.770235
IR_57615.jpg,2025-04-23 15:52:32,Machine,121.40888977050781,154.21124267578125,187.87889099121094,228.58551025390625,6.222304,0.584023,21.532568,24.500000
IR_57616.jpg,2025-04-23 15:53:03,Screen,342.3602294921875,276.31622314453125,473.36370849609375,374.6011962890625,11.379247,4.133785,21.614258,24.500000
IR_57616.jpg,2025-04-23 15:53:03,Cableduct,219.34339904785156,1.6758766174316406,315.7177734375,49.517494201660156,11.383008,3.312359,20.880095,24.500000
IR_57616.jpg,2025-04-23 15:53:03,Cableduct,576.32763671875,35.36488342285156,621.89404296875,58.66773986816406,10.114834,5.173631,21.886852,24.500000
IR_57616.jpg,2025-04-23 15:53:03,Screen,611.7689208984375,278.17596435546875,639.6412353515625,370.49395751953125,10.983437,4.947633,20.809397,24.389296
IR_57616.jpg,2025-04-23 15:53:03,Cableduct,322.6631164550781,14.689693450927734,358.5857238769531,42.55389404296875,7.447163,3.384153,21.434515,24.500000
IR_57616.jpg,2025-04-23 15:53:03,Cableduct,430.2999267578125,35.6571044921875,463.19384765625,57.98536682128906,7.559009,4.553272,21.412809,24.500000
IR_57616.jpg,2025-04-23 15:53:03,Machine,110.98699188232422,170.33615112304688,145.8121337890625,274.42822265625,6.632219,0.544777,22.328550,24.223238
IR_57616.jpg,2025-04-23 15:53:03,Cableduct,529.576416015625,39.983673095703125,565.688720703125,60.512420654296875,8.528700,4.864678,21.771544,24.458487
IR_57616.jpg,2025-04-23 15:53:03,Machine,479.82183837890625,134.39105224609375,562.3748168945312,218.3074951171875,4.519486,5.380865,21.247719,24.500000
IR_57616.jpg,2025-04-23 15:53:03,Machine,483.4659423828125,104.6431884765625,576.4658203125,201.98062133789062,5.991271,5.138595,21.227669,24.500000
IR_57616.jpg,2025-04-23 15:53:03,Machine,196.23794555664062,103.25396728515625,222.20669555664062,130.17279052734375,0.762662,0.509348,21.119692,22.701044
IR_57617.jpg,2025-04-23 15:53:32,Screen,611.2177734375,273.7810363769531,639.8311767578125,372.1756286621094,11.104462,4.883992,20.765087,24.457703
IR_57617.jpg,2025-04-23 15:53:32,Screen,341.23834228515625,276.462158203125,473.16912841796875,374.6644287109375,11.441298,4.130259,21.549564,24.500000
IR_57617.jpg,2025-04-23 15:53:32,Cableduct,210.8702392578125,1.4338035583496094,315.0089111328125,51.49772644042969,12.342134,3.396191,20.802448,24.500000
IR_57617.jpg,2025-04-23 15:53:32,Cableduct,573.7132568359375,34.17323684692383,622.4530029296875,57.71635818481445,10.021235,5.153461,21.763765,24.500000
IR_57617.jpg,2025-04-23 15:53:32,Cableduct,320.82659912109375,14.261764526367188,358.85870361328125,42.36466979980469,7.405003,3.379366,21.335203,24.500000
IR_57617.jpg,2025-04-23 15:53:32,Machine,480.36334228515625,134.87120056152344,560.9290161132812,218.0829620361328,4.498106,5.373654,21.200583,24.500000
IR_57617.jpg,2025-04-23 15:53:32,Cableduct,429.8504638671875,34.7033805847168,463.6214599609375,59.30221939086914,7.659362,4.564143,21.264585,24.500000
IR_57617.jpg,2025-04-23 15:53:32,Machine,111.05014038085938,170.42575073242188,145.6263427734375,275.0790100097656,6.675339,0.558393,22.308020,24.161619
IR_57617.jpg,2025-04-23 15:53:32,Cableduct,530.4976806640625,40.32026672363281,565.4356689453125,60.47723388671875,8.546523,4.869230,21.773890,24.373108
IR_57617.jpg,2025-04-23 15:53:32,Machine,482.4705810546875,103.35111236572266,577.105224609375,201.71603393554688,6.091229,5.141982,21.147776,24.500000
IR_57617.jpg,2025-04-23 15:53:32,Machine,119.36429595947266,154.41696166992188,187.29251098632812,227.67507934570312,6.378617,0.582609,21.497196,24.500000
IR_57618.jpg,2025-04-23 15:54:02,Screen,341.130126953125,275.40240478515625,473.560546875,375.28424072265625,11.433280,4.127675,21.562710,24.500000
IR_57618.jpg,2025-04-23 15:54:02,Screen,612.428466796875,278.45489501953125,639.63671875,369.67425537109375,10.975769,4.956626,20.789133,24.389296
IR_57618.jpg,2025-04-23 15:54:02,Cableduct,216.62417602539062,1.3881149291992188,316.2702941894531,51.57728576660156,11.764352,3.368353,20.855358,24.500000
IR_57618.jpg,2025-04-23 15:54:02,Cableduct,576.22314453125,35.249916076660156,621.68359375,57.61602020263672,10.075273,5.166144,21.950491,24.500000
IR_57618.jpg,2025-04-23 15:54:02,Cableduct,429.87359619140625,35.06577682495117,462.54046630859375,58.23549270629883,7.642933,4.566749,21.391207,24.500000
IR_57618.jpg,2025-04-23 15:54:02,Machine,480.1486511230469,134.38894653320312,561.59423828125,219.02114868164062,4.536810,5.357255,21.248617,24.500000
IR_57618.jpg,2025-04-23 15:54:02,Cableduct,322.9525146484375,14.969832420349121,358.422607421875,41.726470947265625,7.378890,3.360180,21.461918,24.500000
IR_57618.jpg,2025-04-23 15:54:02,Cableduct,529.2447509765625,38.797271728515625,567.0096435546875,61.336578369140625,8.635416,4.880502,21.655319,24.458487
IR_57618.jpg,2025-04-23 15:54:02,Machine,110.28987121582031,172.63186645507812,145.9138641357422,275.2342834472656,6.596415,0.509866,22.341745,24.181723
IR_57618.jpg,2025-04-23 15:54:02,Machine,483.4461669921875,103.43114471435547,576.6015625,202.252197265625,6.065590,5.126015,21.210163,24.500000
IR_57618.jpg,2025-04-23 15:54:02,Machine,121.2811279296875,154.01708984375,188.08590698242188,227.24365234375,6.256055,0.581704,21.546642,24.500000
IR_57618.jpg,2025-04-23 15:54:02,Machine,196.56979370117188,103.73989868164062,221.85989379882812,129.05615234375,0.785522,0.511192,21.128250,22.714882
IR_57619.jpg,2025-04-23 15:54:32,Screen,343.5545654296875,275.93194580078125,474.48199462890625,374.93231201171875,11.359460,4.143153,21.498701,24.500000
IR_57619.jpg,2025-04-23 15:54:32,Cableduct,430.27197265625,35.19667053222656,462.3607177734375,57.700408935546875,7.639360,4.569460,21.373405,24.500000
IR_57619.jpg,2025-04-23 15:54:32,Cableduct,220.156982421875,1.6205329895019531,315.07513427734375,50.49916076660156,11.144654,3.283995,20.791136,24.500000
IR_57619.jpg,2025-04-23 15:54:32,Screen,613.1168823242188,277.82635498046875,639.7562866210938,374.00994873046875,11.164902,4.878291,20.758608,24.444647
IR_57619.jpg,2025-04-23 15:54:32,Cableduct,575.801025390625,34.80198669433594,621.734375,57.825103759765625,10.104261,5.169946,21.845055,24.500000
IR_57619.jpg,2025-04-23 15:54:32,Cableduct,322.5185546875,15.261112213134766,358.33447265625,42.09493637084961,7.352182,3.353431,21.370113,24.500000
IR_57619.jpg,2025-04-23 15:54:32,Cableduct,529.8912353515625,40.10459899902344,566.1248779296875,60.44598388671875,8.522000,4.864869,21.725769,24.458487
IR_57619.jpg,2025-04-23 15:54:32,Machine,111.47239685058594,169.87673950195312,145.3644256591797,274.56451416015625,6.679845,0.567033,22.288094,24.264751
IR_57619.jpg,2025-04-23 15:54:32,Machine,479.3941650390625,134.53683471679688,562.2587890625,216.53500366210938,4.476722,5.399839,21.165712,24.500000
IR_57619.jpg,2025-04-23 15:54:32,Machine,481.53662109375,102.90963745117188,577.416748046875,202.61181640625,6.141893,5.146889,21.107964,24.500000
IR_57619.jpg,2025-04-23 15:54:32,Machine,120.16573333740234,153.97547912597656,185.87863159179688,229.0364227294922,6.200017,0.567960,21.478127,24.500000
IR_57619.jpg,2025-04-23 15:54:32,Machine,197.82000732421875,104.3466796875,222.54830932617188,129.9398956298828,0.745009,0.513189,21.048677,22.604177
IR_57620.jpg,2025-04-23 15:55:02,Screen,343.2972717285156,276.10272216796875,473.6954650878906,374.64093017578125,11.334267,4.137555,21.540171,24.500000
IR_57620.jpg,2025-04-23 15:55:02,Cableduct,216.20880126953125,1.5849990844726562,314.77020263671875,52.153236389160156,11.569988,3.322751,20.805668,24.500000
IR_57620.jpg,2025-04-23 15:55:02,Screen,613.0565185546875,275.6711730957031,639.7864990234375,376.2347717285156,11.315013,4.818383,20.812819,24.500000
IR_57620.jpg,2025-04-23 15:55:02,Cableduct,322.09271240234375,14.431865692138672,359.0008544921875,41.864952087402344,7.403681,3.375211,21.372129,24.500000
IR_57620.jpg,2025-04-23 15:55:02,Cableduct,429.66973876953125,34.43013000488281,462.75604248046875,58.242462158203125,7.671843,4.564728,21.321188,24.500000
IR_57620.jpg,2025-04-23 15:55:02,Cableduct,575.8243408203125,35.540855407714844,621.6044921875,58.37193298339844,10.065849,5.165882,21.833511,24.500000
IR_57620.jpg,2025-04-23 15:55:02,Machine,479.76763916015625,134.14483642578125,562.0211791992188,217.6849365234375,4.514794,5.383643,21.223154,24.500000
IR_57620.jpg,2025-04-23 15:55:02,Cableduct,530.1319580078125,39.972267150878906,566.5125732421875,60.860076904296875,8.558307,4.871639,21.736185,24.444647
IR_57620.jpg,2025-04-23 15:55:02,Machine,111.4814224243164,170.33486938476562,145.41250610351562,274.5609130859375,6.665581,0.559267,22.330736,24.223238
IR_57620.jpg,2025-04-23 15:55:02,Machine,481.8224792480469,101.21564483642578,578.4853515625,202.3851318359375,6.263430,5.135824,21.151628,24.500000
IR_57620.jpg,2025-04-23 15:55:02,Screen,611.5546875,250.4468994140625,639.7393798828125,366.09478759765625,11.555111,4.813944,20.673943,24.500000
IR_57620.jpg,2025-04-23 15:55:02,Machine,195.97918701171875,103.80625915527344,224.7850341796875,132.23521423339844,0.873303,0.533650,21.023617,22.701044
IR_57620.jpg,2025-04-23 15:55:02,Machine,220.16793823242188,147.81875610351562,249.8646240234375,183.29910278320312,2.564298,0.969765,20.889584,24.500000
IR_57621.jpg,2025-04-23 15:55:32,Screen,343.6737060546875,276.1690673828125,473.2515869140625,374.913818359375,11.284076,4.131884,21.563728,24.500000
IR_57621.jpg,2025-04-23 15:55:32,Screen,612.22802734375,278.95513916015625,639.69091796875,371.39337158203125,11.014695,4.938701,20.784292,24.375458
IR_57621.jpg,2025-04-23 15:55:32,Cableduct,216.7740478515625,1.3485755920410156,315.3778076171875,49.96600341796875,11.663115,3.338527,20.842245,24.500000
IR_57621.jpg,2025-04-23 15:55:32,Cableduct,576.4282836914062,34.79637145996094,622.5469360351562,59.21238708496094,10.185157,5.184774,21.737234,24.500000
IR_57621.jpg,2025-04-23 15:55:32,Cableduct,429.97283935546875,33.707298278808594,462.43267822265625,58.07994079589844,7.768826,4.582159,21.322069,24.500000
IR_57621.jpg,2025-04-23 15:55:32,Machine,110.78968811035156,172.93142700195312,145.35276794433594,274.38665771484375,6.571209,0.502210,22.336691,24.278589
IR_57621.jpg,2025-04-23 15:55:32,Cableduct,321.865234375,14.880756378173828,358.1956787109375,41.87161636352539,7.357912,3.355855,21.422670,24.500000
IR_57621.jpg,2025-04-23 15:55:32,Cableduct,529.9716796875,39.97510528564453,566.5498046875,60.99488067626953,8.555720,4.871310,21.709881,24.444647
IR_57621.jpg,2025-04-23 15:55:32,Machine,483.1697692871094,104.28010559082031,576.5482177734375,202.48622131347656,6.019576,5.135625,21.204449,24.500000
IR_57621.jpg,2025-04-23 15:55:32,Machine,479.519287109375,134.8492889404297,561.8564453125,218.6996307373047,4.503951,5.376074,21.242025,24.500000
IR_57621.jpg,2025-04-23 15:55:32,Machine,119.46765899658203,154.65469360351562,187.4085693359375,226.75381469726562,6.413594,0.580437,21.526655,24.500000
IR_57622.jpg,2025-04-23 15:56:02,Screen,343.38983154296875,276.27740478515625,473.80828857421875,374.46807861328125,11.342331,4.140306,21.701128,24.600000
IR_57622.jpg,2025-04-23 15:56:02,Cableduct,216.57107543945312,1.3768043518066406,316.3704528808594,51.88114929199219,11.776630,3.372483,20.964296,24.600000
IR_57622.jpg,2025-04-23 15:56:02,Cableduct,575.952392578125,34.3460693359375,622.78173828125,58.81309509277344,10.180473,5.183338,21.896549,24.600000
IR_57622.jpg,2025-04-23 15:56:02,Screen,611.943603515625,278.2517395019531,639.667236328125,370.1416931152344,10.977002,4.952610,20.900810,24.447781
IR_57622.jpg,2025-04-23 15:56:02,Machine,110.74069213867188,170.12106323242188,145.66015625,274.9562072753906,6.668372,0.555335,22.458321,24.350914
IR_57622.jpg,2025-04-23 15:56:02,Machine,479.90264892578125,135.244873046875,562.3937377929688,218.1209716796875,4.481875,5.394151,21.385811,24.600000
IR_57622.jpg,2025-04-23 15:56:02,Cableduct,322.35430908203125,14.197758674621582,358.86151123046875,41.37971878051758,7.413750,3.375554,21.569706,24.600000
IR_57622.jpg,2025-04-23 15:56:02,Cableduct,430.15972900390625,34.64508819580078,463.50958251953125,58.20954895019531,7.630841,4.557491,21.474342,24.600000
IR_57622.jpg,2025-04-23 15:56:02,Cableduct,529.0257568359375,38.91376495361328,566.9078369140625,61.98114776611328,8.645908,4.883118,21.796249,24.544647
IR_57622.jpg,2025-04-23 15:56:02,Machine,483.3072509765625,101.6935043334961,576.5516357421875,200.09127807617188,6.145664,5.114082,21.357441,24.600000
IR_57622.jpg,2025-04-23 15:56:02,Machine,195.74560546875,103.48274230957031,223.3402099609375,132.274658203125,0.800988,0.517755,21.180920,22.814882
IR_57622.jpg,2025-04-23 15:56:02,Machine,121.49822235107422,154.24746704101562,186.087646484375,225.92074584960938,6.211464,0.553529,21.674673,24.600000
IR_57622.jpg,2025-04-23 15:56:02,Screen,610.4375,245.8622283935547,639.8050537109375,362.76177978515625,11.480562,4.839243,20.820427,24.600000
IR_57623.jpg,2025-04-23 15:56:32,Cableduct,215.25717163085938,1.4738349914550781,316.1935729980469,51.77906799316406,11.927191,3.380675,20.861763,24.500000
IR_57623.jpg,2025-04-23 15:56:32,Screen,342.2023010253906,276.44854736328125,472.9167785644531,375.301513671875,11.361649,4.124459,21.589952,24.500000
IR_57623.jpg,2025-04-23 15:56:32,Cableduct,576.240234375,35.02711486816406,622.432373046875,59.59535217285156,10.174784,5.183822,21.812307,24.500000
IR_57623.jpg,2025-04-23 15:56:32,Cableduct,529.36474609375,38.88933563232422,567.068115234375,61.38026428222656,8.633862,4.880834,21.667488,24.458487
IR_57623.jpg,2025-04-23 15:56:32,Machine,480.09320068359375,135.42709350585938,561.8859252929688,217.99392700195312,4.471274,5.393393,21.295469,24.500000
IR_57623.jpg,2025-04-23 15:56:32,Screen,612.7901611328125,276.7288818359375,639.7200927734375,372.850830078125,11.130053,4.887451,20.813894,24.375458
IR_57623.jpg,2025-04-23 15:56:32,Machine,110.54701232910156,172.7547607421875,144.67286682128906,274.56011962890625,6.605279,0.509884,22.359634,24.264751
IR_57623.jpg,2025-04-23 15:56:32,Cableduct,429.56396484375,34.94572448730469,462.37054443359375,57.16229248046875,7.584902,4.549328,21.423853,24.500000
IR_57623.jpg,2025-04-23 15:56:32,Cableduct,324.0936279296875,15.62164306640625,357.3968505859375,40.576438903808594,7.298294,3.322426,21.603262,24.500000
IR_57623.jpg,2025-04-23 15:56:32,Machine,483.6544189453125,102.26388549804688,576.6422119140625,200.94058227539062,6.120845,5.116395,21.256218,24.500000
IR_57623.jpg,2025-04-23 15:56:32,Machine,120.6751937866211,154.64132690429688,186.81869506835938,227.39462280273438,6.287962,0.571279,21.534855,24.500000
IR_57623.jpg,2025-04-23 15:56:32,Screen,607.6746826171875,254.4345703125,640.0,359.01947021484375,10.884161,4.920136,20.666718,24.500000
IR_57624.jpg,2025-04-23 15:57:03,Cableduct,216.76173400878906,1.2133941650390625,316.5025634765625,52.221649169921875,11.761940,3.377581,20.874571,24.500000
IR_57624.jpg,2025-04-23 15:57:03,Screen,342.11968994140625,276.00469970703125,473.22454833984375,375.07110595703125,11.372418,4.128231,21.600304,24.500000
IR_57624.jpg,2025-04-23 15:57:03,Cableduct,575.8729248046875,34.637176513671875,621.9627685546875,59.40068054199219,10.191521,5.184538,21.787796,24.500000
IR_57624.jpg,2025-04-23 15:57:03,Machine,480.44696044921875,134.99270629882812,562.5197143554688,217.70309448242188,4.488016,5.394312,21.297651,24.500000
IR_57624.jpg,2025-04-23 15:57:03,Cableduct,429.83935546875,35.17938232421875,462.922607421875,57.53227996826172,7.564833,4.547246,21.422327,24.500000
IR_57624.jpg,2025-04-23 15:57:03,Machine,111.41173553466797,170.72015380859375,145.7132568359375,275.134521484375,6.675515,0.560236,22.334059,24.167885
IR_57624.jpg,2025-04-23 15:57:03,Screen,612.4501342773438,274.4681396484375,639.7415161132812,373.46221923828125,11.200621,4.855624,20.844704,24.458487
IR_57624.jpg,2025-04-23 15:57:03,Cableduct,322.74444580078125,14.804061889648438,358.41058349609375,41.22508239746094,7.358783,3.353978,21.486216,24.500000
IR_57624.jpg,2025-04-23 15:57:03,Machine,195.88885498046875,104.49343872070312,223.5384521484375,132.01611328125,0.865858,0.526008,21.077164,22.673368
IR_57624.jpg,2025-04-23 15:57:03,Cableduct,529.8040771484375,40.715538024902344,565.73828125,60.140296936035156,8.454354,4.854999,21.822227,24.458487
IR_57624.jpg,2025-04-23 15:57:03,Machine,483.44891357421875,104.27078247070312,576.6576538085938,201.23419189453125,6.012094,5.138938,21.259464,24.500000
IR_57624.jpg,2025-04-23 15:57:03,Machine,120.76492309570312,155.13674926757812,187.15264892578125,227.56826782226562,6.327789,0.575907,21.528212,24.500000
IR_57625.jpg,2025-04-23 15:57:32,Screen,342.2828674316406,275.5616455078125,473.4347839355469,375.6226806640625,11.357261,4.125777,21.582928,24.500000
IR_57625.jpg,2025-04-23 15:57:32,Cableduct,576.22314453125,34.6917724609375,622.923828125,60.12907409667969,10.220543,5.191440,21.745821,24.500000
IR_57625.jpg,2025-04-23 15:57:32,Cableduct,216.16563415527344,1.5208740234375,316.521728515625,53.00116729736328,11.814419,3.379879,20.893351,24.500000
IR_57625.jpg,2025-04-23 15:57:32,Screen,611.755126953125,273.8970947265625,639.758544921875,374.0458984375,11.208853,4.847271,20.861725,24.458487
IR_57625.jpg,2025-04-23 15:57:32,Machine,110.11236572265625,170.4608154296875,145.61895751953125,275.5810546875,6.682261,0.551141,22.303942,24.195560
IR_57625.jpg,2025-04-23 15:57:32,Cableduct,429.59246826171875,35.36691665649414,462.82476806640625,58.600337982177734,7.598927,4.557656,21.418695,24.500000
IR_57625.jpg,2025-04-23 15:57:32,Machine,479.902587890625,134.91885375976562,561.843017578125,218.68527221679688,4.505129,5.375339,21.291075,24.500000
IR_57625.jpg,2025-04-23 15:57:32,Cableduct,320.6990966796875,14.57931900024414,359.4949951171875,41.64796447753906,7.309844,3.358622,21.421638,24.500000
IR_57625.jpg,2025-04-23 15:57:32,Cableduct,529.2640380859375,40.43256378173828,565.6871337890625,60.68981170654297,8.480255,4.858340,21.827517,24.458487
IR_57625.jpg,2025-04-23 15:57:32,Machine,482.79974365234375,103.45553588867188,578.2765502929688,202.39443969726562,6.124724,5.151692,21.226118,24.500000
IR_57625.jpg,2025-04-23 15:57:32,Screen,607.4835205078125,256.5792236328125,640.0,362.50018310546875,10.968877,4.889535,20.731012,24.500000
IR_57626.jpg,2025-04-23 15:58:02,Screen,342.8074951171875,276.33123779296875,472.581787109375,374.87445068359375,11.302078,4.124828,21.598871,24.500000
IR_57626.jpg,2025-04-23 15:58:02,Cableduct,576.780517578125,34.52764129638672,622.3896484375,59.98167419433594,10.264853,5.196534,21.795713,24.500000
IR_57626.jpg,2025-04-23 15:58:02,Cableduct,212.70751953125,1.5658493041992188,316.79229736328125,53.384002685546875,12.303400,3.428798,20.906160,24.320105
IR_57626.jpg,2025-04-23 15:58:02,Machine,479.9765930175781,134.67245483398438,561.485595703125,219.11065673828125,4.524696,5.359414,21.282715,24.500000
IR_57626.jpg,2025-04-23 15:58:02,Screen,611.5711669921875,274.16961669921875,639.7642822265625,372.15167236328125,11.111061,4.883595,20.857189,24.403133
IR_57626.jpg,2025-04-23 15:58:02,Machine,110.23609924316406,172.66464233398438,145.47972106933594,275.01239013671875,6.597238,0.507741,22.323198,24.223238
IR_57626.jpg,2025-04-23 15:58:02,Cableduct,427.1055603027344,31.91241455078125,463.7917175292969,57.842384338378906,7.636046,4.510638,21.331223,24.500000
IR_57626.jpg,2025-04-23 15:58:02,Cableduct,321.3516845703125,15.72447681427002,359.0977783203125,41.755123138427734,7.217718,3.323374,21.476126,24.500000
IR_57626.jpg,2025-04-23 15:58:02,Cableduct,529.6053466796875,40.275413513183594,565.8038330078125,60.597862243652344,8.505175,4.862203,21.826162,24.458487
IR_57626.jpg,2025-04-23 15:58:02,Machine,482.2944030761719,103.08983612060547,577.174072265625,202.4552001953125,6.113554,5.137347,21.245708,24.500000
IR_57626.jpg,2025-04-23 15:58:02,Machine,196.05392456054688,102.60626220703125,224.71170043945312,132.41983032226562,0.790919,0.524760,21.112923,22.534986
IR_57626.jpg,2025-04-23 15:58:02,Machine,220.31222534179688,149.36196899414062,248.52767944335938,182.05154418945312,2.637472,0.967891,21.027796,21.967625
IR_57626.jpg,2025-04-23 15:58:02,Screen,608.19287109375,255.49818420410156,640.0,360.68310546875,10.951488,4.899464,20.724033,24.500000
IR_57627.jpg,2025-04-23 15:58:33,Screen,341.4967041015625,275.78692626953125,473.48095703125,374.831298828125,11.421103,4.131267,21.539812,24.500000
IR_57627.jpg,2025-04-23 15:58:33,Cableduct,574.8258056640625,34.15556335449219,622.7598876953125,59.58104705810547,10.163103,5.177929,21.700773,24.500000
IR_57627.jpg,2025-04-23 15:58:33,Cableduct,213.762451171875,1.3688087463378906,314.03466796875,51.304954528808594,11.815559,3.332353,20.884977,24.500000
IR_57627.jpg,2025-04-23 15:58:33,Machine,480.1173400878906,133.9173583984375,561.0220947265625,219.123779296875,4.557353,5.342234,21.229513,24.500000
IR_57627.jpg,2025-04-23 15:58:33,Screen,610.445556640625,277.9910583496094,639.7333984375,369.5065002441406,10.913528,4.974458,20.789524,24.359007
IR_57627.jpg,2025-04-23 15:58:33,Machine,110.82331848144531,170.8359375,146.0209197998047,275.8721923828125,6.690241,0.559632,22.292448,24.218016
IR_57627.jpg,2025-04-23 15:58:33,Cableduct,321.7466125488281,15.073473930358887,359.0035095214844,42.0886344909668,7.329927,3.354548,21.412399,24.500000
IR_57627.jpg,2025-04-23 15:58:33,Cableduct,428.74908447265625,33.7110595703125,462.07025146484375,58.160430908203125,7.718668,4.565076,21.318472,24.500000
IR_57627.jpg,2025-04-23 15:58:33,Cableduct,530.1956787109375,40.024253845214844,567.4139404296875,60.775428771972656,8.535992,4.869464,21.784416,24.387207
IR_57627.jpg,2025-04-23 15:58:33,Machine,196.65505981445312,103.70370483398438,224.25631713867188,132.71908569335938,0.782055,0.522739,21.074972,22.667101
IR_57627.jpg,2025-04-23 15:58:33,Machine,483.27947998046875,104.89569854736328,576.6489868164062,203.3785400390625,5.994110,5.139750,21.177038,24.500000
IR_57628.jpg,2025-04-23 15:59:02,Screen,339.144287109375,275.9827880859375,474.7811279296875,375.176513671875,11.656158,4.149052,21.486849,24.500000
IR_57628.jpg,2025-04-23 15:59:02,Cableduct,214.0111083984375,1.5511665344238281,315.0487060546875,51.46492004394531,11.928898,3.357921,20.884632,24.500000
IR_57628.jpg,2025-04-23 15:59:02,Cableduct,576.6488647460938,34.564002990722656,622.4675903320312,59.605186462402344,10.236444,5.192176,21.735861,24.500000
IR_57628.jpg,2025-04-23 15:59:02,Screen,611.43505859375,272.4767150878906,639.794677734375,371.5657653808594,11.123766,4.875966,20.773201,24.302610
IR_57628.jpg,2025-04-23 15:59:02,Machine,109.9472885131836,169.92962646484375,146.07534790039062,276.0045166015625,6.700793,0.561197,22.235052,24.288511
IR_57628.jpg,2025-04-23 15:59:02,Cableduct,430.02227783203125,35.506710052490234,461.68402099609375,57.56906509399414,7.634722,4.572567,21.439856,24.500000
IR_57628.jpg,2025-04-23 15:59:02,Cableduct,321.8914794921875,15.366901397705078,358.46484375,41.666709899902344,7.285930,3.335975,21.448507,24.500000
IR_57628.jpg,2025-04-23 15:59:02,Machine,479.77447509765625,135.125244140625,562.0917358398438,219.51223754882812,4.513000,5.366202,21.202206,24.500000
IR_57628.jpg,2025-04-23 15:59:02,Cableduct,529.67626953125,40.1849365234375,566.90869140625,61.002601623535156,8.515459,4.865770,21.728930,24.443604
IR_57628.jpg,2025-04-23 15:59:02,Machine,196.83023071289062,104.76509094238281,223.55471801757812,132.97174072265625,0.789818,0.520145,21.089064,22.568407
IR_57628.jpg,2025-04-23 15:59:02,Machine,121.48036193847656,154.7519989013672,187.2635040283203,225.08937072753906,6.319240,0.564277,21.504662,24.500000
IR_57628.jpg,2025-04-23 15:59:02,Screen,607.8681640625,256.62579345703125,640.0,361.53778076171875,10.943577,4.901785,20.668488,24.302610
IR_57628.jpg,2025-04-23 15:59:02,Machine,483.27520751953125,106.6097640991211,576.2257690429688,201.81564331054688,5.872127,5.166950,21.172338,24.500000
IR_57628.jpg,2025-04-23 15:59:02,Machine,192.96054077148438,101.56027221679688,226.38699340820312,135.4129180908203,0.933165,0.540755,21.017803,22.568407
IR_57629.jpg,2025-04-23 15:59:32,Screen,339.51678466796875,275.6627197265625,473.61077880859375,375.326904296875,11.546965,4.131173,21.456509,24.500000
IR_57629.jpg,2025-04-23 15:59:32,Screen,612.4681396484375,276.3798828125,639.6107177734375,369.15771484375,10.987749,4.942950,20.728893,24.457703
IR_57629.jpg,2025-04-23 15:59:32,Cableduct,212.5729522705078,1.2308616638183594,315.06536865234375,49.323909759521484,12.198900,3.380520,20.848728,24.500000
IR_57629.jpg,2025-04-23 15:59:32,Cableduct,577.2682495117188,34.389739990234375,622.4950561523438,60.148468017578125,10.306862,5.202847,21.671450,24.500000
IR_57629.jpg,2025-04-23 15:59:32,Cableduct,322.983154296875,15.574424743652344,358.790283203125,41.83079147338867,7.310792,3.342691,21.460003,24.500000
IR_57629.jpg,2025-04-23 15:59:32,Machine,479.77752685546875,131.73785400390625,561.6539916992188,219.28912353515625,4.651230,5.313854,21.172924,24.500000
IR_57629.jpg,2025-04-23 15:59:32,Machine,110.8007583618164,170.61328125,146.33541870117188,276.3102722167969,6.709558,0.568609,22.264006,24.260313
IR_57629.jpg,2025-04-23 15:59:32,Cableduct,430.0908203125,35.256011962890625,463.2008056640625,58.17012023925781,7.591044,4.555471,21.342520,24.500000
IR_57629.jpg,2025-04-23 15:59:32,Cableduct,529.5894775390625,40.532920837402344,564.5623779296875,60.62213897705078,8.504892,4.861275,21.769041,24.457703
IR_57629.jpg,2025-04-23 15:59:32,Machine,122.77670288085938,154.84429931640625,187.67532348632812,225.32574462890625,6.247239,0.564583,21.502441,24.500000
IR_57629.jpg,2025-04-23 15:59:32,Machine,196.00347900390625,103.02452087402344,223.89288330078125,130.99240112304688,0.821416,0.523737,21.083149,22.568407
IR_57630.jpg,2025-04-23 16:00:02,Screen,343.19622802734375,275.92767333984375,473.72705078125,372.866943359375,11.347294,4.150115,21.510370,24.500000
IR_57630.jpg,2025-04-23 16:00:02,Cableduct,214.5028839111328,1.4451675415039062,314.97747802734375,51.4427375793457,11.854549,3.351812,20.846434,24.500000
IR_57630.jpg,2025-04-23 16:00:02,Machine,480.37060546875,134.02044677734375,563.92041015625,219.10675048828125,4.567047,5.374321,21.201668,24.500000
IR_57630.jpg,2025-04-23 16:00:02,Cableduct,576.2967529296875,34.53350830078125,622.6763916015625,60.10984802246094,10.241856,5.193823,21.668474,24.500000
IR_57630.jpg,2025-04-23 16:00:02,Screen,614.3741455078125,277.64117431640625,639.6632080078125,369.68524169921875,11.046877,4.931325,20.745502,24.375458
IR_57630.jpg,2025-04-23 16:00:02,Machine,110.72390747070312,170.28936767578125,145.55859375,274.4953918457031,6.640608,0.544351,22.291506,24.181723
IR_57630.jpg,2025-04-23 16:00:02,Cableduct,322.1605529785156,15.537556648254395,359.0763854980469,42.43606185913086,7.313707,3.349419,21.405621,24.500000
IR_57630.jpg,2025-04-23 16:00:02,Cableduct,429.45245361328125,33.56073760986328,462.47149658203125,56.914512634277344,7.679982,4.555220,21.392952,24.500000
IR_57630.jpg,2025-04-23 16:00:02,Cableduct,529.7164306640625,39.926849365234375,566.6226806640625,61.02447509765625,8.547519,4.869709,21.663359,24.458487
IR_57630.jpg,2025-04-23 16:00:02,Machine,119.6607894897461,154.77450561523438,187.60934448242188,225.72634887695312,6.442975,0.578169,21.531914,24.500000
IR_57630.jpg,2025-04-23 16:00:02,Machine,120.53639221191406,90.302978515625,154.1394500732422,136.34962463378906,1.950249,0.196970,20.623955,20.998955
IR_57631.jpg,2025-04-23 16:00:32,Screen,340.56170654296875,275.64813232421875,474.38873291015625,376.07281494140625,11.523817,4.131412,21.421255,24.500000
IR_57631.jpg,2025-04-23 16:00:32,Cableduct,216.9186553955078,1.1090660095214844,314.79180908203125,50.23921203613281,11.548612,3.323003,20.849819,24.500000
IR_57631.jpg,2025-04-23 16:00:32,Screen,612.1248779296875,277.49066162109375,639.5882568359375,370.207275390625,10.995064,4.940856,20.731232,24.458487
IR_57631.jpg,2025-04-23 16:00:32,Cableduct,575.9705810546875,33.67120361328125,622.5975341796875,60.19403839111328,10.304615,5.200500,21.646978,24.500000
IR_57631.jpg,2025-04-23 16:00:32,Machine,480.332763671875,135.00750732421875,562.0888671875,219.32244873046875,4.520324,5.365252,21.227335,24.500000
IR_57631.jpg,2025-04-23 16:00:32,Cableduct,322.973876953125,15.633010864257812,358.5460205078125,41.391380310058594,7.281056,3.331206,21.429058,24.500000
IR_57631.jpg,2025-04-23 16:00:32,Machine,110.62110900878906,170.51495361328125,145.51576232910156,274.23388671875,6.618645,0.534252,22.301947,24.181723
IR_57631.jpg,2025-04-23 16:00:32,Cableduct,429.865234375,34.76478576660156,462.46759033203125,57.41303253173828,7.627931,4.559087,21.383101,24.500000
IR_57631.jpg,2025-04-23 16:00:32,Machine,118.35997772216797,154.2213134765625,185.6324462890625,226.18972778320312,6.400021,0.562355,21.518259,24.500000
IR_57631.jpg,2025-04-23 16:00:32,Cableduct,529.9495849609375,40.034385681152344,565.4210205078125,60.656227111816406,8.554262,4.869165,21.754711,24.500000
IR_57631.jpg,2025-04-23 16:00:32,Machine,120.08833312988281,90.53369140625,153.60044860839844,139.77804565429688,1.905316,0.180945,20.632864,21.054308
IR_57632.jpg,2025-04-23 16:01:02,Screen,343.6484375,275.98114013671875,474.3043212890625,375.12982177734375,11.343114,4.140218,21.476034,24.500000
IR_57632.jpg,2025-04-23 16:01:02,Cableduct,217.40396118164062,1.3412437438964844,314.9001159667969,50.014976501464844,11.504936,3.316196,20.857155,24.500000
IR_57632.jpg,2025-04-23 16:01:02,Screen,611.8724975585938,278.5113525390625,639.6386108398438,370.5850830078125,10.985245,4.948595,20.771742,24.389296
IR_57632.jpg,2025-04-23 16:01:02,Machine,480.3389892578125,135.4373779296875,562.2010498046875,219.1583251953125,4.499148,5.375887,21.253819,24.500000
IR_57632.jpg,2025-04-23 16:01:02,Cableduct,576.2716064453125,34.894737243652344,621.3997802734375,59.225608825683594,10.189102,5.183399,21.800375,24.500000
IR_57632.jpg,2025-04-23 16:01:02,Machine,110.73045349121094,170.25347900390625,145.6975555419922,275.307373046875,6.683338,0.559396,22.315302,24.195560
IR_57632.jpg,2025-04-23 16:01:02,Cableduct,322.43133544921875,15.506195068359375,357.41851806640625,41.22044372558594,7.283206,3.324458,21.486635,24.500000
IR_57632.jpg,2025-04-23 16:01:02,Cableduct,530.2371215820312,39.6822509765625,566.0781860351562,60.87622833251953,8.599021,4.876709,21.730164,24.500000
IR_57632.jpg,2025-04-23 16:01:02,Cableduct,429.35345458984375,34.06824493408203,462.42779541015625,57.5567626953125,7.667545,4.558284,21.370127,24.500000
IR_57632.jpg,2025-04-23 16:01:02,Machine,120.89845275878906,152.79940795898438,188.2814483642578,227.00003051757812,6.211625,0.581408,21.524204,24.500000
IR_57632.jpg,2025-04-23 16:01:02,Machine,195.306640625,103.06661987304688,222.6064453125,131.47518920898438,0.795909,0.512415,21.075474,22.604177
IR_57632.jpg,2025-04-23 16:01:02,Screen,607.7822265625,262.28839111328125,640.0,361.16278076171875,10.772522,4.973671,20.662951,24.500000
IR_57633.jpg,2025-04-23 16:01:32,Screen,341.91162109375,275.72552490234375,474.08648681640625,375.63470458984375,11.425904,4.131835,21.427675,24.500000
IR_57633.jpg,2025-04-23 16:01:32,Cableduct,212.8201904296875,1.2832717895507812,316.53265380859375,52.33147430419922,12.287667,3.424095,20.795065,24.500000
IR_57633.jpg,2025-04-23 16:01:32,Screen,611.5723876953125,277.09649658203125,639.6634521484375,369.70025634765625,10.966610,4.951081,20.715725,24.387207
IR_57633.jpg,2025-04-23 16:01:32,Machine,480.2749328613281,132.96353149414062,562.15234375,219.24215698242188,4.603848,5.337244,21.185673,24.500000
IR_57633.jpg,2025-04-23 16:01:32,Cableduct,576.739013671875,35.348541259765625,622.223388671875,58.281768798828125,10.112715,5.173513,21.814911,24.500000
IR_57633.jpg,2025-04-23 16:01:32,Machine,110.51124572753906,170.07620239257812,145.9578094482422,276.4624938964844,6.740137,0.578356,22.268703,24.161619
IR_57633.jpg,2025-04-23 16:01:32,Cableduct,321.6202697753906,15.482563018798828,359.5535583496094,41.783050537109375,7.249788,3.335626,21.383884,24.500000
IR_57633.jpg,2025-04-23 16:01:32,Cableduct,529.6644287109375,39.896827697753906,566.2740478515625,60.768157958984375,8.542166,4.867834,21.676008,24.457703
IR_57633.jpg,2025-04-23 16:01:32,Cableduct,430.33404541015625,35.89241409301758,462.60601806640625,55.87006759643555,7.461772,4.532529,21.499002,24.500000
IR_57633.jpg,2025-04-23 16:01:32,Machine,119.5701904296875,154.47219848632812,187.79348754882812,226.07595825195312,6.424573,0.581620,21.490839,24.500000
IR_57633.jpg,2025-04-23 16:01:32,Machine,196.24569702148438,103.30874633789062,224.39273071289062,130.47171020507812,0.860228,0.531167,21.035984,22.568407
IR_57633.jpg,2025-04-23 16:01:32,Screen,610.541259765625,229.69378662109375,639.9609375,360.24639892578125,11.985186,4.939000,20.623558,24.500000
IR_57634.jpg,2025-04-23 16:02:02,Screen,343.15740966796875,276.6644592285156,473.9527587890625,375.0809020996094,11.374853,4.137698,21.520838,24.500000
IR_57634.jpg,2025-04-23 16:02:02,Cableduct,213.185302734375,1.3658332824707031,315.52532958984375,50.272850036621094,12.153700,3.385613,20.880110,24.500000
IR_57634.jpg,2025-04-23 16:02:02,Screen,611.1250610351562,277.48876953125,639.6514282226562,369.8148193359375,10.951288,4.957052,20.816612,24.403133
IR_57634.jpg,2025-04-23 16:02:02,Machine,480.6271057128906,134.4927978515625,562.1937255859375,218.05120849609375,4.518429,5.381252,21.231031,24.500000
IR_57634.jpg,2025-04-23 16:02:02,Cableduct,575.8253173828125,34.88728332519531,622.2923583984375,58.42601013183594,10.115798,5.173444,21.821056,24.500000
IR_57634.jpg,2025-04-23 16:02:02,Machine,110.53485107421875,170.08224487304688,145.47637939453125,275.00909423828125,6.674484,0.554922,22.309841,24.195560
IR_57634.jpg,2025-04-23 16:02:02,Cableduct,322.6438903808594,15.050647735595703,358.5671081542969,41.921539306640625,7.366518,3.358906,21.481560,24.500000
IR_57634.jpg,2025-04-23 16:02:02,Cableduct,528.6638793945312,40.010101318359375,565.1127319335938,60.77934265136719,8.504175,4.859432,21.754278,24.458487
IR_57634.jpg,2025-04-23 16:02:02,Cableduct,430.0097961425781,35.464317321777344,462.7557678222656,56.220603942871094,7.488257,4.532218,21.465982,24.500000
IR_57634.jpg,2025-04-23 16:02:02,Machine,119.42584228515625,154.1879119873047,187.30044555664062,227.90830993652344,6.352984,0.583007,21.538288,24.500000
IR_57635.jpg,2025-04-23 16:02:33,Screen,342.86480712890625,275.4078369140625,474.53070068359375,374.9205322265625,11.387926,4.141929,21.463764,24.500000
IR_57635.jpg,2025-04-23 16:02:33,Cableduct,213.79690551757812,1.4296646118164062,315.1484069824219,51.60686492919922,11.969395,3.365934,20.823030,24.500000
IR_57635.jpg,2025-04-23 16:02:33,Cableduct,576.7695922851562,35.03324508666992,621.9298706054688,58.78421401977539,10.171087,5.181526,21.870369,24.500000
IR_57635.jpg,2025-04-23 16:02:33,Cableduct,322.1561279296875,15.452018737792969,358.936279296875,42.681129455566406,7.340893,3.356856,21.380424,24.500000
IR_57635.jpg,2025-04-23 16:02:33,Machine,110.4551773071289,170.70220947265625,146.40969848632812,277.15771484375,6.745298,0.576709,22.241730,24.147520
IR_57635.jpg,2025-04-23 16:02:33,Machine,479.5771179199219,133.56265258789062,560.983642578125,218.00253295898438,4.542804,5.359753,21.181904,24.500000
IR_57635.jpg,2025-04-23 16:02:33,Screen,611.1998291015625,274.09576416015625,639.6956787109375,370.58575439453125,11.030178,4.910914,20.756758,24.344908
IR_57635.jpg,2025-04-23 16:02:33,Cableduct,529.4501953125,40.28147888183594,564.84033203125,60.676063537597656,8.518469,4.862933,21.752367,24.457703
IR_57635.jpg,2025-04-23 16:02:33,Cableduct,429.65972900390625,34.191307067871094,462.02972412109375,56.854148864746094,7.664284,4.561019,21.388653,24.500000
IR_57635.jpg,2025-04-23 16:02:33,Machine,120.7282943725586,154.35940551757812,188.23196411132812,225.66232299804688,6.364787,0.580077,21.503462,24.500000
IR_57635.jpg,2025-04-23 16:02:33,Machine,194.8983612060547,102.82177734375,224.6709747314453,132.38905334472656,0.880844,0.531250,21.026117,22.568407
IR_57636.jpg,2025-04-23 16:03:02,Screen,343.1861572265625,275.62481689453125,473.84765625,376.04144287109375,11.326305,4.128059,21.589544,24.600000
IR_57636.jpg,2025-04-23 16:03:02,Screen,610.92626953125,271.3778076171875,639.7218017578125,371.2265625,11.117115,4.872766,20.886406,24.557703
IR_57636.jpg,2025-04-23 16:03:02,Cableduct,212.09014892578125,1.5659523010253906,314.91912841796875,51.581642150878906,12.161317,3.376448,20.941704,24.600000
IR_57636.jpg,2025-04-23 16:03:02,Cableduct,575.9823608398438,34.93704605102539,622.3161010742188,58.94462966918945,10.142431,5.178024,21.893843,24.600000
IR_57636.jpg,2025-04-23 16:03:02,Cableduct,322.0690002441406,15.543018341064453,359.1253356933594,42.078765869140625,7.286509,3.341404,21.494648,24.600000
IR_57636.jpg,2025-04-23 16:03:02,Machine,479.6531677246094,133.54067993164062,560.6192626953125,218.15206909179688,4.547334,5.352099,21.319233,24.600000
IR_57636.jpg,2025-04-23 16:03:02,Machine,110.28813171386719,171.91769409179688,145.56515502929688,274.516845703125,6.587251,0.510626,22.406509,24.289818
IR_57636.jpg,2025-04-23 16:03:02,Cableduct,429.80230712890625,35.17079162597656,461.71722412109375,57.087059020996094,7.620975,4.563727,21.493492,24.600000
IR_57636.jpg,2025-04-23 16:03:02,Cableduct,529.2213134765625,40.364837646484375,564.7943115234375,61.18745422363281,8.524246,4.864561,21.850597,24.557703
IR_57636.jpg,2025-04-23 16:03:02,Machine,121.19094848632812,154.13897705078125,187.30148315429688,227.9427490234375,6.222672,0.575993,21.625422,24.600000
IR_57636.jpg,2025-04-23 16:03:02,Machine,196.1275634765625,104.81863403320312,222.96331787109375,132.32473754882812,0.831710,0.519839,21.160206,22.668407
IR_57637.jpg,2025-04-23 16:03:32,Screen,342.2218017578125,276.49298095703125,473.44049072265625,374.52935791015625,11.398872,4.135172,21.536724,24.500000
IR_57637.jpg,2025-04-23 16:03:32,Cableduct,218.23541259765625,1.2069664001464844,315.29833984375,49.7833251953125,11.464011,3.321231,20.877089,24.500000
IR_57637.jpg,2025-04-23 16:03:32,Screen,610.913818359375,275.2548828125,639.75537109375,372.306884765625,11.059050,4.900268,20.830954,24.389296
IR_57637.jpg,2025-04-23 16:03:32,Cableduct,576.7312622070312,34.48528289794922,623.0617065429688,60.00115203857422,10.255583,5.196369,21.709505,24.500000
IR_57637.jpg,2025-04-23 16:03:32,Machine,480.45257568359375,134.40499877929688,561.5724487304688,218.25582885742188,4.523371,5.370146,21.248602,24.500000
IR_57637.jpg,2025-04-23 16:03:32,Cableduct,323.2021179199219,15.06063461303711,357.8486022949219,41.188167572021484,7.355812,3.347095,21.532684,24.500000
IR_57637.jpg,2025-04-23 16:03:32,Machine,110.38323974609375,173.12777709960938,145.72845458984375,274.2076416015625,6.556103,0.492871,22.329929,24.195560
IR_57637.jpg,2025-04-23 16:03:32,Cableduct,429.0799865722656,33.88159942626953,462.3074035644531,57.86774444580078,7.692182,4.561343,21.375156,24.500000
IR_57637.jpg,2025-04-23 16:03:32,Cableduct,529.001953125,40.47515106201172,566.5921630859375,61.04936981201172,8.463371,4.857298,21.733566,24.458487
IR_57637.jpg,2025-04-23 16:03:32,Machine,195.22018432617188,103.50257873535156,223.84487915039062,131.94203186035156,0.871673,0.526704,21.079533,22.659531
IR_57637.jpg,2025-04-23 16:03:32,Machine,482.600830078125,104.28288269042969,577.41357421875,202.2421417236328,6.053193,5.154601,21.193836,24.500000
IR_57637.jpg,2025-04-23 16:03:32,Machine,120.4875259399414,153.96591186523438,188.66775512695312,227.3377685546875,6.331764,0.591433,21.530043,24.500000
IR_57638.jpg,2025-04-23 16:04:02,Screen,340.9046936035156,275.77069091796875,473.3910217285156,375.33807373046875,11.448706,4.125987,21.546503,24.600000
IR_57638.jpg,2025-04-23 16:04:02,Cableduct,215.05770874023438,1.6326522827148438,316.3974914550781,52.464111328125,11.959874,3.386800,20.871029,24.600000
IR_57638.jpg,2025-04-23 16:04:02,Cableduct,576.0823974609375,34.40342712402344,621.9713134765625,59.17804718017578,10.212440,5.187003,21.825247,24.600000
IR_57638.jpg,2025-04-23 16:04:02,Machine,480.2908935546875,134.65667724609375,561.79443359375,217.4088134765625,4.492894,5.388654,21.270210,24.600000
IR_57638.jpg,2025-04-23 16:04:02,Cableduct,429.8685302734375,34.83818817138672,462.788330078125,56.94745635986328,7.573415,4.545404,21.433338,24.600000
IR_57638.jpg,2025-04-23 16:04:02,Machine,110.80784606933594,170.01614379882812,145.59153747558594,274.9814453125,6.676698,0.559264,22.359827,24.360313
IR_57638.jpg,2025-04-23 16:04:02,Screen,612.2586059570312,275.82904052734375,639.7561645507812,372.57440185546875,11.116778,4.888148,20.842636,24.487206
IR_57638.jpg,2025-04-23 16:04:02,Cableduct,321.5877685546875,14.656558990478516,358.5382080078125,42.589515686035156,7.410323,3.376280,21.438129,24.600000
IR_57638.jpg,2025-04-23 16:04:02,Cableduct,528.6752319335938,40.25802993774414,565.2617797851562,60.07174301147461,8.446033,4.850160,21.814749,24.557703
IR_57638.jpg,2025-04-23 16:04:02,Machine,194.41470336914062,102.78968811035156,224.12899780273438,132.4118194580078,0.885527,0.527687,21.085377,22.597912
IR_57638.jpg,2025-04-23 16:04:02,Machine,120.20452117919922,154.24356079101562,187.42626953125,227.75692749023438,6.310000,0.580807,21.580952,24.600000
IR_57638.jpg,2025-04-23 16:04:02,Machine,482.9812316894531,105.3370132446289,578.441162109375,203.00106811523438,6.027374,5.175944,21.207628,24.600000
IR_57639.jpg,2025-04-23 16:04:32,Screen,343.314453125,276.2425537109375,473.5263671875,375.657470703125,11.321323,4.128907,21.592361,24.600000
IR_57639.jpg,2025-04-23 16:04:32,Cableduct,577.186767578125,34.697139739990234,622.31103515625,60.3284797668457,10.286519,5.200222,21.808062,24.600000
IR_57639.jpg,2025-04-23 16:04:32,Screen,612.1080322265625,277.05426025390625,639.7913818359375,371.61016845703125,11.040381,4.919750,20.849842,24.487206
IR_57639.jpg,2025-04-23 16:04:32,Cableduct,213.5137939453125,1.6348648071289062,312.78009033203125,50.990989685058594,11.665192,3.290777,20.926422,24.600000
IR_57639.jpg,2025-04-23 16:04:32,Machine,480.1142578125,133.87649536132812,562.1812744140625,219.53097534179688,4.569636,5.346718,21.277325,24.600000
IR_57639.jpg,2025-04-23 16:04:32,Machine,111.24131774902344,170.31509399414062,145.76625061035156,274.0563659667969,6.618852,0.542829,22.397469,24.233419
IR_57639.jpg,2025-04-23 16:04:32,Cableduct,529.38720703125,38.67314147949219,566.904541015625,61.46502685546875,8.661868,4.884510,21.722847,24.543604
IR_57639.jpg,2025-04-23 16:04:32,Cableduct,429.8912353515625,35.27879333496094,462.6627197265625,57.92640686035156,7.599360,4.558127,21.464781,24.600000
IR_57639.jpg,2025-04-23 16:04:32,Cableduct,321.4942626953125,14.50253963470459,357.928466796875,42.588035583496094,7.434971,3.379166,21.468502,24.600000
IR_57639.jpg,2025-04-23 16:04:32,Machine,197.20587158203125,104.46844482421875,223.4810791015625,132.15646362304688,0.767906,0.518507,21.128263,22.597912
IR_57639.jpg,2025-04-23 16:04:32,Machine,121.11953735351562,154.2669677734375,188.528564453125,225.36163330078125,6.350628,0.580555,21.582281,24.600000
IR_57639.jpg,2025-04-23 16:04:32,Machine,220.70077514648438,149.09344482421875,249.03915405273438,181.392822265625,2.624787,0.972179,21.048719,22.019844
IR_57640.jpg,2025-04-23 16:05:02,Screen,341.9600830078125,275.82098388671875,474.1917724609375,375.41802978515625,11.433867,4.134632,21.584255,24.600000
IR_57640.jpg,2025-04-23 16:05:02,Cableduct,576.1138916015625,33.80271911621094,622.3602294921875,59.78926086425781,10.289973,5.198728,21.816521,24.600000
IR_57640.jpg,2025-04-23 16:05:02,Cableduct,214.33392333984375,1.6213645935058594,316.02606201171875,52.77623748779297,11.989645,3.384086,20.929543,24.600000
IR_57640.jpg,2025-04-23 16:05:02,Screen,611.9844360351562,277.69580078125,639.8853149414062,372.53094482421875,11.055342,4.915307,20.900288,24.475456
IR_57640.jpg,2025-04-23 16:05:02,Machine,480.4102478027344,133.62554931640625,562.0103759765625,218.09317016601562,4.553685,5.365963,21.301739,24.600000
IR_57640.jpg,2025-04-23 16:05:02,Cableduct,321.8160400390625,14.638970375061035,358.31396484375,42.04668426513672,7.392227,3.367517,21.458031,24.600000
IR_57640.jpg,2025-04-23 16:05:02,Cableduct,429.9678955078125,34.69739532470703,462.96484375,58.10388946533203,7.645248,4.562143,21.438461,24.600000
IR_57640.jpg,2025-04-23 16:05:02,Machine,109.96661376953125,172.13656616210938,145.28228759765625,274.5204772949219,6.584475,0.503890,22.371130,24.309399
IR_57640.jpg,2025-04-23 16:05:02,Machine,120.34474182128906,153.83497619628906,188.0087127685547,227.6390838623047,6.297882,0.585807,21.594727,24.600000
IR_57640.jpg,2025-04-23 16:05:02,Cableduct,529.4801025390625,40.62920379638672,565.7623291015625,60.28448486328125,8.452517,4.854311,21.898254,24.558485
IR_57640.jpg,2025-04-23 16:05:02,Machine,196.56851196289062,104.40074157714844,223.88116455078125,130.46327209472656,0.876411,0.530879,21.173508,22.690340
IR_57641.jpg,2025-04-23 16:05:32,Screen,342.10797119140625,275.6758117675781,473.97930908203125,375.6421203613281,11.405410,4.130905,21.574009,24.600000
IR_57641.jpg,2025-04-23 16:05:32,Cableduct,213.87782287597656,1.4819412231445312,315.983642578125,53.009788513183594,12.037962,3.390886,20.903009,24.600000
IR_57641.jpg,2025-04-23 16:05:32,Cableduct,574.7593383789062,34.44056701660156,622.6558227539062,60.04522705078125,10.158108,5.178138,21.742901,24.600000
IR_57641.jpg,2025-04-23 16:05:32,Screen,611.8341064453125,276.27398681640625,639.75439453125,371.793701171875,11.051785,4.910545,20.853773,24.501305
IR_57641.jpg,2025-04-23 16:05:32,Machine,480.20684814453125,134.22305297851562,561.6492309570312,218.76358032226562,4.539043,5.359966,21.286528,24.600000
IR_57641.jpg,2025-04-23 16:05:32,Machine,110.6461181640625,169.912841796875,146.01571655273438,275.34600830078125,6.681405,0.561560,22.338427,24.247520
IR_57641.jpg,2025-04-23 16:05:32,Cableduct,528.4951171875,40.26509094238281,565.070556640625,61.448028564453125,8.504452,4.861048,21.767086,24.487206
IR_57641.jpg,2025-04-23 16:05:32,Cableduct,428.9849548339844,33.59864044189453,462.7074279785156,58.40911865234375,7.714147,4.562192,21.363131,24.600000
IR_57641.jpg,2025-04-23 16:05:32,Cableduct,322.50555419921875,15.0714111328125,358.42010498046875,42.82756805419922,7.416893,3.374676,21.494989,24.600000
IR_57641.jpg,2025-04-23 16:05:32,Machine,196.69134521484375,104.34222412109375,223.75634765625,132.3085479736328,0.804331,0.522559,21.123571,22.597912
IR_57641.jpg,2025-04-23 16:05:32,Machine,121.40748596191406,154.1925048828125,187.9348907470703,226.76226806640625,6.264822,0.577935,21.579958,24.600000
IR_57642.jpg,2025-04-23 16:06:02,Screen,341.2764892578125,275.3487548828125,474.2701416015625,375.57470703125,11.464495,4.132590,21.552986,24.600000
IR_57642.jpg,2025-04-23 16:06:02,Cableduct,576.2133178710938,34.293540954589844,622.6913452148438,60.06158447265625,10.257107,5.195632,21.768402,24.600000
IR_57642.jpg,2025-04-23 16:06:02,Cableduct,212.4220428466797,1.4037742614746094,312.47198486328125,52.25410079956055,11.724601,3.298973,20.924831,24.600000
IR_57642.jpg,2025-04-23 16:06:02,Machine,479.90997314453125,134.29147338867188,562.3676147460938,219.0831298828125,4.540761,5.364318,21.268064,24.600000
IR_57642.jpg,2025-04-23 16:06:02,Screen,612.26953125,275.60394287109375,639.7564697265625,371.837890625,11.091401,4.897560,20.859447,24.487206
IR_57642.jpg,2025-04-23 16:06:02,Machine,109.95724487304688,172.75283813476562,145.3984375,274.34576416015625,6.566665,0.495150,22.360819,24.191122
IR_57642.jpg,2025-04-23 16:06:02,Cableduct,322.3951721191406,15.261528015136719,357.8766784667969,41.99346160888672,7.349074,3.349131,21.532608,24.600000
IR_57642.jpg,2025-04-23 16:06:02,Cableduct,429.66943359375,34.42137908935547,462.97100830078125,58.097251892089844,7.649672,4.558496,21.419880,24.600000
IR_57642.jpg,2025-04-23 16:06:02,Machine,120.69902801513672,153.5712890625,187.68365478515625,227.1331787109375,6.251260,0.578557,21.588137,24.600000
IR_57642.jpg,2025-04-23 16:06:02,Cableduct,529.2529296875,40.154170989990234,566.60888671875,60.77402114868164,8.492135,4.860728,21.844698,24.557703
IR_57643.jpg,2025-04-23 16:06:32,Screen,341.63433837890625,276.26336669921875,474.02520751953125,375.45660400390625,11.458248,4.133082,21.520191,24.500000
IR_57643.jpg,2025-04-23 16:06:32,Cableduct,213.54359436035156,1.4202461242675781,315.9136962890625,51.11077117919922,12.136227,3.392930,20.894712,24.500000
IR_57643.jpg,2025-04-23 16:06:32,Cableduct,574.3829345703125,34.12763214111328,623.0577392578125,59.91239929199219,10.145063,5.174221,21.709106,24.500000
IR_57643.jpg,2025-04-23 16:06:32,Machine,480.200927734375,132.3741455078125,562.415283203125,219.542236328125,4.634833,5.325837,21.259293,24.500000
IR_57643.jpg,2025-04-23 16:06:32,Screen,611.9190063476562,273.34490966796875,639.7136840820312,370.78021240234375,11.090986,4.891868,20.837303,24.389296
IR_57643.jpg,2025-04-23 16:06:32,Machine,110.395263671875,172.71658325195312,145.16229248046875,274.80029296875,6.598764,0.508259,22.342754,24.098694
IR_57643.jpg,2025-04-23 16:06:32,Cableduct,430.6607666015625,35.47319793701172,462.5789794921875,57.313011169433594,7.603179,4.564871,21.468321,24.500000
IR_57643.jpg,2025-04-23 16:06:32,Cableduct,321.37860107421875,14.566847801208496,358.623046875,42.44873809814453,7.401908,3.374897,21.422726,24.500000
IR_57643.jpg,2025-04-23 16:06:32,Machine,220.27330017089844,148.95510864257812,248.8091583251953,182.8043212890625,2.606734,0.967081,21.016596,21.912271
IR_57643.jpg,2025-04-23 16:06:32,Cableduct,529.0172119140625,40.46107482910156,566.1888427734375,60.57743835449219,8.450808,4.854007,21.791006,24.375458
IR_57643.jpg,2025-04-23 16:06:32,Machine,196.86648559570312,103.70352172851562,223.11123657226562,129.56922912597656,0.806275,0.520438,21.126024,22.604177
IR_57643.jpg,2025-04-23 16:06:32,Machine,120.15838623046875,155.22637939453125,187.60723876953125,227.32855224609375,6.400760,0.582726,21.579578,24.500000
IR_57644.jpg,2025-04-23 16:07:03,Screen,342.8848876953125,276.4654846191406,474.07171630859375,375.4060974121094,11.390553,4.135839,21.484119,24.500000
IR_57644.jpg,2025-04-23 16:07:03,Cableduct,216.0885772705078,1.6490287780761719,315.02056884765625,50.87652587890625,11.665997,3.330255,20.867056,24.500000
IR_57644.jpg,2025-04-23 16:07:03,Screen,611.3637084960938,275.2734375,639.7855834960938,372.01904296875,11.065840,4.901086,20.814400,24.389296
IR_57644.jpg,2025-04-23 16:07:03,Cableduct,574.5576782226562,33.86363983154297,623.1072387695312,60.64087677001953,10.208557,5.183595,21.644970,24.500000
IR_57644.jpg,2025-04-23 16:07:03,Machine,480.3709716796875,132.59100341796875,562.5418701171875,217.98016357421875,4.596545,5.357594,21.246357,24.500000
IR_57644.jpg,2025-04-23 16:07:03,Machine,110.97943115234375,170.17254638671875,145.740478515625,274.0260009765625,6.616010,0.540223,22.309408,24.223238
IR_57644.jpg,2025-04-23 16:07:03,Cableduct,322.631591796875,15.290904998779297,358.47979736328125,41.55797576904297,7.317733,3.343063,21.467913,24.500000
IR_57644.jpg,2025-04-23 16:07:03,Machine,120.91658782958984,153.62008666992188,187.82687377929688,227.03713989257812,6.247371,0.578999,21.535353,24.500000
IR_57644.jpg,2025-04-23 16:07:03,Cableduct,430.3287353515625,34.94691467285156,462.4022216796875,56.84912109375,7.614543,4.559980,21.460974,24.500000
IR_57644.jpg,2025-04-23 16:07:03,Machine,195.89459228515625,103.58303833007812,223.1356201171875,130.40208435058594,0.842104,0.521706,21.079754,22.534986
IR_57644.jpg,2025-04-23 16:07:03,Cableduct,529.29541015625,40.61463165283203,565.860107421875,60.34088134765625,8.445522,4.853166,21.793623,24.458487
IR_57644.jpg,2025-04-23 16:07:03,Machine,120.22404479980469,90.38551330566406,154.99717712402344,140.1136016845703,1.933546,0.184875,20.682640,21.123499
IR_57644.jpg,2025-04-23 16:07:03,Screen,607.6956787109375,259.3081359863281,640.0,360.7934265136719,10.832003,4.946550,20.683187,24.500000
IR_57645.jpg,2025-04-23 16:07:32,Screen,343.16351318359375,276.65167236328125,473.41400146484375,374.5968017578125,11.343680,4.135908,21.488815,24.500000
IR_57645.jpg,2025-04-23 16:07:32,Cableduct,215.98358154296875,1.4487342834472656,313.8790283203125,50.575538635253906,11.519066,3.299245,20.865852,24.500000
IR_57645.jpg,2025-04-23 16:07:32,Screen,611.787353515625,277.73736572265625,639.650146484375,370.05859375,10.976255,4.949834,20.788668,24.389296
IR_57645.jpg,2025-04-23 16:07:32,Cableduct,574.2672119140625,33.706016540527344,622.4993896484375,60.60004425048828,10.219337,5.184125,21.640905,24.500000
IR_57645.jpg,2025-04-23 16:07:32,Machine,479.995361328125,134.54678344726562,562.4532470703125,217.3800048828125,4.496666,5.392784,21.219494,24.500000
IR_57645.jpg,2025-04-23 16:07:32,Cableduct,322.73516845703125,15.45809555053711,357.85784912109375,41.62721252441406,7.318205,3.338055,21.472824,24.500000
IR_57645.jpg,2025-04-23 16:07:32,Machine,110.62286376953125,172.85086059570312,145.50634765625,275.94293212890625,6.653402,0.528995,22.323877,24.223238
IR_57645.jpg,2025-04-23 16:07:32,Cableduct,429.78985595703125,34.87080764770508,462.436279296875,57.32905960083008,7.611050,4.555871,21.356167,24.500000
IR_57645.jpg,2025-04-23 16:07:32,Cableduct,528.83349609375,39.41403579711914,565.544677734375,61.22671890258789,8.580338,4.871070,21.676090,24.333942
IR_57645.jpg,2025-04-23 16:07:32,Machine,120.0174560546875,154.05984497070312,188.33456420898438,229.1861572265625,6.320952,0.592887,21.539412,24.500000
IR_57646.jpg,2025-04-23 16:08:02,Screen,342.478515625,275.87066650390625,474.38409423828125,375.38360595703125,11.415432,4.137495,21.438650,24.500000
IR_57646.jpg,2025-04-23 16:08:02,Cableduct,216.70413208007812,1.3429145812988281,315.0197448730469,51.020938873291016,11.582777,3.328704,20.850313,24.500000
IR_57646.jpg,2025-04-23 16:08:02,Cableduct,576.1981201171875,33.88128662109375,622.2823486328125,60.44952392578125,10.318776,5.203631,21.704605,24.500000
IR_57646.jpg,2025-04-23 16:08:02,Screen,613.01513671875,275.69110107421875,639.7979736328125,373.90582275390625,11.211508,4.857564,20.796881,24.389296
IR_57646.jpg,2025-04-23 16:08:02,Machine,480.7976379394531,133.99984741210938,562.1064453125,217.86807250976562,4.537983,5.374809,21.230043,24.500000
IR_57646.jpg,2025-04-23 16:08:02,Machine,110.42092895507812,172.23080444335938,145.16241455078125,274.8211364746094,6.613807,0.517007,22.329752,24.126371
IR_57646.jpg,2025-04-23 16:08:02,Cableduct,321.3790283203125,14.516510009765625,358.85888671875,42.643348693847656,7.415433,3.381111,21.356937,24.500000
IR_57646.jpg,2025-04-23 16:08:02,Machine,120.69033813476562,153.93858337402344,187.30166625976562,226.6315155029297,6.273278,0.572956,21.535204,24.500000
IR_57646.jpg,2025-04-23 16:08:02,Machine,220.36270141601562,146.20208740234375,249.82296752929688,182.276611328125,2.452076,0.968680,20.955458,21.926109
IR_57646.jpg,2025-04-23 16:08:02,Cableduct,430.3099365234375,35.810020446777344,462.3193359375,56.55480194091797,7.525718,4.548376,21.442480,24.500000
IR_57646.jpg,2025-04-23 16:08:02,Cableduct,529.3896484375,40.37809753417969,565.71337890625,60.176513671875,8.466973,4.855467,21.791203,24.375458
IR_57647.jpg,2025-04-23 16:08:32,Screen,343.4456787109375,275.9888610839844,474.28662109375,374.3863220214844,11.359309,4.145116,21.458427,24.500000
IR_57647.jpg,2025-04-23 16:08:32,Cableduct,219.24488830566406,1.3218116760253906,315.6650390625,50.80563735961914,11.349464,3.319087,20.859772,24.500000
IR_57647.jpg,2025-04-23 16:08:32,Machine,479.83984375,133.83529663085938,562.9134521484375,218.23660278320312,4.546394,5.379607,21.229624,24.500000
IR_57647.jpg,2025-04-23 16:08:32,Screen,611.400634765625,276.313720703125,639.65185546875,369.8443603515625,10.975578,4.942493,20.758490,24.389296
IR_57647.jpg,2025-04-23 16:08:32,Cableduct,574.21484375,32.79167175292969,622.5352783203125,60.17970275878906,10.274356,5.189186,21.615145,24.500000
IR_57647.jpg,2025-04-23 16:08:32,Machine,110.84562683105469,173.02249145507812,145.4319610595703,275.8706970214844,6.652309,0.529321,22.346693,24.154047
IR_57647.jpg,2025-04-23 16:08:32,Cableduct,322.480224609375,15.390335083007812,359.1868896484375,41.61376953125,7.290971,3.341193,21.427425,24.500000
IR_57647.jpg,2025-04-23 16:08:32,Cableduct,429.7738037109375,34.944297790527344,463.03564453125,56.47900390625,7.514520,4.530765,21.404079,24.500000
IR_57647.jpg,2025-04-23 16:08:32,Machine,120.84910583496094,153.98939514160156,187.1780548095703,227.9902801513672,6.230135,0.575964,21.529663,24.500000
IR_57647.jpg,2025-04-23 16:08:32,Machine,220.29541015625,148.35482788085938,249.36309814453125,181.66470336914062,2.606047,0.968819,20.990055,24.500000
IR_57647.jpg,2025-04-23 16:08:32,Machine,196.64633178710938,103.04866027832031,223.42123413085938,130.0144805908203,0.785548,0.519345,21.073847,22.341253
IR_57648.jpg,2025-04-23 16:09:03,Screen,342.12811279296875,275.6264343261719,474.4598388671875,374.0816955566406,11.441533,4.146673,21.321772,24.400000
IR_57648.jpg,2025-04-23 16:09:03,Cableduct,217.32684326171875,1.3393020629882812,314.376953125,51.16947937011719,11.397090,3.301250,20.739889,24.400000
IR_57648.jpg,2025-04-23 16:09:03,Screen,613.7471923828125,273.347412109375,639.8385009765625,373.37548828125,11.283368,4.832555,20.668976,24.289295
IR_57648.jpg,2025-04-23 16:09:03,Machine,479.97174072265625,135.70388793945312,561.9484252929688,217.69354248046875,4.451499,5.399730,21.112394,24.400000
IR_57648.jpg,2025-04-23 16:09:03,Cableduct,576.591796875,34.022918701171875,622.043701171875,58.72301483154297,10.249371,5.191455,21.680321,24.400000
IR_57648.jpg,2025-04-23 16:09:03,Machine,110.006591796875,172.18685913085938,145.69369506835938,275.9361267089844,6.650394,0.527376,22.221254,24.040209
IR_57648.jpg,2025-04-23 16:09:03,Cableduct,321.7120056152344,14.639053344726562,358.6437072753906,42.126800537109375,7.387015,3.369017,21.247433,24.400000
IR_57648.jpg,2025-04-23 16:09:03,Machine,120.37706756591797,153.58314514160156,188.062255859375,228.6661834716797,6.259976,0.587013,21.413155,24.400000
IR_57648.jpg,2025-04-23 16:09:03,Cableduct,528.8243408203125,40.2216796875,566.1585693359375,60.69654846191406,8.469385,4.856104,21.625076,24.289295
IR_57649.jpg,2025-04-23 16:09:32,Screen,340.66033935546875,276.07537841796875,473.2613525390625,375.42401123046875,11.465461,4.124323,21.415583,24.500000
IR_57649.jpg,2025-04-23 16:09:32,Cableduct,216.34681701660156,1.3953208923339844,314.91357421875,50.998626708984375,11.614390,3.328625,20.826345,24.500000
IR_57649.jpg,2025-04-23 16:09:32,Screen,612.8630981445312,276.09783935546875,639.6723022460938,369.8341064453125,11.023480,4.927680,20.730631,24.389296
IR_57649.jpg,2025-04-23 16:09:32,Cableduct,576.5126953125,34.28923797607422,622.3251953125,60.0604248046875,10.278272,5.198057,21.650721,24.500000
IR_57649.jpg,2025-04-23 16:09:32,Machine,479.9775390625,135.08016967773438,561.8145751953125,217.61270141601562,4.475921,5.392612,21.185942,24.500000
IR_57649.jpg,2025-04-23 16:09:32,Cableduct,322.9262390136719,15.632256507873535,359.1387634277344,41.3021240234375,7.263107,3.330523,21.411484,24.500000
IR_57649.jpg,2025-04-23 16:09:32,Machine,110.56939697265625,172.81304931640625,144.9698486328125,274.79168701171875,6.606565,0.511160,22.341938,24.057180
IR_57649.jpg,2025-04-23 16:09:32,Cableduct,528.772705078125,39.64178466796875,565.796142578125,60.61188507080078,8.522915,4.862047,21.698078,24.416971
IR_57649.jpg,2025-04-23 16:09:32,Machine,120.69869995117188,154.5753173828125,187.14620971679688,226.78005981445312,6.310549,0.572455,21.520037,24.500000
IR_57649.jpg,2025-04-23 16:09:32,Cableduct,429.97320556640625,35.431121826171875,462.71405029296875,56.80120849609375,7.524347,4.541015,21.415321,24.500000
IR_57649.jpg,2025-04-23 16:09:32,Machine,196.96713256835938,104.50321960449219,222.80972290039062,128.8610076904297,0.852142,0.523966,21.063719,22.272062
IR_57650.jpg,2025-04-23 16:10:02,Screen,341.94549560546875,276.20013427734375,473.79595947265625,375.9215087890625,11.419907,4.127818,21.328928,24.400000
IR_57650.jpg,2025-04-23 16:10:02,Cableduct,218.37399291992188,1.3872222900390625,315.7731628417969,51.04545593261719,11.473211,3.331719,20.755173,24.400000
IR_57650.jpg,2025-04-23 16:10:02,Screen,612.809814453125,276.0762939453125,639.703857421875,371.4556884765625,11.088419,4.902334,20.684713,24.289295
IR_57650.jpg,2025-04-23 16:10:02,Cableduct,576.9029541015625,34.17296600341797,622.4842529296875,59.76531982421875,10.291336,5.199775,21.650404,24.400000
IR_57650.jpg,2025-04-23 16:10:02,Machine,479.4264221191406,134.86715698242188,562.1966552734375,218.80145263671875,4.506306,5.378543,21.113268,24.400000
IR_57650.jpg,2025-04-23 16:10:02,Machine,111.19986724853516,170.47360229492188,145.57992553710938,275.5574645996094,6.706591,0.569744,22.239325,24.040209
IR_57650.jpg,2025-04-23 16:10:02,Cableduct,321.786376953125,14.332717895507812,358.12548828125,41.56419372558594,7.399762,3.367668,21.299376,24.400000
IR_57650.jpg,2025-04-23 16:10:02,Cableduct,529.096923828125,40.006019592285156,565.975341796875,60.59337615966797,8.501317,4.860379,21.683348,24.400000
IR_57650.jpg,2025-04-23 16:10:02,Machine,196.4434051513672,103.63395690917969,222.6686553955078,130.76014709472656,0.774896,0.513373,20.982296,21.922977
IR_57650.jpg,2025-04-23 16:10:02,Machine,120.14834594726562,153.929443359375,188.2493896484375,227.99700927734375,6.322291,0.589424,21.434231,24.400000
IR_57651.jpg,2025-04-23 16:10:32,Screen,341.0413818359375,276.0740661621094,474.44775390625,374.8892517089844,11.518937,4.141803,21.330601,24.400000
IR_57651.jpg,2025-04-23 16:10:32,Cableduct,576.1346435546875,34.169803619384766,622.0972900390625,60.33980178833008,10.287655,5.199090,21.609018,24.400000
IR_57651.jpg,2025-04-23 16:10:32,Cableduct,214.61080932617188,1.2361907958984375,316.5133361816406,52.04849624633789,12.055965,3.402964,20.747122,24.400000
IR_57651.jpg,2025-04-23 16:10:32,Screen,612.4471435546875,275.3822937011719,639.7496337890625,371.3978576660156,11.086573,4.900213,20.695848,24.289295
IR_57651.jpg,2025-04-23 16:10:32,Machine,480.42999267578125,135.08554077148438,561.8023071289062,217.35635375976562,4.475264,5.393498,21.130081,24.400000
IR_57651.jpg,2025-04-23 16:10:32,Machine,111.03382873535156,170.84893798828125,145.7112579345703,275.7110290527344,6.696631,0.562585,22.254225,23.984856
IR_57651.jpg,2025-04-23 16:10:32,Cableduct,321.74969482421875,14.340950012207031,359.12091064453125,41.98631286621094,7.405469,3.377998,21.282330,24.400000
IR_57651.jpg,2025-04-23 16:10:32,Cableduct,529.1544189453125,40.052452087402344,564.6407470703125,60.55937957763672,8.523092,4.862141,21.714508,24.289295
IR_57651.jpg,2025-04-23 16:10:32,Machine,120.03247833251953,154.12774658203125,187.34051513671875,227.88082885742188,6.307641,0.580841,21.454990,24.400000
IR_57652.jpg,2025-04-23 16:11:03,Cableduct,218.94757080078125,1.366455078125,315.17626953125,50.65110397338867,11.319438,3.306360,20.837631,24.500000
IR_57652.jpg,2025-04-23 16:11:03,Screen,343.9579772949219,276.2522888183594,473.8498840332031,374.2070617675781,11.310379,4.143259,21.409370,24.500000
IR_57652.jpg,2025-04-23 16:11:03,Machine,480.54876708984375,135.70936584472656,561.6967163085938,218.99339294433594,4.486110,5.376697,21.225895,24.500000
IR_57652.jpg,2025-04-23 16:11:03,Cableduct,576.0910034179688,33.944461822509766,622.5993041992188,59.99631118774414,10.279994,5.197865,21.713936,24.500000
IR_57652.jpg,2025-04-23 16:11:03,Screen,612.694091796875,275.4373779296875,639.841064453125,375.0606689453125,11.252375,4.840058,20.810066,24.389296
IR_57652.jpg,2025-04-23 16:11:03,Machine,109.68031311035156,172.02349853515625,144.89695739746094,276.43939208984375,6.705322,0.540596,22.297300,24.126371
IR_57652.jpg,2025-04-23 16:11:03,Cableduct,322.13671875,15.539046287536621,357.49725341796875,41.602874755859375,7.289596,3.328533,21.458345,24.500000
IR_57652.jpg,2025-04-23 16:11:03,Cableduct,429.90545654296875,35.03785705566406,461.97271728515625,56.04759216308594,7.563492,4.547129,21.440269,24.500000
IR_57652.jpg,2025-04-23 16:11:03,Cableduct,529.3624267578125,40.17604446411133,566.6048583984375,60.1911506652832,8.468336,4.856266,21.765566,24.444647
IR_57652.jpg,2025-04-23 16:11:03,Machine,120.46380615234375,154.362060546875,187.75320434570312,226.36080932617188,6.345777,0.578437,21.537634,24.500000
IR_57653.jpg,2025-04-23 16:11:32,Screen,342.54840087890625,276.97711181640625,473.71405029296875,374.49432373046875,11.411791,4.139330,21.434883,24.500000
IR_57653.jpg,2025-04-23 16:11:32,Cableduct,216.8448944091797,1.2879562377929688,315.69976806640625,50.86329650878906,11.673336,3.349348,20.848225,24.500000
IR_57653.jpg,2025-04-23 16:11:32,Machine,480.320068359375,135.20538330078125,562.3985595703125,219.07012939453125,4.507083,5.376381,21.241447,24.500000
IR_57653.jpg,2025-04-23 16:11:32,Screen,612.332275390625,275.41949462890625,639.7564697265625,372.29443359375,11.118939,4.887282,20.792820,24.403133
IR_57653.jpg,2025-04-23 16:11:32,Cableduct,576.7052001953125,34.59410095214844,622.4976806640625,60.16938781738281,10.261972,5.196617,21.693665,24.500000
IR_57653.jpg,2025-04-23 16:11:32,Cableduct,322.4926452636719,14.979179382324219,359.0924377441406,41.60661315917969,7.339772,3.355051,21.421082,24.500000
IR_57653.jpg,2025-04-23 16:11:32,Cableduct,529.035400390625,38.61907196044922,566.968505859375,61.709930419921875,8.659662,4.884043,21.632366,24.389296
IR_57653.jpg,2025-04-23 16:11:32,Machine,109.87678527832031,172.38946533203125,145.63446044921875,275.39630126953125,6.613063,0.512005,22.307554,24.057180
IR_57653.jpg,2025-04-23 16:11:32,Cableduct,430.2696533203125,35.15284729003906,462.819091796875,56.35694885253906,7.536097,4.541420,21.485157,24.500000
IR_57653.jpg,2025-04-23 16:11:32,Machine,120.27655792236328,154.3402099609375,188.02325439453125,228.0482177734375,6.330431,0.588392,21.527754,24.500000
IR_57654.jpg,2025-04-23 16:12:03,Screen,341.0935363769531,275.98651123046875,474.3887023925781,374.89862060546875,11.508841,4.140491,21.422188,24.500000
IR_57654.jpg,2025-04-23 16:12:03,Cableduct,216.15924072265625,1.0649070739746094,314.96405029296875,50.87377166748047,11.655397,3.338554,20.853804,24.500000
IR_57654.jpg,2025-04-23 16:12:03,Machine,480.39373779296875,135.17706298828125,562.1039428710938,218.65716552734375,4.499856,5.380128,21.236061,24.500000
IR_57654.jpg,2025-04-23 16:12:03,Screen,611.198974609375,273.87188720703125,639.6866455078125,370.14508056640625,11.017284,4.915401,20.767941,24.389296
IR_57654.jpg,2025-04-23 16:12:03,Cableduct,576.4472045898438,34.21144104003906,622.1666870117188,60.54205322265625,10.307146,5.202368,21.718134,24.500000
IR_57654.jpg,2025-04-23 16:12:03,Machine,109.62420654296875,172.75814819335938,145.39566040039062,276.2037048339844,6.652330,0.519015,22.284620,24.126371
IR_57654.jpg,2025-04-23 16:12:03,Cableduct,321.6282653808594,14.499449729919434,358.4562072753906,42.098167419433594,7.401185,3.372022,21.356247,24.500000
IR_57654.jpg,2025-04-23 16:12:03,Cableduct,529.6356811523438,39.863677978515625,566.7910766601562,61.193115234375,8.554091,4.870945,21.665640,24.458487
IR_57654.jpg,2025-04-23 16:12:03,Machine,120.85992431640625,154.46176147460938,188.162109375,227.83877563476562,6.307954,0.586996,21.525925,24.500000
IR_57654.jpg,2025-04-23 16:12:03,Cableduct,429.715087890625,34.475643157958984,463.541015625,56.87050247192383,7.539679,4.529976,21.409201,24.500000
IR_57655.jpg,2025-04-23 16:12:32,Screen,342.64166259765625,276.06170654296875,474.392822265625,374.44744873046875,11.417797,4.144809,21.419731,24.500000
IR_57655.jpg,2025-04-23 16:12:32,Cableduct,217.98623657226562,1.3360595703125,314.9877624511719,52.09349822998047,11.371112,3.313095,20.826014,24.500000
IR_57655.jpg,2025-04-23 16:12:32,Cableduct,576.6571655273438,34.53404998779297,622.0455932617188,59.938514709472656,10.262255,5.195476,21.771059,24.500000
IR_57655.jpg,2025-04-23 16:12:32,Screen,611.8118896484375,275.67730712890625,639.67041015625,370.9923095703125,11.034296,4.915263,20.754536,24.306267
IR_57655.jpg,2025-04-23 16:12:32,Machine,480.6094055175781,134.77462768554688,562.40576171875,217.3294677734375,4.490619,5.393838,21.251764,24.500000
IR_57655.jpg,2025-04-23 16:12:32,Machine,110.2872314453125,172.64260864257812,144.91671752929688,276.5252380371094,6.706357,0.542566,22.313223,24.071018
IR_57655.jpg,2025-04-23 16:12:32,Cableduct,528.68408203125,40.139015197753906,565.225830078125,61.540245056152344,8.526859,4.864768,21.652760,24.458487
IR_57655.jpg,2025-04-23 16:12:32,Cableduct,317.7210388183594,15.142101287841797,358.6272277832031,43.13335418701172,7.233379,3.347513,21.233978,24.500000
IR_57655.jpg,2025-04-23 16:12:32,Machine,121.622802734375,153.72610473632812,187.85897827148438,226.21383666992188,6.226324,0.573560,21.494690,24.500000
IR_57655.jpg,2025-04-23 16:12:32,Cableduct,429.66192626953125,34.290443420410156,462.9462890625,56.71075439453125,7.584589,4.540054,21.419584,24.500000
IR_57655.jpg,2025-04-23 16:12:32,Machine,220.4612579345703,147.309814453125,250.07618713378906,182.3504638671875,2.534512,0.972284,20.926119,21.801567
IR_57655.jpg,2025-04-23 16:12:32,Machine,197.8302001953125,104.04359436035156,222.61181640625,127.72676086425781,0.793767,0.519911,21.071651,22.009138
IR_57656.jpg,2025-04-23 16:13:02,Screen,341.72515869140625,276.10296630859375,474.12255859375,375.0611572265625,11.455666,4.136695,21.470793,24.600000
IR_57656.jpg,2025-04-23 16:13:02,Cableduct,220.46641540527344,1.2947502136230469,315.847900390625,50.58694839477539,11.221994,3.310724,20.879980,24.600000
IR_57656.jpg,2025-04-23 16:13:02,Cableduct,576.6353149414062,34.362937927246094,623.0087280273438,60.17620086669922,10.271044,5.198514,21.750761,24.600000
IR_57656.jpg,2025-04-23 16:13:02,Screen,612.88720703125,276.55548095703125,639.600830078125,369.6949462890625,11.015011,4.932636,20.787621,24.487206
IR_57656.jpg,2025-04-23 16:13:02,Machine,110.40441131591797,170.61148071289062,145.71661376953125,274.31903076171875,6.608705,0.528863,22.375496,24.134726
IR_57656.jpg,2025-04-23 16:13:02,Machine,479.753173828125,136.30975341796875,561.534912109375,219.11553955078125,4.454345,5.385582,21.275900,24.600000
IR_57656.jpg,2025-04-23 16:13:02,Cableduct,319.9377746582031,15.193359375,358.3940734863281,42.89542007446289,7.303272,3.348840,21.374641,24.600000
IR_57656.jpg,2025-04-23 16:13:02,Cableduct,528.7100830078125,39.87257385253906,564.4781494140625,61.12956237792969,8.547297,4.865529,21.722849,24.487206
IR_57656.jpg,2025-04-23 16:13:02,Machine,121.01478576660156,153.38653564453125,187.8749542236328,227.4869384765625,6.215675,0.580484,21.566305,24.600000
IR_57656.jpg,2025-04-23 16:13:02,Machine,196.12789916992188,103.60111999511719,223.09133911132812,130.38165283203125,0.825751,0.520307,21.092749,22.019844
IR_57656.jpg,2025-04-23 16:13:02,Cableduct,429.53717041015625,34.23988342285156,464.34918212890625,58.16798400878906,7.566543,4.531596,21.328701,24.600000
IR_57657.jpg,2025-04-23 16:13:32,Screen,344.2095947265625,276.1864929199219,473.53271484375,374.1640319824219,11.273258,4.140691,21.443707,24.500000
IR_57657.jpg,2025-04-23 16:13:32,Screen,611.9718017578125,275.10791015625,639.7374267578125,372.0626220703125,11.101255,4.890940,20.765530,24.389296
IR_57657.jpg,2025-04-23 16:13:32,Cableduct,220.25840759277344,1.5052070617675781,314.8323974609375,50.74323272705078,11.087511,3.277435,20.832479,24.500000
IR_57657.jpg,2025-04-23 16:13:32,Cableduct,576.2032470703125,34.402931213378906,622.2001953125,60.11140441894531,10.257487,5.195012,21.710423,24.500000
IR_57657.jpg,2025-04-23 16:13:32,Machine,110.61679077148438,172.87216186523438,144.91494750976562,274.4064025878906,6.586037,0.504244,22.338263,24.098694
IR_57657.jpg,2025-04-23 16:13:32,Machine,479.0154113769531,135.20046997070312,561.75244140625,218.2430419921875,4.476841,5.390708,21.210751,24.500000
IR_57657.jpg,2025-04-23 16:13:32,Cableduct,323.27313232421875,15.606072425842285,358.53863525390625,41.100746154785156,7.278552,3.328984,21.442871,24.500000
IR_57657.jpg,2025-04-23 16:13:32,Cableduct,429.98138427734375,34.646705627441406,462.65679931640625,56.71849060058594,7.593914,4.548902,21.398386,24.500000
IR_57657.jpg,2025-04-23 16:13:32,Cableduct,529.3668212890625,39.94109344482422,565.9681396484375,61.031227111816406,8.541328,4.867475,21.667234,24.458487
IR_57657.jpg,2025-04-23 16:13:32,Machine,120.59285736083984,154.1083984375,187.19174194335938,226.84930419921875,6.282876,0.573134,21.513811,24.500000
IR_57658.jpg,2025-04-23 16:14:02,Screen,342.46063232421875,276.46087646484375,473.99151611328125,373.73883056640625,11.421748,4.146430,21.426237,24.500000
IR_57658.jpg,2025-04-23 16:14:02,Cableduct,221.0662841796875,1.6333351135253906,315.7120361328125,50.90871810913086,11.106321,3.293152,20.817446,24.500000
IR_57658.jpg,2025-04-23 16:14:02,Cableduct,575.734375,34.470191955566406,622.607421875,60.286094665527344,10.226327,5.190787,21.712152,24.500000
IR_57658.jpg,2025-04-23 16:14:02,Machine,480.48175048828125,134.71710205078125,562.6887817382812,217.8944091796875,4.504555,5.390697,21.219526,24.500000
IR_57658.jpg,2025-04-23 16:14:02,Cableduct,322.55999755859375,15.223625183105469,358.93609619140625,41.851314544677734,7.332396,3.351745,21.393112,24.500000
IR_57658.jpg,2025-04-23 16:14:02,Cableduct,529.082763671875,40.174156188964844,565.318115234375,61.18932342529297,8.525270,4.864684,21.679829,24.458487
IR_57658.jpg,2025-04-23 16:14:02,Cableduct,429.82733154296875,35.61407470703125,462.71630859375,57.10943603515625,7.515803,4.540598,21.364285,24.500000
IR_57658.jpg,2025-04-23 16:14:02,Machine,109.75985717773438,172.68484497070312,144.832275390625,275.5692138671875,6.641404,0.515141,22.276079,24.126371
IR_57658.jpg,2025-04-23 16:14:02,Screen,613.5030517578125,278.1212158203125,639.6666259765625,370.26788330078125,11.031216,4.935294,20.732063,24.389296
IR_57658.jpg,2025-04-23 16:14:02,Machine,196.85723876953125,104.65708923339844,223.409912109375,130.57269287109375,0.845748,0.525792,21.005745,22.272062
IR_57658.jpg,2025-04-23 16:14:02,Screen,611.906005859375,251.97195434570312,639.598876953125,362.0650329589844,11.317933,4.845282,20.638144,24.500000
IR_57658.jpg,2025-04-23 16:14:02,Machine,119.42707824707031,154.6661376953125,186.8867950439453,226.82357788085938,6.393802,0.575028,21.491896,24.500000
IR_57659.jpg,2025-04-23 16:14:32,Screen,342.8855895996094,276.6667175292969,473.3777160644531,373.7335510253906,11.364351,4.141398,21.445011,24.500000
IR_57659.jpg,2025-04-23 16:14:32,Cableduct,218.55006408691406,1.3903732299804688,315.216552734375,51.16391372680664,11.361116,3.312138,20.826290,24.500000
IR_57659.jpg,2025-04-23 16:14:32,Screen,611.9231567382812,276.84991455078125,639.8456420898438,374.32415771484375,11.147493,4.876632,20.800102,24.375458
IR_57659.jpg,2025-04-23 16:14:32,Cableduct,576.8873291015625,34.258758544921875,622.28759765625,60.24931335449219,10.308552,5.202585,21.721514,24.500000
IR_57659.jpg,2025-04-23 16:14:32,Machine,480.2804260253906,135.1436767578125,563.0616455078125,217.26123046875,4.477124,5.403442,21.209818,24.500000
IR_57659.jpg,2025-04-23 16:14:32,Machine,109.804931640625,172.87649536132812,145.1279296875,275.3447570800781,6.613560,0.506062,22.276768,24.167885
IR_57659.jpg,2025-04-23 16:14:32,Cableduct,322.15716552734375,15.299042701721191,359.18890380859375,41.64936065673828,7.290452,3.342162,21.409620,24.500000
IR_57659.jpg,2025-04-23 16:14:32,Cableduct,529.1947021484375,40.305885314941406,565.40771484375,60.485435485839844,8.484083,4.857767,21.755920,24.500000
IR_57659.jpg,2025-04-23 16:14:32,Cableduct,429.97601318359375,35.16832733154297,462.60504150390625,55.86894989013672,7.502979,4.532321,21.488930,24.500000
IR_57659.jpg,2025-04-23 16:14:32,Machine,120.66140747070312,154.11196899414062,186.6544189453125,224.73907470703125,6.312361,0.558714,21.508789,24.500000
IR_57660.jpg,2025-04-23 16:15:02,Screen,341.46075439453125,276.16912841796875,474.4422607421875,376.41583251953125,11.485898,4.129895,21.383802,24.500000
IR_57660.jpg,2025-04-23 16:15:02,Cableduct,221.0262908935547,1.5778274536132812,316.13189697265625,52.23506546020508,11.131796,3.308471,20.794325,24.500000
IR_57660.jpg,2025-04-23 16:15:02,Cableduct,322.67041015625,14.884147644042969,357.3685302734375,41.28730010986328,7.369098,3.349175,21.376553,24.500000
IR_57660.jpg,2025-04-23 16:15:02,Machine,479.614013671875,134.53900146484375,562.7852783203125,217.2249755859375,4.496180,5.396932,21.162647,24.500000
IR_57660.jpg,2025-04-23 16:15:02,Cableduct,574.31787109375,32.76081085205078,621.97314453125,60.17101287841797,10.298281,5.192989,21.603815,24.500000
IR_57660.jpg,2025-04-23 16:15:02,Screen,612.6129150390625,274.71588134765625,639.73828125,374.60986328125,11.251204,4.837801,20.752569,24.389296
IR_57660.jpg,2025-04-23 16:15:02,Machine,109.96403503417969,172.59503173828125,145.11805725097656,275.1953125,6.616622,0.510640,22.259638,24.057180
IR_57660.jpg,2025-04-23 16:15:02,Cableduct,429.7861328125,35.29603576660156,462.859130859375,56.786964416503906,7.513477,4.535440,21.462330,24.500000
IR_57660.jpg,2025-04-23 16:15:02,Cableduct,528.770751953125,39.69586181640625,565.697998046875,60.904624938964844,8.533379,4.864181,21.671347,24.361618
IR_57660.jpg,2025-04-23 16:15:02,Machine,120.56336975097656,153.8274688720703,187.20777893066406,226.10227966308594,6.283826,0.570268,21.472458,24.500000
IR_57661.jpg,2025-04-23 16:15:32,Screen,342.62615966796875,276.637451171875,472.70977783203125,374.382568359375,11.334345,4.129883,21.434006,24.500000
IR_57661.jpg,2025-04-23 16:15:32,Cableduct,220.24322509765625,1.2642936706542969,315.50872802734375,51.96397018432617,11.154513,3.303930,20.808949,24.500000
IR_57661.jpg,2025-04-23 16:15:32,Cableduct,573.6712036132812,32.629356384277344,622.7378540039062,60.123680114746094,10.247292,5.183323,21.590445,24.500000
IR_57661.jpg,2025-04-23 16:15:32,Machine,110.43634033203125,173.225830078125,144.68887329101562,276.3345947265625,6.691121,0.533930,22.304619,24.098694
IR_57661.jpg,2025-04-23 16:15:32,Cableduct,529.0169677734375,40.01434326171875,564.9459228515625,61.379417419433594,8.552511,4.868186,21.711845,24.389296
IR_57661.jpg,2025-04-23 16:15:32,Screen,612.73876953125,274.5975036621094,639.7685546875,373.1560363769531,11.196379,4.859659,20.760832,24.347780
IR_57661.jpg,2025-04-23 16:15:32,Machine,480.48516845703125,135.19427490234375,562.2749633789062,217.20223999023438,4.468434,5.399007,21.199608,24.500000
IR_57661.jpg,2025-04-23 16:15:32,Cableduct,429.8173828125,35.108428955078125,462.6539306640625,57.08207702636719,7.562866,4.546241,21.418808,24.500000
IR_57661.jpg,2025-04-23 16:15:32,Cableduct,322.4060974121094,15.623766899108887,357.3612976074219,41.68917465209961,7.298584,3.329406,21.427139,24.500000
IR_57661.jpg,2025-04-23 16:15:32,Screen,611.551025390625,252.4368896484375,639.6982421875,362.07940673828125,11.278893,4.846357,20.642593,24.500000
IR_57661.jpg,2025-04-23 16:15:32,Window,158.7159423828125,57.67453384399414,195.705322265625,115.9320068359375,0.997210,0.470691,20.772398,24.500000
IR_57662.jpg,2025-04-23 16:16:02,Screen,342.1695861816406,276.35400390625,473.4966125488281,375.4063720703125,11.395716,4.129142,21.426472,24.500000
IR_57662.jpg,2025-04-23 16:16:02,Cableduct,576.1514892578125,34.58136749267578,622.6009521484375,59.14641571044922,10.187285,5.184750,21.728275,24.500000
IR_57662.jpg,2025-04-23 16:16:02,Cableduct,218.93130493164062,1.7033500671386719,314.5652770996094,51.88197326660156,11.183315,3.281634,20.820776,24.500000
IR_57662.jpg,2025-04-23 16:16:02,Screen,613.113037109375,275.61126708984375,639.8468017578125,376.28497314453125,11.319714,4.817601,20.791903,24.389296
IR_57662.jpg,2025-04-23 16:16:02,Machine,479.6684265136719,135.52166748046875,562.172607421875,217.96807861328125,4.464653,5.397613,21.193281,24.500000
IR_57662.jpg,2025-04-23 16:16:02,Machine,109.88032531738281,173.01873779296875,144.89627075195312,275.6786804199219,6.638974,0.513365,22.286402,24.029505
IR_57662.jpg,2025-04-23 16:16:02,Cableduct,529.05419921875,38.74005126953125,567.01953125,61.54344177246094,8.640720,4.881267,21.597616,24.458487
IR_57662.jpg,2025-04-23 16:16:02,Cableduct,322.49505615234375,15.43271541595459,358.0848388671875,41.61882019042969,7.306773,3.337188,21.414375,24.500000
IR_57662.jpg,2025-04-23 16:16:02,Cableduct,430.56787109375,35.243560791015625,462.3212890625,56.445472717285156,7.586520,4.557720,21.475378,24.500000
IR_57662.jpg,2025-04-23 16:16:02,Screen,612.5157470703125,252.22726440429688,639.6829833984375,363.6608581542969,11.421309,4.834058,20.639553,24.500000
IR_57662.jpg,2025-04-23 16:16:02,Machine,196.6620635986328,104.46270751953125,223.37074279785156,130.74513244628906,0.841014,0.524590,21.025240,21.926109
IR_57662.jpg,2025-04-23 16:16:02,Machine,120.60179138183594,155.06869506835938,186.4980010986328,226.39431762695312,6.338737,0.564614,21.506302,24.500000
IR_57662.jpg,2025-04-23 16:16:02,Machine,483.328857421875,108.080322265625,578.9658203125,204.25137329101562,5.891054,5.219262,21.138538,24.500000
IR_57663.jpg,2025-04-23 16:16:32,Screen,341.4560546875,275.65887451171875,473.60418701171875,375.6219482421875,11.422249,4.126541,21.426786,24.600000
IR_57663.jpg,2025-04-23 16:16:32,Cableduct,219.71939086914062,1.3522148132324219,316.1600646972656,52.07666015625,11.318515,3.329024,20.810390,24.600000
IR_57663.jpg,2025-04-23 16:16:32,Cableduct,576.8755493164062,34.29820251464844,621.9647827148438,59.987762451171875,10.297905,5.200217,21.817410,24.600000
IR_57663.jpg,2025-04-23 16:16:32,Cableduct,529.778076171875,38.749122619628906,567.844482421875,61.843162536621094,8.674540,4.889085,21.619701,24.600000
IR_57663.jpg,2025-04-23 16:16:32,Machine,479.69586181640625,134.61199951171875,563.4182739257812,217.80630493164062,4.511300,5.396682,21.205244,24.600000
IR_57663.jpg,2025-04-23 16:16:32,Machine,110.20472717285156,171.21826171875,145.7039794921875,276.01080322265625,6.685261,0.547925,22.304773,24.162924
IR_57663.jpg,2025-04-23 16:16:32,Screen,614.1104736328125,274.7489013671875,639.7784423828125,373.47650146484375,11.268648,4.841744,20.754988,24.487206
IR_57663.jpg,2025-04-23 16:16:32,Cableduct,322.14788818359375,14.884868621826172,358.4033203125,41.46900939941406,7.340441,3.350725,21.422478,24.600000
IR_57663.jpg,2025-04-23 16:16:32,Cableduct,429.79559326171875,35.50511169433594,462.52398681640625,56.34986877441406,7.493953,4.533795,21.473858,24.600000
IR_57663.jpg,2025-04-23 16:16:32,Machine,120.5083236694336,153.98696899414062,186.58560180664062,228.42788696289062,6.219644,0.572293,21.507637,24.600000
IR_57663.jpg,2025-04-23 16:16:32,Screen,612.46044921875,251.7436981201172,639.6307373046875,363.01593017578125,11.404366,4.838315,20.646389,24.600000
IR_57663.jpg,2025-04-23 16:16:32,Machine,120.01171875,90.00126647949219,155.26751708984375,142.34938049316406,1.894658,0.179786,20.675661,21.103394
IR_57664.jpg,2025-04-23 16:17:02,Screen,340.57666015625,275.990478515625,474.49017333984375,376.114013671875,11.540689,4.133678,21.360794,24.500000
IR_57664.jpg,2025-04-23 16:17:02,Cableduct,216.25848388671875,1.4254493713378906,316.17108154296875,51.87638854980469,11.787567,3.369022,20.767708,24.500000
IR_57664.jpg,2025-04-23 16:17:02,Screen,612.3167114257812,274.3917236328125,639.6619262695312,371.7236328125,11.123510,4.882975,20.684917,24.387207
IR_57664.jpg,2025-04-23 16:17:02,Cableduct,576.922607421875,34.589080810546875,622.42138671875,59.38236999511719,10.237929,5.192125,21.711689,24.500000
IR_57664.jpg,2025-04-23 16:17:02,Machine,480.031982421875,133.97195434570312,561.8660888671875,218.83718872070312,4.549442,5.358116,21.164780,24.500000
IR_57664.jpg,2025-04-23 16:17:02,Machine,109.94642639160156,171.2125244140625,145.7521514892578,275.76678466796875,6.663802,0.538460,22.218573,24.062923
IR_57664.jpg,2025-04-23 16:17:02,Cableduct,321.53839111328125,15.151363372802734,358.63800048828125,42.366519927978516,7.336190,3.354635,21.315311,24.500000
IR_57664.jpg,2025-04-23 16:17:02,Machine,119.9623031616211,153.18817138671875,187.74374389648438,227.3289794921875,6.276456,0.580782,21.439850,24.500000
IR_57664.jpg,2025-04-23 16:17:02,Cableduct,529.4356689453125,40.309898376464844,566.5057373046875,60.540611267089844,8.477872,4.858678,21.685474,24.387207
IR_57664.jpg,2025-04-23 16:17:02,Cableduct,430.43603515625,36.32952880859375,462.77496337890625,55.97594451904297,7.423851,4.528519,21.516796,24.500000
IR_57664.jpg,2025-04-23 16:17:02,Machine,196.1935272216797,100.99234008789062,225.4477081298828,130.9026641845703,0.771176,0.527445,20.969889,21.877546
IR_57665.jpg,2025-04-23 16:17:32,Screen,340.9368896484375,275.66925048828125,474.7542724609375,375.38720703125,11.527852,4.140229,21.386871,24.500000
IR_57665.jpg,2025-04-23 16:17:32,Cableduct,217.1492919921875,1.3115158081054688,315.60845947265625,52.10418701171875,11.577043,3.343000,20.789982,24.500000
IR_57665.jpg,2025-04-23 16:17:32,Cableduct,576.2476806640625,34.41127014160156,622.3197021484375,59.87933349609375,10.246099,5.193336,21.729574,24.500000
IR_57665.jpg,2025-04-23 16:17:32,Machine,479.97564697265625,133.02862548828125,562.0523071289062,218.454833984375,4.581351,5.352954,21.165823,24.500000
IR_57665.jpg,2025-04-23 16:17:32,Screen,612.614013671875,276.4686279296875,639.59814453125,369.29315185546875,10.995428,4.940222,20.693125,24.387207
IR_57665.jpg,2025-04-23 16:17:32,Cableduct,528.555419921875,39.80439758300781,565.806884765625,61.67371368408203,8.546707,4.867706,21.595770,24.457703
IR_57665.jpg,2025-04-23 16:17:32,Machine,109.91902160644531,173.38735961914062,145.05252075195312,276.8058776855469,6.688873,0.528267,22.246914,24.105223
IR_57665.jpg,2025-04-23 16:17:32,Cableduct,322.18084716796875,15.178272247314453,358.89703369140625,41.28520965576172,7.288061,3.338516,21.434967,24.500000
IR_57665.jpg,2025-04-23 16:17:32,Machine,120.60845947265625,153.8375244140625,187.74652099609375,227.48370361328125,6.271640,0.581249,21.459917,24.500000
IR_57665.jpg,2025-04-23 16:17:32,Cableduct,430.0552978515625,35.29917526245117,462.9481201171875,56.39570236206055,7.502520,4.533568,21.424389,24.500000
IR_57665.jpg,2025-04-23 16:17:32,Machine,195.60946655273438,101.7764892578125,226.09262084960938,131.97552490234375,0.852607,0.537685,20.958933,21.877546
IR_57666.jpg,2025-04-23 16:18:02,Screen,340.859619140625,276.22637939453125,473.53753662109375,375.43011474609375,11.475197,4.127635,21.400787,24.500000
IR_57666.jpg,2025-04-23 16:18:02,Cableduct,221.2041015625,1.38983154296875,315.4888916015625,50.9720458984375,11.054956,3.289084,20.796988,24.500000
IR_57666.jpg,2025-04-23 16:18:02,Cableduct,575.2381591796875,34.10673522949219,622.7664794921875,60.144630432128906,10.216641,5.186974,21.661467,24.500000
IR_57666.jpg,2025-04-23 16:18:02,Cableduct,528.8391723632812,40.09553527832031,566.3383178710938,61.53123474121094,8.517483,4.864851,21.626543,24.389296
IR_57666.jpg,2025-04-23 16:18:02,Machine,110.093017578125,172.72805786132812,144.9788818359375,275.7957763671875,6.655462,0.523346,22.277157,24.057180
IR_57666.jpg,2025-04-23 16:18:02,Machine,479.80615234375,132.85617065429688,561.9945068359375,218.31219482421875,4.583773,5.353057,21.160360,24.500000
IR_57666.jpg,2025-04-23 16:18:02,Cableduct,429.8404235839844,35.37668228149414,463.1559143066406,56.67164993286133,7.482952,4.528280,21.443375,24.500000
IR_57666.jpg,2025-04-23 16:18:02,Screen,612.857666015625,277.1053466796875,639.751708984375,373.5205078125,11.151213,4.880737,20.749310,24.389296
IR_57666.jpg,2025-04-23 16:18:02,Cableduct,321.87823486328125,15.40453815460205,358.97723388671875,41.46122360229492,7.259268,3.331754,21.389011,24.500000
IR_57666.jpg,2025-04-23 16:18:02,Machine,120.464599609375,152.73175048828125,186.6719970703125,228.475341796875,6.136373,0.571227,21.444309,24.500000
IR_57666.jpg,2025-04-23 16:18:02,Screen,611.7442626953125,249.55047607421875,639.6138916015625,363.5753173828125,11.472696,4.834215,20.635036,24.500000
IR_57666.jpg,2025-04-23 16:18:02,Machine,197.04164123535156,103.49278259277344,223.8867645263672,129.5654754638672,0.819300,0.526410,21.006208,21.926109
IR_57667.jpg,2025-04-23 16:18:32,Screen,341.3089599609375,275.6568603515625,474.005615234375,375.34033203125,11.457781,4.132266,21.364836,24.500000
IR_57667.jpg,2025-04-23 16:18:32,Cableduct,577.419921875,34.74891662597656,621.947265625,59.9356689453125,10.281258,5.198460,21.760931,24.500000
IR_57667.jpg,2025-04-23 16:18:32,Cableduct,213.084228515625,1.2234458923339844,316.1466064453125,52.304054260253906,12.195437,3.409936,20.773981,24.500000
IR_57667.jpg,2025-04-23 16:18:32,Screen,611.758544921875,275.38897705078125,639.75537109375,372.4202880859375,11.098999,4.890947,20.740047,24.387207
IR_57667.jpg,2025-04-23 16:18:32,Machine,478.9941711425781,133.7855224609375,562.489990234375,217.4210205078125,4.525787,5.386644,21.154325,24.500000
IR_57667.jpg,2025-04-23 16:18:32,Machine,110.05769348144531,171.385009765625,145.8413543701172,277.90655517578125,6.781308,0.577711,22.250130,24.048824
IR_57667.jpg,2025-04-23 16:18:32,Cableduct,321.351318359375,15.278125762939453,359.62841796875,42.372650146484375,7.296732,3.351233,21.311123,24.500000
IR_57667.jpg,2025-04-23 16:18:32,Cableduct,528.7186279296875,39.97522735595703,565.5894775390625,61.2242431640625,8.522086,4.863556,21.608870,24.443604
IR_57667.jpg,2025-04-23 16:18:32,Cableduct,429.7778015136719,34.191162109375,463.1423034667969,57.59190368652344,7.636981,4.552353,21.288754,24.500000
IR_57667.jpg,2025-04-23 16:18:32,Machine,120.54651641845703,153.18765258789062,188.31005859375,227.84982299804688,6.248341,0.585432,21.454388,24.500000
IR_57667.jpg,2025-04-23 16:18:32,Machine,195.1728973388672,103.09205627441406,224.62599182128906,131.43516540527344,0.903562,0.534234,20.970997,21.877546
IR_57668.jpg,2025-04-23 16:19:02,Screen,342.7196044921875,275.84368896484375,473.9727783203125,374.84356689453125,11.377417,4.137619,21.298429,24.400000
IR_57668.jpg,2025-04-23 16:19:02,Cableduct,219.2469482421875,1.5594558715820312,314.79681396484375,50.842525482177734,11.213000,3.287364,20.730068,24.400000
IR_57668.jpg,2025-04-23 16:19:02,Screen,611.2615966796875,275.86383056640625,639.6331787109375,370.13214111328125,10.985806,4.934605,20.668325,24.192429
IR_57668.jpg,2025-04-23 16:19:02,Cableduct,576.643798828125,34.68390655517578,621.544189453125,58.519874572753906,10.191160,5.182889,21.718281,24.400000
IR_57668.jpg,2025-04-23 16:19:02,Machine,109.84548950195312,173.17071533203125,144.60899353027344,277.0145568847656,6.721218,0.538188,22.170246,23.957180
IR_57668.jpg,2025-04-23 16:19:02,Machine,479.56280517578125,134.87155151367188,561.5244750976562,218.04232788085938,4.489013,5.384902,21.079651,24.400000
IR_57668.jpg,2025-04-23 16:19:02,Cableduct,529.8568725585938,39.05628204345703,566.3163452148438,61.03710174560547,8.640824,4.881474,21.533037,24.261620
IR_57668.jpg,2025-04-23 16:19:02,Cableduct,321.855712890625,15.180652618408203,357.5919189453125,41.51142883300781,7.311866,3.336750,21.338202,24.400000
IR_57668.jpg,2025-04-23 16:19:02,Cableduct,429.1127014160156,33.1158447265625,461.8789978027344,57.05517578125,7.746151,4.566255,21.221107,24.400000
IR_57668.jpg,2025-04-23 16:19:02,Machine,121.23196411132812,154.47256469726562,187.69247436523438,226.73233032226562,6.289121,0.576124,21.401106,24.400000
IR_57668.jpg,2025-04-23 16:19:02,Machine,220.67568969726562,148.91427612304688,249.46029663085938,182.06289672851562,2.617208,0.973312,20.837328,21.701567
IR_57669.jpg,2025-04-23 16:19:32,Screen,341.01336669921875,275.54473876953125,473.92474365234375,375.67645263671875,11.465389,4.128506,21.391045,24.500000
IR_57669.jpg,2025-04-23 16:19:32,Screen,611.799560546875,278.46453857421875,639.64990234375,369.08599853515625,10.938033,4.971506,20.760151,24.387207
IR_57669.jpg,2025-04-23 16:19:32,Cableduct,576.316162109375,35.735748291015625,621.3017578125,58.66096496582031,10.090555,5.169586,21.839922,24.500000
IR_57669.jpg,2025-04-23 16:19:32,Cableduct,218.1295928955078,1.6034088134765625,315.76153564453125,51.94829559326172,11.471118,3.330636,20.802139,24.500000
IR_57669.jpg,2025-04-23 16:19:32,Machine,479.6753234863281,133.362060546875,561.6552734375,218.3681640625,4.560816,5.357122,21.180359,24.500000
IR_57669.jpg,2025-04-23 16:19:32,Machine,110.46882629394531,173.09286499023438,144.91659545898438,276.6688537597656,6.706424,0.541146,22.310503,24.105223
IR_57669.jpg,2025-04-23 16:19:32,Cableduct,430.2889404296875,35.28120422363281,463.0096435546875,57.90245056152344,7.599725,4.559188,21.314550,24.500000
IR_57669.jpg,2025-04-23 16:19:32,Cableduct,528.6563720703125,39.99000549316406,564.2364501953125,60.891937255859375,8.527193,4.861962,21.695797,24.387207
IR_57669.jpg,2025-04-23 16:19:32,Cableduct,320.89923095703125,15.113101959228516,356.82061767578125,41.57048416137695,7.298191,3.329761,21.402012,24.500000
IR_57669.jpg,2025-04-23 16:19:32,Machine,196.5787353515625,104.17872619628906,222.3883056640625,130.23760986328125,0.799465,0.514872,21.037104,21.976240
IR_57669.jpg,2025-04-23 16:19:32,Machine,121.88870239257812,154.8572235107422,188.08554077148438,225.47032165527344,6.321737,0.573456,21.489752,24.500000
IR_57670.jpg,2025-04-23 16:20:02,Screen,341.8521728515625,276.500244140625,473.57012939453125,374.8133544921875,11.428351,4.133942,21.393070,24.500000
IR_57670.jpg,2025-04-23 16:20:02,Cableduct,575.8115234375,34.34540557861328,622.61083984375,60.09166717529297,10.232965,5.191483,21.656437,24.500000
IR_57670.jpg,2025-04-23 16:20:02,Screen,612.3689575195312,276.141357421875,639.8212280273438,374.0557861328125,11.175816,4.867647,20.792831,24.389296
IR_57670.jpg,2025-04-23 16:20:02,Cableduct,219.9061737060547,1.5895805358886719,315.89764404296875,52.04624938964844,11.251752,3.314111,20.810774,24.500000
IR_57670.jpg,2025-04-23 16:20:02,Machine,110.7740478515625,173.00454711914062,144.309814453125,275.4829406738281,6.669643,0.530302,22.317299,24.098694
IR_57670.jpg,2025-04-23 16:20:02,Machine,480.099609375,133.71560668945312,562.001953125,218.16937255859375,4.547280,5.367820,21.188139,24.500000
IR_57670.jpg,2025-04-23 16:20:02,Cableduct,528.623779296875,40.1580810546875,564.103271484375,61.37815856933594,8.535364,4.864305,21.706451,24.389296
IR_57670.jpg,2025-04-23 16:20:02,Cableduct,323.037353515625,15.199563026428223,358.5145263671875,41.00801086425781,7.310211,3.338933,21.452267,24.500000
IR_57670.jpg,2025-04-23 16:20:02,Cableduct,429.5873107910156,34.689979553222656,462.1098327636719,56.91351318359375,7.613083,4.553858,21.377892,24.500000
IR_57670.jpg,2025-04-23 16:20:02,Machine,197.4739990234375,104.79713439941406,222.1697998046875,130.099853515625,0.773090,0.513096,21.034851,21.926109
IR_57670.jpg,2025-04-23 16:20:02,Machine,220.6513671875,148.14572143554688,250.01260375976562,181.810791015625,2.590208,0.974614,20.946163,24.500000
IR_57670.jpg,2025-04-23 16:20:02,Machine,120.57994079589844,155.03298950195312,187.0917205810547,224.61837768554688,6.407833,0.564573,21.497328,24.500000
IR_57671.jpg,2025-04-23 16:20:32,Person,391.54437255859375,214.9681396484375,603.4908447265625,486.9976806640625,11.707587,4.564879,23.821962,29.100000
IR_57671.jpg,2025-04-23 16:20:32,Machine,111.60891723632812,170.6082763671875,146.65469360351562,274.33538818359375,6.602939,0.542393,23.027029,24.896345
IR_57671.jpg,2025-04-23 16:20:32,Cableduct,216.11474609375,1.2969436645507812,315.7928466796875,51.63253402709961,11.759016,3.361135,21.145432,29.100000
IR_57671.jpg,2025-04-23 16:20:32,Cableduct,321.7179260253906,15.59238338470459,356.9275207519531,42.35931396484375,7.323214,3.336623,21.758989,29.100000
IR_57671.jpg,2025-04-23 16:20:32,Screen,611.506103515625,272.5320739746094,639.7459716796875,374.6971130371094,11.262364,4.823325,21.304052,28.264490
IR_57671.jpg,2025-04-23 16:20:32,Cableduct,574.0093994140625,32.21490478515625,623.3631591796875,61.78900146484375,10.358601,5.200062,21.974882,29.100000
IR_57671.jpg,2025-04-23 16:20:32,Screen,337.3543701171875,275.21881103515625,447.8690185546875,375.1295166015625,10.085304,3.864760,22.741592,29.100000
IR_57672.jpg,2025-04-23 16:21:02,Screen,338.4248046875,275.7889709472656,471.75152587890625,376.5250549316406,11.496755,4.102955,22.228258,29.900000
IR_57672.jpg,2025-04-23 16:21:02,Person,213.2106475830078,157.1343994140625,336.77203369140625,397.81231689453125,9.695382,2.554673,23.300508,29.900000
IR_57672.jpg,2025-04-23 16:21:02,Screen,611.6322631835938,277.0584411621094,639.6548461914062,371.8479309082031,11.034092,4.917775,21.337387,28.997650
IR_57672.jpg,2025-04-23 16:21:02,Machine,479.5466613769531,133.3258056640625,561.32763671875,217.87005615234375,4.550451,5.362415,21.911749,29.900000
IR_57672.jpg,2025-04-23 16:21:02,Machine,111.05072021484375,170.6075439453125,146.73236083984375,273.8958435058594,6.562249,0.523645,23.383474,25.557442
IR_57672.jpg,2025-04-23 16:21:02,Cableduct,216.29046630859375,0.868194580078125,315.8782958984375,51.68588638305664,11.752159,3.369770,21.292633,29.900000
IR_57672.jpg,2025-04-23 16:21:02,Cableduct,574.34912109375,32.2841796875,623.6806640625,60.70259094238281,10.316904,5.194310,22.279518,29.900000
IR_57672.jpg,2025-04-23 16:21:02,Cableduct,320.51434326171875,15.376144409179688,358.48504638671875,43.20787811279297,7.323369,3.354176,21.866663,29.900000
IR_57672.jpg,2025-04-23 16:21:02,Cableduct,528.885498046875,38.796287536621094,566.705078125,61.38043975830078,8.625378,4.878139,22.373007,26.769974
IR_57673.jpg,2025-04-23 16:21:32,Screen,339.96600341796875,275.3394470214844,472.396728515625,375.8600158691406,11.428101,4.110651,21.871841,27.500000
IR_57673.jpg,2025-04-23 16:21:32,Person,2.987335205078125,126.99824523925781,105.48382568359375,407.95489501953125,9.924483,1.059866,23.057999,27.500000
IR_57673.jpg,2025-04-23 16:21:32,Machine,105.92909240722656,172.8121337890625,145.42201232910156,275.96295166015625,6.702588,0.479442,22.767229,24.877808
IR_57673.jpg,2025-04-23 16:21:32,Cableduct,573.748291015625,32.9703369140625,623.107666015625,60.088592529296875,10.211293,5.179110,22.076824,27.500000
IR_57673.jpg,2025-04-23 16:21:32,Screen,611.920166015625,277.00030517578125,639.7645263671875,373.53448486328125,11.111407,4.889567,21.154375,26.784857
IR_57673.jpg,2025-04-23 16:21:32,Cableduct,215.69827270507812,1.5336761474609375,313.9504699707031,50.50111389160156,11.569401,3.303257,21.155865,27.500000
IR_57673.jpg,2025-04-23 16:21:32,Cableduct,322.54833984375,14.481319427490234,360.305908203125,41.935550689697266,7.397509,3.382288,21.754421,27.500000
IR_57673.jpg,2025-04-23 16:21:32,Machine,479.76715087890625,133.46783447265625,561.9223022460938,218.7457275390625,4.565608,5.354310,21.626842,27.500000
IR_57673.jpg,2025-04-23 16:21:32,Machine,115.8949203491211,151.79898071289062,186.66726684570312,228.88644409179688,6.418453,0.573247,21.887747,27.500000
IR_57673.jpg,2025-04-23 16:21:32,Screen,607.6139526367188,231.46958923339844,639.9146118164062,359.1923828125,11.642973,4.893539,20.975317,27.500000
IR_57673.jpg,2025-04-23 16:21:32,Cableduct,229.269775390625,0.0,292.4384765625,36.493812561035156,6.007362,2.340685,21.610836,27.500000
IR_57673.jpg,2025-04-23 16:21:32,Machine,196.7926025390625,105.4951171875,221.79318237304688,131.97616577148438,0.787725,0.510619,21.575232,22.537336
IR_57674.jpg,2025-04-23 16:22:02,Screen,343.0555419921875,275.6793212890625,474.2440185546875,373.49560546875,11.375935,4.150040,22.762474,29.100000
IR_57674.jpg,2025-04-23 16:22:02,Machine,111.55963134765625,170.0926513671875,145.8111572265625,273.6327209472656,6.606165,0.543526,23.504730,25.522976
IR_57674.jpg,2025-04-23 16:22:02,Cableduct,575.0587158203125,32.803382873535156,623.9322509765625,62.02185821533203,10.366533,5.205513,22.318275,29.100000
IR_57674.jpg,2025-04-23 16:22:02,Cableduct,206.28404235839844,0.9830398559570312,314.56787109375,49.69142150878906,12.952871,3.444404,21.556023,29.100000
IR_57674.jpg,2025-04-23 16:22:02,Screen,612.990234375,277.5797119140625,639.6611328125,372.66497802734375,11.110100,4.896811,21.534756,28.081724
IR_57674.jpg,2025-04-23 16:22:02,Person,343.32916259765625,171.12326049804688,470.34747314453125,423.6282653808594,10.235179,3.914589,22.930429,29.100000
IR_57674.jpg,2025-04-23 16:22:02,Cableduct,319.6453857421875,14.341907501220703,359.681884765625,43.78411102294922,7.420662,3.397007,21.980574,29.100000
IR_57674.jpg,2025-04-23 16:22:02,Machine,120.24357604980469,153.82264709472656,187.64610290527344,229.0045928955078,6.260287,0.585632,22.481220,29.100000
IR_57674.jpg,2025-04-23 16:22:02,Window,169.33819580078125,57.42692184448242,194.8475341796875,116.07255554199219,1.207714,0.591445,21.228691,29.100000
IR_57674.jpg,2025-04-23 16:22:02,Machine,478.400390625,133.43377685546875,561.5518798828125,219.27972412109375,4.562768,5.346387,22.137337,29.100000
IR_57674.jpg,2025-04-23 16:22:02,Cableduct,526.9149169921875,38.5238037109375,567.827392578125,64.59552764892578,8.668755,4.885242,22.495291,26.645693
IR_57675.jpg,2025-04-23 16:22:32,Person,14.726959228515625,170.38922119140625,160.5162353515625,450.72308349609375,11.366344,1.339081,23.770864,27.400000
IR_57675.jpg,2025-04-23 16:22:32,Screen,340.78704833984375,276.3302001953125,472.748291015625,376.35443115234375,11.428812,4.113284,21.666790,27.400000
IR_57675.jpg,2025-04-23 16:22:32,Screen,610.8698120117188,277.779052734375,639.6478881835938,368.392822265625,10.896631,4.983496,20.928278,27.400000
IR_57675.jpg,2025-04-23 16:22:32,Machine,99.76280212402344,169.92001342773438,145.86984252929688,263.7420654296875,6.594314,0.431343,22.912462,27.400000
IR_57675.jpg,2025-04-23 16:22:32,Cableduct,215.9447479248047,1.6673965454101562,313.55731201171875,50.25117111206055,11.483455,3.285363,20.991915,27.400000
IR_57675.jpg,2025-04-23 16:22:32,Machine,479.5927429199219,134.21484375,560.22705078125,218.40692138671875,4.522324,5.353956,21.461798,27.400000
IR_57676.jpg,2025-04-23 16:23:02,Screen,340.4456787109375,275.9462890625,472.944091796875,376.2510986328125,11.449953,4.114830,21.459421,24.900000
IR_57676.jpg,2025-04-23 16:23:02,Cableduct,220.86231994628906,1.5324821472167969,315.3602294921875,51.1088752746582,11.074617,3.286501,20.883738,24.900000
IR_57676.jpg,2025-04-23 16:23:02,Machine,110.96546936035156,170.9371337890625,145.22471618652344,275.5543212890625,6.701340,0.561018,22.373783,24.423759
IR_57676.jpg,2025-04-23 16:23:02,Cableduct,528.7041015625,40.04631805419922,564.734130859375,61.14634704589844,8.527058,4.863250,21.803305,24.900000
IR_57676.jpg,2025-04-23 16:23:02,Machine,481.04840087890625,136.16983032226562,562.3711547851562,217.92160034179688,4.450135,5.402813,21.310902,24.900000
IR_57676.jpg,2025-04-23 16:23:02,Cableduct,576.1317749023438,34.71586990356445,622.0429077148438,59.46401596069336,10.198450,5.185909,21.856102,24.900000
IR_57676.jpg,2025-04-23 16:23:02,Screen,613.3187255859375,275.8671875,639.7757568359375,376.7110595703125,11.342676,4.809775,20.896471,24.855352
IR_57676.jpg,2025-04-23 16:23:02,Cableduct,322.04498291015625,15.036884307861328,356.57159423828125,41.58308792114258,7.358684,3.342234,21.565594,24.900000
IR_57676.jpg,2025-04-23 16:23:02,Screen,613.32763671875,255.8922119140625,639.4560546875,358.49176025390625,11.089441,4.881487,20.656834,24.900000
IR_57676.jpg,2025-04-23 16:23:02,Cableduct,429.69256591796875,34.64044189453125,462.499267578125,56.604774475097656,7.580198,4.544430,21.555090,24.900000
IR_57676.jpg,2025-04-23 16:23:02,Machine,196.33837890625,103.668212890625,222.50625610351562,130.8734130859375,0.772941,0.512025,21.129332,22.012794
IR_57676.jpg,2025-04-23 16:23:02,Machine,119.110595703125,154.56983947753906,185.53848266601562,226.78111267089844,6.355384,0.560850,21.599178,24.900000
IR_57677.jpg,2025-04-23 16:23:32,Screen,339.9313049316406,276.065185546875,472.7538146972656,374.208740234375,11.487526,4.130023,21.477671,24.900000
IR_57677.jpg,2025-04-23 16:23:32,Cableduct,219.92425537109375,1.7222938537597656,315.36846923828125,51.89154815673828,11.172414,3.294720,20.877695,24.900000
IR_57677.jpg,2025-04-23 16:23:32,Cableduct,573.6851806640625,33.19184112548828,622.2999267578125,58.071144104003906,10.122561,5.165655,21.783558,24.900000
IR_57677.jpg,2025-04-23 16:23:32,Machine,480.1651916503906,135.43722534179688,561.7996826171875,218.25149536132812,4.477229,5.389380,21.282288,24.900000
IR_57677.jpg,2025-04-23 16:23:32,Screen,611.40283203125,277.299072265625,639.62060546875,371.6654052734375,11.018724,4.924280,20.841951,24.736292
IR_57677.jpg,2025-04-23 16:23:32,Machine,196.08285522460938,105.08554077148438,222.63540649414062,132.17306518554688,0.839886,0.518866,21.116024,22.042559
IR_57677.jpg,2025-04-23 16:23:32,Machine,111.30125427246094,170.60699462890625,144.95899963378906,274.46405029296875,6.664971,0.553629,22.457117,24.379112
IR_57677.jpg,2025-04-23 16:23:32,Cableduct,528.8734130859375,39.397438049316406,566.2032470703125,61.133567810058594,8.567261,4.869765,21.743929,24.855352
IR_57677.jpg,2025-04-23 16:23:32,Cableduct,321.32965087890625,15.614258766174316,356.58953857421875,41.766700744628906,7.274536,3.319718,21.505470,24.900000
IR_57677.jpg,2025-04-23 16:23:32,Cableduct,429.8830871582031,34.56385040283203,462.6012268066406,56.145896911621094,7.566542,4.540490,21.529360,24.900000
IR_57677.jpg,2025-04-23 16:23:32,Machine,118.59762573242188,155.02978515625,184.176025390625,225.46038818359375,6.405856,0.543040,21.622961,24.900000
IR_57678.jpg,2025-04-23 16:24:03,Person,221.655029296875,214.2523651123047,402.09765625,487.99505615234375,12.099356,3.280210,25.326923,32.200001
IR_57678.jpg,2025-04-23 16:24:03,Screen,345.9372253417969,279.3140869140625,472.8669738769531,374.234375,11.231289,4.140631,23.466484,32.200001
IR_57678.jpg,2025-04-23 16:24:03,Cableduct,216.228271484375,1.4193687438964844,315.841796875,50.08485412597656,11.801567,3.358318,21.675270,32.200001
IR_57678.jpg,2025-04-23 16:24:03,Machine,110.64208984375,173.875,146.07449340820312,272.0126037597656,6.488823,0.458382,23.965481,26.002611
IR_57678.jpg,2025-04-23 16:24:03,Cableduct,320.65655517578125,14.884434700012207,359.70697021484375,41.72116470336914,7.274798,3.351688,22.341705,32.200001
IR_57678.jpg,2025-04-23 16:24:03,Screen,613.2423095703125,271.68817138671875,639.6708984375,372.75457763671875,11.282236,4.825439,21.729235,27.585640
IR_57678.jpg,2025-04-23 16:24:03,Machine,479.35711669921875,134.76846313476562,563.0317993164062,218.18576049804688,4.507391,5.393633,22.390209,32.200001
IR_57678.jpg,2025-04-23 16:24:03,Cableduct,574.6392822265625,32.89588165283203,622.6995849609375,61.23310852050781,10.332751,5.199646,22.631670,32.200001
IR_57679.jpg,2025-04-23 16:24:32,Screen,340.44219970703125,275.77117919921875,473.09124755859375,372.52056884765625,11.476677,4.144751,21.478920,24.900000
IR_57679.jpg,2025-04-23 16:24:32,Cableduct,219.97352600097656,1.6760673522949219,315.571533203125,52.51289367675781,11.176502,3.301667,20.895708,24.900000
IR_57679.jpg,2025-04-23 16:24:32,Cableduct,577.18115234375,35.006858825683594,622.2279052734375,59.212501525878906,10.208035,5.187912,21.895027,24.900000
IR_57679.jpg,2025-04-23 16:24:32,Machine,110.66954040527344,171.12033081054688,145.47972106933594,275.3464050292969,6.668432,0.546791,22.420023,24.423759
IR_57679.jpg,2025-04-23 16:24:32,Screen,611.5272216796875,277.48095703125,639.6346435546875,371.369873046875,11.011224,4.929670,20.866224,24.751175
IR_57679.jpg,2025-04-23 16:24:32,Machine,480.40655517578125,135.20281982421875,562.3463745117188,218.47265625,4.495425,5.386577,21.305803,24.900000
IR_57679.jpg,2025-04-23 16:24:32,Cableduct,322.6922607421875,15.137107849121094,359.1937255859375,41.65159225463867,7.330769,3.352562,21.482956,24.900000
IR_57679.jpg,2025-04-23 16:24:32,Cableduct,529.250244140625,40.019195556640625,565.813232421875,61.40049743652344,8.548527,4.869074,21.833782,24.751175
IR_57679.jpg,2025-04-23 16:24:32,Cableduct,429.7696838378906,34.58622741699219,462.7087707519531,57.21014404296875,7.609648,4.551224,21.459332,24.900000
IR_57679.jpg,2025-04-23 16:24:32,Machine,196.61822509765625,104.53799438476562,224.33221435546875,131.35308837890625,0.876009,0.533190,21.129299,22.146736
IR_57679.jpg,2025-04-23 16:24:32,Machine,118.41229248046875,155.17807006835938,186.74658203125,226.63418579101562,6.501230,0.577504,21.623978,24.900000
IR_57680.jpg,2025-04-23 16:25:02,Screen,339.76800537109375,275.75787353515625,473.18402099609375,373.42926025390625,11.519382,4.140684,21.473883,24.900000
IR_57680.jpg,2025-04-23 16:25:02,Cableduct,220.81553649902344,1.7827949523925781,315.16552734375,51.660865783691406,11.029653,3.276519,20.902342,24.900000
IR_57680.jpg,2025-04-23 16:25:02,Cableduct,573.7345581054688,33.416481018066406,621.9486694335938,58.71013641357422,10.144133,5.170026,21.807348,24.900000
IR_57680.jpg,2025-04-23 16:25:02,Machine,479.51629638671875,134.93655395507812,561.8102416992188,217.65097045898438,4.478096,5.391913,21.320953,24.900000
IR_57680.jpg,2025-04-23 16:25:02,Machine,111.01836395263672,173.38583374023438,145.047607421875,274.3999938964844,6.576039,0.501751,22.474901,24.393995
IR_57680.jpg,2025-04-23 16:25:02,Screen,611.7449951171875,275.3593444824219,639.7691650390625,374.0393981933594,11.168851,4.864459,20.895620,24.706528
IR_57680.jpg,2025-04-23 16:25:02,Cableduct,322.4859619140625,15.581244468688965,358.6104736328125,41.575531005859375,7.277335,3.332466,21.501232,24.900000
IR_57680.jpg,2025-04-23 16:25:02,Cableduct,530.223388671875,39.73020935058594,565.63330078125,60.97864532470703,8.606983,4.877646,21.868948,24.780939
IR_57680.jpg,2025-04-23 16:25:02,Cableduct,430.47967529296875,34.96006774902344,462.91082763671875,56.18638610839844,7.550954,4.543416,21.526634,24.900000
IR_57680.jpg,2025-04-23 16:25:02,Machine,119.35440063476562,154.8856201171875,187.510986328125,226.89154052734375,6.439463,0.582841,21.626184,24.900000
IR_57680.jpg,2025-04-23 16:25:02,Machine,196.86856079101562,104.22099304199219,223.70150756835938,129.30618286132812,0.871359,0.530332,21.153023,22.012794
IR_57681.jpg,2025-04-23 16:25:32,Screen,340.0081787109375,275.6185302734375,473.5216064453125,374.75537109375,11.512072,4.132934,21.479141,24.900000
IR_57681.jpg,2025-04-23 16:25:32,Cableduct,219.87713623046875,1.6462249755859375,315.44598388671875,52.169986724853516,11.182121,3.299266,20.907829,24.900000
IR_57681.jpg,2025-04-23 16:25:32,Cableduct,575.5161743164062,34.964073181152344,622.1149291992188,59.906028747558594,10.165295,5.182041,21.824116,24.900000
IR_57681.jpg,2025-04-23 16:25:32,Machine,110.47926330566406,173.0814208984375,144.83926391601562,274.245849609375,6.571509,0.496664,22.468462,24.453526
IR_57681.jpg,2025-04-23 16:25:32,Machine,480.04949951171875,135.249755859375,562.6719360351562,218.9744873046875,4.500903,5.383149,21.316664,24.900000
IR_57681.jpg,2025-04-23 16:25:32,Screen,613.10888671875,273.8855895996094,639.803955078125,376.7162170410156,11.385345,4.789864,20.914688,24.736292
IR_57681.jpg,2025-04-23 16:25:32,Cableduct,322.1348876953125,15.079933166503906,359.1541748046875,42.183921813964844,7.348122,3.360076,21.487963,24.900000
IR_57681.jpg,2025-04-23 16:25:32,Cableduct,529.3291625976562,39.42688751220703,565.7844848632812,60.682472229003906,8.573815,4.870157,21.847658,24.855352
IR_57681.jpg,2025-04-23 16:25:32,Cableduct,429.60455322265625,34.094757080078125,461.4913330078125,56.32197570800781,7.676367,4.563678,21.570356,24.900000
IR_57681.jpg,2025-04-23 16:25:32,Machine,119.32231903076172,154.91323852539062,184.21551513671875,226.89898681640625,6.311023,0.545866,21.656321,24.900000
IR_57681.jpg,2025-04-23 16:25:32,Machine,196.2561798095703,103.41389465332031,225.2924041748047,130.9022979736328,0.895526,0.539632,21.132793,22.042559
IR_57682.jpg,2025-04-23 16:26:02,Screen,341.6856689453125,275.54241943359375,473.3223876953125,375.56805419921875,11.387056,4.124280,21.498547,24.900000
IR_57682.jpg,2025-04-23 16:26:02,Cableduct,219.2791748046875,1.4204559326171875,315.58416748046875,51.5030517578125,11.308023,3.314620,20.918779,24.900000
IR_57682.jpg,2025-04-23 16:26:02,Screen,612.00048828125,277.0658264160156,639.630859375,371.2190856933594,11.026716,4.923460,20.875473,24.751175
IR_57682.jpg,2025-04-23 16:26:02,Cableduct,576.6640625,34.546966552734375,622.0206298828125,60.38636016845703,10.282538,5.198895,21.860558,24.900000
IR_57682.jpg,2025-04-23 16:26:02,Machine,110.74948120117188,170.67584228515625,145.44619750976562,275.40240478515625,6.686823,0.556764,22.426899,24.423759
IR_57682.jpg,2025-04-23 16:26:02,Machine,480.3517761230469,134.9588623046875,562.455322265625,217.35693359375,4.480545,5.396681,21.342882,24.900000
IR_57682.jpg,2025-04-23 16:26:02,Cableduct,321.357666015625,15.663908958435059,358.81011962890625,41.25364685058594,7.199498,3.315430,21.517738,24.900000
IR_57682.jpg,2025-04-23 16:26:02,Cableduct,529.72412109375,40.24640655517578,565.38037109375,60.49451446533203,8.516759,4.863338,21.899345,24.855352
IR_57682.jpg,2025-04-23 16:26:02,Cableduct,430.2200927734375,35.12602233886719,462.8931884765625,56.424224853515625,7.533967,4.540186,21.621073,24.900000
IR_57682.jpg,2025-04-23 16:26:02,Machine,196.41445922851562,104.68238830566406,224.5692138671875,131.03785705566406,0.918668,0.538519,21.150928,22.102089
IR_57682.jpg,2025-04-23 16:26:02,Machine,119.50239562988281,153.831787109375,186.56227111816406,226.6328125,6.319292,0.569316,21.642637,24.900000
IR_57683.jpg,2025-04-23 16:26:33,Screen,340.8051452636719,276.16937255859375,473.3629455566406,375.49859619140625,11.465426,4.125124,21.496386,24.900000
IR_57683.jpg,2025-04-23 16:26:33,Cableduct,221.0391387939453,1.551116943359375,315.90350341796875,52.21338653564453,11.096424,3.301632,20.889044,24.900000
IR_57683.jpg,2025-04-23 16:26:33,Machine,110.64401245117188,171.4246826171875,145.1736297607422,274.3637390136719,6.614198,0.525179,22.420382,24.423759
IR_57683.jpg,2025-04-23 16:26:33,Cableduct,574.416748046875,33.75470733642578,621.059814453125,58.775238037109375,10.183928,5.178775,21.834967,24.900000
IR_57683.jpg,2025-04-23 16:26:33,Screen,613.055908203125,272.4721374511719,639.8101806640625,375.4095153808594,11.363877,4.795856,20.899006,24.706528
IR_57683.jpg,2025-04-23 16:26:33,Machine,480.5246276855469,134.83010864257812,563.457763671875,218.81900024414062,4.524738,5.386022,21.314903,24.900000
IR_57683.jpg,2025-04-23 16:26:33,Cableduct,530.3385620117188,39.71556091308594,565.6090698242188,61.16619873046875,8.623280,4.880564,21.817217,24.766058
IR_57683.jpg,2025-04-23 16:26:33,Cableduct,321.96075439453125,14.734898567199707,357.57952880859375,41.75559616088867,7.382375,3.357848,21.507952,24.900000
IR_57683.jpg,2025-04-23 16:26:33,Screen,612.2257690429688,253.24365234375,639.6448364257812,357.99652099609375,11.082243,4.881336,20.673166,24.900000
IR_57683.jpg,2025-04-23 16:26:33,Cableduct,430.2142333984375,34.93865203857422,462.3427734375,56.076133728027344,7.568492,4.547667,21.596064,24.900000
IR_57683.jpg,2025-04-23 16:26:33,Machine,119.72335815429688,153.95867919921875,187.30560302734375,227.302490234375,6.329001,0.579361,21.604061,24.900000
IR_57683.jpg,2025-04-23 16:26:33,Machine,196.80780029296875,104.49537658691406,223.56231689453125,130.0230255126953,0.863361,0.528454,21.131536,22.131853
IR_57684.jpg,2025-04-23 16:27:02,Screen,340.7972412109375,275.9837646484375,473.6824951171875,376.2840576171875,11.474781,4.122285,21.545809,25.000000
IR_57684.jpg,2025-04-23 16:27:02,Cableduct,219.92724609375,1.5217399597167969,314.05670166015625,50.36109924316406,11.026344,3.256513,20.957577,25.000000
IR_57684.jpg,2025-04-23 16:27:02,Cableduct,321.25018310546875,14.387474060058594,359.07525634765625,41.97637939453125,7.380064,3.371624,21.506474,25.000000
IR_57684.jpg,2025-04-23 16:27:02,Machine,480.12994384765625,134.96522521972656,563.1091918945312,217.57411193847656,4.490537,5.399544,21.365009,25.000000
IR_57684.jpg,2025-04-23 16:27:02,Screen,611.7294921875,275.8098449707031,639.694580078125,372.7779846191406,11.103599,4.888856,20.921406,24.878851
IR_57684.jpg,2025-04-23 16:27:02,Machine,111.28349304199219,170.55975341796875,145.4569854736328,275.1253662109375,6.685771,0.562571,22.496733,24.515404
IR_57684.jpg,2025-04-23 16:27:02,Cableduct,573.854248046875,33.183563232421875,622.825439453125,60.144432067871094,10.209813,5.179869,21.782200,25.000000
IR_57684.jpg,2025-04-23 16:27:02,Cableduct,528.6502685546875,40.15814208984375,564.6607666015625,61.48345947265625,8.531256,4.864617,21.878222,24.954569
IR_57684.jpg,2025-04-23 16:27:02,Screen,613.6575927734375,256.01470947265625,639.5201416015625,361.65167236328125,11.246767,4.850166,20.785242,25.000000
IR_57684.jpg,2025-04-23 16:27:02,Machine,196.5308837890625,103.29530334472656,224.22271728515625,130.3828125,0.834595,0.528258,21.175848,22.153002
IR_57684.jpg,2025-04-23 16:27:02,Machine,119.59048461914062,153.8249053955078,186.40985107421875,226.35911560058594,6.312168,0.566247,21.669027,25.000000
IR_57684.jpg,2025-04-23 16:27:02,Cableduct,429.7234802246094,34.240379333496094,462.8181457519531,57.63005828857422,7.653503,4.557642,21.534229,25.000000
IR_57685.jpg,2025-04-23 16:27:32,Screen,340.3463134765625,276.4031982421875,473.5450439453125,376.126708984375,11.510117,4.124502,21.484932,24.900000
IR_57685.jpg,2025-04-23 16:27:32,Cableduct,223.30343627929688,1.7683639526367188,315.1028747558594,50.801971435546875,10.717230,3.244867,20.897501,24.900000
IR_57685.jpg,2025-04-23 16:27:32,Machine,480.56072998046875,134.83596801757812,563.1321411132812,217.31259155273438,4.492216,5.399436,21.281193,24.900000
IR_57685.jpg,2025-04-23 16:27:32,Machine,111.0528793334961,171.35342407226562,145.30105590820312,274.3450622558594,6.619696,0.532039,22.404284,24.423759
IR_57685.jpg,2025-04-23 16:27:32,Cableduct,574.5249633789062,34.04524612426758,622.3169555664062,58.32905197143555,10.111659,5.168734,21.889238,24.900000
IR_57685.jpg,2025-04-23 16:27:32,Screen,612.4976806640625,274.6357421875,639.8037109375,376.6146240234375,11.333019,4.806621,20.895702,24.780939
IR_57685.jpg,2025-04-23 16:27:32,Cableduct,528.948974609375,39.968902587890625,565.28662109375,60.95735168457031,8.527226,4.863792,21.785728,24.855352
IR_57685.jpg,2025-04-23 16:27:32,Cableduct,322.2237548828125,15.197975158691406,357.8385009765625,41.6782341003418,7.330678,3.343395,21.508749,24.900000
IR_57685.jpg,2025-04-23 16:27:32,Cableduct,430.17388916015625,34.99748611450195,462.47418212890625,56.25783157348633,7.561837,4.546305,21.606789,24.900000
IR_57685.jpg,2025-04-23 16:27:32,Screen,611.993896484375,260.7012939453125,639.50244140625,356.253173828125,10.808571,4.980348,20.634872,24.900000
IR_57685.jpg,2025-04-23 16:27:32,Machine,118.46490478515625,154.20578002929688,187.29342651367188,228.41549682617188,6.414341,0.585964,21.578506,24.900000
IR_57685.jpg,2025-04-23 16:27:32,Machine,196.24172973632812,103.01446533203125,224.77798461914062,130.92715454101562,0.848589,0.531912,21.114786,22.027676
IR_57686.jpg,2025-04-23 16:28:02,Screen,339.6668701171875,275.9449462890625,473.971435546875,376.9703369140625,11.559283,4.123192,21.443083,24.900000
IR_57686.jpg,2025-04-23 16:28:02,Cableduct,216.24766540527344,1.7412109375,314.6204833984375,51.28263473510742,11.569218,3.314262,20.849354,24.900000
IR_57686.jpg,2025-04-23 16:28:02,Cableduct,576.420166015625,35.07631301879883,621.5908203125,59.19443893432617,10.175076,5.181972,21.919331,24.900000
IR_57686.jpg,2025-04-23 16:28:02,Screen,613.0006103515625,274.88763427734375,639.8956298828125,376.71551513671875,11.351141,4.804522,20.862595,24.900000
IR_57686.jpg,2025-04-23 16:28:02,Machine,111.22245788574219,170.91171264648438,145.5686492919922,275.11181640625,6.669940,0.554594,22.377165,24.385117
IR_57686.jpg,2025-04-23 16:28:02,Cableduct,322.68829345703125,14.509429931640625,359.25164794921875,41.927181243896484,7.418340,3.379742,21.421982,24.900000
IR_57686.jpg,2025-04-23 16:28:02,Cableduct,528.5634765625,39.63787078857422,566.231201171875,61.07366180419922,8.526440,4.863655,21.707891,24.854568
IR_57686.jpg,2025-04-23 16:28:02,Machine,480.0982666015625,133.79910278320312,562.517822265625,217.78311157226562,4.536381,5.381180,21.260311,24.900000
IR_57686.jpg,2025-04-23 16:28:02,Machine,120.00325775146484,153.73074340820312,187.04409790039062,228.3223876953125,6.259032,0.578738,21.545843,24.900000
IR_57687.jpg,2025-04-23 16:28:32,Screen,341.00274658203125,276.16046142578125,473.67095947265625,375.77154541015625,11.470257,4.126402,21.536785,24.900000
IR_57687.jpg,2025-04-23 16:28:32,Cableduct,218.79840087890625,1.6467208862304688,315.80194091796875,51.65131759643555,11.397451,3.323012,20.904659,24.900000
IR_57687.jpg,2025-04-23 16:28:32,Machine,480.39837646484375,135.19302368164062,563.2775268554688,217.91116333007812,4.490401,5.399683,21.328423,24.900000
IR_57687.jpg,2025-04-23 16:28:32,Cableduct,529.4890747070312,38.73584747314453,568.2811889648438,62.63623046875,8.690450,4.893036,21.696598,24.900000
IR_57687.jpg,2025-04-23 16:28:32,Cableduct,573.888916015625,33.29110336303711,622.4901123046875,58.57133865356445,10.143108,5.169690,21.840878,24.900000
IR_57687.jpg,2025-04-23 16:28:32,Screen,611.6783447265625,277.4541931152344,639.6624755859375,372.5704040527344,11.052353,4.910591,20.889650,24.691645
IR_57687.jpg,2025-04-23 16:28:32,Machine,110.27203369140625,173.18435668945312,145.31350708007812,276.1546630859375,6.655516,0.523108,22.419527,24.423759
IR_57687.jpg,2025-04-23 16:28:32,Cableduct,322.8694152832031,15.140205383300781,358.7517395019531,41.61932373046875,7.343540,3.352278,21.561226,24.900000
IR_57687.jpg,2025-04-23 16:28:32,Cableduct,429.4258117675781,34.09606170654297,462.9586486816406,56.85539245605469,7.593861,4.538952,21.586510,24.900000
IR_57687.jpg,2025-04-23 16:28:32,Machine,196.0735626220703,104.70927429199219,224.02256774902344,132.50619506835938,0.874110,0.529806,21.119757,22.042559
IR_57687.jpg,2025-04-23 16:28:32,Machine,120.25755310058594,153.364501953125,186.09767150878906,227.4840087890625,6.193444,0.563585,21.622593,24.900000
IR_57688.jpg,2025-04-23 16:29:02,Screen,335.8470458984375,274.9400634765625,473.49652099609375,376.9833984375,11.738641,4.120594,21.817385,26.900000
IR_57688.jpg,2025-04-23 16:29:02,Screen,610.2314453125,275.18780517578125,639.724853515625,374.9866943359375,11.146428,4.862066,21.104862,26.216450
IR_57688.jpg,2025-04-23 16:29:02,Machine,110.64935302734375,170.02886962890625,145.21771240234375,274.006591796875,6.630328,0.540793,22.829523,24.608093
IR_57688.jpg,2025-04-23 16:29:02,Cableduct,576.7285766601562,34.08910369873047,623.1987915039062,60.21453094482422,10.298891,5.202533,22.059391,26.900000
IR_57688.jpg,2025-04-23 16:29:02,Cableduct,212.92843627929688,1.5580253601074219,315.7889709472656,51.54836654663086,12.182945,3.393948,21.077288,26.900000
IR_57688.jpg,2025-04-23 16:29:02,Cableduct,527.7913818359375,40.00227737426758,565.6182861328125,62.69618606567383,8.541982,4.867995,22.085873,26.900000
IR_57688.jpg,2025-04-23 16:29:02,Cableduct,321.207275390625,14.183094024658203,360.8297119140625,43.21846008300781,7.446690,3.407492,21.617340,26.900000
IR_57688.jpg,2025-04-23 16:29:02,Person,337.32781982421875,153.87655639648438,437.1409912109375,280.12445068359375,6.166560,3.332024,22.787373,26.900000
IR_57688.jpg,2025-04-23 16:29:02,Machine,120.2540283203125,153.71673583984375,185.71453857421875,228.8402099609375,6.172647,0.564718,21.939783,26.900000
IR_57688.jpg,2025-04-23 16:29:02,Window,166.37649536132812,57.66699981689453,199.41854858398438,114.93306732177734,0.916133,0.525891,21.129017,26.900000
IR_57688.jpg,2025-04-23 16:29:02,Machine,478.85858154296875,133.6061553955078,562.0905151367188,218.8679962158203,4.555462,5.360208,21.609711,26.900000
IR_57688.jpg,2025-04-23 16:29:02,Screen,608.75927734375,236.33888244628906,639.922119140625,358.7823486328125,11.512139,4.874998,20.893391,26.900000
IR_57688.jpg,2025-04-23 16:29:02,Person,292.58203125,158.54818725585938,363.5804443359375,280.8570861816406,5.999992,2.678180,22.363178,26.900000
IR_57688.jpg,2025-04-23 16:29:02,Machine,480.37713623046875,102.55989837646484,579.6342163085938,202.57888793945312,6.250428,5.187615,21.542061,26.900000
IR_57689.jpg,2025-04-23 16:29:33,Screen,341.46575927734375,276.31500244140625,470.69598388671875,368.04766845703125,11.309202,4.153563,22.631210,27.900000
IR_57689.jpg,2025-04-23 16:29:33,Person,0.5829620361328125,132.47799682617188,95.52324676513672,397.2261047363281,9.740981,1.033090,22.887707,27.900000
IR_57689.jpg,2025-04-23 16:29:33,Machine,108.662353515625,170.72705078125,144.68214416503906,275.27105712890625,6.658367,0.523439,23.096956,27.900000
IR_57689.jpg,2025-04-23 16:29:33,Cableduct,321.3323974609375,16.934059143066406,358.0986328125,39.54405975341797,6.948586,3.234748,24.002073,27.900000
IR_57689.jpg,2025-04-23 16:29:33,Machine,480.0152893066406,132.08139038085938,563.1395263671875,213.54977416992188,4.536392,5.395283,23.241783,27.900000
IR_57689.jpg,2025-04-23 16:29:33,Cableduct,574.9481201171875,37.84966278076172,618.8223876953125,58.39678955078125,9.861507,5.131647,24.391163,27.900000
IR_57689.jpg,2025-04-23 16:29:33,Cableduct,530.3231201171875,38.811256408691406,568.647705078125,60.65038299560547,8.625097,4.881385,22.852617,27.900000
IR_57689.jpg,2025-04-23 16:29:33,Cableduct,431.54595947265625,35.918701171875,460.26080322265625,53.749481201171875,7.588393,4.572956,23.730402,27.900000
IR_57689.jpg,2025-04-23 16:29:33,Machine,482.46173095703125,109.52734375,578.7377319335938,205.71051025390625,5.827810,5.250296,22.986910,27.900000
IR_57689.jpg,2025-04-23 16:29:33,Cableduct,223.39866638183594,0.0,313.0272216796875,48.9666862487793,10.475925,3.220601,22.610340,27.900000
IR_57690.jpg,2025-04-23 16:30:02,Machine,108.13348388671875,168.3115234375,146.42164611816406,277.3404235839844,6.768116,0.578567,22.968779,27.799999
IR_57690.jpg,2025-04-23 16:30:02,Screen,339.40997314453125,277.40740966796875,470.26373291015625,369.65911865234375,11.439227,4.143052,22.675152,27.799999
IR_57690.jpg,2025-04-23 16:30:02,Cableduct,529.600341796875,40.081085205078125,567.5853271484375,60.133209228515625,8.467955,4.857447,23.316187,27.799999
IR_57690.jpg,2025-04-23 16:30:02,Cableduct,575.0820922851562,36.61454772949219,620.2274780273438,57.92518615722656,9.935665,5.145547,24.343035,27.799999
IR_57690.jpg,2025-04-23 16:30:02,Cableduct,321.6815185546875,15.221110343933105,356.630859375,40.38936233520508,7.248351,3.308975,24.143171,27.799999
IR_57690.jpg,2025-04-23 16:30:02,Screen,610.824462890625,250.75877380371094,639.727783203125,370.5279541015625,11.731890,4.774476,23.625835,27.799999
IR_57690.jpg,2025-04-23 16:30:02,Person,0.0,122.29655456542969,95.34017944335938,403.9642333984375,9.768832,1.032695,22.238827,27.799999
IR_57690.jpg,2025-04-23 16:30:02,Cableduct,247.88519287109375,0.0,297.64324951171875,11.460509300231934,5.162068,2.276918,23.178118,27.799999
IR_57690.jpg,2025-04-23 16:30:02,Machine,478.159912109375,130.40362548828125,566.40234375,212.52401733398438,4.661858,5.420208,22.941122,27.799999
IR_57690.jpg,2025-04-23 16:30:02,Machine,484.2373352050781,110.15374755859375,579.1513671875,201.64202880859375,5.762625,5.274266,22.536623,27.799999
IR_57690.jpg,2025-04-23 16:30:02,Cableduct,430.36968994140625,38.539886474609375,462.30438232421875,55.81450653076172,7.252789,4.515663,24.052261,27.799999
IR_57690.jpg,2025-04-23 16:30:02,Window,147.95681762695312,50.50439453125,195.26593017578125,119.30667114257812,1.488247,0.503829,24.511168,27.799999
IR_57691.jpg,2025-04-23 16:30:32,Machine,110.32661437988281,171.73635864257812,145.47056579589844,273.4231262207031,6.534783,0.494929,22.966408,27.200001
IR_57691.jpg,2025-04-23 16:30:32,Screen,338.69012451171875,276.84796142578125,470.68951416015625,370.79913330078125,11.485599,4.139087,22.355560,27.200001
IR_57691.jpg,2025-04-23 16:30:32,Person,3.15557861328125,134.60702514648438,98.14008331298828,390.2851257324219,9.611570,1.034563,22.403458,27.200001
IR_57691.jpg,2025-04-23 16:30:32,Cableduct,530.35595703125,39.02368927001953,568.11669921875,60.75690460205078,8.622038,4.881040,22.965845,27.200001
IR_57691.jpg,2025-04-23 16:30:32,Cableduct,576.114013671875,35.20863342285156,619.601318359375,58.703460693359375,10.159975,5.175766,23.674873,27.200001
IR_57691.jpg,2025-04-23 16:30:32,Screen,609.985107421875,249.863037109375,639.924560546875,364.7467041015625,11.412397,4.824378,22.579771,27.200001
IR_57691.jpg,2025-04-23 16:30:32,Cableduct,322.502197265625,17.319988250732422,358.753662109375,40.00192642211914,6.971085,3.240940,23.465952,27.200001
IR_57691.jpg,2025-04-23 16:30:32,Cableduct,430.82904052734375,36.49787902832031,459.94183349609375,54.21128845214844,7.540053,4.564958,23.627457,27.200001
IR_57691.jpg,2025-04-23 16:30:32,Machine,480.1982727050781,110.435302734375,579.226318359375,206.79510498046875,5.834619,5.297626,22.273373,27.200001
IR_57691.jpg,2025-04-23 16:30:32,Machine,478.8870849609375,129.89797973632812,569.891357421875,216.23355102539062,4.812824,5.406212,22.456194,27.200001
IR_57691.jpg,2025-04-23 16:30:32,Cableduct,239.41183471679688,0.0,300.1217346191406,12.142953872680664,6.724985,2.384308,23.056927,27.200001
IR_57691.jpg,2025-04-23 16:30:32,Window,159.5969696044922,50.22443389892578,194.63563537597656,115.2616195678711,1.338454,0.586098,23.528641,27.200001
IR_57692.jpg,2025-04-23 16:31:03,Person,309.3885498046875,278.96685791015625,478.30126953125,485.38763427734375,12.189927,3.907568,24.965248,29.000000
IR_57692.jpg,2025-04-23 16:31:03,Screen,343.26312255859375,278.57147216796875,472.6318359375,366.33966064453125,11.402523,4.191088,24.065434,29.000000
IR_57692.jpg,2025-04-23 16:31:03,Machine,110.69796752929688,170.24139404296875,146.2047119140625,273.8955078125,6.583404,0.527844,23.172562,24.982767
IR_57692.jpg,2025-04-23 16:31:03,Cableduct,217.42111206054688,1.0866508483886719,316.3683776855469,49.992889404296875,11.729764,3.366864,21.317108,29.000000
IR_57692.jpg,2025-04-23 16:31:03,Screen,610.966552734375,274.808349609375,639.6470947265625,372.80615234375,11.097930,4.884004,21.367792,28.053265
IR_57692.jpg,2025-04-23 16:31:03,Cableduct,573.8615112304688,33.10059356689453,623.6705932617188,60.67688751220703,10.217346,5.180844,22.207405,29.000000
IR_57692.jpg,2025-04-23 16:31:03,Cableduct,320.78521728515625,15.315361976623535,359.84613037109375,41.691131591796875,7.227027,3.339196,21.832027,29.000000
IR_57692.jpg,2025-04-23 16:31:03,Screen,610.652099609375,242.7852020263672,639.7425537109375,365.71368408203125,11.754898,4.812156,21.232656,29.000000
IR_57692.jpg,2025-04-23 16:31:03,Machine,478.1684875488281,133.82333374023438,562.09375,219.50253295898438,4.556383,5.354688,21.922203,29.000000
IR_57693.jpg,2025-04-23 16:31:32,Person,506.43896484375,270.37542724609375,639.9881591796875,481.35003662109375,11.547379,5.105980,23.560776,26.200001
IR_57693.jpg,2025-04-23 16:31:32,Screen,341.01171875,276.20037841796875,474.0616455078125,376.72332763671875,11.489450,4.123477,21.957354,26.200001
IR_57693.jpg,2025-04-23 16:31:32,Cableduct,213.25936889648438,1.8080863952636719,313.8590393066406,51.43327331542969,11.846164,3.324663,21.038544,26.200001
IR_57693.jpg,2025-04-23 16:31:32,Cableduct,576.48095703125,34.26959991455078,623.202392578125,59.006813049316406,10.214682,5.189225,22.033102,26.200001
IR_57693.jpg,2025-04-23 16:31:32,Cableduct,528.7557373046875,39.87714767456055,566.1732177734375,61.536006927490234,8.536706,4.866883,21.984995,26.145170
IR_57693.jpg,2025-04-23 16:31:32,Machine,111.02165985107422,169.82635498046875,145.45343017578125,274.98004150390625,6.691660,0.567198,22.638302,25.615143
IR_57693.jpg,2025-04-23 16:31:32,Cableduct,322.9176025390625,15.741780281066895,359.9666748046875,41.578914642333984,7.252422,3.334298,21.641623,26.200001
IR_57693.jpg,2025-04-23 16:31:32,Machine,481.41351318359375,105.16771697998047,579.4155883789062,203.31134033203125,6.084610,5.207842,21.482038,26.200001
IR_57693.jpg,2025-04-23 16:31:32,Machine,221.52127075195312,142.852783203125,250.7308349609375,181.98086547851562,2.165905,0.979800,21.184261,22.069452
IR_57693.jpg,2025-04-23 16:31:32,Machine,478.541748046875,132.85507202148438,563.3759765625,218.51394653320312,4.594679,5.369885,21.583187,26.200001
IR_57694.jpg,2025-04-23 16:32:02,Screen,339.8570556640625,276.6761474609375,475.4910888671875,375.7335205078125,11.675395,4.153902,22.397144,28.299999
IR_57694.jpg,2025-04-23 16:32:02,Person,2.3921432495117188,153.0359344482422,100.16593933105469,418.75372314453125,10.365746,1.077786,23.737995,28.299999
IR_57694.jpg,2025-04-23 16:32:02,Machine,106.8800048828125,168.65032958984375,147.02743530273438,276.8562927246094,6.690098,0.540800,23.088459,28.299999
IR_57694.jpg,2025-04-23 16:32:02,Machine,479.9244079589844,134.05023193359375,561.3118896484375,218.40713500976562,4.534868,5.361800,21.896080,28.299999
IR_57694.jpg,2025-04-23 16:32:02,Screen,610.9269409179688,274.99053955078125,639.6777954101562,371.933349609375,11.052658,4.901527,21.328991,28.299999
IR_57694.jpg,2025-04-23 16:32:02,Cableduct,214.59197998046875,1.5505790710449219,316.69989013671875,51.25172424316406,12.109553,3.402804,21.290712,28.299999
IR_57694.jpg,2025-04-23 16:32:02,Machine,483.2965087890625,105.87380981445312,577.1650390625,201.76678466796875,5.943970,5.169164,21.830194,28.299999
IR_57694.jpg,2025-04-23 16:32:02,Machine,114.13580322265625,145.9232940673828,187.18609619140625,230.2895050048828,6.258185,0.578560,22.064627,28.299999
IR_57695.jpg,2025-04-23 16:32:32,Person,526.604736328125,317.28076171875,640.0,484.5299072265625,11.778898,5.186910,24.236240,28.700001
IR_57695.jpg,2025-04-23 16:32:32,Screen,343.8055419921875,276.27655029296875,474.1890869140625,373.47381591796875,11.345975,4.151645,22.464788,28.700001
IR_57695.jpg,2025-04-23 16:32:32,Machine,110.29747009277344,170.23995971679688,145.8776092529297,274.6138000488281,6.627520,0.537333,23.144270,25.177807
IR_57695.jpg,2025-04-23 16:32:32,Cableduct,216.7918243408203,1.1847381591796875,317.25091552734375,51.01860046386719,11.912297,3.400709,21.228706,28.700001
IR_57695.jpg,2025-04-23 16:32:32,Cableduct,321.39892578125,14.536208152770996,359.968994140625,42.395408630371094,7.378854,3.378464,21.791039,28.700001
IR_57695.jpg,2025-04-23 16:32:32,Cableduct,572.9180908203125,33.00676727294922,623.5614013671875,60.48082733154297,10.162788,5.170155,22.178596,28.700001
IR_57695.jpg,2025-04-23 16:32:32,Machine,197.185302734375,102.33784484863281,224.19287109375,129.68443298339844,0.754905,0.522073,21.643400,22.821409
IR_57695.jpg,2025-04-23 16:32:32,Machine,478.65191650390625,133.21563720703125,563.0397338867188,219.25592041015625,4.587872,5.358145,21.940798,28.700001
IR_57695.jpg,2025-04-23 16:32:32,Machine,193.610595703125,95.8013916015625,227.22955322265625,134.12216186523438,0.669991,0.507353,21.491587,22.821409
IR_57695.jpg,2025-04-23 16:32:32,Machine,116.35674285888672,147.93646240234375,185.6640625,228.226806640625,6.120418,0.556027,22.103472,28.700001
IR_57695.jpg,2025-04-23 16:32:32,Cableduct,71.78172302246094,0.9503169059753418,98.26210021972656,15.258113861083984,2.359220,0.341245,21.475616,22.052481
IR_57696.jpg,2025-04-23 16:33:02,Person,526.585205078125,319.86328125,640.0,485.3309326171875,11.803519,5.187393,25.003016,30.100000
IR_57696.jpg,2025-04-23 16:33:02,Screen,343.8084716796875,276.0698547363281,474.190673828125,372.3302307128906,11.345874,4.159485,22.889288,30.100000
IR_57696.jpg,2025-04-23 16:33:02,Machine,110.28382873535156,169.98287963867188,146.48948669433594,275.1701965332031,6.643987,0.546810,23.610437,25.631853
IR_57696.jpg,2025-04-23 16:33:02,Cableduct,215.97964477539062,1.2209854125976562,317.0083923339844,51.08635711669922,11.981035,3.402092,21.509151,30.100000
IR_57696.jpg,2025-04-23 16:33:02,Cableduct,574.2533569335938,32.912620544433594,623.6942749023438,61.463478088378906,10.290749,5.192468,22.471670,30.100000
IR_57696.jpg,2025-04-23 16:33:02,Cableduct,321.0609130859375,14.978557586669922,359.9566650390625,42.072898864746094,7.296473,3.357220,22.130980,30.100000
IR_57696.jpg,2025-04-23 16:33:02,Machine,195.98146057128906,98.1241455078125,226.8928680419922,131.23585510253906,0.696420,0.526206,21.943913,23.468929
IR_57696.jpg,2025-04-23 16:33:02,Machine,115.79725646972656,148.82879638671875,185.0383758544922,228.14553833007812,6.178031,0.551291,22.504641,30.100000
IR_57697.jpg,2025-04-23 16:33:32,Screen,343.3367919921875,276.38470458984375,473.2476806640625,373.00091552734375,11.323349,4.145463,22.298119,27.299999
IR_57697.jpg,2025-04-23 16:33:32,Cableduct,575.70458984375,32.494964599609375,624.1663818359375,60.820533752441406,10.372629,5.206394,22.113214,27.299999
IR_57697.jpg,2025-04-23 16:33:32,Cableduct,211.85052490234375,1.7245063781738281,315.5408935546875,50.8505859375,12.310262,3.395525,21.229139,27.299999
IR_57697.jpg,2025-04-23 16:33:32,Person,564.2755126953125,320.55938720703125,640.0,484.2686767578125,11.637471,5.319157,23.814068,27.299999
IR_57697.jpg,2025-04-23 16:33:32,Machine,110.80776977539062,170.23434448242188,145.16744995117188,274.6260070800781,6.665716,0.552455,23.023729,24.740992
IR_57697.jpg,2025-04-23 16:33:32,Cableduct,322.71417236328125,14.935501098632812,360.45318603515625,42.89427185058594,7.408609,3.387674,21.809681,27.299999
IR_57697.jpg,2025-04-23 16:33:32,Cableduct,527.2821044921875,39.26590347290039,565.0089111328125,61.73025894165039,8.550496,4.864105,22.244370,26.644386
IR_57697.jpg,2025-04-23 16:33:32,Machine,481.36138916015625,104.00077056884766,578.5110473632812,201.94082641601562,6.116233,5.184710,21.771936,27.299999
IR_57697.jpg,2025-04-23 16:33:32,Machine,120.83465576171875,153.83966064453125,186.26718139648438,229.10986328125,6.157241,0.569718,22.085215,27.299999
IR_57697.jpg,2025-04-23 16:33:32,Machine,479.69732666015625,133.92620849609375,562.9130249023438,217.526611328125,4.528577,5.388325,21.845757,27.299999
IR_57698.jpg,2025-04-23 16:34:02,Screen,342.10272216796875,276.2225341796875,472.26666259765625,372.40899658203125,11.337490,4.138305,22.337364,27.700001
IR_57698.jpg,2025-04-23 16:34:02,Person,566.7639770507812,320.97076416015625,640.0,483.283203125,11.616248,5.327700,23.946091,27.700001
IR_57698.jpg,2025-04-23 16:34:02,Cableduct,575.0032348632812,32.856689453125,623.7102661132812,60.79877471923828,10.311202,5.196791,22.156694,27.700001
IR_57698.jpg,2025-04-23 16:34:02,Cableduct,322.20111083984375,15.177810668945312,360.04669189453125,42.31548309326172,7.331724,3.362185,21.793781,27.700001
IR_57698.jpg,2025-04-23 16:34:02,Cableduct,214.9696044921875,1.7943038940429688,312.4228515625,53.39459991455078,11.334291,3.260396,21.216419,27.700001
IR_57698.jpg,2025-04-23 16:34:02,Machine,110.5015869140625,170.5665283203125,145.25042724609375,273.4232177734375,6.577593,0.518060,23.092941,24.925848
IR_57698.jpg,2025-04-23 16:34:02,Cableduct,530.1756591796875,38.517669677734375,566.8482666015625,62.50465393066406,8.765032,4.902761,22.255058,27.633421
IR_57698.jpg,2025-04-23 16:34:02,Machine,120.2421875,153.02297973632812,187.30148315429688,228.4840087890625,6.201164,0.577994,22.112497,27.700001
IR_57698.jpg,2025-04-23 16:34:02,Machine,482.3422546386719,105.6082763671875,578.654052734375,201.9498291015625,6.015975,5.199546,21.800167,27.700001
IR_57698.jpg,2025-04-23 16:34:02,Machine,222.46775817871094,144.13868713378906,251.1154022216797,181.00477600097656,2.230942,0.990936,21.398531,22.440208
IR_57698.jpg,2025-04-23 16:34:02,Machine,479.96258544921875,134.058837890625,563.1574096679688,217.55267333984375,4.526986,5.390474,21.883135,27.700001
IR_57698.jpg,2025-04-23 16:34:02,Screen,615.9503784179688,244.70742797851562,639.6145629882812,334.2298278808594,10.474419,5.131337,21.489695,27.700001
IR_57698.jpg,2025-04-23 16:34:02,Machine,195.31192016601562,101.21206665039062,226.00161743164062,132.7015380859375,0.814961,0.532400,21.579224,22.817493
IR_57699.jpg,2025-04-23 16:34:32,Person,0.1316070556640625,133.306884765625,94.30857849121094,401.430419921875,9.833856,1.034691,22.690741,28.500000
IR_57699.jpg,2025-04-23 16:34:32,Machine,107.36404418945312,169.102294921875,145.62677001953125,277.78814697265625,6.783678,0.567469,23.146614,28.500000
IR_57699.jpg,2025-04-23 16:34:32,Screen,344.01544189453125,278.0038146972656,471.99432373046875,365.5694885253906,11.302108,4.190058,22.875702,28.500000
IR_57699.jpg,2025-04-23 16:34:32,Cableduct,530.091552734375,39.62470245361328,568.6165771484375,60.99608612060547,8.555569,4.873174,23.384615,28.500000
IR_57699.jpg,2025-04-23 16:34:32,Cableduct,576.4961547851562,35.27113723754883,620.0206909179688,57.19668197631836,10.095959,5.165698,24.604950,28.500000
IR_57699.jpg,2025-04-23 16:34:32,Screen,610.1934814453125,258.882568359375,639.8883056640625,371.8607177734375,11.472171,4.773215,24.085587,28.500000
IR_57699.jpg,2025-04-23 16:34:32,Cableduct,322.19256591796875,16.991676330566406,357.20361328125,39.956825256347656,7.020123,3.240327,24.237293,28.500000
IR_57699.jpg,2025-04-23 16:34:32,Machine,478.3937072753906,132.45556640625,565.7738037109375,217.87591552734375,4.643977,5.388222,23.324343,28.500000
IR_57699.jpg,2025-04-23 16:34:32,Cableduct,239.54750061035156,0.0,300.6629638671875,12.4305419921875,6.793373,2.400697,23.502077,28.500000
IR_57699.jpg,2025-04-23 16:34:32,Screen,605.8271484375,245.47315979003906,640.0,358.1697998046875,10.993620,4.872245,24.088465,28.500000
IR_57699.jpg,2025-04-23 16:34:32,Machine,482.71026611328125,110.73027038574219,580.9325561523438,206.77015686035156,5.843236,5.299241,22.886982,28.500000
IR_57700.jpg,2025-04-23 16:35:02,Person,0.48792266845703125,146.31163024902344,95.6384048461914,401.2030029296875,9.971140,1.044834,22.802429,27.500000
IR_57700.jpg,2025-04-23 16:35:02,Cableduct,322.7543029785156,15.494490623474121,357.9889831542969,41.051048278808594,7.277029,3.325803,23.487467,27.500000
IR_57700.jpg,2025-04-23 16:35:02,Screen,345.5350341796875,277.96429443359375,472.4139404296875,368.91851806640625,11.214524,4.171571,22.717392,27.500000
IR_57700.jpg,2025-04-23 16:35:02,Machine,107.96408081054688,169.13125610351562,145.11785888671875,274.1363830566406,6.605147,0.511948,22.946745,27.500000
IR_57700.jpg,2025-04-23 16:35:02,Machine,476.46551513671875,131.11587524414062,563.6066284179688,217.39254760742188,4.658017,5.363915,23.047226,27.500000
IR_57700.jpg,2025-04-23 16:35:02,Cableduct,575.6031494140625,38.05320739746094,620.7198486328125,58.980804443359375,9.865906,5.131429,23.791695,27.500000
IR_57700.jpg,2025-04-23 16:35:02,Cableduct,221.48483276367188,1.0494613647460938,313.7539978027344,47.713768005371094,10.867099,3.236098,22.579254,27.500000
IR_57700.jpg,2025-04-23 16:35:02,Cableduct,529.551025390625,39.1104736328125,572.8564453125,62.08033752441406,8.523218,4.867729,22.551510,27.500000
IR_57700.jpg,2025-04-23 16:35:02,Cableduct,430.94952392578125,36.61621856689453,461.08697509765625,54.14848327636719,7.451223,4.545221,23.372780,27.500000
IR_57700.jpg,2025-04-23 16:35:02,Screen,611.02490234375,275.59130859375,639.709228515625,372.35223388671875,11.058388,4.901173,24.542702,27.500000
IR_57700.jpg,2025-04-23 16:35:02,Window,146.7006072998047,52.784820556640625,197.12672424316406,117.24729919433594,1.540338,0.472110,22.826586,27.500000
IR_57700.jpg,2025-04-23 16:35:02,Screen,598.0299682617188,239.0076446533203,640.0,360.74420166015625,10.874180,4.795332,23.379242,27.500000
IR_57700.jpg,2025-04-23 16:35:02,Cableduct,235.09454345703125,0.0,290.9967041015625,29.499271392822266,5.357172,2.281583,22.659306,27.500000
IR_57701.jpg,2025-04-23 16:35:33,Screen,344.3597717285156,276.23248291015625,474.3889465332031,371.05670166015625,11.336941,4.171501,23.068975,30.000000
IR_57701.jpg,2025-04-23 16:35:33,Machine,111.08004760742188,171.14129638671875,145.2637939453125,273.5355224609375,6.580949,0.520814,23.740456,25.544647
IR_57701.jpg,2025-04-23 16:35:33,Cableduct,213.68008422851562,1.2764663696289062,316.0765075683594,51.674049377441406,12.125727,3.399372,21.582417,30.000000
IR_57701.jpg,2025-04-23 16:35:33,Screen,613.123779296875,277.2951965332031,639.670166015625,370.4570007324219,11.035448,4.927786,21.695560,29.097651
IR_57701.jpg,2025-04-23 16:35:33,Cableduct,320.2945251464844,14.339356422424316,360.9841613769531,43.02429962158203,7.380144,3.397293,22.124933,30.000000
IR_57701.jpg,2025-04-23 16:35:33,Machine,118.2398681640625,154.331787109375,186.123046875,227.6429443359375,6.404330,0.573803,22.649784,30.000000
IR_57701.jpg,2025-04-23 16:35:33,Cableduct,71.21482849121094,0.4927940368652344,97.27195739746094,14.830810546875,2.353348,0.341519,21.970896,22.612011
IR_57701.jpg,2025-04-23 16:35:33,Cableduct,575.181396484375,33.201141357421875,623.701904296875,60.572410583496094,10.283043,5.193972,22.679281,30.000000
IR_57701.jpg,2025-04-23 16:35:33,Cableduct,66.15824890136719,0.0,103.8001708984375,11.645492553710938,3.276043,0.345938,21.924055,22.612011
IR_57701.jpg,2025-04-23 16:35:33,Machine,480.40594482421875,132.2796630859375,562.0066528320312,219.598388671875,4.642266,5.317395,22.345192,30.000000
IR_57702.jpg,2025-04-23 16:36:02,Screen,339.93157958984375,274.0359191894531,474.24688720703125,375.8705749511719,11.501275,4.126613,21.770170,25.799999
IR_57702.jpg,2025-04-23 16:36:02,Machine,111.20162963867188,170.36572265625,144.84091186523438,273.717041015625,6.630677,0.542537,22.649452,25.265797
IR_57702.jpg,2025-04-23 16:36:02,Cableduct,215.20559692382812,1.5536308288574219,315.6083679199219,53.367340087890625,11.790964,3.362149,20.989092,25.799999
IR_57702.jpg,2025-04-23 16:36:02,Cableduct,577.2611083984375,34.276710510253906,622.7440185546875,60.307716369628906,10.319821,5.205186,22.011541,25.799999
IR_57702.jpg,2025-04-23 16:36:02,Person,361.72857666015625,159.44039916992188,446.3262939453125,288.4101257324219,6.381152,3.556223,22.504562,25.799999
IR_57702.jpg,2025-04-23 16:36:02,Screen,612.5394897460938,276.56024169921875,639.8242797851562,375.79400634765625,11.247573,4.842139,21.022495,25.489817
IR_57702.jpg,2025-04-23 16:36:02,Cableduct,527.69580078125,38.68781280517578,569.50927734375,63.95647430419922,8.625497,4.879879,21.781481,25.748302
IR_57702.jpg,2025-04-23 16:36:02,Cableduct,322.6750793457031,15.6041259765625,358.8564758300781,43.11510467529297,7.372697,3.364729,21.562346,25.799999
IR_57702.jpg,2025-04-23 16:36:02,Machine,479.5460205078125,135.76611328125,562.4752197265625,219.3961181640625,4.484303,5.383055,21.428349,25.799999
IR_57702.jpg,2025-04-23 16:36:02,Person,372.893798828125,150.74014282226562,430.49688720703125,223.37411499023438,4.585876,3.252406,23.301365,25.799999
IR_57702.jpg,2025-04-23 16:36:02,Machine,481.5648498535156,103.51856994628906,580.9556884765625,201.9707489013672,6.218357,5.210845,21.370457,25.799999
IR_57702.jpg,2025-04-23 16:36:02,Machine,81.21438598632812,146.615478515625,120.87228393554688,190.2587890625,7.338302,0.374105,21.214693,25.799999
IR_57703.jpg,2025-04-23 16:36:32,Screen,340.75177001953125,275.77947998046875,473.40057373046875,371.84442138671875,11.480879,4.152960,22.292702,27.600000
IR_57703.jpg,2025-04-23 16:36:32,Machine,111.23614501953125,170.14273071289062,145.83865356445312,274.8536682128906,6.666623,0.560166,23.046391,24.748825
IR_57703.jpg,2025-04-23 16:36:32,Cableduct,574.5078125,32.21295928955078,623.90625,61.71839141845703,10.370808,5.202911,22.039375,27.600000
IR_57703.jpg,2025-04-23 16:36:32,Screen,611.1453857421875,269.39239501953125,639.7225341796875,373.32965087890625,11.271019,4.813177,21.212049,26.854307
IR_57703.jpg,2025-04-23 16:36:32,Person,267.08685302734375,158.44332885742188,373.3941650390625,349.47601318359375,8.239537,2.848686,22.920547,27.600000
IR_57703.jpg,2025-04-23 16:36:32,Cableduct,214.5885009765625,1.3672904968261719,316.57037353515625,51.74717712402344,12.076050,3.402431,21.170053,27.600000
IR_57703.jpg,2025-04-23 16:36:32,Person,297.9710693359375,155.152587890625,394.90667724609375,350.48199462890625,8.131501,3.122525,23.396612,27.600000
IR_57703.jpg,2025-04-23 16:36:32,Machine,118.8742446899414,154.14944458007812,187.06265258789062,228.32357788085938,6.371330,0.583190,22.042336,27.600000
IR_57704.jpg,2025-04-23 16:37:02,Screen,347.3790283203125,278.13275146484375,472.4840087890625,371.61212158203125,11.096988,4.154931,22.526901,28.900000
IR_57704.jpg,2025-04-23 16:37:02,Machine,110.48965454101562,170.45291137695312,145.5672607421875,274.9480895996094,6.656527,0.546182,23.268896,25.151697
IR_57704.jpg,2025-04-23 16:37:02,Screen,611.5302734375,274.4110412597656,639.70947265625,374.6925354003906,11.214199,4.843843,21.419044,28.089556
IR_57704.jpg,2025-04-23 16:37:02,Cableduct,574.05712890625,32.332191467285156,624.5040283203125,62.759613037109375,10.362638,5.201376,22.160334,28.900000
IR_57704.jpg,2025-04-23 16:37:02,Window,363.7816162109375,0.3302497863769531,406.8179931640625,33.08245849609375,8.726545,4.010283,21.864653,22.922977
IR_57704.jpg,2025-04-23 16:37:02,Machine,479.7440185546875,132.0477294921875,562.4512939453125,219.74163818359375,4.647184,5.320153,21.960464,28.900000
IR_57704.jpg,2025-04-23 16:37:02,Cableduct,220.68191528320312,0.8020439147949219,317.1791076660156,50.22596740722656,11.413864,3.359024,21.355553,28.900000
IR_57704.jpg,2025-04-23 16:37:02,Person,346.154296875,151.29794311523438,426.4244384765625,289.6837463378906,6.268116,3.343971,24.787565,28.900000
IR_57704.jpg,2025-04-23 16:37:02,Screen,610.7669677734375,249.20654296875,639.7666015625,364.416259765625,11.467702,4.826699,21.229122,28.900000
IR_57704.jpg,2025-04-23 16:37:02,Window,370.6346130371094,0.29386138916015625,420.3163146972656,33.73291778564453,8.622504,4.084320,21.957170,22.922977
IR_57704.jpg,2025-04-23 16:37:02,Machine,481.79248046875,105.22122192382812,577.8988037109375,203.09201049804688,6.029524,5.181839,21.900352,28.900000
IR_57705.jpg,2025-04-23 16:37:32,Person,529.51513671875,263.8438720703125,639.6083984375,482.6083984375,11.418851,5.185770,24.379940,30.400000
IR_57705.jpg,2025-04-23 16:37:32,Cableduct,216.2082061767578,1.3450355529785156,314.17156982421875,50.56332778930664,11.535279,3.307699,21.751173,30.400000
IR_57705.jpg,2025-04-23 16:37:32,Screen,344.3996276855469,276.430419921875,474.3541564941406,374.2589111328125,11.319722,4.148660,22.863962,30.400000
IR_57705.jpg,2025-04-23 16:37:32,Machine,111.27564239501953,170.661376953125,145.6568603515625,271.9461364746094,6.492906,0.498406,23.720842,25.545692
IR_57705.jpg,2025-04-23 16:37:32,Cableduct,574.5333251953125,32.051551818847656,624.3399658203125,61.00892639160156,10.343025,5.197936,22.631960,30.400000
IR_57705.jpg,2025-04-23 16:37:32,Cableduct,322.4562683105469,15.241268157958984,361.0323181152344,42.40019989013672,7.322387,3.366463,22.319113,30.400000
IR_57705.jpg,2025-04-23 16:37:32,Machine,118.9677505493164,153.90011596679688,187.26614379882812,228.72207641601562,6.348887,0.584095,22.695990,30.400000
IR_57705.jpg,2025-04-23 16:37:32,Cableduct,527.440185546875,38.53019714355469,566.838623046875,63.402618408203125,8.670346,4.885998,22.838285,27.358747
IR_57705.jpg,2025-04-23 16:37:32,Machine,480.5218505859375,103.89466094970703,578.2745361328125,202.81109619140625,6.129776,5.185360,22.416824,30.400000
IR_57705.jpg,2025-04-23 16:37:32,Machine,197.59130859375,103.5662841796875,225.680419921875,131.14964294433594,0.824442,0.537359,22.259508,23.323238
IR_57706.jpg,2025-04-23 16:38:02,Screen,343.186279296875,276.2028503417969,473.4571533203125,375.3594665527344,11.325464,4.130132,22.009161,26.100000
IR_57706.jpg,2025-04-23 16:38:02,Cableduct,219.70750427246094,1.8027076721191406,314.7928466796875,51.509151458740234,11.125614,3.277531,21.194469,26.100000
IR_57706.jpg,2025-04-23 16:38:02,Cableduct,576.2481689453125,34.12165069580078,622.5106201171875,59.35399627685547,10.244834,5.192471,22.273190,26.100000
IR_57706.jpg,2025-04-23 16:38:02,Cableduct,528.6382446289062,39.96612548828125,565.9780883789062,61.69664001464844,8.533842,4.866550,22.108253,25.739687
IR_57706.jpg,2025-04-23 16:38:02,Machine,111.0871353149414,170.16229248046875,145.17025756835938,274.201171875,6.649498,0.550356,22.783861,25.541513
IR_57706.jpg,2025-04-23 16:38:02,Cableduct,322.14837646484375,14.934948921203613,358.04559326171875,41.76865768432617,7.359565,3.354087,21.826550,26.100000
IR_57706.jpg,2025-04-23 16:38:02,Cableduct,430.04620361328125,35.396705627441406,461.88970947265625,55.862586975097656,7.536000,4.545423,22.175936,26.100000
IR_57706.jpg,2025-04-23 16:38:02,Screen,610.7960815429688,271.375732421875,639.7732543945312,378.1396484375,11.408924,4.761696,21.249401,25.613577
IR_57706.jpg,2025-04-23 16:38:02,Machine,479.6141357421875,133.365478515625,561.81103515625,218.46395874023438,4.561953,5.357625,21.712528,26.100000
IR_57706.jpg,2025-04-23 16:38:02,Person,559.6136474609375,226.72943115234375,640.0,480.85137939453125,10.974890,5.276758,21.915092,26.100000
IR_57706.jpg,2025-04-23 16:38:02,Window,166.00405883789062,53.81730270385742,195.70223999023438,117.50389099121094,1.424897,0.616666,21.101658,26.100000
IR_57706.jpg,2025-04-23 16:38:02,Machine,220.54925537109375,147.19454956054688,250.56317138671875,183.98098754882812,2.508255,0.975538,21.245775,22.118538
IR_57706.jpg,2025-04-23 16:38:02,Machine,197.65316772460938,104.09576416015625,221.89608764648438,126.514892578125,0.812730,0.518296,21.482538,22.424805
IR_57707.jpg,2025-04-23 16:38:32,Screen,341.88775634765625,275.9096374511719,473.80230712890625,376.1146545410156,11.413080,4.125926,22.026207,26.400000
IR_57707.jpg,2025-04-23 16:38:32,Cableduct,322.63525390625,14.971257209777832,359.226318359375,42.672794342041016,7.409664,3.378222,21.739189,26.400000
IR_57707.jpg,2025-04-23 16:38:32,Cableduct,527.908203125,39.615806579589844,564.959228515625,62.416725158691406,8.582466,4.871975,22.057690,25.817232
IR_57707.jpg,2025-04-23 16:38:32,Machine,111.169677734375,170.15530395507812,145.19515991210938,274.60931396484375,6.674101,0.559493,22.854092,25.798433
IR_57707.jpg,2025-04-23 16:38:32,Cableduct,220.5446319580078,1.7445144653320312,314.71197509765625,50.74591827392578,11.027937,3.265779,21.170805,26.400000
IR_57707.jpg,2025-04-23 16:38:32,Cableduct,576.5892944335938,34.4171142578125,622.9204711914062,59.52006530761719,10.235118,5.192484,22.150406,26.400000
IR_57707.jpg,2025-04-23 16:38:32,Screen,612.572509765625,255.44781494140625,639.545654296875,353.28839111328125,10.845551,4.963721,20.924452,24.501305
IR_57707.jpg,2025-04-23 16:38:32,Person,560.6843872070312,226.67483520507812,640.0,482.5209045410156,10.994267,5.280263,22.016327,26.400000
IR_57707.jpg,2025-04-23 16:38:32,Screen,611.3905639648438,272.52606201171875,639.6996459960938,377.74395751953125,11.390347,4.773410,21.310125,25.666842
IR_57707.jpg,2025-04-23 16:38:32,Machine,479.22113037109375,133.5738525390625,563.4055786132812,218.8653564453125,4.571914,5.371987,21.731907,26.400000
IR_57707.jpg,2025-04-23 16:38:32,Person,573.2821044921875,323.34722900390625,639.6517333984375,484.43438720703125,11.616905,5.349776,22.900902,26.400000
IR_57707.jpg,2025-04-23 16:38:32,Machine,481.63214111328125,106.08956909179688,580.1914672851562,203.76992797851562,6.055138,5.228696,21.626511,26.400000
IR_57707.jpg,2025-04-23 16:38:32,Cableduct,429.5512390136719,34.35480499267578,462.6144714355469,56.638206481933594,7.590409,4.542572,21.981787,26.400000
IR_57708.jpg,2025-04-23 16:39:02,Screen,342.9234619140625,276.02227783203125,474.23876953125,375.56976318359375,11.382777,4.135581,21.830873,25.400000
IR_57708.jpg,2025-04-23 16:39:02,Cableduct,220.84320068359375,1.612884521484375,315.91839599609375,51.649505615234375,11.142915,3.303011,21.016073,25.400000
IR_57708.jpg,2025-04-23 16:39:02,Cableduct,574.174072265625,34.010719299316406,621.6123046875,58.34314727783203,10.113428,5.168202,22.072842,25.400000
IR_57708.jpg,2025-04-23 16:39:02,Cableduct,430.12115478515625,34.81920623779297,462.56292724609375,56.65178680419922,7.590322,4.550951,21.765358,25.400000
IR_57708.jpg,2025-04-23 16:39:02,Cableduct,528.73095703125,39.433570861816406,566.2412109375,61.38482666015625,8.567931,4.870255,21.903307,25.400000
IR_57708.jpg,2025-04-23 16:39:02,Machine,111.32614135742188,170.5091552734375,144.85281372070312,274.1988830566406,6.656826,0.551473,22.597239,24.833420
IR_57708.jpg,2025-04-23 16:39:02,Machine,480.7071228027344,132.48800659179688,561.8431396484375,218.32357788085938,4.611462,5.339787,21.453194,25.400000
IR_57708.jpg,2025-04-23 16:39:02,Cableduct,322.40814208984375,14.63119888305664,357.89447021484375,41.6851692199707,7.402444,3.364797,21.666342,25.400000
IR_57708.jpg,2025-04-23 16:39:02,Screen,611.29443359375,272.0935974121094,639.76123046875,376.2023010253906,11.329082,4.796168,21.134594,25.173368
IR_57708.jpg,2025-04-23 16:39:02,Cableduct,574.9456176757812,36.430545806884766,613.8950805664062,56.62553787231445,9.995264,5.140868,22.389439,25.400000
IR_57709.jpg,2025-04-23 16:39:32,Screen,342.35650634765625,276.05426025390625,473.61053466796875,376.48760986328125,11.374727,4.122242,21.697668,25.200001
IR_57709.jpg,2025-04-23 16:39:32,Cableduct,220.59811401367188,1.5322341918945312,314.2005310058594,52.69078063964844,10.880647,3.253948,20.904238,25.200001
IR_57709.jpg,2025-04-23 16:39:32,Cableduct,574.4022827148438,33.49481964111328,621.9536743164062,58.595611572265625,10.172640,5.176021,21.888227,25.200001
IR_57709.jpg,2025-04-23 16:39:32,Cableduct,528.5631103515625,38.894561767578125,566.9381103515625,62.1859130859375,8.633746,4.880949,21.702833,25.153002
IR_57709.jpg,2025-04-23 16:39:32,Screen,611.6803588867188,274.25927734375,639.7428588867188,376.1807861328125,11.288588,4.816796,20.960146,24.996346
IR_57709.jpg,2025-04-23 16:39:32,Machine,111.26789093017578,170.87551879882812,145.57666015625,273.3118896484375,6.568257,0.521535,22.447817,24.714361
IR_57709.jpg,2025-04-23 16:39:32,Machine,480.0934143066406,134.93099975585938,562.3157958984375,218.85055541992188,4.511137,5.376663,21.321253,25.200001
IR_57709.jpg,2025-04-23 16:39:32,Cableduct,321.6905212402344,15.215606689453125,358.8561096191406,42.40254592895508,7.333336,3.355058,21.479683,25.200001
IR_57709.jpg,2025-04-23 16:39:32,Person,564.3897094726562,183.89337158203125,640.0,481.72998046875,10.618965,5.275854,21.357473,25.200001
IR_57709.jpg,2025-04-23 16:39:32,Screen,610.6465454101562,249.76979064941406,639.7671508789062,364.015625,11.420588,4.830191,20.801403,25.200001
IR_57709.jpg,2025-04-23 16:39:32,Machine,481.86798095703125,105.11212158203125,578.6690063476562,202.99026489257812,6.058220,5.191357,21.260160,25.200001
IR_57709.jpg,2025-04-23 16:39:32,Cableduct,429.474853515625,35.057701110839844,461.85888671875,55.98029327392578,7.537881,4.539282,21.748121,25.200001
IR_57709.jpg,2025-04-23 16:39:32,Machine,117.01746368408203,90.69688415527344,155.3837890625,142.6795654296875,2.130092,0.186423,20.759092,21.189556
IR_57709.jpg,2025-04-23 16:39:32,Person,575.8541259765625,224.74948120117188,639.49072265625,482.7735900878906,10.901496,5.330400,21.575504,25.200001
IR_57710.jpg,2025-04-23 16:40:02,Screen,342.6811218261719,276.19146728515625,473.8553771972656,375.29046630859375,11.381428,4.133832,21.680777,25.100000
IR_57710.jpg,2025-04-23 16:40:02,Cableduct,218.37689208984375,1.6067161560058594,316.341552734375,52.319000244140625,11.513857,3.346030,20.871149,25.100000
IR_57710.jpg,2025-04-23 16:40:02,Cableduct,575.2813720703125,33.84954833984375,622.1490478515625,59.42517852783203,10.226554,5.187541,21.867687,25.100000
IR_57710.jpg,2025-04-23 16:40:02,Cableduct,528.4470825195312,39.908531188964844,566.1041870117188,61.889259338378906,8.536332,4.867008,21.745192,25.100000
IR_57710.jpg,2025-04-23 16:40:02,Machine,111.41996765136719,170.3280029296875,145.37486267089844,273.8338623046875,6.623971,0.544738,22.397112,24.622454
IR_57710.jpg,2025-04-23 16:40:02,Cableduct,322.1259460449219,14.425922393798828,358.2646179199219,41.50044250488281,7.396477,3.366576,21.521111,25.100000
IR_57710.jpg,2025-04-23 16:40:02,Screen,611.785400390625,271.1163330078125,639.720703125,374.208740234375,11.292420,4.811613,20.932610,24.976763
IR_57710.jpg,2025-04-23 16:40:02,Machine,479.67333984375,133.68234252929688,562.8262939453125,217.7850341796875,4.542598,5.383030,21.332409,25.100000
IR_57710.jpg,2025-04-23 16:40:02,Cableduct,429.363037109375,34.53608322143555,461.72607421875,56.34739303588867,7.606786,4.550069,21.617281,25.100000
IR_57710.jpg,2025-04-23 16:40:02,Machine,481.9132385253906,105.54418182373047,579.8936767578125,202.39630126953125,6.065345,5.220362,21.252325,25.100000
IR_57710.jpg,2025-04-23 16:40:02,Machine,195.75482177734375,103.84095764160156,223.17623901367188,130.67884826660156,0.860074,0.523420,21.086376,21.957441
IR_57711.jpg,2025-04-23 16:40:33,Screen,340.76446533203125,275.3642578125,474.4091796875,377.277587890625,11.495167,4.121139,21.875992,26.000000
IR_57711.jpg,2025-04-23 16:40:33,Cableduct,220.3828887939453,1.6465606689453125,315.11004638671875,51.49786376953125,11.086088,3.282387,21.065699,26.000000
IR_57711.jpg,2025-04-23 16:40:33,Cableduct,528.7232666015625,38.347408294677734,568.6041259765625,62.466251373291016,8.674206,4.888535,21.903891,26.000000
IR_57711.jpg,2025-04-23 16:40:33,Cableduct,322.59002685546875,15.300276756286621,358.31646728515625,41.42194366455078,7.309530,3.339242,21.762203,26.000000
IR_57711.jpg,2025-04-23 16:40:33,Machine,111.42059326171875,170.87710571289062,145.0089111328125,273.8540954589844,6.623437,0.539249,22.716715,25.431854
IR_57711.jpg,2025-04-23 16:40:33,Cableduct,574.8990478515625,34.67635726928711,622.4500732421875,58.53464126586914,10.086041,5.167807,22.156607,26.000000
IR_57711.jpg,2025-04-23 16:40:33,Screen,612.759521484375,276.443603515625,639.66357421875,374.23663330078125,11.197763,4.860498,21.109398,25.609400
IR_57711.jpg,2025-04-23 16:40:33,Machine,479.330078125,132.82772827148438,561.9906005859375,218.09725952148438,4.574591,5.359223,21.525070,26.000000
IR_57711.jpg,2025-04-23 16:40:33,Person,557.723388671875,182.3905029296875,640.0,481.65728759765625,10.643140,5.252138,21.502552,26.000000
IR_57711.jpg,2025-04-23 16:40:33,Screen,611.863525390625,251.5218505859375,639.68115234375,359.56182861328125,11.198887,4.865847,20.873167,25.396345
IR_57711.jpg,2025-04-23 16:40:33,Cableduct,429.2824401855469,34.37453842163086,461.1856994628906,56.47749710083008,7.660365,4.562473,21.940170,26.000000
IR_57712.jpg,2025-04-23 16:41:02,Screen,340.72442626953125,275.2742919921875,474.37091064453125,374.9700927734375,11.506481,4.137918,21.879858,25.700001
IR_57712.jpg,2025-04-23 16:41:02,Cableduct,528.8516845703125,38.59099578857422,567.4681396484375,62.597618103027344,8.685421,4.889859,21.875134,25.649086
IR_57712.jpg,2025-04-23 16:41:02,Cableduct,217.29937744140625,1.5890846252441406,311.9443359375,52.74269104003906,10.975208,3.221220,21.064487,25.700001
IR_57712.jpg,2025-04-23 16:41:02,Cableduct,323.08734130859375,15.044624328613281,358.83270263671875,42.2940788269043,7.403382,3.371183,21.712004,25.700001
IR_57712.jpg,2025-04-23 16:41:02,Machine,111.03875732421875,170.7413330078125,145.19442749023438,274.12518310546875,6.627338,0.538441,22.646896,25.156919
IR_57712.jpg,2025-04-23 16:41:02,Cableduct,575.39404296875,33.445281982421875,622.509033203125,59.09794616699219,10.243418,5.188859,22.048243,25.700001
IR_57712.jpg,2025-04-23 16:41:02,Screen,611.5341796875,249.22557067871094,639.58154296875,366.14892578125,11.605975,4.811189,20.967669,25.700001
IR_57712.jpg,2025-04-23 16:41:02,Machine,479.749755859375,133.72930908203125,562.535888671875,218.4705810546875,4.550560,5.370122,21.482508,25.700001
IR_57712.jpg,2025-04-23 16:41:02,Cableduct,429.1771240234375,34.293235778808594,462.106689453125,57.95111846923828,7.680341,4.564399,21.741655,25.700001
IR_57712.jpg,2025-04-23 16:41:02,Machine,481.0535583496094,104.75099182128906,578.9556884765625,203.2063751220703,6.097828,5.199735,21.416174,25.700001
IR_57713.jpg,2025-04-23 16:41:32,Screen,343.388427734375,275.6888122558594,473.90380859375,374.8681945800781,11.326374,4.137361,21.829487,25.299999
IR_57713.jpg,2025-04-23 16:41:32,Cableduct,529.1490478515625,38.62980651855469,567.4892578125,61.926727294921875,8.664797,4.886071,21.850294,25.253002
IR_57713.jpg,2025-04-23 16:41:32,Cableduct,220.6331787109375,1.7610549926757812,314.07403564453125,50.39073944091797,10.930836,3.244214,20.996092,25.299999
IR_57713.jpg,2025-04-23 16:41:32,Cableduct,322.36376953125,14.393680572509766,358.4405517578125,40.978389739990234,7.374568,3.359831,21.691692,25.299999
IR_57713.jpg,2025-04-23 16:41:32,Cableduct,573.7094116210938,33.691505432128906,622.2186889648438,59.26757049560547,10.136265,5.169848,21.958263,25.299999
IR_57713.jpg,2025-04-23 16:41:32,Machine,111.15374755859375,170.81884765625,145.16818237304688,273.62054443359375,6.599786,0.529764,22.528097,24.814360
IR_57713.jpg,2025-04-23 16:41:32,Screen,611.7796630859375,250.89398193359375,639.6112060546875,367.818359375,11.645502,4.798339,20.950518,25.299999
IR_57713.jpg,2025-04-23 16:41:32,Cableduct,430.01776123046875,34.734886169433594,462.19390869140625,56.48246765136719,7.606959,4.554426,21.737900,25.299999
IR_57713.jpg,2025-04-23 16:41:32,Machine,479.91363525390625,134.13104248046875,562.2782592773438,217.09210205078125,4.506343,5.389327,21.416012,25.299999
IR_57713.jpg,2025-04-23 16:41:32,Person,565.4995727539062,180.88983154296875,639.6150512695312,479.8831787109375,10.555654,5.277706,21.446955,25.299999
IR_57713.jpg,2025-04-23 16:41:32,Machine,195.80409240722656,101.75588989257812,222.1905059814453,126.67042541503906,0.816039,0.515554,21.220137,22.135509
IR_57713.jpg,2025-04-23 16:41:32,Person,579.3515625,229.89068603515625,639.5064697265625,480.21990966796875,10.883434,5.344728,21.706665,25.299999
IR_57714.jpg,2025-04-23 16:42:02,Screen,344.08526611328125,275.6817626953125,474.31951904296875,372.9512939453125,11.320054,4.155984,21.813995,25.299999
IR_57714.jpg,2025-04-23 16:42:02,Cableduct,574.1348876953125,33.398048400878906,622.1795654296875,58.79228973388672,10.167110,5.174325,21.950964,25.299999
IR_57714.jpg,2025-04-23 16:42:02,Cableduct,322.40545654296875,14.74767780303955,358.30670166015625,42.31437301635742,7.420331,3.374374,21.553261,25.299999
IR_57714.jpg,2025-04-23 16:42:02,Machine,111.0224380493164,170.64382934570312,145.19497680664062,274.4355163574219,6.647444,0.545665,22.495687,24.854048
IR_57714.jpg,2025-04-23 16:42:02,Cableduct,528.8161010742188,38.55127716064453,568.5027465820312,62.410972595214844,8.659360,4.886714,21.767275,25.299999
IR_57714.jpg,2025-04-23 16:42:02,Cableduct,220.18780517578125,1.7485771179199219,314.1900634765625,51.82438659667969,10.960058,3.254048,20.959940,25.299999
IR_57714.jpg,2025-04-23 16:42:02,Screen,611.1922607421875,272.02423095703125,639.7357177734375,368.49053955078125,10.993279,4.922590,20.933931,25.299999
IR_57714.jpg,2025-04-23 16:42:02,Machine,479.9003601074219,134.27957153320312,563.226318359375,219.32464599609375,4.551800,5.368869,21.362087,25.299999
IR_57714.jpg,2025-04-23 16:42:02,Cableduct,429.67315673828125,35.98347091674805,462.72491455078125,56.58431625366211,7.442861,4.525968,21.718706,25.299999
IR_57714.jpg,2025-04-23 16:42:02,Person,580.703125,253.28155517578125,639.54638671875,482.12750244140625,11.085336,5.358576,21.764505,25.299999
IR_57715.jpg,2025-04-23 16:42:32,Person,3.3323211669921875,218.3035430908203,102.77218627929688,427.11090087890625,11.168439,1.184282,23.544924,29.799999
IR_57715.jpg,2025-04-23 16:42:32,Screen,337.81768798828125,276.18505859375,472.26739501953125,376.73028564453125,11.580200,4.111094,22.558113,24.508877
IR_57715.jpg,2025-04-23 16:42:32,Machine,109.37605285644531,169.80133056640625,146.20701599121094,274.0583190917969,6.574771,0.515076,23.357937,24.618538
IR_57715.jpg,2025-04-23 16:42:32,Cableduct,220.3279266357422,1.0648651123046875,315.97918701171875,50.297550201416016,11.272990,3.320656,21.550623,29.799999
IR_57715.jpg,2025-04-23 16:42:32,Screen,614.1051635742188,275.6089782714844,639.6514282226562,369.7452697753906,11.087524,4.910138,21.585934,29.799999
IR_57715.jpg,2025-04-23 16:42:32,Cableduct,321.0211181640625,15.857348442077637,359.43182373046875,42.399105072021484,7.223206,3.330626,22.091850,29.799999
IR_57715.jpg,2025-04-23 16:42:32,Machine,479.4171142578125,134.66409301757812,562.0283203125,218.59915161132812,4.508951,5.377604,22.205170,29.799999
IR_57715.jpg,2025-04-23 16:42:32,Machine,118.17664337158203,152.25177001953125,186.21343994140625,229.20797729492188,6.238959,0.569168,22.361311,24.618538
IR_57716.jpg,2025-04-23 16:43:03,Person,540.644775390625,317.7371826171875,640.0,483.68896484375,11.713076,5.236328,23.556889,27.799999
IR_57716.jpg,2025-04-23 16:43:03,Screen,342.9129638671875,276.27459716796875,472.99493408203125,376.27850341796875,11.310759,4.118843,22.313648,27.799999
IR_57716.jpg,2025-04-23 16:43:03,Cableduct,322.6969299316406,14.863297462463379,360.4340515136719,41.97245788574219,7.359813,3.371551,21.936733,27.799999
IR_57716.jpg,2025-04-23 16:43:03,Cableduct,216.744384765625,1.2445068359375,315.2801513671875,49.63818359375,11.664497,3.337603,21.278223,27.799999
IR_57716.jpg,2025-04-23 16:43:03,Cableduct,574.0126953125,32.73607635498047,623.538330078125,59.80156707763672,10.222712,5.180501,22.300203,27.799999
IR_57716.jpg,2025-04-23 16:43:03,Machine,109.42057800292969,172.66159057617188,144.40740966796875,274.19036865234375,6.577704,0.490656,23.062796,24.880939
IR_57716.jpg,2025-04-23 16:43:03,Cableduct,530.2041625976562,39.11321258544922,566.6530151367188,61.788841247558594,8.681780,4.890147,22.426006,27.799999
IR_57716.jpg,2025-04-23 16:43:03,Machine,481.8958740234375,104.31378173828125,578.94970703125,201.91555786132812,6.105886,5.189208,21.900784,27.799999
IR_57716.jpg,2025-04-23 16:43:03,Machine,479.22137451171875,132.60223388671875,562.4472045898438,217.84234619140625,4.583142,5.365767,21.997887,27.799999
IR_57716.jpg,2025-04-23 16:43:03,Machine,119.46893310546875,153.65298461914062,186.5499267578125,229.60476684570312,6.244507,0.577991,22.085899,27.799999
IR_57716.jpg,2025-04-23 16:43:03,Cableduct,228.11611938476562,0.0,294.7511901855469,37.582054138183594,6.604455,2.428749,21.691881,27.799999
IR_57717.jpg,2025-04-23 16:43:32,Person,534.906494140625,319.6453552246094,640.0,484.3382873535156,11.756033,5.216583,24.377993,29.600000
IR_57717.jpg,2025-04-23 16:43:32,Screen,341.85003662109375,275.4238586425781,472.93756103515625,376.9292297363281,11.341012,4.110814,22.769209,29.600000
IR_57717.jpg,2025-04-23 16:43:32,Cableduct,320.79107666015625,13.450119018554688,360.33807373046875,43.30800247192383,7.527965,3.429507,22.105078,29.600000
IR_57717.jpg,2025-04-23 16:43:32,Cableduct,221.8220977783203,0.9818305969238281,315.84417724609375,51.0195198059082,11.030066,3.300551,21.658491,29.600000
IR_57717.jpg,2025-04-23 16:43:32,Machine,111.11991882324219,172.93276977539062,144.4998321533203,271.7473449707031,6.468763,0.471015,23.673548,25.526894
IR_57717.jpg,2025-04-23 16:43:32,Cableduct,576.3519287109375,33.178401947021484,622.8248291015625,60.689144134521484,10.384878,5.212013,22.731802,29.600000
IR_57717.jpg,2025-04-23 16:43:32,Machine,118.90913391113281,154.90032958984375,185.4823760986328,229.01361083984375,6.339791,0.569682,22.562986,29.600000
IR_57717.jpg,2025-04-23 16:43:32,Machine,197.7232666015625,104.03572082519531,221.99945068359375,130.8273162841797,0.683048,0.503258,22.178175,23.300261
IR_57717.jpg,2025-04-23 16:43:32,Cableduct,528.3917236328125,38.10740661621094,566.6553955078125,62.34527587890625,8.710334,4.890227,22.713594,29.600000
IR_57717.jpg,2025-04-23 16:43:32,Machine,478.5401611328125,133.14187622070312,563.79541015625,218.29122924804688,4.585195,5.380148,22.444586,29.600000
IR_57718.jpg,2025-04-23 16:44:02,Screen,344.19183349609375,276.71417236328125,470.96026611328125,375.84912109375,11.124900,4.104074,22.568529,26.200001
IR_57718.jpg,2025-04-23 16:44:02,Machine,108.68324279785156,168.88571166992188,145.34173583984375,275.9106750488281,6.721945,0.560485,22.606640,26.200001
IR_57718.jpg,2025-04-23 16:44:02,Cableduct,221.11082458496094,1.7984352111816406,310.1201171875,49.50303268432617,10.296462,3.116522,22.514746,26.200001
IR_57718.jpg,2025-04-23 16:44:02,Machine,479.7153015136719,134.23867797851562,564.567626953125,219.70144653320312,4.574263,5.376174,22.289352,26.200001
IR_57718.jpg,2025-04-23 16:44:02,Cableduct,430.97998046875,35.18067932128906,463.05194091796875,56.55595397949219,7.574814,4.554156,22.469360,26.200001
IR_57718.jpg,2025-04-23 16:44:02,Cableduct,530.036865234375,39.08081817626953,569.0595703125,62.92706298828125,8.685085,4.895434,22.124613,26.200001
IR_57718.jpg,2025-04-23 16:44:02,Cableduct,576.2297973632812,37.92486572265625,621.6987915039062,59.654205322265625,9.922029,5.141926,23.267345,26.200001
IR_57718.jpg,2025-04-23 16:44:02,Cableduct,323.6849365234375,20.580890655517578,358.19671630859375,40.118072509765625,6.637342,3.120653,22.818321,26.200001
IR_57718.jpg,2025-04-23 16:44:02,Window,148.24598693847656,55.831573486328125,195.01795959472656,117.76591491699219,1.320368,0.435884,21.655643,26.200001
IR_57718.jpg,2025-04-23 16:44:02,Machine,496.79547119140625,222.19305419921875,575.5617065429688,265.39013671875,6.244256,5.374025,21.223127,26.200001
IR_57719.jpg,2025-04-23 16:44:32,Screen,344.24261474609375,275.53790283203125,471.55328369140625,374.22003173828125,11.128555,4.119644,23.033175,27.600000
IR_57719.jpg,2025-04-23 16:44:32,Cableduct,212.4957275390625,1.7498359680175781,314.64990234375,51.628875732421875,12.062414,3.359759,23.039389,27.600000
IR_57719.jpg,2025-04-23 16:44:32,Machine,108.40692138671875,170.1304931640625,145.04714965820312,274.19561767578125,6.593841,0.505122,22.919607,24.804440
IR_57719.jpg,2025-04-23 16:44:32,Cableduct,530.998046875,39.178321838378906,567.4991455078125,62.16436004638672,8.717071,4.898601,22.392467,27.600000
IR_57719.jpg,2025-04-23 16:44:32,Machine,479.936279296875,131.5698699951172,560.9683837890625,219.28392028808594,4.659752,5.302414,22.894621,27.600000
IR_57719.jpg,2025-04-23 16:44:32,Cableduct,322.3035888671875,14.18811321258545,360.7225341796875,42.7945442199707,7.466489,3.408377,22.859890,27.600000
IR_57719.jpg,2025-04-23 16:44:32,Cableduct,574.5242919921875,37.646629333496094,622.247314453125,60.44597625732422,9.891469,5.138197,23.568674,27.600000
IR_57719.jpg,2025-04-23 16:44:32,Screen,610.6082763671875,280.2151794433594,639.7098388671875,372.2881774902344,10.975115,4.952799,23.013855,27.600000
IR_57719.jpg,2025-04-23 16:44:32,Person,0.0,132.62159729003906,95.45819854736328,397.21240234375,9.747039,1.032665,23.946257,27.600000
IR_57719.jpg,2025-04-23 16:44:32,Screen,605.7613525390625,249.53189086914062,640.0,357.3846740722656,10.849623,4.906277,22.471523,27.600000
IR_57719.jpg,2025-04-23 16:44:32,Cableduct,229.25975036621094,0.0,290.1700439453125,35.66195297241211,5.747426,2.299652,22.234055,27.600000
IR_57720.jpg,2025-04-23 16:45:02,Screen,342.8095703125,275.800537109375,473.8260498046875,375.0731201171875,11.359968,4.134593,21.634493,25.000000
IR_57720.jpg,2025-04-23 16:45:02,Cableduct,218.40953063964844,1.4257049560546875,314.7373046875,52.89168930053711,11.248753,3.298894,20.925976,25.000000
IR_57720.jpg,2025-04-23 16:45:02,Cableduct,528.3734130859375,39.703956604003906,565.8924560546875,61.664833068847656,8.544909,4.866997,21.790009,24.863708
IR_57720.jpg,2025-04-23 16:45:02,Cableduct,574.1416015625,33.82010269165039,622.07373046875,59.57902145385742,10.169074,5.176309,21.807070,25.000000
IR_57720.jpg,2025-04-23 16:45:02,Machine,479.87457275390625,133.69424438476562,562.8666381835938,218.94149780273438,4.564411,5.363750,21.332897,25.000000
IR_57720.jpg,2025-04-23 16:45:02,Cableduct,428.71319580078125,33.77229309082031,462.04608154296875,57.6221923828125,7.682299,4.556405,21.499283,25.000000
IR_57720.jpg,2025-04-23 16:45:02,Machine,110.93264770507812,171.0596923828125,145.00917053222656,273.13470458984375,6.566061,0.514041,22.382334,24.530548
IR_57720.jpg,2025-04-23 16:45:02,Screen,611.9781494140625,276.23687744140625,639.7611083984375,373.1009521484375,11.115741,4.887259,20.935350,24.863708
IR_57720.jpg,2025-04-23 16:45:02,Cableduct,322.62933349609375,14.86153793334961,357.61895751953125,42.21831512451172,7.422802,3.368806,21.498129,25.000000
IR_57721.jpg,2025-04-23 16:45:32,Screen,341.8178405761719,276.33917236328125,473.2514343261719,376.40362548828125,11.395931,4.119154,21.690701,25.500000
IR_57721.jpg,2025-04-23 16:45:32,Cableduct,215.12847900390625,1.7534141540527344,315.4119873046875,53.08428192138672,11.778366,3.353032,20.998068,25.500000
IR_57721.jpg,2025-04-23 16:45:32,Cableduct,323.0210266113281,14.137321472167969,357.7528991699219,40.848899841308594,7.434947,3.370188,21.705257,25.500000
IR_57721.jpg,2025-04-23 16:45:32,Cableduct,528.965576171875,39.72307205200195,566.3397216796875,61.69797897338867,8.565790,4.871717,21.879002,25.500000
IR_57721.jpg,2025-04-23 16:45:32,Cableduct,573.7308349609375,33.7806396484375,622.1402587890625,58.92158508300781,10.117002,5.167161,21.974783,25.500000
IR_57721.jpg,2025-04-23 16:45:32,Machine,110.93875885009766,170.6376953125,145.08755493164062,273.3325500488281,6.586248,0.524139,22.471996,24.990078
IR_57721.jpg,2025-04-23 16:45:32,Screen,611.930419921875,252.46429443359375,639.59326171875,363.95037841796875,11.399506,4.830518,20.855484,25.500000
IR_57721.jpg,2025-04-23 16:45:32,Machine,479.4354248046875,133.20938110351562,562.8736572265625,217.50204467773438,4.556592,5.380577,21.410381,25.500000
IR_57721.jpg,2025-04-23 16:45:32,Machine,198.2625732421875,103.45388793945312,222.4691162109375,126.98733520507812,0.746261,0.515975,21.258657,22.045692
IR_57721.jpg,2025-04-23 16:45:32,Cableduct,429.64715576171875,34.69512939453125,461.99761962890625,56.29856872558594,7.589642,4.548339,21.730211,25.500000
IR_57721.jpg,2025-04-23 16:45:32,Machine,482.36871337890625,104.55484008789062,579.2723999023438,204.39459228515625,6.115673,5.175038,21.332932,25.500000
IR_57722.jpg,2025-04-23 16:46:02,Screen,339.51800537109375,271.89306640625,474.09906005859375,375.0064697265625,11.451047,4.123605,21.704481,25.400000
IR_57722.jpg,2025-04-23 16:46:02,Machine,110.57632446289062,172.67184448242188,144.83438110351562,273.92425537109375,6.566158,0.498535,22.510281,24.898172
IR_57722.jpg,2025-04-23 16:46:02,Machine,480.0497741699219,133.42483520507812,562.32421875,218.24014282226562,4.561058,5.365858,21.449543,25.400000
IR_57722.jpg,2025-04-23 16:46:02,Screen,612.539306640625,277.96087646484375,639.813720703125,373.61669921875,11.116323,4.893707,21.020041,25.173368
IR_57722.jpg,2025-04-23 16:46:02,Cableduct,215.80712890625,1.586090087890625,313.51953125,53.22038269042969,11.397728,3.288709,21.021612,25.400000
IR_57722.jpg,2025-04-23 16:46:02,Cableduct,575.42822265625,34.10820770263672,623.1053466796875,61.08544158935547,10.259872,5.194229,21.868645,25.400000
IR_57722.jpg,2025-04-23 16:46:02,Cableduct,527.7967529296875,39.244056701660156,566.113037109375,62.752098083496094,8.605403,4.876404,21.828423,25.351437
IR_57722.jpg,2025-04-23 16:46:02,Cableduct,321.1763610839844,13.99931812286377,358.9707336425781,43.08547592163086,7.491571,3.406182,21.513027,25.400000
IR_57722.jpg,2025-04-23 16:46:02,Person,362.1756591796875,162.82012939453125,436.021484375,288.91961669921875,6.365483,3.510298,22.477976,25.400000
IR_57722.jpg,2025-04-23 16:46:02,Person,343.56298828125,176.90313720703125,402.81048583984375,288.5778503417969,6.422672,3.244991,22.442362,25.400000
IR_57723.jpg,2025-04-23 16:46:32,Screen,340.29449462890625,273.71002197265625,473.36126708984375,375.29461669921875,11.416554,4.121688,21.889921,26.299999
IR_57723.jpg,2025-04-23 16:46:32,Cableduct,574.0341796875,32.82655334472656,622.451904296875,60.24720764160156,10.265745,5.187633,21.980028,26.299999
IR_57723.jpg,2025-04-23 16:46:32,Machine,111.19973754882812,171.01531982421875,145.2637939453125,274.3531188964844,6.634077,0.540562,22.737921,24.372063
IR_57723.jpg,2025-04-23 16:46:32,Cableduct,321.9852294921875,13.628314971923828,359.631103515625,43.069541931152344,7.554074,3.427504,21.633091,26.299999
IR_57723.jpg,2025-04-23 16:46:32,Cableduct,220.16033935546875,1.3105926513671875,315.70623779296875,52.08937072753906,11.190811,3.310312,21.145477,26.299999
IR_57723.jpg,2025-04-23 16:46:32,Cableduct,528.1900634765625,39.67219543457031,566.8690185546875,63.20484924316406,8.592724,4.877944,22.031425,26.299999
IR_57723.jpg,2025-04-23 16:46:32,Screen,611.7568969726562,275.160400390625,639.7088012695312,375.7926025390625,11.252211,4.831920,21.175735,25.669712
IR_57723.jpg,2025-04-23 16:46:32,Machine,479.2464904785156,132.85205078125,562.4263916015625,219.83489990234375,4.609294,5.332838,21.624523,26.299999
IR_57723.jpg,2025-04-23 16:46:32,Person,344.8060302734375,157.350830078125,432.9755859375,285.95269775390625,6.298752,3.376847,22.676359,26.299999
IR_57724.jpg,2025-04-23 16:47:02,Screen,343.9412841796875,275.60235595703125,470.9427490234375,374.34918212890625,11.110945,4.112507,23.050381,27.700001
IR_57724.jpg,2025-04-23 16:47:02,Cableduct,219.51535034179688,2.0067100524902344,315.8579406738281,50.576141357421875,11.341809,3.309029,23.347076,27.700001
IR_57724.jpg,2025-04-23 16:47:02,Machine,108.590576171875,169.31069946289062,145.69097900390625,275.7822570800781,6.688175,0.546597,22.898140,24.804960
IR_57724.jpg,2025-04-23 16:47:02,Cableduct,575.37158203125,35.4033203125,619.2037353515625,58.75946044921875,10.115829,5.168918,23.584539,27.700001
IR_57724.jpg,2025-04-23 16:47:02,Cableduct,530.501220703125,39.473899841308594,567.9354248046875,62.41826629638672,8.669026,4.892348,22.433624,27.700001
IR_57724.jpg,2025-04-23 16:47:02,Cableduct,320.935791015625,14.826908111572266,357.89239501953125,42.317115783691406,7.359155,3.357534,23.078653,27.700001
IR_57724.jpg,2025-04-23 16:47:02,Machine,478.6499328613281,134.31570434570312,560.1484375,214.25601196289062,4.420356,5.402171,23.122787,27.700001
IR_57724.jpg,2025-04-23 16:47:02,Person,0.0,77.31539916992188,96.11032104492188,410.9237976074219,9.439358,1.027013,23.932905,27.700001
IR_57724.jpg,2025-04-23 16:47:02,Screen,605.0257568359375,245.90814208984375,640.0,355.07073974609375,10.802777,4.913162,23.288517,27.700001
IR_57725.jpg,2025-04-23 16:47:32,Screen,339.14361572265625,272.5712890625,474.00628662109375,375.7908935546875,11.486740,4.119627,21.749796,25.700001
IR_57725.jpg,2025-04-23 16:47:32,Cableduct,220.29872131347656,1.7587165832519531,315.59375,52.55984115600586,11.133896,3.296979,21.023609,25.700001
IR_57725.jpg,2025-04-23 16:47:32,Machine,111.63494873046875,171.23440551757812,145.29672241210938,274.5087890625,6.645692,0.547274,22.588650,25.089033
IR_57725.jpg,2025-04-23 16:47:32,Cableduct,322.7393798828125,15.195747375488281,359.24798583984375,42.849822998046875,7.398706,3.375027,21.627769,25.700001
IR_57725.jpg,2025-04-23 16:47:32,Cableduct,575.8426513671875,33.64749526977539,623.0242919921875,59.5165901184082,10.257489,5.192725,21.901999,25.700001
IR_57725.jpg,2025-04-23 16:47:32,Cableduct,528.2334594726562,39.6724853515625,565.6104125976562,62.70439910888672,8.594779,4.875819,21.932188,25.700001
IR_57725.jpg,2025-04-23 16:47:32,Machine,479.45233154296875,134.56021118164062,562.7890014648438,219.18814086914062,4.532108,5.372940,21.489531,25.700001
IR_57725.jpg,2025-04-23 16:47:32,Screen,611.2743530273438,276.1295166015625,639.7296752929688,375.265380859375,11.180939,4.857271,21.091303,25.428459
IR_57725.jpg,2025-04-23 16:47:32,Person,356.4540710449219,159.67922973632812,440.0682678222656,282.099853515625,6.197871,3.471014,22.502462,25.700001
IR_57725.jpg,2025-04-23 16:47:32,Window,162.8413848876953,57.337989807128906,198.79762268066406,115.54766082763672,0.986916,0.504857,20.863115,25.700001
IR_57726.jpg,2025-04-23 16:48:02,Screen,337.19451904296875,273.73309326171875,474.8231201171875,375.24285888671875,11.710854,4.138501,21.944061,26.900000
IR_57726.jpg,2025-04-23 16:48:02,Cableduct,575.68359375,33.026710510253906,623.926513671875,60.43595886230469,10.315997,5.199414,22.086893,26.900000
IR_57726.jpg,2025-04-23 16:48:02,Cableduct,218.15171813964844,1.5001640319824219,314.20556640625,50.184879302978516,11.291954,3.282604,21.170599,26.900000
IR_57726.jpg,2025-04-23 16:48:02,Machine,111.36154174804688,170.63357543945312,145.19598388671875,275.2037353515625,6.699500,0.566398,22.877302,24.608093
IR_57726.jpg,2025-04-23 16:48:02,Screen,611.4148559570312,276.4051513671875,639.7146606445312,374.2908935546875,11.138262,4.874608,21.234735,26.196344
IR_57726.jpg,2025-04-23 16:48:02,Cableduct,322.9501953125,15.598320007324219,360.33984375,43.34722137451172,7.372248,3.375764,21.744091,26.900000
IR_57726.jpg,2025-04-23 16:48:02,Cableduct,528.2601318359375,38.427024841308594,568.7650146484375,63.969200134277344,8.705635,4.894461,22.070671,26.900000
IR_57726.jpg,2025-04-23 16:48:02,Machine,197.66888427734375,103.92695617675781,221.3665771484375,128.42062377929688,0.723043,0.505284,21.557848,22.356398
IR_57726.jpg,2025-04-23 16:48:02,Machine,221.45883178710938,141.74984741210938,250.94912719726562,180.65109252929688,2.116018,0.979915,21.297796,22.135248
IR_57726.jpg,2025-04-23 16:48:02,Machine,478.32000732421875,133.63827514648438,561.9518432617188,219.41677856445312,4.561140,5.351399,21.711929,26.900000
IR_57726.jpg,2025-04-23 16:48:02,Person,343.11370849609375,176.524658203125,401.57073974609375,286.20416259765625,6.344916,3.225664,22.972921,26.900000
IR_57726.jpg,2025-04-23 16:48:02,Person,348.5975341796875,174.7685546875,425.42572021484375,286.7791442871094,6.477051,3.402054,22.899487,26.900000
IR_57726.jpg,2025-04-23 16:48:02,Machine,480.6900329589844,104.7686996459961,579.9366455078125,203.67550659179688,6.133932,5.216902,21.649944,26.900000
IR_57727.jpg,2025-04-23 16:48:32,Person,543.8382568359375,313.91900634765625,640.0,485.25628662109375,11.697662,5.247046,23.966196,28.700001
IR_57727.jpg,2025-04-23 16:48:32,Screen,345.06890869140625,275.90142822265625,474.04205322265625,373.12359619140625,11.248812,4.153538,22.335310,28.700001
IR_57727.jpg,2025-04-23 16:48:32,Cableduct,321.72613525390625,14.2803955078125,360.0806884765625,42.48040008544922,7.424647,3.392157,21.890965,28.700001
IR_57727.jpg,2025-04-23 16:48:32,Cableduct,219.7884521484375,1.1876144409179688,314.78546142578125,49.868587493896484,11.176304,3.287071,21.331581,28.700001
IR_57727.jpg,2025-04-23 16:48:32,Machine,111.44813537597656,170.57815551757812,145.5004425048828,273.6920166015625,6.605066,0.537405,23.186264,25.018538
IR_57727.jpg,2025-04-23 16:48:32,Cableduct,573.6597900390625,30.895545959472656,623.7071533203125,60.22283935546875,10.371368,5.196311,22.289429,28.700001
IR_57727.jpg,2025-04-23 16:48:32,Cableduct,528.2181396484375,39.30964279174805,566.475341796875,62.99045181274414,8.624724,4.881021,22.425701,28.700001
IR_57727.jpg,2025-04-23 16:48:32,Cableduct,230.35003662109375,0.0,294.7791748046875,36.1120719909668,6.290948,2.397117,21.746613,28.700001
IR_57727.jpg,2025-04-23 16:48:32,Machine,479.31170654296875,132.12771606445312,562.9055786132812,218.37411499023438,4.617029,5.353302,22.080315,28.700001
IR_57728.jpg,2025-04-23 16:49:03,Person,533.946533203125,319.8226318359375,640.0,482.8101806640625,11.741667,5.213048,24.465099,29.299999
IR_57728.jpg,2025-04-23 16:49:03,Screen,344.62396240234375,276.2684326171875,473.880615234375,374.14788818359375,11.272026,4.144819,22.763393,29.299999
IR_57728.jpg,2025-04-23 16:49:03,Cableduct,220.41334533691406,0.9652557373046875,315.6488037109375,51.46351623535156,11.173610,3.311665,21.651459,29.299999
IR_57728.jpg,2025-04-23 16:49:03,Cableduct,573.8797607421875,31.32248878479004,623.7333984375,59.96062469482422,10.336223,5.192782,22.562279,29.299999
IR_57728.jpg,2025-04-23 16:49:03,Machine,111.55876159667969,170.42703247070312,145.18272399902344,272.9117431640625,6.578406,0.529534,23.518185,25.383551
IR_57728.jpg,2025-04-23 16:49:03,Cableduct,322.48687744140625,15.26320743560791,359.71795654296875,42.592742919921875,7.356504,3.366509,22.235962,29.299999
IR_57728.jpg,2025-04-23 16:49:03,Machine,197.74522399902344,104.98149108886719,223.1392059326172,131.31187438964844,0.773281,0.518699,22.075914,23.216450
IR_57728.jpg,2025-04-23 16:49:03,Machine,119.26900482177734,154.82077026367188,185.76303100585938,228.48684692382812,6.331906,0.569353,22.525299,29.299999
IR_57728.jpg,2025-04-23 16:49:03,Machine,478.8818664550781,131.65811157226562,562.80615234375,217.45687866210938,4.618351,5.363163,22.440247,29.299999
IR_57728.jpg,2025-04-23 16:49:03,Cableduct,528.0365600585938,39.032981872558594,566.4298706054688,62.69352722167969,8.628094,4.879952,22.723742,26.584595
IR_57729.jpg,2025-04-23 16:49:32,Person,537.5147705078125,328.53179931640625,640.0,483.57110595703125,11.786255,5.227208,24.904642,29.299999
IR_57729.jpg,2025-04-23 16:49:32,Screen,344.948974609375,276.4241943359375,473.2852783203125,371.03411865234375,11.239569,4.161826,22.771404,29.299999
IR_57729.jpg,2025-04-23 16:49:32,Cableduct,216.9310302734375,1.1919479370117188,315.71990966796875,50.20283508300781,11.688215,3.350446,21.482540,29.299999
IR_57729.jpg,2025-04-23 16:49:32,Cableduct,321.90985107421875,15.376239776611328,359.02862548828125,41.968448638916016,7.294075,3.343267,22.103140,29.299999
IR_57729.jpg,2025-04-23 16:49:32,Machine,110.7939453125,172.97329711914062,144.750244140625,272.1245422363281,6.481853,0.472751,23.448750,25.344387
IR_57729.jpg,2025-04-23 16:49:32,Cableduct,574.3956909179688,31.86920166015625,623.1467895507812,60.481040954589844,10.359913,5.199541,22.404188,29.299999
IR_57729.jpg,2025-04-23 16:49:32,Machine,479.17401123046875,133.32913208007812,561.5242309570312,218.7762451171875,4.564537,5.350237,22.308834,29.299999
IR_57729.jpg,2025-04-23 16:49:32,Cableduct,232.50180053710938,0.0,294.3160705566406,34.58784484863281,5.962329,2.372573,22.005537,29.299999
IR_57729.jpg,2025-04-23 16:49:32,Cableduct,528.534912109375,39.41033172607422,566.145751953125,62.502586364746094,8.614457,4.878885,22.622396,26.557442
IR_57729.jpg,2025-04-23 16:49:32,Machine,223.165283203125,146.05218505859375,251.17022705078125,180.9710693359375,2.330179,0.998419,21.738453,22.812794
IR_57729.jpg,2025-04-23 16:49:32,Machine,193.20770263671875,101.71243286132812,225.33685302734375,131.04608154296875,1.004003,0.544031,21.846304,23.050131
IR_57730.jpg,2025-04-23 16:50:02,Person,533.0333251953125,318.7675476074219,640.0,484.0536804199219,11.755111,5.209800,24.721556,29.200001
IR_57730.jpg,2025-04-23 16:50:02,Screen,346.2373962402344,276.47027587890625,473.3768005371094,371.13958740234375,11.168119,4.163239,22.753687,29.200001
IR_57730.jpg,2025-04-23 16:50:02,Cableduct,322.1287841796875,14.919205665588379,359.3642578125,42.16157531738281,7.361124,3.365628,22.098871,29.200001
IR_57730.jpg,2025-04-23 16:50:02,Machine,111.10191345214844,170.42202758789062,145.3520965576172,274.6249084472656,6.660481,0.552966,23.427160,25.322716
IR_57730.jpg,2025-04-23 16:50:02,Cableduct,217.98287963867188,0.8485069274902344,316.3936462402344,50.29446029663086,11.651576,3.365575,21.532608,29.200001
IR_57730.jpg,2025-04-23 16:50:02,Cableduct,574.8961791992188,32.359642028808594,623.0089721679688,60.060203552246094,10.333862,5.198173,22.479893,29.200001
IR_57730.jpg,2025-04-23 16:50:02,Machine,479.679443359375,132.69833374023438,561.9564208984375,217.80526733398438,4.578859,5.359853,22.352257,29.200001
IR_57731.jpg,2025-04-23 16:50:32,Person,530.61376953125,327.7230224609375,640.0,484.0924072265625,11.816021,5.202843,24.704636,29.200001
IR_57731.jpg,2025-04-23 16:50:32,Screen,345.4803466796875,276.04168701171875,473.129638671875,370.67181396484375,11.187384,4.162709,22.810814,29.200001
IR_57731.jpg,2025-04-23 16:50:32,Machine,111.04220581054688,172.31063842773438,145.43966674804688,274.42840576171875,6.593062,0.516718,23.475702,25.245171
IR_57731.jpg,2025-04-23 16:50:32,Cableduct,573.55419921875,31.59459114074707,623.35205078125,60.2926025390625,10.318517,5.190440,22.481857,29.200001
IR_57731.jpg,2025-04-23 16:50:32,Cableduct,321.97943115234375,15.244789123535156,359.75262451171875,42.26852035522461,7.317432,3.356223,22.147579,29.200001
IR_57731.jpg,2025-04-23 16:50:32,Cableduct,219.74172973632812,0.9397773742675781,315.0820617675781,50.69163131713867,11.203187,3.301957,21.598675,29.200001
IR_57731.jpg,2025-04-23 16:50:32,Screen,615.3851318359375,246.57870483398438,639.6693115234375,341.0208435058594,10.677219,5.050881,21.653297,26.511749
IR_57731.jpg,2025-04-23 16:50:32,Machine,478.9451904296875,133.1057586669922,562.1405029296875,218.0307159423828,4.561174,5.368605,22.394930,29.200001
IR_57731.jpg,2025-04-23 16:50:32,Machine,119.66800689697266,154.52239990234375,187.36190795898438,228.61029052734375,6.346616,0.585719,22.455837,29.200001
IR_57731.jpg,2025-04-23 16:50:32,Cableduct,529.4630126953125,38.83523178100586,566.5833740234375,62.850765228271484,8.721585,4.896226,22.685045,29.200001
IR_57731.jpg,2025-04-23 16:50:32,Window,164.1932373046875,57.30010986328125,196.40142822265625,116.68373107910156,0.943373,0.522513,21.488972,29.200001
IR_57731.jpg,2025-04-23 16:50:32,Machine,481.7013244628906,105.09988403320312,578.0958251953125,204.66278076171875,6.055480,5.173710,22.286180,29.200001
IR_57732.jpg,2025-04-23 16:51:02,Person,540.7265625,323.519775390625,640.0,485.2982177734375,11.766385,5.237818,23.703569,27.600000
IR_57732.jpg,2025-04-23 16:51:02,Screen,343.7532653808594,275.292236328125,474.2649841308594,373.46044921875,11.321300,4.150721,22.252298,27.600000
IR_57732.jpg,2025-04-23 16:51:02,Cableduct,574.0637817382812,32.46196746826172,623.7282104492188,60.05895233154297,10.255095,5.184682,22.169352,27.600000
IR_57732.jpg,2025-04-23 16:51:02,Cableduct,321.8194274902344,14.693382263183594,360.4014587402344,42.954444885253906,7.404594,3.389073,21.795834,27.600000
IR_57732.jpg,2025-04-23 16:51:02,Cableduct,215.767822265625,1.198974609375,315.306640625,50.95853805541992,11.755161,3.351501,21.250692,27.600000
IR_57732.jpg,2025-04-23 16:51:02,Machine,110.82833862304688,170.96157836914062,144.81236267089844,274.51385498046875,6.652764,0.541797,22.999615,24.748825
IR_57732.jpg,2025-04-23 16:51:02,Cableduct,528.43310546875,39.05278778076172,567.8154296875,62.786033630371094,8.624554,4.881971,22.256538,27.600000
IR_57732.jpg,2025-04-23 16:51:02,Machine,480.0078125,133.24765014648438,562.428955078125,218.87008666992188,4.581079,5.353100,21.966896,27.600000
IR_57732.jpg,2025-04-23 16:51:02,Machine,482.8301086425781,106.52566528320312,578.7900390625,202.57281494140625,5.965760,5.205754,21.880089,27.600000
IR_57732.jpg,2025-04-23 16:51:02,Machine,118.52723693847656,154.81271362304688,187.9810028076172,229.0972900390625,6.468380,0.595551,22.051760,27.600000
IR_57732.jpg,2025-04-23 16:51:02,Machine,197.33924865722656,104.57957458496094,224.44129943847656,130.8746795654297,0.848589,0.532700,21.665739,22.511749
IR_57733.jpg,2025-04-23 16:51:32,Person,549.6689453125,324.42822265625,640.0,483.5401611328125,11.712398,5.269029,24.021130,27.799999
IR_57733.jpg,2025-04-23 16:51:32,Screen,344.6956787109375,275.75067138671875,473.421875,372.42230224609375,11.232707,4.151824,22.336317,27.799999
IR_57733.jpg,2025-04-23 16:51:32,Cableduct,322.71014404296875,14.361945152282715,359.53607177734375,42.574615478515625,7.470836,3.398649,21.877829,27.799999
IR_57733.jpg,2025-04-23 16:51:32,Cableduct,221.99102783203125,1.2521133422851562,315.14361572265625,49.951175689697266,10.933406,3.270990,21.271126,27.799999
IR_57733.jpg,2025-04-23 16:51:32,Cableduct,575.78857421875,32.992454528808594,624.078369140625,60.536376953125,10.325464,5.200984,22.189087,27.799999
IR_57733.jpg,2025-04-23 16:51:32,Machine,110.6932373046875,170.41436767578125,144.62693786621094,275.053466796875,6.702389,0.560194,23.065821,24.880939
IR_57733.jpg,2025-04-23 16:51:32,Cableduct,530.0383911132812,38.795021057128906,567.1571655273438,62.358726501464844,8.720142,4.896582,22.336843,26.273108
IR_57733.jpg,2025-04-23 16:51:32,Machine,478.5025634765625,133.53680419921875,562.431396484375,217.67657470703125,4.538825,5.382576,22.036533,27.799999
IR_57733.jpg,2025-04-23 16:51:32,Machine,116.87980651855469,155.4825439453125,186.2230987548828,229.0943603515625,6.556289,0.586869,22.104845,27.799999
IR_57733.jpg,2025-04-23 16:51:32,Machine,483.2716064453125,106.180419921875,579.475830078125,203.56729125976562,6.010642,5.197720,21.929213,27.799999
IR_57734.jpg,2025-04-23 16:52:02,Person,531.6439208984375,322.83135986328125,640.0,482.36285400390625,11.762683,5.205406,24.499445,28.700001
IR_57734.jpg,2025-04-23 16:52:02,Screen,344.6498107910156,275.83367919921875,473.6358947753906,370.50103759765625,11.262589,4.167825,22.540510,28.700001
IR_57734.jpg,2025-04-23 16:52:02,Machine,111.0243911743164,170.755859375,145.49996948242188,273.29095458984375,6.567593,0.519480,23.262054,24.979374
IR_57734.jpg,2025-04-23 16:52:02,Cableduct,216.14385986328125,0.7776756286621094,316.64434814453125,49.98405075073242,11.946240,3.396478,21.412704,28.700001
IR_57734.jpg,2025-04-23 16:52:02,Cableduct,575.2664184570312,32.70491409301758,623.4242553710938,61.56016159057617,10.381188,5.207759,22.289099,28.700001
IR_57734.jpg,2025-04-23 16:52:02,Cableduct,320.39697265625,14.17001724243164,359.6895751953125,43.391075134277344,7.446310,3.401273,21.864693,28.700001
IR_57734.jpg,2025-04-23 16:52:02,Machine,118.59003448486328,154.565673828125,187.011962890625,229.2979736328125,6.398767,0.586846,22.278385,28.700001
IR_57734.jpg,2025-04-23 16:52:02,Machine,193.37652587890625,103.51913452148438,222.88299560546875,134.99169921875,0.862448,0.515596,21.739380,22.920626
IR_57734.jpg,2025-04-23 16:52:02,Machine,478.657470703125,132.67819213867188,562.4405517578125,218.32122802734375,4.586067,5.361351,22.188152,28.700001
IR_57735.jpg,2025-04-23 16:52:32,Screen,343.36431884765625,274.8484802246094,474.498046875,373.5895080566406,11.344313,4.150804,22.169596,27.100000
IR_57735.jpg,2025-04-23 16:52:32,Cableduct,576.3699340820312,32.79334259033203,624.0757446289062,60.169960021972656,10.361465,5.206925,22.117325,27.100000
IR_57735.jpg,2025-04-23 16:52:32,Cableduct,220.22442626953125,1.2457618713378906,315.8919677734375,50.80269241333008,11.254368,3.316000,21.261667,27.100000
IR_57735.jpg,2025-04-23 16:52:32,Machine,110.999755859375,170.67910766601562,145.38595581054688,274.7855529785156,6.659143,0.549791,22.928902,24.542297
IR_57735.jpg,2025-04-23 16:52:32,Cableduct,527.826171875,39.560794830322266,565.814697265625,62.3773307800293,8.565726,4.870180,22.224335,26.439947
IR_57735.jpg,2025-04-23 16:52:32,Screen,611.625732421875,247.59461975097656,639.567626953125,344.416748046875,10.629622,5.033762,21.162441,27.100000
IR_57735.jpg,2025-04-23 16:52:32,Cableduct,323.6102294921875,15.98031997680664,358.56396484375,42.10657501220703,7.310837,3.339280,21.896114,27.100000
IR_57735.jpg,2025-04-23 16:52:32,Machine,221.43258666992188,141.83241271972656,249.74948120117188,180.7785186767578,2.061743,0.971721,21.331388,22.190861
IR_57735.jpg,2025-04-23 16:52:32,Machine,479.74822998046875,133.38519287109375,562.6730346679688,218.34683227539062,4.563624,5.368824,21.861151,27.100000
IR_57735.jpg,2025-04-23 16:52:32,Person,554.81689453125,208.97341918945312,640.0,483.0437927246094,10.895995,5.252697,22.390240,27.100000
IR_57735.jpg,2025-04-23 16:52:32,Person,551.345947265625,300.45159912109375,640.0,483.45184326171875,11.561327,5.270718,22.941071,27.100000
IR_57735.jpg,2025-04-23 16:52:32,Cableduct,231.97576904296875,0.0,293.998779296875,37.897796630859375,6.031848,2.389881,21.695169,27.100000
IR_57735.jpg,2025-04-23 16:52:32,Window,165.77178955078125,58.172821044921875,196.15243530273438,115.58346557617188,0.876408,0.518161,21.143816,27.100000
IR_57736.jpg,2025-04-23 16:53:02,Cableduct,576.39794921875,33.457496643066406,623.089599609375,60.61598205566406,10.353478,5.208222,22.450064,28.500000
IR_57736.jpg,2025-04-23 16:53:02,Screen,344.4212646484375,275.3749084472656,473.1392822265625,372.3550720214844,11.220011,4.148606,22.558905,28.500000
IR_57736.jpg,2025-04-23 16:53:02,Person,535.69775390625,236.21437072753906,640.0,481.7677001953125,11.182499,5.197215,23.255892,28.500000
IR_57736.jpg,2025-04-23 16:53:02,Cableduct,215.86868286132812,1.3221321105957031,316.9546203613281,51.464942932128906,11.973724,3.400007,21.511377,28.500000
IR_57736.jpg,2025-04-23 16:53:02,Machine,111.27534484863281,173.14471435546875,144.8295135498047,271.98089599609375,6.470815,0.473127,23.351614,25.051958
IR_57736.jpg,2025-04-23 16:53:02,Cableduct,528.5775756835938,38.42922592163086,567.5409545898438,63.14033126831055,8.710760,4.893965,22.529503,26.970236
IR_57736.jpg,2025-04-23 16:53:02,Person,550.9161376953125,291.59552001953125,639.3624267578125,482.96771240234375,11.500578,5.265939,24.083040,28.500000
IR_57736.jpg,2025-04-23 16:53:02,Cableduct,323.1405334472656,14.213892936706543,359.7129821777344,42.38808059692383,7.490613,3.404303,22.086456,28.500000
IR_57736.jpg,2025-04-23 16:53:02,Machine,221.85269165039062,143.80169677734375,250.74044799804688,181.748779296875,2.218860,0.983380,21.684359,22.696606
IR_57736.jpg,2025-04-23 16:53:02,Machine,481.7000732421875,105.19042205810547,579.021240234375,202.177490234375,6.059878,5.205726,22.178793,28.500000
IR_57736.jpg,2025-04-23 16:53:02,Machine,479.3616943359375,133.27920532226562,562.9739990234375,218.80801391601562,4.578429,5.363564,22.271513,28.500000
IR_57736.jpg,2025-04-23 16:53:02,Window,168.5155029296875,57.45766830444336,196.37640380859375,114.81271362304688,1.022910,0.565338,21.236786,28.500000
IR_57737.jpg,2025-04-23 16:53:32,Screen,342.0533447265625,277.84356689453125,469.647705078125,361.58917236328125,11.314571,4.215180,22.924520,29.700001
IR_57737.jpg,2025-04-23 16:53:32,Machine,110.2845458984375,169.06109619140625,145.73104858398438,274.44793701171875,6.655228,0.554341,23.262362,29.700001
IR_57737.jpg,2025-04-23 16:53:32,Person,0.0906829833984375,131.3214111328125,93.91764831542969,409.91107177734375,9.979874,1.040446,23.055647,29.700001
IR_57737.jpg,2025-04-23 16:53:32,Machine,479.523681640625,131.81784057617188,561.4686279296875,218.47845458984375,4.628109,5.328969,23.494701,29.700001
IR_57737.jpg,2025-04-23 16:53:32,Cableduct,531.7498168945312,40.425575256347656,568.5458374023438,60.835548400878906,8.558022,4.877682,23.967005,29.700001
IR_57737.jpg,2025-04-23 16:53:32,Cableduct,574.386962890625,38.42353057861328,621.369140625,58.849464416503906,9.752499,5.109986,25.048159,29.700001
IR_57737.jpg,2025-04-23 16:53:32,Cableduct,323.11895751953125,16.101219177246094,359.88458251953125,38.97551727294922,7.063089,3.279303,24.707384,29.700001
IR_57737.jpg,2025-04-23 16:53:32,Screen,604.0169677734375,252.58355712890625,640.0,358.23931884765625,10.730368,4.947843,24.963774,29.700001
IR_57737.jpg,2025-04-23 16:53:32,Screen,609.4423828125,269.28765869140625,639.7491455078125,362.04046630859375,10.765436,5.009699,25.118887,29.700001
IR_57737.jpg,2025-04-23 16:53:32,Cableduct,234.4956817626953,0.0,300.60174560546875,12.597225189208984,7.550689,2.480979,24.138285,29.700001
IR_57738.jpg,2025-04-23 16:54:02,Person,532.705810546875,324.90594482421875,640.0,486.04730224609375,11.816010,5.209964,23.699078,27.799999
IR_57738.jpg,2025-04-23 16:54:02,Cableduct,575.124755859375,31.714759826660156,625.160888671875,61.34485626220703,10.399425,5.206691,22.180756,27.799999
IR_57738.jpg,2025-04-23 16:54:02,Screen,344.681396484375,275.5994567871094,474.289306640625,373.0998840332031,11.277582,4.155248,22.292095,27.799999
IR_57738.jpg,2025-04-23 16:54:02,Cableduct,221.72116088867188,1.0914115905761719,315.5089416503906,49.70132827758789,11.035306,3.288559,21.313919,27.799999
IR_57738.jpg,2025-04-23 16:54:02,Machine,111.1025161743164,173.404052734375,145.00851440429688,274.1584167480469,6.565334,0.498927,23.109232,24.836031
IR_57738.jpg,2025-04-23 16:54:02,Cableduct,528.4531860351562,38.74006652832031,567.6416625976562,62.88806915283203,8.662318,4.886895,22.337496,27.799999
IR_57738.jpg,2025-04-23 16:54:02,Cableduct,323.5572509765625,15.161186218261719,360.2003173828125,42.1775016784668,7.377472,3.372502,21.937399,27.799999
IR_57738.jpg,2025-04-23 16:54:02,Machine,480.072509765625,132.534423828125,562.5203857421875,217.88507080078125,4.593249,5.359909,22.065025,27.799999
IR_57738.jpg,2025-04-23 16:54:02,Machine,482.3518371582031,104.34014892578125,580.145263671875,202.45086669921875,6.140802,5.197866,21.940048,27.799999
IR_57738.jpg,2025-04-23 16:54:02,Screen,616.2191772460938,252.57394409179688,639.5933227539062,344.2218322753906,10.695246,5.042008,21.227577,27.799999
IR_57739.jpg,2025-04-23 16:54:32,Person,529.7470703125,330.81732177734375,640.0,484.72259521484375,11.844416,5.200405,23.963623,28.000000
IR_57739.jpg,2025-04-23 16:54:32,Cableduct,221.08436584472656,0.8711090087890625,315.3282470703125,50.039825439453125,11.084208,3.294722,21.348555,28.000000
IR_57739.jpg,2025-04-23 16:54:32,Screen,345.1441650390625,276.1258239746094,474.268310546875,373.1891174316406,11.265108,4.155766,22.346291,28.000000
IR_57739.jpg,2025-04-23 16:54:32,Cableduct,574.6956787109375,32.697776794433594,623.0765380859375,61.095787048339844,10.336568,5.199607,22.168688,28.000000
IR_57739.jpg,2025-04-23 16:54:32,Machine,110.97846984863281,172.96099853515625,145.20228576660156,273.32208251953125,6.523038,0.488418,23.103889,24.852219
IR_57739.jpg,2025-04-23 16:54:32,Cableduct,322.5904541015625,14.679916381835938,359.61767578125,42.18747329711914,7.404310,3.379130,21.934933,28.000000
IR_57739.jpg,2025-04-23 16:54:32,Cableduct,530.3004150390625,39.22821044921875,566.764892578125,61.90851593017578,8.679512,4.890602,22.514450,28.000000
IR_57739.jpg,2025-04-23 16:54:32,Machine,483.4630126953125,105.80476379394531,578.701171875,202.9988250732422,6.003018,5.180861,22.011789,28.000000
IR_57739.jpg,2025-04-23 16:54:32,Screen,615.1210327148438,249.12635803222656,639.6098022460938,341.918212890625,10.638943,5.054579,21.270344,27.356657
IR_57739.jpg,2025-04-23 16:54:32,Machine,197.93548583984375,105.46400451660156,222.85208129882812,130.7316131591797,0.794231,0.519934,21.757019,22.646475
IR_57739.jpg,2025-04-23 16:54:32,Machine,119.18315887451172,154.66378784179688,187.16064453125,229.7037353515625,6.359848,0.588468,22.154831,28.000000
IR_57739.jpg,2025-04-23 16:54:32,Machine,479.13848876953125,133.31143188476562,563.1950073242188,218.11569213867188,4.566312,5.379766,22.092070,28.000000
IR_57740.jpg,2025-04-23 16:55:03,Screen,344.31494140625,276.3357849121094,472.7178955078125,372.3480529785156,11.232659,4.146047,22.875963,30.400000
IR_57740.jpg,2025-04-23 16:55:03,Cableduct,215.93516540527344,0.9234695434570312,316.794921875,50.64826583862305,11.972909,3.401271,21.618097,30.400000
IR_57740.jpg,2025-04-23 16:55:03,Machine,111.33952331542969,169.99673461914062,145.92381286621094,273.8652648925781,6.613074,0.544757,23.712929,25.767885
IR_57740.jpg,2025-04-23 16:55:03,Person,528.080078125,301.9923095703125,640.0,483.5640869140625,11.672183,5.189324,24.767969,30.400000
IR_57740.jpg,2025-04-23 16:55:03,Screen,614.263427734375,251.78460693359375,639.473876953125,348.6319580078125,10.821070,4.979851,21.330395,22.876501
IR_57740.jpg,2025-04-23 16:55:03,Cableduct,322.09783935546875,15.5616455078125,358.998291015625,42.3389892578125,7.303827,3.345895,22.246666,30.400000
IR_57740.jpg,2025-04-23 16:55:03,Cableduct,575.2354736328125,32.20690155029297,623.493896484375,60.460609436035156,10.371493,5.204196,22.620558,30.400000
IR_57741.jpg,2025-04-23 16:55:32,Person,519.820068359375,315.2220458984375,640.0,483.0426025390625,11.776221,5.162326,24.780041,30.500000
IR_57741.jpg,2025-04-23 16:55:32,Screen,343.61083984375,276.4163818359375,472.76141357421875,372.5015869140625,11.280365,4.144711,22.963324,30.500000
IR_57741.jpg,2025-04-23 16:55:32,Machine,110.80928039550781,170.76968383789062,145.4040985107422,274.1012878417969,6.612385,0.531782,23.772070,25.602350
IR_57741.jpg,2025-04-23 16:55:32,Cableduct,221.7862548828125,0.9841499328613281,315.468505859375,48.264244079589844,11.069910,3.287853,21.738420,30.500000
IR_57741.jpg,2025-04-23 16:55:32,Cableduct,322.1593017578125,15.543724060058594,358.537109375,41.98256301879883,7.294711,3.338779,22.389761,30.500000
IR_57741.jpg,2025-04-23 16:55:32,Cableduct,576.3834228515625,33.227813720703125,623.4241943359375,60.1416015625,10.342115,5.205516,22.783607,30.500000
IR_57741.jpg,2025-04-23 16:55:32,Screen,612.3145751953125,253.4091796875,639.5177001953125,361.64910888671875,11.269094,4.848414,21.659100,27.048042
IR_57742.jpg,2025-04-23 16:56:03,Person,533.40673828125,329.259033203125,640.0,482.03460693359375,11.787855,5.212700,24.456423,28.200001
IR_57742.jpg,2025-04-23 16:56:03,Screen,344.45184326171875,275.93408203125,474.04498291015625,373.84130859375,11.283412,4.147854,22.382248,28.200001
IR_57742.jpg,2025-04-23 16:56:03,Cableduct,575.655517578125,32.25384521484375,622.88427734375,60.90684509277344,10.429184,5.214225,22.293201,28.200001
IR_57742.jpg,2025-04-23 16:56:03,Cableduct,221.21507263183594,1.0026512145996094,315.51416015625,49.399078369140625,11.114825,3.296254,21.376181,28.200001
IR_57742.jpg,2025-04-23 16:56:03,Machine,110.80538940429688,172.8349609375,145.0202178955078,274.17633056640625,6.574262,0.502847,23.151525,24.886684
IR_57742.jpg,2025-04-23 16:56:03,Cableduct,322.89361572265625,14.376113891601562,360.41009521484375,42.422786712646484,7.451674,3.398976,21.946232,28.200001
IR_57742.jpg,2025-04-23 16:56:03,Cableduct,529.0180053710938,38.50202178955078,567.5729370117188,63.32630157470703,8.734041,4.898716,22.396215,28.200001
IR_57742.jpg,2025-04-23 16:56:03,Screen,615.6392822265625,255.6344757080078,639.631591796875,344.48028564453125,10.600389,5.079470,21.386234,27.471540
IR_57742.jpg,2025-04-23 16:56:03,Machine,482.2850036621094,105.73136138916016,578.1593017578125,203.00253295898438,6.001911,5.187891,22.038162,28.200001
IR_57742.jpg,2025-04-23 16:56:03,Machine,119.7236328125,154.0303497314453,187.5338134765625,229.9147186279297,6.289710,0.587927,22.201910,28.200001
IR_57742.jpg,2025-04-23 16:56:03,Machine,478.01837158203125,133.58094787597656,562.3838500976562,218.53273010253906,4.551288,5.372927,22.127876,28.200001
IR_57742.jpg,2025-04-23 16:56:03,Machine,196.07369995117188,105.80380249023438,222.27999877929688,132.24090576171875,0.865929,0.519666,21.752655,22.630810
IR_57743.jpg,2025-04-23 16:56:32,Person,531.239501953125,328.07501220703125,640.0,484.9837646484375,11.826458,5.205220,24.137951,27.900000
IR_57743.jpg,2025-04-23 16:56:32,Screen,344.28411865234375,276.0549621582031,473.9300537109375,373.6886901855469,11.291646,4.147821,22.267025,27.900000
IR_57743.jpg,2025-04-23 16:56:32,Cableduct,219.24261474609375,1.035980224609375,316.1160888671875,50.50011444091797,11.432137,3.338483,21.231897,27.900000
IR_57743.jpg,2025-04-23 16:56:32,Cableduct,575.383056640625,32.763954162597656,624.0322265625,60.48932647705078,10.319584,5.198444,22.174700,27.900000
IR_57743.jpg,2025-04-23 16:56:32,Cableduct,323.3260498046875,15.158225059509277,359.92108154296875,41.32054138183594,7.320706,3.352724,21.909363,27.900000
IR_57743.jpg,2025-04-23 16:56:32,Machine,111.35968017578125,171.01589965820312,145.21453857421875,272.91192626953125,6.556670,0.516226,22.993816,24.765274
IR_57743.jpg,2025-04-23 16:56:32,Cableduct,529.548828125,38.8463134765625,566.237548828125,62.52098846435547,8.715799,4.894464,22.290226,26.355352
IR_57743.jpg,2025-04-23 16:56:32,Screen,614.8145751953125,245.58596801757812,639.6446533203125,339.7719421386719,10.624859,5.064463,21.305590,27.195822
IR_57743.jpg,2025-04-23 16:56:32,Machine,118.97393798828125,153.3563232421875,185.82516479492188,229.04412841796875,6.239501,0.570404,22.056120,27.900000
IR_57743.jpg,2025-04-23 16:56:32,Machine,478.71966552734375,133.02716064453125,562.4537963867188,218.13497924804688,4.568994,5.369809,22.001366,27.900000
IR_57743.jpg,2025-04-23 16:56:32,Machine,194.54934692382812,103.33897399902344,223.79708862304688,131.8445587158203,0.908630,0.528761,21.553158,22.448303
IR_57743.jpg,2025-04-23 16:56:32,Machine,481.0622863769531,105.21949768066406,579.403564453125,203.2705535888672,6.084196,5.213699,21.902922,27.900000
IR_57744.jpg,2025-04-23 16:57:02,Person,528.0225830078125,327.9063720703125,640.0,484.50469970703125,11.832480,5.193780,24.063519,27.900000
IR_57744.jpg,2025-04-23 16:57:02,Cableduct,220.41140747070312,0.9252204895019531,315.7966613769531,50.540679931640625,11.227725,3.316653,21.303911,27.900000
IR_57744.jpg,2025-04-23 16:57:02,Screen,345.17822265625,276.70843505859375,474.39599609375,375.4771728515625,11.276684,4.141656,22.281221,27.900000
IR_57744.jpg,2025-04-23 16:57:02,Cableduct,574.7452392578125,32.02581787109375,623.6893310546875,59.806884765625,10.323261,5.194979,22.275860,27.900000
IR_57744.jpg,2025-04-23 16:57:02,Cableduct,323.23944091796875,14.809220314025879,359.82379150390625,41.48089599609375,7.368728,3.366898,21.953234,27.900000
IR_57744.jpg,2025-04-23 16:57:02,Machine,111.16888427734375,170.90042114257812,145.28683471679688,273.9079895019531,6.610107,0.533202,23.047541,24.787989
IR_57744.jpg,2025-04-23 16:57:02,Cableduct,528.61376953125,38.59515380859375,567.63525390625,62.64208984375,8.672208,4.887803,22.317917,27.900000
IR_57744.jpg,2025-04-23 16:57:02,Machine,480.7511291503906,103.01982116699219,579.1993408203125,203.37168884277344,6.210523,5.178772,21.930573,27.900000
IR_57744.jpg,2025-04-23 16:57:02,Machine,119.12971496582031,154.25692749023438,186.24012756347656,228.56442260742188,6.319869,0.574808,22.107023,27.900000
IR_57744.jpg,2025-04-23 16:57:02,Machine,479.0570068359375,132.02426147460938,562.85107421875,217.50778198242188,4.604981,5.367028,22.052296,27.900000
IR_57744.jpg,2025-04-23 16:57:02,Screen,614.878173828125,250.09307861328125,639.6259765625,340.5439453125,10.544760,5.089445,21.360718,27.900000
IR_57745.jpg,2025-04-23 16:57:32,Person,528.361328125,329.9290771484375,640.0,483.61279296875,11.831423,5.195221,24.156218,28.000000
IR_57745.jpg,2025-04-23 16:57:32,Cableduct,575.4354248046875,32.43312072753906,624.1373291015625,60.889556884765625,10.365442,5.204540,22.178167,28.000000
IR_57745.jpg,2025-04-23 16:57:32,Screen,344.5474853515625,276.43701171875,474.03143310546875,375.148681640625,11.285545,4.139355,22.289854,28.000000
IR_57745.jpg,2025-04-23 16:57:32,Cableduct,219.5968017578125,0.7175979614257812,315.06488037109375,49.51404571533203,11.262094,3.306744,21.294424,28.000000
IR_57745.jpg,2025-04-23 16:57:32,Cableduct,322.6785888671875,14.698596954345703,359.78460693359375,42.321022033691406,7.410983,3.382364,21.844048,28.000000
IR_57745.jpg,2025-04-23 16:57:32,Machine,110.97402954101562,170.85964965820312,144.96759033203125,273.2420959472656,6.580142,0.520413,23.023876,24.829243
IR_57745.jpg,2025-04-23 16:57:32,Cableduct,530.149169921875,39.13670349121094,566.4208984375,63.46142578125,8.759535,4.904687,22.344278,26.437597
IR_57745.jpg,2025-04-23 16:57:32,Machine,478.92352294921875,133.18310546875,562.4188842773438,219.10885620117188,4.580540,5.352668,22.033401,28.000000
IR_57745.jpg,2025-04-23 16:57:32,Machine,481.80340576171875,104.8286361694336,578.3209838867188,203.02188110351562,6.065189,5.182102,21.935886,28.000000
IR_57745.jpg,2025-04-23 16:57:32,Cableduct,230.20635986328125,0.0,294.84442138671875,35.910369873046875,6.331882,2.398484,21.710703,28.000000
IR_57745.jpg,2025-04-23 16:57:32,Machine,118.6168212890625,154.96109008789062,186.32376098632812,228.65524291992188,6.408398,0.579047,22.103777,28.000000
IR_57746.jpg,2025-04-23 16:58:03,Person,3.219085693359375,132.90048217773438,103.04275512695312,393.8854064941406,9.681777,1.043957,24.750790,30.500000
IR_57746.jpg,2025-04-23 16:58:03,Screen,344.3059387207031,278.2463684082031,471.3762512207031,366.7885437011719,11.247501,4.175933,23.195295,30.500000
IR_57746.jpg,2025-04-23 16:58:03,Machine,108.76824951171875,170.36093139648438,145.12464904785156,273.5030822753906,6.558405,0.496277,23.192656,30.500000
IR_57746.jpg,2025-04-23 16:58:03,Machine,476.95513916015625,132.44635009765625,561.0731811523438,215.61981201171875,4.526289,5.381077,24.125732,30.500000
IR_57746.jpg,2025-04-23 16:58:03,Cableduct,530.8289794921875,40.4945068359375,567.511474609375,61.0257568359375,8.534092,4.871904,23.973570,30.500000
IR_57746.jpg,2025-04-23 16:58:03,Machine,483.9967956542969,110.31792449951172,576.152099609375,204.009033203125,5.680360,5.217597,23.462934,30.500000
IR_57747.jpg,2025-04-23 16:58:32,Person,533.3599853515625,323.4715576171875,640.0,483.74468994140625,11.776667,5.211734,23.362700,27.100000
IR_57747.jpg,2025-04-23 16:58:32,Screen,344.22210693359375,275.247802734375,473.74713134765625,375.1661376953125,11.248552,4.134015,22.094400,27.100000
IR_57747.jpg,2025-04-23 16:58:32,Cableduct,221.28890991210938,0.7958335876464844,314.9616394042969,48.45610427856445,11.055136,3.281446,21.191280,27.100000
IR_57747.jpg,2025-04-23 16:58:32,Cableduct,575.9130859375,33.15211486816406,623.429443359375,61.27943420410156,10.369837,5.208827,22.036434,27.100000
IR_57747.jpg,2025-04-23 16:58:32,Cableduct,322.89923095703125,14.92781925201416,360.46258544921875,41.83943176269531,7.351956,3.368557,21.740955,27.100000
IR_57747.jpg,2025-04-23 16:58:32,Machine,111.07122802734375,172.81356811523438,144.28179931640625,271.7392272949219,6.473360,0.471558,22.884279,24.554308
IR_57747.jpg,2025-04-23 16:58:32,Cableduct,528.5269775390625,38.36183547973633,567.5927734375,63.2602653503418,8.719100,4.895266,22.082933,27.100000
IR_57747.jpg,2025-04-23 16:58:32,Machine,478.66094970703125,132.86898803710938,562.9830932617188,218.29208374023438,4.583753,5.370384,21.847988,27.100000
IR_57748.jpg,2025-04-23 16:59:02,Person,536.6461791992188,328.90203857421875,640.0,482.88018798828125,11.783246,5.224136,23.664541,27.299999
IR_57748.jpg,2025-04-23 16:59:02,Cableduct,576.353515625,33.24401092529297,623.41162109375,59.97374725341797,10.331926,5.203903,22.255287,27.299999
IR_57748.jpg,2025-04-23 16:59:02,Screen,344.61260986328125,276.110107421875,473.61639404296875,375.37841796875,11.244110,4.133092,22.195869,27.299999
IR_57748.jpg,2025-04-23 16:59:02,Cableduct,220.3095703125,1.1359443664550781,316.35992431640625,51.39122009277344,11.295827,3.332015,21.251835,27.299999
IR_57748.jpg,2025-04-23 16:59:02,Machine,110.936279296875,171.05386352539062,144.93753051757812,274.2005310058594,6.630138,0.535149,22.877146,24.550653
IR_57748.jpg,2025-04-23 16:59:02,Cableduct,323.05908203125,14.799427032470703,360.510009765625,42.63865661621094,7.421449,3.390471,21.801844,27.299999
IR_57748.jpg,2025-04-23 16:59:02,Cableduct,530.300537109375,39.198158264160156,567.0294189453125,62.960716247558594,8.726651,4.899934,22.287775,26.200260
IR_57748.jpg,2025-04-23 16:59:02,Machine,482.5569763183594,104.15789031982422,579.5906982421875,201.9024658203125,6.128486,5.187207,21.858381,27.299999
IR_57748.jpg,2025-04-23 16:59:02,Screen,615.4627685546875,258.64666748046875,639.63232421875,338.02691650390625,10.361522,5.207699,21.136490,27.299999
IR_57748.jpg,2025-04-23 16:59:02,Cableduct,225.7815399169922,0.0,293.60186767578125,31.44464874267578,7.005537,2.405781,21.777233,27.299999
IR_57748.jpg,2025-04-23 16:59:02,Machine,479.3851013183594,134.0948486328125,562.3350830078125,218.6605224609375,4.536153,5.371470,21.950354,27.299999
IR_57748.jpg,2025-04-23 16:59:02,Machine,121.07527923583984,154.09991455078125,187.02206420898438,228.29986572265625,6.208442,0.574583,21.952066,27.299999
IR_57749.jpg,2025-04-23 16:59:33,Person,532.7723388671875,330.674560546875,640.0,483.58160400390625,11.817550,5.210903,23.685545,27.400000
IR_57749.jpg,2025-04-23 16:59:33,Screen,342.5533142089844,276.17791748046875,473.1238708496094,377.1629638671875,11.332527,4.113147,22.181385,27.400000
IR_57749.jpg,2025-04-23 16:59:33,Cableduct,576.46875,32.36127471923828,623.752685546875,60.852783203125,10.442891,5.218321,22.202171,27.400000
IR_57749.jpg,2025-04-23 16:59:33,Cableduct,216.34970092773438,1.2936553955078125,315.5132141113281,51.373382568359375,11.693887,3.349502,21.244267,27.400000
IR_57749.jpg,2025-04-23 16:59:33,Machine,110.66740417480469,172.47918701171875,145.2194366455078,273.0804138183594,6.517233,0.487206,22.858175,24.466841
IR_57749.jpg,2025-04-23 16:59:33,Cableduct,323.12872314453125,14.645439147949219,359.80389404296875,42.47597885131836,7.444538,3.391354,21.826097,27.400000
IR_57749.jpg,2025-04-23 16:59:33,Cableduct,528.446044921875,39.172706604003906,567.3226318359375,62.596702575683594,8.614459,4.879800,22.282763,27.400000
IR_57749.jpg,2025-04-23 16:59:33,Screen,614.4273681640625,257.16357421875,639.5968017578125,345.38507080078125,10.571032,5.091304,21.290197,27.400000
IR_57749.jpg,2025-04-23 16:59:33,Machine,196.73678588867188,105.67619323730469,222.45797729492188,131.5028839111328,0.844722,0.520118,21.566896,22.432898
IR_57749.jpg,2025-04-23 16:59:33,Machine,478.7584228515625,133.33987426757812,562.4041748046875,218.81549072265625,4.568324,5.361021,21.968340,27.400000
IR_57749.jpg,2025-04-23 16:59:33,Machine,482.0610656738281,104.73035430908203,578.137451171875,202.6953125,6.060469,5.176254,21.863853,27.400000
IR_57749.jpg,2025-04-23 16:59:33,Machine,119.47635650634766,154.652587890625,186.55136108398438,228.531494140625,6.337249,0.577293,21.921587,27.400000
IR_57750.jpg,2025-04-23 17:00:02,Person,531.3551025390625,331.28167724609375,640.0,482.40203857421875,11.812069,5.205870,23.790220,27.100000
IR_57750.jpg,2025-04-23 17:00:02,Screen,344.60595703125,276.7711486816406,473.31085205078125,375.4616394042969,11.247319,4.130606,22.164865,27.100000
IR_57750.jpg,2025-04-23 17:00:02,Cableduct,576.6597900390625,33.16075897216797,623.5716552734375,60.090049743652344,10.358160,5.208295,22.168375,27.100000
IR_57750.jpg,2025-04-23 17:00:02,Cableduct,219.8092041015625,0.9795761108398438,314.29339599609375,48.56040573120117,11.145122,3.274647,21.270077,27.100000
IR_57750.jpg,2025-04-23 17:00:02,Machine,110.71110534667969,172.99615478515625,145.01930236816406,273.407470703125,6.529737,0.487377,22.760395,24.452480
IR_57750.jpg,2025-04-23 17:00:02,Cableduct,320.89404296875,14.889010429382324,359.28057861328125,42.9781379699707,7.366155,3.371729,21.699728,27.100000
IR_57750.jpg,2025-04-23 17:00:02,Cableduct,530.130615234375,39.255104064941406,565.94482421875,62.30927276611328,8.702604,4.893620,22.294113,26.285379
IR_57750.jpg,2025-04-23 17:00:02,Screen,614.7461547851562,252.58502197265625,639.5321655273438,343.2265625,10.587498,5.072649,21.221333,27.100000
IR_57750.jpg,2025-04-23 17:00:02,Machine,483.13616943359375,106.13262176513672,578.1871948242188,201.80426025390625,5.961856,5.190938,21.838125,27.100000
IR_57750.jpg,2025-04-23 17:00:02,Machine,479.747314453125,132.86569213867188,562.01025390625,217.89608764648438,4.574315,5.361153,21.917995,27.100000
IR_57750.jpg,2025-04-23 17:00:02,Machine,118.40088653564453,153.90261840820312,186.35552978515625,228.51596069335938,6.353822,0.577213,21.866219,27.100000
IR_57750.jpg,2025-04-23 17:00:02,Cableduct,230.5579376220703,0.0,293.09002685546875,35.972164154052734,5.980727,2.354465,21.667978,27.100000
IR_57751.jpg,2025-04-23 17:00:32,Screen,341.12420654296875,275.8341369628906,474.4798583984375,377.2066955566406,11.493243,4.123600,21.765593,25.900000
IR_57751.jpg,2025-04-23 17:00:32,Cableduct,575.4517211914062,33.421939849853516,624.0402221679688,59.984012603759766,10.245552,5.189373,21.947603,25.900000
IR_57751.jpg,2025-04-23 17:00:32,Cableduct,220.49371337890625,1.3036689758300781,316.06854248046875,50.95751190185547,11.239381,3.317337,20.983797,25.900000
IR_57751.jpg,2025-04-23 17:00:32,Cableduct,529.0694580078125,38.64091491699219,568.2940673828125,62.96797180175781,8.693650,4.893277,21.843788,25.847519
IR_57751.jpg,2025-04-23 17:00:32,Machine,110.446044921875,169.91778564453125,145.6209716796875,274.79046630859375,6.659156,0.550673,22.366810,25.357702
IR_57751.jpg,2025-04-23 17:00:32,Person,560.364501953125,319.47509765625,640.0,482.919921875,11.629990,5.305275,23.016644,25.900000
IR_57751.jpg,2025-04-23 17:00:32,Screen,612.6077880859375,249.99038696289062,639.5550537109375,336.9872741699219,10.361252,5.161190,20.866055,25.900000
IR_57751.jpg,2025-04-23 17:00:32,Cableduct,322.30804443359375,15.895896911621094,359.03582763671875,42.60144805908203,7.289593,3.341622,21.567883,25.900000
IR_57751.jpg,2025-04-23 17:00:32,Machine,118.63716125488281,153.2781982421875,186.8379364013672,228.40643310546875,6.318365,0.577430,21.539349,25.900000
IR_57751.jpg,2025-04-23 17:00:32,Machine,482.3395080566406,104.05705261230469,577.6424560546875,202.10081481933594,6.075584,5.158734,21.456623,25.900000
IR_57751.jpg,2025-04-23 17:00:32,Person,556.9322509765625,261.4149169921875,640.0,482.99261474609375,11.277269,5.281290,22.437151,25.900000
IR_57751.jpg,2025-04-23 17:00:32,Machine,479.36676025390625,133.8592529296875,561.7857055664062,217.85980224609375,4.525614,5.377216,21.531769,25.900000
IR_57752.jpg,2025-04-23 17:01:02,Person,0.6642837524414062,130.24832153320312,101.51374053955078,394.8845520019531,9.688480,1.039177,22.791779,28.200001
IR_57752.jpg,2025-04-23 17:01:02,Screen,341.2353515625,276.5074462890625,470.40679931640625,370.71649169921875,11.296057,4.131709,22.744150,28.200001
IR_57752.jpg,2025-04-23 17:01:02,Machine,110.53172302246094,168.51190185546875,145.64784240722656,273.6002197265625,6.630146,0.552084,22.888773,28.200001
IR_57752.jpg,2025-04-23 17:01:02,Machine,477.2948303222656,132.36566162109375,563.1824951171875,219.00836181640625,4.625262,5.354495,23.046690,28.200001
IR_57752.jpg,2025-04-23 17:01:02,Cableduct,530.4044189453125,38.69816589355469,569.0054931640625,61.90174865722656,8.691500,4.894028,22.790157,28.200001
IR_57752.jpg,2025-04-23 17:01:02,Cableduct,323.68096923828125,14.997394561767578,359.93829345703125,38.7746696472168,7.198072,3.313821,24.006107,28.200001
IR_57752.jpg,2025-04-23 17:01:02,Cableduct,227.65097045898438,0.0,304.2393493652344,29.940149307250977,8.789522,2.765391,22.541464,28.200001
IR_57752.jpg,2025-04-23 17:01:02,Cableduct,576.4328002929688,39.099403381347656,620.8491821289062,59.841896057128906,9.845984,5.126623,24.182619,28.200001
IR_57752.jpg,2025-04-23 17:01:02,Machine,482.4991455078125,109.57559204101562,581.9212646484375,214.13009643554688,5.998452,5.212300,22.998161,28.200001
IR_57752.jpg,2025-04-23 17:01:02,Cableduct,222.0117645263672,0.8561172485351562,314.91778564453125,50.164894104003906,10.894127,3.271149,22.539322,28.200001
IR_57752.jpg,2025-04-23 17:01:02,Window,154.74221801757812,50.72275924682617,208.00753784179688,117.73405456542969,1.675969,0.570440,23.519571,28.200001
IR_57752.jpg,2025-04-23 17:01:02,Screen,612.0399169921875,280.03289794921875,639.7864990234375,363.74481201171875,10.762622,5.067732,24.302174,28.200001
IR_57752.jpg,2025-04-23 17:01:02,Cableduct,430.686767578125,36.19354248046875,462.133056640625,53.105072021484375,7.343579,4.510448,23.894278,28.200001
IR_57753.jpg,2025-04-23 17:01:32,Screen,341.09100341796875,274.9821472167969,473.5767822265625,375.6052551269531,11.420832,4.124764,21.984390,26.799999
IR_57753.jpg,2025-04-23 17:01:32,Cableduct,576.2091674804688,33.1944580078125,624.4451293945312,60.44313049316406,10.319530,5.201598,22.076864,26.799999
IR_57753.jpg,2025-04-23 17:01:32,Machine,110.399658203125,173.24728393554688,145.54873657226562,275.0496520996094,6.588255,0.502946,22.677675,24.240210
IR_57753.jpg,2025-04-23 17:01:32,Screen,612.49072265625,275.09246826171875,639.7291259765625,376.5257568359375,11.318730,4.811736,21.330511,26.085640
IR_57753.jpg,2025-04-23 17:01:32,Cableduct,218.67623901367188,1.2835540771484375,316.2205505371094,50.11561584472656,11.533318,3.343688,21.118708,26.799999
IR_57753.jpg,2025-04-23 17:01:32,Machine,478.3367919921875,131.4632568359375,563.17431640625,219.512939453125,4.669788,5.328313,21.681192,26.799999
IR_57753.jpg,2025-04-23 17:01:32,Cableduct,322.975341796875,15.557356834411621,358.9119873046875,43.3321533203125,7.402603,3.373491,21.731756,26.799999
IR_57753.jpg,2025-04-23 17:01:32,Person,363.5180969238281,139.18896484375,440.3048400878906,289.7536315917969,6.096332,3.482418,22.627068,26.799999
IR_57753.jpg,2025-04-23 17:01:32,Person,308.1856689453125,136.86343383789062,395.2989501953125,290.40545654296875,6.110738,2.922719,22.448435,26.799999
IR_57754.jpg,2025-04-23 17:02:02,Screen,342.4789123535156,275.47149658203125,473.2092590332031,374.26226806640625,11.336323,4.133407,21.602308,24.700001
IR_57754.jpg,2025-04-23 17:02:02,Cableduct,218.44723510742188,1.4840545654296875,316.1858215332031,51.59532165527344,11.506556,3.342258,20.893894,24.700001
IR_57754.jpg,2025-04-23 17:02:02,Cableduct,576.3243408203125,34.850730895996094,622.4146728515625,59.837440490722656,10.206358,5.188380,21.831720,24.700001
IR_57754.jpg,2025-04-23 17:02:02,Machine,480.2608642578125,133.53622436523438,561.908935546875,218.83468627929688,4.570344,5.351044,21.346243,24.700001
IR_57754.jpg,2025-04-23 17:02:02,Cableduct,528.973388671875,40.252872467041016,564.8048095703125,61.07393264770508,8.516729,4.862570,21.804722,24.570757
IR_57754.jpg,2025-04-23 17:02:02,Machine,110.943115234375,171.1759033203125,144.40687561035156,273.5076904296875,6.606422,0.524470,22.171911,24.254829
IR_57754.jpg,2025-04-23 17:02:02,Screen,612.9510498046875,279.45623779296875,639.5377197265625,367.16534423828125,10.904559,4.997439,20.922085,24.527676
IR_57754.jpg,2025-04-23 17:02:02,Cableduct,429.80474853515625,33.978023529052734,461.38311767578125,56.54812240600586,7.719858,4.574372,21.503866,24.700001
IR_57754.jpg,2025-04-23 17:02:02,Cableduct,322.1560974121094,15.440841674804688,358.0105285644531,41.39683532714844,7.279753,3.329262,21.545980,24.700001
IR_57755.jpg,2025-04-23 17:02:33,Screen,342.32855224609375,276.12384033203125,473.68218994140625,376.24114990234375,11.384670,4.124785,21.599096,24.900000
IR_57755.jpg,2025-04-23 17:02:33,Cableduct,217.9797821044922,1.6298446655273438,314.94781494140625,52.75489807128906,11.340087,3.306733,20.921041,24.900000
IR_57755.jpg,2025-04-23 17:02:33,Cableduct,575.3394775390625,34.246620178222656,621.9090576171875,58.830345153808594,10.175720,5.180856,21.951061,24.900000
IR_57755.jpg,2025-04-23 17:02:33,Machine,109.93388366699219,170.07852172851562,144.6140594482422,274.4100036621094,6.657872,0.540255,22.144979,24.438643
IR_57755.jpg,2025-04-23 17:02:33,Machine,480.9542236328125,133.70709228515625,562.254150390625,219.2000732421875,4.579500,5.347105,21.419220,24.900000
IR_57755.jpg,2025-04-23 17:02:33,Screen,613.861083984375,273.15533447265625,639.83203125,374.18292236328125,11.328810,4.815738,21.018206,24.751175
IR_57755.jpg,2025-04-23 17:02:33,Cableduct,321.9638671875,14.897598266601562,358.2056884765625,41.948974609375,7.364573,3.357728,21.483835,24.900000
IR_57755.jpg,2025-04-23 17:02:33,Cableduct,528.681640625,40.337242126464844,563.91650390625,61.61644744873047,8.536393,4.865208,21.851849,24.780939
IR_57755.jpg,2025-04-23 17:02:33,Cableduct,430.0733642578125,35.09184265136719,462.3092041015625,57.047332763671875,7.602651,4.557950,21.596556,24.900000
IR_57755.jpg,2025-04-23 17:02:33,Machine,119.86422729492188,153.52420043945312,183.88238525390625,228.90847778320312,6.112222,0.548174,21.423229,24.900000
IR_57755.jpg,2025-04-23 17:02:33,Person,567.1636962890625,222.20208740234375,640.0,482.0389404296875,10.917974,5.300868,21.554960,24.900000
IR_57755.jpg,2025-04-23 17:02:33,Person,571.1224365234375,288.16802978515625,640.0,482.30303955078125,11.379037,5.336997,21.829678,24.900000
IR_57756.jpg,2025-04-23 17:03:02,Screen,341.11700439453125,275.57806396484375,474.03302001953125,377.56915283203125,11.455422,4.116217,21.588923,25.200001
IR_57756.jpg,2025-04-23 17:03:02,Cableduct,219.874267578125,1.6765251159667969,315.87066650390625,52.1262321472168,11.248140,3.312055,20.905323,25.200001
IR_57756.jpg,2025-04-23 17:03:02,Cableduct,529.5653686523438,38.823272705078125,567.2140502929688,61.71614074707031,8.662915,4.886168,21.767242,25.072584
IR_57756.jpg,2025-04-23 17:03:02,Cableduct,577.395263671875,34.377166748046875,622.179931640625,58.97046661376953,10.265194,5.194904,22.010910,25.200001
IR_57756.jpg,2025-04-23 17:03:02,Machine,110.42962646484375,170.23980712890625,144.74020385742188,274.9305419921875,6.690016,0.555154,22.209892,24.706266
IR_57756.jpg,2025-04-23 17:03:02,Cableduct,429.77166748046875,34.0039176940918,461.61712646484375,56.79811477661133,7.713388,4.572466,21.648659,25.200001
IR_57756.jpg,2025-04-23 17:03:02,Machine,480.4393615722656,134.12664794921875,562.1456298828125,219.70559692382812,4.566579,5.345138,21.427801,25.200001
IR_57756.jpg,2025-04-23 17:03:02,Screen,611.85986328125,275.65484619140625,639.788818359375,375.06976318359375,11.210268,4.850124,21.077295,25.072584
IR_57756.jpg,2025-04-23 17:03:02,Cableduct,321.72235107421875,15.544170379638672,358.9085693359375,42.08953094482422,7.276838,3.337935,21.486086,25.200001
IR_57756.jpg,2025-04-23 17:03:02,Person,561.5684814453125,226.5526123046875,640.0,481.73577880859375,10.976731,5.283352,21.628239,25.200001
IR_57756.jpg,2025-04-23 17:03:02,Person,560.1453857421875,281.9765319824219,640.0,481.9443664550781,11.384830,5.297948,21.831198,25.200001
IR_57756.jpg,2025-04-23 17:03:02,Window,166.4982452392578,53.5645751953125,197.2535858154297,116.84884643554688,1.378121,0.616089,20.730370,25.200001
IR_57757.jpg,2025-04-23 17:03:32,Screen,343.4381103515625,275.98797607421875,473.82232666015625,375.81573486328125,11.322523,4.130372,21.555651,24.900000
IR_57757.jpg,2025-04-23 17:03:32,Cableduct,217.96554565429688,1.8458290100097656,316.4122009277344,54.17209243774414,11.514453,3.349527,20.853832,24.900000
IR_57757.jpg,2025-04-23 17:03:32,Screen,613.4093017578125,276.1722106933594,639.8385009765625,373.8742980957031,11.214227,4.860288,20.985573,24.766058
IR_57757.jpg,2025-04-23 17:03:32,Machine,480.450927734375,133.7158203125,561.8482666015625,217.40969848632812,4.536387,5.376757,21.322308,24.900000
IR_57757.jpg,2025-04-23 17:03:32,Machine,110.17341613769531,170.4925537109375,144.81788635253906,274.67779541015625,6.659968,0.541107,22.128233,24.438643
IR_57757.jpg,2025-04-23 17:03:32,Cableduct,574.3001098632812,33.82420349121094,622.1486206054688,59.02626037597656,10.152021,5.173887,21.741590,24.900000
IR_57757.jpg,2025-04-23 17:03:32,Cableduct,528.9411010742188,39.98545455932617,564.2741088867188,60.64870071411133,8.529652,4.862349,21.814898,24.766058
IR_57757.jpg,2025-04-23 17:03:32,Cableduct,321.2977600097656,14.77939224243164,358.0502014160156,41.73895263671875,7.340902,3.351254,21.435522,24.900000
IR_57757.jpg,2025-04-23 17:03:32,Cableduct,429.67840576171875,34.74479675292969,462.52874755859375,56.481910705566406,7.561067,4.540743,21.557146,24.900000
IR_57757.jpg,2025-04-23 17:03:32,Machine,117.36138153076172,154.1523895263672,187.08001708984375,229.0447540283203,6.470664,0.586389,21.328070,24.900000
IR_57758.jpg,2025-04-23 17:04:02,Screen,343.10174560546875,276.350830078125,473.26446533203125,375.979248046875,11.320016,4.123974,21.589733,24.799999
IR_57758.jpg,2025-04-23 17:04:02,Cableduct,219.55662536621094,1.6111335754394531,316.7086181640625,53.072025299072266,11.387056,3.343814,20.871353,24.799999
IR_57758.jpg,2025-04-23 17:04:02,Cableduct,574.8477783203125,33.75238037109375,622.7017822265625,59.04295349121094,10.176677,5.178528,21.759632,24.799999
IR_57758.jpg,2025-04-23 17:04:02,Machine,110.83250427246094,170.33905029296875,144.20838928222656,274.70281982421875,6.702649,0.560633,22.109581,24.332115
IR_57758.jpg,2025-04-23 17:04:02,Machine,480.56707763671875,134.8409423828125,562.1336059570312,219.76983642578125,4.539548,5.353720,21.337488,24.799999
IR_57758.jpg,2025-04-23 17:04:02,Screen,613.4721069335938,275.1112060546875,639.8040161132812,375.431396484375,11.313694,4.821134,21.046350,24.756136
IR_57758.jpg,2025-04-23 17:04:02,Cableduct,321.42047119140625,15.889236450195312,356.23675537109375,42.18687438964844,7.278928,3.318580,21.499260,24.799999
IR_57758.jpg,2025-04-23 17:04:02,Cableduct,429.83966064453125,34.03709030151367,461.54730224609375,56.42691421508789,7.698774,4.569537,21.563101,24.799999
IR_57758.jpg,2025-04-23 17:04:02,Cableduct,529.756591796875,40.42140197753906,565.7335205078125,60.18213653564453,8.481091,4.858300,21.866066,24.697651
IR_57759.jpg,2025-04-23 17:04:32,Screen,343.47930908203125,276.119384765625,472.47161865234375,375.344482421875,11.243752,4.120891,21.627861,24.700001
IR_57759.jpg,2025-04-23 17:04:32,Cableduct,215.74444580078125,1.5191802978515625,315.94970703125,50.96916198730469,11.851664,3.366002,20.890062,24.700001
IR_57759.jpg,2025-04-23 17:04:32,Machine,480.24224853515625,133.5112762451172,562.5018920898438,219.02098083496094,4.576093,5.353803,21.342531,24.700001
IR_57759.jpg,2025-04-23 17:04:32,Cableduct,574.4688720703125,34.05120086669922,622.9530029296875,59.31781005859375,10.133574,5.172223,21.821850,24.700001
IR_57759.jpg,2025-04-23 17:04:32,Machine,109.96202087402344,170.81869506835938,144.5902557373047,274.513671875,6.645105,0.530881,22.082466,24.254829
IR_57759.jpg,2025-04-23 17:04:32,Cableduct,323.4010009765625,15.52676773071289,358.9033203125,41.126285552978516,7.287858,3.334281,21.551975,24.700001
IR_57759.jpg,2025-04-23 17:04:32,Cableduct,528.8580932617188,40.11713409423828,564.5355834960938,60.62617492675781,8.507516,4.859495,21.828934,24.599478
IR_57759.jpg,2025-04-23 17:04:32,Screen,612.897705078125,278.8270263671875,639.572021484375,366.7601318359375,10.898178,4.998465,20.975033,24.656919
IR_57759.jpg,2025-04-23 17:04:32,Cableduct,429.23284912109375,33.500274658203125,462.06988525390625,56.84480285644531,7.694805,4.558135,21.479559,24.700001
IR_57759.jpg,2025-04-23 17:04:32,Window,161.39590454101562,51.965118408203125,197.63143920898438,116.31004333496094,1.245167,0.571574,20.707638,24.700001
IR_57760.jpg,2025-04-23 17:05:02,Cableduct,215.6190185546875,1.3350601196289062,315.94677734375,51.475711822509766,11.853300,3.371075,20.881027,24.700001
IR_57760.jpg,2025-04-23 17:05:02,Screen,343.4932861328125,276.00213623046875,472.9447021484375,375.51190185546875,11.267200,4.124108,21.620060,24.700001
IR_57760.jpg,2025-04-23 17:05:02,Cableduct,576.6948852539062,34.67961883544922,622.1640014648438,58.64417266845703,10.189042,5.183853,21.909626,24.700001
IR_57760.jpg,2025-04-23 17:05:02,Screen,611.8510131835938,279.3892822265625,639.5548706054688,367.72039794921875,10.887648,4.998756,20.961674,24.656919
IR_57760.jpg,2025-04-23 17:05:02,Machine,110.24725341796875,171.15963745117188,144.66033935546875,273.8761901855469,6.603078,0.517543,22.106817,24.240471
IR_57760.jpg,2025-04-23 17:05:02,Cableduct,528.9869384765625,40.02716827392578,565.4093017578125,61.16504669189453,8.531199,4.865134,21.771526,24.585117
IR_57760.jpg,2025-04-23 17:05:02,Machine,479.91632080078125,135.864013671875,561.5414428710938,219.05520629882812,4.473142,5.378964,21.328268,24.700001
IR_57760.jpg,2025-04-23 17:05:02,Cableduct,321.97491455078125,15.907032012939453,357.49786376953125,41.551918029785156,7.237773,3.313427,21.523668,24.700001
IR_57760.jpg,2025-04-23 17:05:02,Cableduct,429.6912841796875,35.36100769042969,462.575439453125,56.93168640136719,7.529180,4.540484,21.583965,24.700001
IR_57761.jpg,2025-04-23 17:05:32,Screen,341.412353515625,275.86724853515625,473.0076904296875,375.97076416015625,11.392962,4.118552,21.597321,24.700001
IR_57761.jpg,2025-04-23 17:05:32,Cableduct,215.9764862060547,1.5934104919433594,315.83416748046875,52.1498908996582,11.762710,3.358776,20.895493,24.700001
IR_57761.jpg,2025-04-23 17:05:32,Cableduct,574.270751953125,34.10685729980469,622.685302734375,59.14527893066406,10.116701,5.169387,21.837000,24.700001
IR_57761.jpg,2025-04-23 17:05:32,Machine,480.14117431640625,132.37869262695312,562.6265258789062,219.15802001953125,4.626425,5.335534,21.332424,24.700001
IR_57761.jpg,2025-04-23 17:05:32,Cableduct,528.694580078125,39.61090087890625,565.179443359375,61.37843322753906,8.569229,4.869502,21.730062,24.585117
IR_57761.jpg,2025-04-23 17:05:32,Machine,110.14729309082031,171.04388427734375,144.5526123046875,274.9772644042969,6.671154,0.539610,22.097652,24.240471
IR_57761.jpg,2025-04-23 17:05:32,Screen,612.8697509765625,276.58026123046875,639.7520751953125,371.50714111328125,11.078637,4.907682,21.027298,24.656919
IR_57761.jpg,2025-04-23 17:05:32,Cableduct,321.1235656738281,15.056326866149902,359.5981140136719,41.78131866455078,7.278336,3.347791,21.505739,24.700001
IR_57761.jpg,2025-04-23 17:05:32,Cableduct,429.87493896484375,35.483734130859375,462.09588623046875,57.244773864746094,7.580700,4.556986,21.484171,24.700001
IR_57761.jpg,2025-04-23 17:05:32,Window,161.95823669433594,53.07976531982422,196.2676544189453,117.54424285888672,1.262496,0.574106,20.668501,24.700001
IR_57762.jpg,2025-04-23 17:06:02,Screen,343.22137451171875,276.2130432128906,472.40423583984375,375.2707824707031,11.259143,4.120594,21.532679,24.600000
IR_57762.jpg,2025-04-23 17:06:02,Cableduct,218.535888671875,1.4377326965332031,316.14642333984375,52.78784942626953,11.449422,3.341387,20.805668,24.600000
IR_57762.jpg,2025-04-23 17:06:02,Machine,480.4726257324219,134.34194946289062,562.832275390625,219.17959594726562,4.547973,5.365583,21.266382,24.600000
IR_57762.jpg,2025-04-23 17:06:02,Cableduct,574.3062133789062,34.09638214111328,623.1044311523438,59.27960968017578,10.114085,5.169035,21.714771,24.600000
IR_57762.jpg,2025-04-23 17:06:02,Screen,612.112548828125,277.002197265625,639.77734375,371.41986083984375,11.035562,4.921764,20.937084,24.556919
IR_57762.jpg,2025-04-23 17:06:02,Machine,109.85256958007812,171.09719848632812,144.05044555664062,274.086181640625,6.630065,0.520775,21.972229,24.154831
IR_57762.jpg,2025-04-23 17:06:02,Cableduct,528.675048828125,39.896697998046875,564.898193359375,61.508148193359375,8.553277,4.867669,21.672825,24.542559
IR_57762.jpg,2025-04-23 17:06:02,Cableduct,322.33953857421875,14.874329566955566,357.4490966796875,41.1055908203125,7.344160,3.343133,21.441744,24.600000
IR_57762.jpg,2025-04-23 17:06:02,Cableduct,429.4974670410156,35.02754211425781,462.7079162597656,57.14472961425781,7.549158,4.540279,21.398386,24.600000
IR_57763.jpg,2025-04-23 17:06:32,Screen,341.5718994140625,275.893798828125,473.26165771484375,374.6982421875,11.407243,4.130367,21.555494,24.600000
IR_57763.jpg,2025-04-23 17:06:32,Machine,480.4647216796875,133.4766845703125,562.0130615234375,218.15771484375,4.562163,5.362113,21.313095,24.600000
IR_57763.jpg,2025-04-23 17:06:32,Cableduct,218.2228240966797,1.3957633972167969,315.97076416015625,53.09457778930664,11.454734,3.340514,20.818010,24.600000
IR_57763.jpg,2025-04-23 17:06:32,Machine,109.39859008789062,170.33795166015625,144.74359130859375,274.8198547363281,6.657512,0.533462,21.988354,24.197910
IR_57763.jpg,2025-04-23 17:06:32,Cableduct,575.9375,35.14851379394531,621.9500732421875,59.87554168701172,10.170398,5.182772,21.824085,24.600000
IR_57763.jpg,2025-04-23 17:06:32,Screen,611.89501953125,273.08306884765625,639.6339111328125,367.3135986328125,10.955236,4.943635,20.904125,24.556919
IR_57763.jpg,2025-04-23 17:06:32,Cableduct,430.113525390625,35.209938049316406,461.95196533203125,56.541404724121094,7.590847,4.557278,21.496807,24.600000
IR_57763.jpg,2025-04-23 17:06:32,Cableduct,528.9779052734375,38.8970947265625,566.6588134765625,61.436607360839844,8.624189,4.878399,21.633385,24.485117
IR_57763.jpg,2025-04-23 17:06:32,Cableduct,321.4764709472656,14.70136547088623,357.5570373535156,41.07612228393555,7.325148,3.341052,21.430431,24.600000
IR_57763.jpg,2025-04-23 17:06:32,Machine,196.0977783203125,95.28573608398438,225.9571533203125,127.85861206054688,0.616149,0.506655,20.929344,21.584333
IR_57763.jpg,2025-04-23 17:06:32,Window,140.87625122070312,58.097293853759766,177.54946899414062,118.8779296875,1.041255,0.350644,20.573141,24.600000
IR_57764.jpg,2025-04-23 17:07:02,Screen,338.8607177734375,273.8681335449219,474.00146484375,376.5982971191406,11.543950,4.120465,21.664326,26.100000
IR_57764.jpg,2025-04-23 17:07:02,Cableduct,576.1044921875,33.588645935058594,622.849609375,60.458045959472656,10.324329,5.203570,21.916178,26.100000
IR_57764.jpg,2025-04-23 17:07:02,Machine,110.05644226074219,170.52008056640625,144.6115264892578,274.88189697265625,6.675785,0.544238,22.238609,23.797129
IR_57764.jpg,2025-04-23 17:07:02,Cableduct,219.30516052246094,1.3037147521972656,313.9061279296875,50.874046325683594,11.072001,3.263486,20.895191,26.100000
IR_57764.jpg,2025-04-23 17:07:02,Screen,613.308349609375,277.5479736328125,639.708251953125,375.090576171875,11.229147,4.854254,21.088200,25.697910
IR_57764.jpg,2025-04-23 17:07:02,Cableduct,322.36700439453125,14.785648345947266,358.05389404296875,42.33438491821289,7.420182,3.372486,21.514765,26.100000
IR_57764.jpg,2025-04-23 17:07:02,Machine,478.9783020019531,133.11978149414062,562.8759765625,218.82522583007812,4.583040,5.361585,21.432304,26.100000
IR_57764.jpg,2025-04-23 17:07:02,Cableduct,527.4171142578125,39.48274230957031,566.6844482421875,62.06182098388672,8.521676,4.863210,21.824627,26.100000
IR_57764.jpg,2025-04-23 17:07:02,Person,360.47869873046875,161.656494140625,434.153564453125,271.48138427734375,5.863855,3.426554,22.495699,26.100000
IR_57765.jpg,2025-04-23 17:07:32,Screen,340.348388671875,275.6566162109375,472.713134765625,376.7501220703125,11.429117,4.108396,21.560877,24.600000
IR_57765.jpg,2025-04-23 17:07:32,Cableduct,214.02175903320312,1.465911865234375,315.1098937988281,52.992530822753906,11.886732,3.362020,20.873138,24.600000
IR_57765.jpg,2025-04-23 17:07:32,Machine,480.1148681640625,133.85031127929688,562.239990234375,217.85458374023438,4.535585,5.378243,21.328779,24.600000
IR_57765.jpg,2025-04-23 17:07:32,Machine,109.99485778808594,169.77304077148438,144.72930908203125,274.792236328125,6.685373,0.552626,21.984486,24.106527
IR_57765.jpg,2025-04-23 17:07:32,Cableduct,574.96875,34.4591064453125,622.9805908203125,59.38987731933594,10.131536,5.174372,21.788921,24.600000
IR_57765.jpg,2025-04-23 17:07:32,Screen,613.0379638671875,278.0555725097656,639.7662353515625,371.7949523925781,11.062704,4.917962,21.029249,24.557703
IR_57765.jpg,2025-04-23 17:07:32,Cableduct,321.8339538574219,14.81564998626709,358.5757751464844,42.37395477294922,7.388185,3.368803,21.435635,24.600000
IR_57765.jpg,2025-04-23 17:07:32,Cableduct,429.99578857421875,34.50006103515625,461.89398193359375,57.212615966796875,7.688067,4.572750,21.456747,24.600000
IR_57765.jpg,2025-04-23 17:07:32,Cableduct,529.8325805664062,40.5718994140625,563.8007202148438,59.86369323730469,8.491993,4.857432,21.916656,24.557703
IR_57765.jpg,2025-04-23 17:07:32,Machine,120.2055892944336,153.523681640625,188.48190307617188,228.63717651367188,6.288507,0.590215,21.291958,24.600000
IR_57766.jpg,2025-04-23 17:08:02,Screen,341.45196533203125,276.39312744140625,474.26129150390625,376.43853759765625,11.482572,4.128347,21.477936,24.500000
IR_57766.jpg,2025-04-23 17:08:02,Cableduct,220.60580444335938,1.4775314331054688,315.4252624511719,51.1037483215332,11.119576,3.292616,20.798054,24.500000
IR_57766.jpg,2025-04-23 17:08:02,Machine,480.39801025390625,134.651611328125,562.2207641601562,218.424072265625,4.517112,5.378012,21.257654,24.500000
IR_57766.jpg,2025-04-23 17:08:02,Cableduct,576.358154296875,34.973167419433594,622.25390625,59.25409698486328,10.172714,5.182744,21.766529,24.500000
IR_57766.jpg,2025-04-23 17:08:02,Machine,110.26387023925781,170.04074096679688,144.5821990966797,275.56781005859375,6.734049,0.568991,21.920031,24.057180
IR_57766.jpg,2025-04-23 17:08:02,Screen,612.2532348632812,275.62481689453125,639.7478637695312,372.95294189453125,11.138584,4.879464,20.932352,24.458487
IR_57766.jpg,2025-04-23 17:08:02,Cableduct,528.8081665039062,40.29078674316406,565.0485229492188,61.8253173828125,8.535707,4.866982,21.673944,24.389296
IR_57766.jpg,2025-04-23 17:08:02,Cableduct,322.5302734375,14.59926986694336,357.9066162109375,41.02506637573242,7.370240,3.353837,21.432632,24.500000
IR_57766.jpg,2025-04-23 17:08:02,Cableduct,430.120849609375,34.76161193847656,461.658935546875,56.74217224121094,7.662609,4.570531,21.442564,24.500000
IR_57766.jpg,2025-04-23 17:08:02,Window,161.62191772460938,57.12030029296875,196.34896850585938,117.70668029785156,1.009331,0.508176,20.596661,24.500000
IR_57766.jpg,2025-04-23 17:08:02,Window,144.20742797851562,57.97746276855469,190.33966064453125,118.06219482421875,1.304973,0.389184,20.508732,24.500000
IR_57767.jpg,2025-04-23 17:08:33,Person,531.6149291992188,290.6161804199219,640.0,480.5721740722656,11.548916,5.199447,22.765829,26.700001
IR_57767.jpg,2025-04-23 17:08:33,Screen,340.4931640625,275.8630065917969,473.07757568359375,375.9835510253906,11.454082,4.117958,22.173630,26.700001
IR_57767.jpg,2025-04-23 17:08:33,Cableduct,220.7549591064453,1.9049263000488281,315.09478759765625,52.68531036376953,10.991168,3.273210,21.298510,26.700001
IR_57767.jpg,2025-04-23 17:08:33,Cableduct,577.5980834960938,33.586387634277344,622.5294799804688,59.48357391357422,10.364421,5.209320,22.415756,26.700001
IR_57767.jpg,2025-04-23 17:08:33,Cableduct,528.6221313476562,39.98383331298828,565.3418579101562,61.237693786621094,8.521736,4.863095,22.304541,25.985640
IR_57767.jpg,2025-04-23 17:08:33,Machine,109.80741882324219,169.76031494140625,144.6261444091797,274.43890380859375,6.664923,0.543681,22.649906,24.239426
IR_57767.jpg,2025-04-23 17:08:33,Cableduct,322.54547119140625,14.349102020263672,358.57879638671875,42.288673400878906,7.465167,3.389493,21.949007,26.700001
IR_57767.jpg,2025-04-23 17:08:33,Machine,479.94537353515625,132.419921875,563.8821411132812,217.31329345703125,4.598360,5.377283,21.924923,26.700001
IR_57768.jpg,2025-04-23 17:09:02,Cableduct,575.053466796875,32.20518493652344,622.61767578125,59.896636962890625,10.360069,5.201963,22.133078,27.000000
IR_57768.jpg,2025-04-23 17:09:02,Screen,342.6357421875,276.2986145019531,472.789794921875,374.1724548339844,11.328699,4.131594,21.980177,27.000000
IR_57768.jpg,2025-04-23 17:09:02,Cableduct,218.41915893554688,1.09185791015625,314.7651672363281,49.66539001464844,11.363850,3.304396,21.148623,27.000000
IR_57768.jpg,2025-04-23 17:09:02,Machine,109.9696044921875,170.27297973632812,144.88670349121094,273.63385009765625,6.598878,0.520623,22.355396,27.000000
IR_57768.jpg,2025-04-23 17:09:02,Cableduct,528.47314453125,40.2086181640625,565.331298828125,61.91566467285156,8.525616,4.865264,22.180286,27.000000
IR_57768.jpg,2025-04-23 17:09:02,Screen,613.0017700195312,277.05157470703125,639.6842651367188,373.8270263671875,11.174349,4.872063,21.316437,26.287207
IR_57768.jpg,2025-04-23 17:09:02,Machine,479.72100830078125,131.9390869140625,562.6442260742188,216.66259765625,4.593806,5.368512,21.683018,27.000000
IR_57768.jpg,2025-04-23 17:09:02,Screen,611.7879638671875,258.275146484375,639.5709228515625,359.0889892578125,10.984629,4.909698,21.066000,27.000000
IR_57768.jpg,2025-04-23 17:09:02,Cableduct,323.30682373046875,16.184226989746094,359.23931884765625,41.92039489746094,7.251639,3.327553,21.794806,27.000000
IR_57768.jpg,2025-04-23 17:09:02,Machine,119.23613739013672,151.767822265625,186.28509521484375,229.81732177734375,6.131638,0.571931,21.584511,27.000000
IR_57768.jpg,2025-04-23 17:09:02,Cableduct,429.88946533203125,35.58837890625,461.00311279296875,56.195068359375,7.588398,4.562453,22.186581,27.000000
IR_57769.jpg,2025-04-23 17:09:32,Screen,341.51898193359375,275.4936828613281,471.68817138671875,371.7110290527344,11.317961,4.135673,22.422405,26.400000
IR_57769.jpg,2025-04-23 17:09:32,Machine,111.10099792480469,170.90765380859375,144.7157745361328,273.3626708984375,6.597776,0.526242,22.288708,26.400000
IR_57769.jpg,2025-04-23 17:09:32,Cableduct,530.38427734375,39.611045837402344,569.83447265625,61.46714782714844,8.570807,4.878284,22.484278,26.400000
IR_57769.jpg,2025-04-23 17:09:32,Cableduct,576.413330078125,37.43590545654297,622.92529296875,57.98756408691406,9.875149,5.131298,23.574156,26.400000
IR_57769.jpg,2025-04-23 17:09:32,Cableduct,316.05926513671875,29.986827850341797,351.16351318359375,44.65353012084961,5.522137,2.753317,23.959694,26.400000
IR_57769.jpg,2025-04-23 17:09:32,Person,2.17120361328125,170.9158935546875,90.21348571777344,365.416748046875,9.498876,1.022669,22.003555,26.400000
IR_57769.jpg,2025-04-23 17:09:32,Window,156.66664123535156,54.09028625488281,183.38230895996094,116.4051513671875,1.281730,0.531978,22.518143,26.400000
IR_57769.jpg,2025-04-23 17:09:32,Machine,478.4031982421875,132.33230590820312,562.7578125,213.85433959960938,4.522045,5.398617,22.393517,26.400000
IR_57769.jpg,2025-04-23 17:09:32,Cableduct,320.83441162109375,17.13522720336914,358.35577392578125,37.92755126953125,6.791071,3.195694,23.643139,26.400000
IR_57769.jpg,2025-04-23 17:09:32,Cableduct,225.9769287109375,0.0,304.70916748046875,44.943992614746094,8.718781,2.851354,23.551085,26.400000
IR_57769.jpg,2025-04-23 17:09:32,Screen,611.0508422851562,246.82640075683594,639.6659545898438,359.616943359375,11.324608,4.866359,23.670431,26.400000
IR_57769.jpg,2025-04-23 17:09:32,Cableduct,319.4703369140625,24.555496215820312,357.705078125,41.818092346191406,6.089037,2.987971,23.728056,26.400000
IR_57769.jpg,2025-04-23 17:09:32,Machine,482.42236328125,109.7710189819336,580.5035400390625,206.99343872070312,5.880475,5.273981,22.327950,26.400000
IR_57769.jpg,2025-04-23 17:09:32,Window,157.92813110351562,52.468658447265625,199.08319091796875,116.96745300292969,1.275215,0.542583,23.106127,26.400000
IR_57769.jpg,2025-04-23 17:09:32,Cableduct,432.0703430175781,38.57965087890625,461.0665588378906,53.852203369140625,7.335360,4.534952,23.227636,26.400000
IR_57770.jpg,2025-04-23 17:10:03,Screen,342.73602294921875,276.170654296875,472.63446044921875,375.82965087890625,11.298716,4.118144,21.594320,24.600000
IR_57770.jpg,2025-04-23 17:10:03,Cableduct,218.82281494140625,1.5334892272949219,314.67694091796875,51.608150482177734,11.226049,3.289477,20.869993,24.600000
IR_57770.jpg,2025-04-23 17:10:03,Cableduct,575.282470703125,34.87445068359375,622.567626953125,59.93080139160156,10.150283,5.179494,21.802299,24.600000
IR_57770.jpg,2025-04-23 17:10:03,Machine,480.1071472167969,133.07351684570312,562.22265625,218.23782348632812,4.576938,5.358716,21.318666,24.600000
IR_57770.jpg,2025-04-23 17:10:03,Machine,109.8641357421875,169.64617919921875,144.36770629882812,274.7120056152344,6.694399,0.553892,21.961123,24.148825
IR_57770.jpg,2025-04-23 17:10:03,Screen,613.64697265625,277.37860107421875,639.673828125,371.40045166015625,11.090420,4.908573,21.001331,24.557703
IR_57770.jpg,2025-04-23 17:10:03,Cableduct,429.9656677246094,35.0955810546875,462.2787780761719,57.131813049316406,7.602176,4.557503,21.467052,24.600000
IR_57770.jpg,2025-04-23 17:10:03,Cableduct,321.30914306640625,15.140071868896484,358.49395751953125,41.9779052734375,7.306849,3.344854,21.468998,24.600000
IR_57770.jpg,2025-04-23 17:10:03,Cableduct,529.1895751953125,40.555999755859375,563.6944580078125,60.71198272705078,8.503244,4.859560,21.871311,24.487206
IR_57771.jpg,2025-04-23 17:10:32,Screen,342.53314208984375,275.76226806640625,473.44171142578125,375.02911376953125,11.352377,4.130753,21.601166,25.100000
IR_57771.jpg,2025-04-23 17:10:32,Cableduct,528.8302001953125,40.14881896972656,565.43798828125,61.821746826171875,8.542454,4.868158,21.773689,25.053785
IR_57771.jpg,2025-04-23 17:10:32,Cableduct,219.8978271484375,1.478729248046875,316.49322509765625,52.116355895996094,11.342444,3.335024,20.870773,25.100000
IR_57771.jpg,2025-04-23 17:10:32,Machine,110.62876892089844,170.2802734375,144.70579528808594,274.48193359375,6.668894,0.549683,22.001148,25.100000
IR_57771.jpg,2025-04-23 17:10:32,Cableduct,575.9367065429688,34.858978271484375,622.0170288085938,60.062156677246094,10.204090,5.187547,21.889652,25.100000
IR_57771.jpg,2025-04-23 17:10:32,Cableduct,322.321044921875,14.675159454345703,357.90087890625,42.17707061767578,7.424020,3.372345,21.531790,25.100000
IR_57771.jpg,2025-04-23 17:10:32,Machine,479.454345703125,132.22775268554688,562.8177490234375,218.69699096679688,4.617988,5.347456,21.349129,25.100000
IR_57771.jpg,2025-04-23 17:10:32,Screen,612.831787109375,274.60491943359375,639.787109375,376.88421630859375,11.361239,4.797914,21.067595,24.976763
IR_57771.jpg,2025-04-23 17:10:32,Screen,612.8853759765625,254.26609802246094,639.5552978515625,357.3182373046875,11.060582,4.891254,20.749062,25.100000
IR_57771.jpg,2025-04-23 17:10:32,Window,163.62188720703125,56.24220275878906,198.7196044921875,117.28472900390625,1.041036,0.533395,20.833431,25.100000
IR_57771.jpg,2025-04-23 17:10:32,Cableduct,429.9178771972656,35.04590606689453,462.0935363769531,56.80603790283203,7.597916,4.555920,21.712614,25.100000
IR_57771.jpg,2025-04-23 17:10:32,Machine,119.51820373535156,154.82974243164062,186.38145446777344,230.19607543945312,6.302812,0.581530,21.258110,25.100000
IR_57772.jpg,2025-04-23 17:11:02,Screen,340.831298828125,275.85125732421875,472.4327392578125,376.65850830078125,11.388858,4.107275,21.825583,24.600000
IR_57772.jpg,2025-04-23 17:11:02,Cableduct,214.23828125,1.3094024658203125,315.3880615234375,51.0659294128418,11.966565,3.370215,21.178173,24.600000
IR_57772.jpg,2025-04-23 17:11:02,Machine,109.40379333496094,170.70556640625,144.3856201171875,274.634521484375,6.649936,0.527012,22.190170,24.097389
IR_57772.jpg,2025-04-23 17:11:02,Machine,480.2562255859375,134.33023071289062,561.087646484375,217.23171997070312,4.502613,5.380985,21.573030,24.600000
IR_57772.jpg,2025-04-23 17:11:02,Screen,612.3450927734375,276.22698974609375,639.7301025390625,372.38006591796875,11.102437,4.894398,21.378984,24.485117
IR_57772.jpg,2025-04-23 17:11:02,Cableduct,528.9744262695312,39.66246795654297,565.6420288085938,62.17273712158203,8.606988,4.877813,21.931581,24.413317
IR_57772.jpg,2025-04-23 17:11:02,Cableduct,573.09619140625,34.196861267089844,622.9425048828125,57.86925506591797,9.975407,5.145176,21.937767,24.556919
IR_57772.jpg,2025-04-23 17:11:02,Cableduct,322.1824951171875,15.761076927185059,357.1392822265625,42.21165466308594,7.309906,3.332562,21.695898,24.312794
IR_57772.jpg,2025-04-23 17:11:02,Cableduct,430.6574401855469,35.36572265625,461.7735290527344,57.21745300292969,7.662477,4.580261,21.599943,24.470757
IR_57772.jpg,2025-04-23 17:11:02,Machine,118.24789428710938,152.7633056640625,188.40777587890625,229.13369750976562,6.376514,0.589260,21.533688,24.600000
IR_57773.jpg,2025-04-23 17:11:33,Screen,341.5863037109375,275.71270751953125,474.5333251953125,375.3070068359375,11.475211,4.138083,21.495441,24.500000
IR_57773.jpg,2025-04-23 17:11:33,Screen,613.61181640625,276.8624267578125,639.696533203125,370.849853515625,11.078125,4.912585,21.004730,24.457703
IR_57773.jpg,2025-04-23 17:11:33,Cableduct,216.70147705078125,1.3127250671386719,315.85540771484375,52.57726287841797,11.658461,3.356275,20.815193,24.500000
IR_57773.jpg,2025-04-23 17:11:33,Machine,479.6778564453125,133.626220703125,562.4468994140625,219.18667602539062,4.568206,5.354560,21.272133,24.500000
IR_57773.jpg,2025-04-23 17:11:33,Cableduct,574.2178344726562,34.264976501464844,623.1035766601562,59.731468200683594,10.114258,5.169579,21.684538,24.500000
IR_57773.jpg,2025-04-23 17:11:33,Machine,109.51174926757812,170.36578369140625,145.02175903320312,275.49005126953125,6.687715,0.545462,21.894094,24.062923
IR_57773.jpg,2025-04-23 17:11:33,Cableduct,430.40985107421875,35.15233612060547,463.00872802734375,57.46184539794922,7.594306,4.556608,21.367809,24.500000
IR_57773.jpg,2025-04-23 17:11:33,Cableduct,321.5546875,15.513092041015625,358.6177978515625,42.39524841308594,7.297599,3.342875,21.393587,24.500000
IR_57773.jpg,2025-04-23 17:11:33,Cableduct,529.1900634765625,40.491050720214844,564.1207275390625,60.691368103027344,8.500362,4.859458,21.842091,24.373108
IR_57774.jpg,2025-04-23 17:12:02,Person,366.64068603515625,214.990966796875,568.59716796875,487.1929931640625,11.768010,4.375332,23.656624,28.700001
IR_57774.jpg,2025-04-23 17:12:02,Cableduct,219.67254638671875,0.8777542114257812,317.1170654296875,50.41779327392578,11.531687,3.367739,20.873798,28.700001
IR_57774.jpg,2025-04-23 17:12:02,Machine,110.24983215332031,170.58819580078125,145.0166015625,274.93328857421875,6.666548,0.544107,22.159555,23.686945
IR_57774.jpg,2025-04-23 17:12:02,Cableduct,572.9188842773438,32.65641784667969,623.4149780273438,61.1082763671875,10.224072,5.178517,21.748743,28.700001
IR_57774.jpg,2025-04-23 17:12:02,Cableduct,319.9428405761719,14.566848754882812,358.9518127441406,42.284793853759766,7.328878,3.362380,21.346758,28.700001
IR_57774.jpg,2025-04-23 17:12:02,Screen,611.3853759765625,277.28765869140625,639.7213134765625,373.63555908203125,11.084861,4.895935,21.107700,27.897911
IR_57774.jpg,2025-04-23 17:12:02,Window,159.3548583984375,56.51335144042969,200.35986328125,117.58963012695312,1.136416,0.494837,21.010284,28.700001
IR_57775.jpg,2025-04-23 17:12:33,Person,1.4592666625976562,128.90365600585938,100.58309173583984,410.0864562988281,9.978497,1.052825,22.563807,28.400000
IR_57775.jpg,2025-04-23 17:12:33,Screen,342.4801025390625,276.96875,471.4818115234375,370.3646240234375,11.302637,4.147055,22.873730,28.400000
IR_57775.jpg,2025-04-23 17:12:33,Machine,103.95394897460938,169.58084106445312,144.8613739013672,277.3209533691406,6.765357,0.512808,22.752369,28.400000
IR_57775.jpg,2025-04-23 17:12:33,Cableduct,574.8392333984375,37.55073928833008,621.1368408203125,58.93667221069336,9.865848,5.132308,24.477747,28.400000
IR_57775.jpg,2025-04-23 17:12:33,Cableduct,530.1170654296875,38.76927185058594,568.3780517578125,61.151947021484375,8.647228,4.884905,22.988602,28.400000
IR_57775.jpg,2025-04-23 17:12:33,Machine,479.0107116699219,131.5086669921875,564.363525390625,216.153076171875,4.625300,5.377770,22.795742,28.400000
IR_57775.jpg,2025-04-23 17:12:33,Cableduct,323.663818359375,14.473861694335938,359.363037109375,39.38602066040039,7.303730,3.339225,24.277321,28.400000
IR_57775.jpg,2025-04-23 17:12:33,Screen,611.2935180664062,280.53704833984375,639.7837524414062,371.89874267578125,10.979910,4.957117,23.839811,28.400000
IR_57775.jpg,2025-04-23 17:12:33,Cableduct,225.6642608642578,0.0,309.24688720703125,43.087890625,9.658834,3.029516,23.828302,28.400000
IR_57775.jpg,2025-04-23 17:12:33,Cableduct,323.03033447265625,18.505653381347656,356.87701416015625,42.184226989746094,7.031151,3.241328,24.454384,28.400000
IR_57776.jpg,2025-04-23 17:13:03,Person,2.364471435546875,121.90907287597656,106.37437438964844,402.0611572265625,9.755588,1.052284,22.991337,28.100000
IR_57776.jpg,2025-04-23 17:13:03,Screen,341.3983154296875,277.1007080078125,470.77099609375,371.69329833984375,11.322287,4.129493,22.688295,28.100000
IR_57776.jpg,2025-04-23 17:13:03,Machine,107.03887939453125,169.06381225585938,145.05859375,273.3084716796875,6.573324,0.491500,22.611681,28.100000
IR_57776.jpg,2025-04-23 17:13:03,Cableduct,530.6766357421875,39.11830520629883,571.0859375,61.5227165222168,8.609995,4.885077,23.093620,28.100000
IR_57776.jpg,2025-04-23 17:13:03,Window,151.527099609375,51.08204650878906,184.491943359375,115.38035583496094,1.215217,0.519161,22.885326,28.100000
IR_57776.jpg,2025-04-23 17:13:03,Cableduct,323.60986328125,16.239185333251953,358.69781494140625,41.46333312988281,7.239240,3.317878,23.793795,28.100000
IR_57776.jpg,2025-04-23 17:13:03,Cableduct,575.913818359375,37.673316955566406,620.918212890625,59.27245330810547,9.927126,5.143413,24.095953,28.100000
IR_57776.jpg,2025-04-23 17:13:03,Machine,478.0748596191406,133.849365234375,561.2501220703125,215.3211669921875,4.467906,5.398001,22.529581,28.100000
IR_57776.jpg,2025-04-23 17:13:03,Machine,483.4537353515625,110.85411071777344,577.3271484375,207.06163024902344,5.715642,5.233276,22.284639,28.100000
IR_57776.jpg,2025-04-23 17:13:03,Cableduct,231.08938598632812,0.0,303.8427429199219,27.029191970825195,8.278691,2.688368,22.685402,28.100000
IR_57776.jpg,2025-04-23 17:13:03,Window,155.14700317382812,54.5505256652832,198.95571899414062,112.16596984863281,1.190948,0.472022,23.223078,28.100000
IR_57777.jpg,2025-04-23 17:13:32,Screen,342.52978515625,275.9999694824219,473.5079345703125,375.3731994628906,11.362508,4.129341,21.368549,24.400000
IR_57777.jpg,2025-04-23 17:13:32,Screen,611.5504150390625,280.695068359375,639.594970703125,368.7998046875,10.894087,4.999023,20.965305,24.400000
IR_57777.jpg,2025-04-23 17:13:32,Machine,479.9283447265625,131.6761932373047,565.3743896484375,220.03712463378906,4.702484,5.336454,21.408138,24.400000
IR_57777.jpg,2025-04-23 17:13:32,Cableduct,214.6783905029297,1.5333595275878906,314.66143798828125,51.3230094909668,11.786005,3.338095,20.726410,24.400000
IR_57777.jpg,2025-04-23 17:13:32,Machine,109.8543701171875,170.39141845703125,144.3631591796875,275.19500732421875,6.701734,0.550859,21.802357,23.957180
IR_57777.jpg,2025-04-23 17:13:32,Cableduct,577.528564453125,35.12999725341797,622.00439453125,58.162940979003906,10.169067,5.180902,21.813524,24.400000
IR_57777.jpg,2025-04-23 17:13:32,Cableduct,529.2008056640625,40.24333190917969,565.5936279296875,61.93279266357422,8.554470,4.871173,21.587648,24.400000
IR_57777.jpg,2025-04-23 17:13:32,Cableduct,321.6636962890625,15.194527626037598,358.5054931640625,42.3055419921875,7.334973,3.352721,21.299440,24.400000
IR_57777.jpg,2025-04-23 17:13:32,Cableduct,430.611083984375,35.537193298339844,462.30615234375,56.701560974121094,7.578639,4.559699,21.506708,24.400000
IR_57777.jpg,2025-04-23 17:13:32,Machine,119.34912109375,154.20706176757812,187.53982543945312,228.52880859375,6.357515,0.587036,21.111801,24.400000
IR_57777.jpg,2025-04-23 17:13:32,Window,161.66299438476562,55.98130798339844,204.7784423828125,117.07388305664062,1.185959,0.517274,20.648645,24.400000
IR_57777.jpg,2025-04-23 17:13:32,Machine,194.43099975585938,102.90596008300781,226.15060424804688,132.3484649658203,0.988931,0.549430,20.799896,21.493996
IR_57778.jpg,2025-04-23 17:14:02,Person,2.2546615600585938,160.76275634765625,100.71334838867188,407.6312255859375,10.238230,1.070474,22.296560,27.400000
IR_57778.jpg,2025-04-23 17:14:02,Screen,340.47607421875,277.1981201171875,470.45458984375,367.5869140625,11.389030,4.157685,22.520741,27.400000
IR_57778.jpg,2025-04-23 17:14:02,Machine,102.50274658203125,168.379150390625,145.95419311523438,277.10491943359375,6.763312,0.514989,22.596287,27.400000
IR_57778.jpg,2025-04-23 17:14:02,Cableduct,320.89862060546875,13.184585571289062,357.47515869140625,39.718353271484375,7.393179,3.360696,23.886526,27.400000
IR_57778.jpg,2025-04-23 17:14:02,Cableduct,532.4899291992188,42.053829193115234,568.8759155273438,60.08259201049805,8.403637,4.858580,23.204855,27.400000
IR_57778.jpg,2025-04-23 17:14:02,Screen,611.24609375,250.91099548339844,639.7015380859375,335.2874755859375,10.257297,5.209984,22.660852,27.400000
IR_57778.jpg,2025-04-23 17:14:02,Cableduct,575.4769287109375,33.566497802734375,621.8109130859375,59.03150939941406,10.254436,5.191160,23.492607,27.400000
IR_57778.jpg,2025-04-23 17:14:02,Machine,476.2149658203125,132.7088623046875,560.908447265625,216.16015625,4.521750,5.381314,22.031237,27.400000
IR_57778.jpg,2025-04-23 17:14:02,Machine,482.20654296875,110.90228271484375,580.64697265625,208.91195678710938,5.849847,5.280914,21.855112,27.400000
IR_57778.jpg,2025-04-23 17:14:02,Screen,613.678955078125,254.91629028320312,639.97802734375,365.1821594238281,11.454208,4.827190,23.028284,27.400000
IR_57778.jpg,2025-04-23 17:14:02,Screen,609.6293334960938,280.222900390625,639.5487670898438,373.5877685546875,10.985469,4.938991,22.883333,27.400000
IR_57778.jpg,2025-04-23 17:14:02,Cableduct,238.6700439453125,0.0,301.267578125,12.07854175567627,7.058825,2.436660,23.379713,27.400000
IR_57779.jpg,2025-04-23 17:14:32,Screen,341.624755859375,275.39605712890625,471.3956298828125,374.59967041015625,11.272804,4.112146,22.583168,30.000000
IR_57779.jpg,2025-04-23 17:14:32,Person,101.15731811523438,133.6912841796875,257.3674011230469,447.2315673828125,10.932056,1.856288,23.462440,30.000000
IR_57779.jpg,2025-04-23 17:14:32,Screen,610.9749755859375,279.958740234375,639.5772705078125,367.8853759765625,10.857861,5.010303,22.012222,30.000000
IR_57779.jpg,2025-04-23 17:14:32,Cableduct,322.37200927734375,15.089537620544434,360.22857666015625,43.301551818847656,7.406161,3.386890,22.611588,30.000000
IR_57779.jpg,2025-04-23 17:14:32,Cableduct,216.79263305664062,1.1641273498535156,315.8984680175781,50.52192687988281,11.723488,3.358367,21.502703,30.000000
IR_57779.jpg,2025-04-23 17:14:32,Cableduct,529.5546875,38.59527587890625,569.832275390625,61.93186950683594,8.644846,4.886523,22.547787,30.000000
IR_57779.jpg,2025-04-23 17:14:32,Machine,479.50244140625,132.26263427734375,562.7913818359375,220.5830078125,4.653361,5.312818,22.541864,30.000000
IR_57779.jpg,2025-04-23 17:14:32,Cableduct,430.7012939453125,35.6881103515625,462.08740234375,55.535194396972656,7.520524,4.547463,23.238966,30.000000
IR_57779.jpg,2025-04-23 17:14:32,Cableduct,573.7603759765625,35.09741973876953,622.6207275390625,58.705711364746094,9.984380,5.151347,22.995207,30.000000
IR_57780.jpg,2025-04-23 17:15:02,Screen,342.8890075683594,275.8763427734375,474.6524963378906,374.9127197265625,11.409546,4.144004,21.367683,24.400000
IR_57780.jpg,2025-04-23 17:15:02,Cableduct,212.89590454101562,1.4998359680175781,315.3493957519531,50.077796936035156,12.170402,3.380930,20.718546,24.400000
IR_57780.jpg,2025-04-23 17:15:02,Machine,108.61944580078125,169.8515625,144.43869018554688,275.10601806640625,6.680672,0.535810,21.729095,24.075718
IR_57780.jpg,2025-04-23 17:15:02,Screen,611.935791015625,280.11578369140625,639.6168212890625,369.02532958984375,10.920026,4.986857,20.881674,24.400000
IR_57780.jpg,2025-04-23 17:15:02,Machine,479.3916015625,131.38571166992188,565.650146484375,222.34799194335938,4.763858,5.292262,21.137951,24.400000
IR_57780.jpg,2025-04-23 17:15:02,Cableduct,530.4055786132812,39.47950744628906,567.8181762695312,61.29689025878906,8.613420,4.881588,21.539488,24.400000
IR_57780.jpg,2025-04-23 17:15:02,Cableduct,575.865966796875,38.00450897216797,621.55615234375,59.079566955566406,9.872171,5.132178,21.991596,24.400000
IR_57780.jpg,2025-04-23 17:15:02,Cableduct,431.182861328125,36.21198654174805,463.50958251953125,56.13026809692383,7.440873,4.532979,21.497190,24.400000
IR_57780.jpg,2025-04-23 17:15:02,Machine,120.84205627441406,150.15618896484375,188.90965270996094,229.8499755859375,6.048509,0.590308,21.093798,24.400000
IR_57780.jpg,2025-04-23 17:15:02,Cableduct,319.49041748046875,15.83938217163086,357.77447509765625,41.88793182373047,7.162721,3.306235,21.555613,24.400000
IR_57781.jpg,2025-04-23 17:15:32,Screen,345.09942626953125,274.67889404296875,473.20269775390625,371.65777587890625,11.163879,4.153656,22.040262,27.400000
IR_57781.jpg,2025-04-23 17:15:32,Cableduct,207.33786010742188,1.6470527648925781,314.9696960449219,49.340396881103516,12.876819,3.431936,21.104675,27.400000
IR_57781.jpg,2025-04-23 17:15:32,Machine,110.43063354492188,171.24810791015625,144.36241149902344,276.3115234375,6.755551,0.568283,22.428331,27.400000
IR_57781.jpg,2025-04-23 17:15:32,Cableduct,528.8497924804688,39.35893249511719,570.7389526367188,63.751556396484375,8.594707,4.881225,22.226896,27.400000
IR_57781.jpg,2025-04-23 17:15:32,Screen,614.25927734375,280.9318542480469,639.6015625,367.1643371582031,10.926179,5.001505,21.346737,27.400000
IR_57781.jpg,2025-04-23 17:15:32,Machine,478.076416015625,133.68594360351562,564.2841796875,218.43252563476562,4.573864,5.387552,22.058146,27.400000
IR_57781.jpg,2025-04-23 17:15:32,Cableduct,430.21478271484375,36.424583435058594,463.33184814453125,58.61011505126953,7.510885,4.550227,22.218130,27.400000
IR_57781.jpg,2025-04-23 17:15:32,Cableduct,574.408203125,36.306434631347656,621.5328369140625,58.721656799316406,9.944628,5.148564,22.654577,27.400000
IR_57781.jpg,2025-04-23 17:15:32,Person,347.063720703125,152.061767578125,427.07489013671875,291.1968688964844,6.319313,3.359648,23.299860,27.400000
IR_57781.jpg,2025-04-23 17:15:32,Cableduct,322.49908447265625,15.605420112609863,364.14630126953125,41.28801345825195,7.176089,3.372097,22.215839,27.400000
IR_57781.jpg,2025-04-23 17:15:32,Machine,481.1566467285156,109.46446228027344,580.7052001953125,211.7481231689453,5.958236,5.234069,22.088940,27.400000
IR_57781.jpg,2025-04-23 17:15:32,Person,358.07574462890625,147.54962158203125,442.94683837890625,290.66064453125,6.285282,3.494033,23.002155,27.400000
IR_57781.jpg,2025-04-23 17:15:32,Cableduct,64.63040161132812,0.0,101.00457763671875,13.553847312927246,3.132532,0.337581,21.234024,21.763447
IR_57782.jpg,2025-04-23 17:16:02,Person,4.3130645751953125,127.31951904296875,108.56602478027344,400.2060546875,9.766815,1.057782,22.567247,26.700001
IR_57782.jpg,2025-04-23 17:16:02,Screen,342.9744873046875,276.98345947265625,471.1915283203125,367.56268310546875,11.271302,4.164922,22.375418,26.700001
IR_57782.jpg,2025-04-23 17:16:02,Machine,109.34175109863281,169.854736328125,144.16517639160156,274.88482666015625,6.694162,0.546389,22.251429,26.700001
IR_57782.jpg,2025-04-23 17:16:02,Cableduct,575.8831787109375,35.21409606933594,620.837646484375,58.949790954589844,10.138300,5.175142,22.816250,26.700001
IR_57782.jpg,2025-04-23 17:16:02,Cableduct,429.572265625,37.380558013916016,461.6131591796875,54.85295486450195,7.298275,4.510558,22.573612,26.700001
IR_57782.jpg,2025-04-23 17:16:02,Cableduct,530.4010009765625,38.454429626464844,566.6085205078125,60.99999237060547,8.716007,4.892442,22.495869,26.700001
IR_57782.jpg,2025-04-23 17:16:02,Cableduct,323.5289306640625,14.515270233154297,357.8204345703125,41.0523681640625,7.423635,3.365969,22.619598,26.700001
IR_57782.jpg,2025-04-23 17:16:02,Machine,483.24847412109375,111.23714447021484,582.0986938476562,209.17599487304688,5.873450,5.294067,21.301451,26.700001
IR_57782.jpg,2025-04-23 17:16:02,Machine,478.0402526855469,131.43801879882812,562.18408203125,219.59927368164062,4.656731,5.318643,21.520395,26.700001
IR_57782.jpg,2025-04-23 17:16:02,Cableduct,215.61517333984375,0.8069076538085938,310.121826171875,40.887481689453125,11.327311,3.197537,23.411451,26.700001
IR_57782.jpg,2025-04-23 17:16:02,Window,157.87008666992188,53.283477783203125,201.77981567382812,117.65950012207031,1.306880,0.532537,22.621212,26.700001
IR_57782.jpg,2025-04-23 17:16:02,Machine,476.57647705078125,234.85650634765625,572.1022338867188,285.30230712890625,7.151222,5.280021,22.644197,26.700001
IR_57783.jpg,2025-04-23 17:16:32,Screen,343.77020263671875,276.04583740234375,473.95574951171875,371.90423583984375,11.335496,4.160158,21.994049,27.200001
IR_57783.jpg,2025-04-23 17:16:32,Person,141.87677001953125,124.12124633789062,247.3226318359375,342.88372802734375,7.803668,1.654213,22.233143,27.200001
IR_57783.jpg,2025-04-23 17:16:32,Cableduct,574.51513671875,37.764373779296875,621.594482421875,58.68052673339844,9.808872,5.121049,22.834118,27.200001
IR_57783.jpg,2025-04-23 17:16:32,Machine,477.8292541503906,133.0516357421875,565.5645751953125,219.56362915039062,4.648277,5.377272,22.142185,27.200001
IR_57783.jpg,2025-04-23 17:16:32,Machine,481.68798828125,111.02745819091797,583.30908203125,212.466064453125,5.977699,5.288934,22.209755,27.200001
IR_57783.jpg,2025-04-23 17:16:32,Screen,614.5802001953125,279.09625244140625,639.7239990234375,368.17596435546875,10.988659,4.967731,21.538338,27.200001
IR_57783.jpg,2025-04-23 17:16:32,Cableduct,528.2120971679688,39.139774322509766,567.2053833007812,60.101375579833984,8.491179,4.855957,22.216625,27.200001
IR_57783.jpg,2025-04-23 17:16:32,Cableduct,322.80908203125,14.087993621826172,357.26104736328125,40.33595275878906,7.409231,3.358505,22.117550,27.200001
IR_57783.jpg,2025-04-23 17:16:32,Cableduct,430.2481689453125,35.513893127441406,462.603271484375,57.12284851074219,7.560483,4.552705,22.469223,27.200001
IR_57784.jpg,2025-04-23 17:17:03,Screen,345.2757568359375,277.64385986328125,470.9852294921875,370.29962158203125,11.124353,4.146727,22.277872,28.000000
IR_57784.jpg,2025-04-23 17:17:03,Cableduct,530.1695556640625,39.10218811035156,568.8651123046875,61.017051696777344,8.603860,4.879627,22.665543,28.000000
IR_57784.jpg,2025-04-23 17:17:03,Person,70.0411148071289,130.449951171875,203.18557739257812,415.0919189453125,10.167460,1.472522,22.886986,28.000000
IR_57784.jpg,2025-04-23 17:17:03,Machine,476.185546875,130.4962158203125,568.9691162109375,216.36984252929688,4.856436,5.421990,22.231098,28.000000
IR_57784.jpg,2025-04-23 17:17:03,Machine,479.11749267578125,111.38050842285156,578.6351928710938,213.3201141357422,5.839439,5.248909,22.283131,28.000000
IR_57784.jpg,2025-04-23 17:17:03,Screen,611.3790283203125,282.63995361328125,639.5528564453125,367.46429443359375,10.824254,5.039007,22.401678,28.000000
IR_57784.jpg,2025-04-23 17:17:03,Cableduct,430.29705810546875,36.149147033691406,463.08099365234375,55.719459533691406,7.395454,4.517731,22.569727,28.000000
IR_57784.jpg,2025-04-23 17:17:03,Cableduct,209.539794921875,1.5595207214355469,313.9512939453125,49.467384338378906,12.425182,3.375480,21.134892,28.000000
IR_57784.jpg,2025-04-23 17:17:03,Cableduct,575.4804077148438,38.24309539794922,620.8856811523438,58.092201232910156,9.796745,5.117278,23.406715,28.000000
IR_57784.jpg,2025-04-23 17:17:03,Cableduct,323.35308837890625,17.074920654296875,358.23455810546875,40.630287170410156,7.090239,3.269067,22.608534,28.000000
IR_57785.jpg,2025-04-23 17:17:32,Screen,342.59783935546875,276.9584655761719,471.90655517578125,370.7046203613281,11.319182,4.148887,22.056366,27.299999
IR_57785.jpg,2025-04-23 17:17:32,Cableduct,529.0088500976562,39.3509521484375,569.8853149414062,61.68183898925781,8.535570,4.870685,22.300056,27.299999
IR_57785.jpg,2025-04-23 17:17:32,Machine,477.8880920410156,132.57252502441406,566.3824462890625,218.0531768798828,4.661134,5.398175,21.985975,27.299999
IR_57785.jpg,2025-04-23 17:17:32,Cableduct,324.486572265625,17.815956115722656,357.7738037109375,39.754844665527344,7.002280,3.229262,22.424730,27.299999
IR_57785.jpg,2025-04-23 17:17:32,Screen,609.7489013671875,278.87884521484375,639.5914306640625,367.12127685546875,10.809841,5.022463,22.212440,27.299999
IR_57785.jpg,2025-04-23 17:17:32,Machine,480.30072021484375,111.38963317871094,580.7622680664062,212.12644958496094,5.888720,5.279148,22.039024,27.299999
IR_57785.jpg,2025-04-23 17:17:32,Cableduct,200.13494873046875,1.2497940063476562,310.27874755859375,48.62681198120117,13.159931,3.388516,21.081856,27.299999
IR_57785.jpg,2025-04-23 17:17:32,Person,102.07551574707031,98.1092529296875,182.2849578857422,297.7476501464844,6.210178,1.231655,23.070683,27.299999
IR_57785.jpg,2025-04-23 17:17:32,Cableduct,430.6776123046875,36.66379165649414,462.7532958984375,54.83430862426758,7.350791,4.515962,22.416290,27.299999
IR_57785.jpg,2025-04-23 17:17:32,Person,118.77117919921875,101.33645629882812,207.89852905273438,299.8771057128906,6.233866,1.335156,22.847397,27.299999
IR_57785.jpg,2025-04-23 17:17:32,Cableduct,573.57861328125,37.50037384033203,621.0513916015625,57.961402893066406,9.764154,5.113135,22.923883,27.299999
IR_57785.jpg,2025-04-23 17:17:32,Cableduct,320.6207580566406,15.865863800048828,359.1903991699219,42.92597198486328,7.242121,3.335396,21.992990,27.299999
IR_57786.jpg,2025-04-23 17:18:02,Screen,344.63214111328125,276.89324951171875,473.74407958984375,371.05987548828125,11.302146,4.166693,21.993931,27.100000
IR_57786.jpg,2025-04-23 17:18:02,Machine,478.2167663574219,129.86895751953125,567.038330078125,215.74453735351562,4.746889,5.384964,22.058578,27.100000
IR_57786.jpg,2025-04-23 17:18:02,Cableduct,211.1716766357422,1.6149864196777344,314.85845947265625,48.506317138671875,12.376887,3.383109,21.087765,27.100000
IR_57786.jpg,2025-04-23 17:18:02,Cableduct,528.958984375,39.35516357421875,568.945068359375,61.70697021484375,8.551342,4.871875,22.183462,27.100000
IR_57786.jpg,2025-04-23 17:18:02,Screen,609.7357177734375,274.997802734375,639.7071533203125,367.0870361328125,10.856014,4.987018,21.963060,27.100000
IR_57786.jpg,2025-04-23 17:18:02,Cableduct,323.0111999511719,15.641406059265137,357.3758239746094,40.11899185180664,7.224300,3.302893,22.070480,27.100000
IR_57786.jpg,2025-04-23 17:18:02,Machine,480.2865295410156,111.35335540771484,577.8909912109375,212.17697143554688,5.786538,5.235898,22.134310,27.100000
IR_57786.jpg,2025-04-23 17:18:02,Cableduct,573.8760986328125,36.87976837158203,621.8648681640625,57.916831970214844,9.819867,5.123747,22.670670,27.100000
IR_57786.jpg,2025-04-23 17:18:02,Cableduct,430.32464599609375,35.976036071777344,462.83587646484375,54.70661163330078,7.374898,4.511352,22.324289,27.100000
IR_57786.jpg,2025-04-23 17:18:02,Person,38.753021240234375,100.96600341796875,152.2069549560547,302.7530212402344,7.032712,1.080748,22.919014,27.100000
IR_57787.jpg,2025-04-23 17:18:32,Screen,345.05035400390625,277.18182373046875,471.16387939453125,370.92578125,11.129869,4.142999,22.569227,29.400000
IR_57787.jpg,2025-04-23 17:18:32,Screen,609.5089111328125,275.142333984375,639.5078125,367.2266845703125,10.853432,4.984379,22.259012,29.400000
IR_57787.jpg,2025-04-23 17:18:32,Cableduct,530.1287231445312,39.18541717529297,570.5203247070312,62.62590026855469,8.638792,4.890108,22.849913,29.400000
IR_57787.jpg,2025-04-23 17:18:32,Machine,477.2251892089844,133.95855712890625,564.8841552734375,218.72491455078125,4.588724,5.399786,22.941973,29.400000
IR_57787.jpg,2025-04-23 17:18:32,Cableduct,575.6651611328125,36.836647033691406,621.5665283203125,58.973365783691406,9.967543,5.151608,23.097799,29.400000
IR_57787.jpg,2025-04-23 17:18:32,Machine,482.3360900878906,112.15585327148438,579.1278076171875,211.04238891601562,5.754286,5.258593,23.106657,29.400000
IR_57787.jpg,2025-04-23 17:18:32,Cableduct,323.0654602050781,15.801236152648926,358.0885314941406,40.89793014526367,7.243366,3.315237,22.470524,29.400000
IR_57787.jpg,2025-04-23 17:18:32,Cableduct,215.2315216064453,0.0,306.97491455078125,46.13508987426758,10.736651,3.116302,21.706104,29.400000
IR_57787.jpg,2025-04-23 17:18:32,Person,105.86483764648438,111.88426971435547,203.96493530273438,359.02642822265625,8.177455,1.419533,23.305346,29.400000
IR_57788.jpg,2025-04-23 17:19:02,Screen,345.2320556640625,278.39013671875,468.688232421875,375.06890869140625,10.983778,4.090784,22.530123,28.600000
IR_57788.jpg,2025-04-23 17:19:02,Screen,612.8048095703125,270.21612548828125,639.4884033203125,367.2662353515625,11.068992,4.899384,21.395140,28.600000
IR_57788.jpg,2025-04-23 17:19:02,Cableduct,574.313720703125,34.420143127441406,623.211669921875,60.13694763183594,10.121665,5.171549,22.619684,28.600000
IR_57788.jpg,2025-04-23 17:19:02,Machine,110.96199035644531,170.63693237304688,144.77308654785156,273.9140319824219,6.631621,0.538278,22.570244,28.600000
IR_57788.jpg,2025-04-23 17:19:02,Cableduct,529.346923828125,38.881248474121094,569.41455078125,61.895484924316406,8.614283,4.881719,22.354647,28.600000
IR_57788.jpg,2025-04-23 17:19:02,Cableduct,213.8099365234375,0.0,307.34661865234375,44.40400314331055,11.040683,3.144063,21.445662,28.600000
IR_57788.jpg,2025-04-23 17:19:02,Machine,478.70782470703125,130.38124084472656,566.3091430664062,214.53282165527344,4.686637,5.393537,22.809881,28.600000
IR_57788.jpg,2025-04-23 17:19:02,Cableduct,324.1438903808594,15.892066955566406,357.7071228027344,40.37135314941406,7.251220,3.310272,22.335495,28.600000
IR_57788.jpg,2025-04-23 17:19:02,Cableduct,430.7811279296875,35.705596923828125,461.91656494140625,54.12626647949219,7.459052,4.533090,22.608187,28.600000
IR_57788.jpg,2025-04-23 17:19:02,Machine,483.5968322753906,111.6310043334961,583.8016357421875,207.95327758789062,5.903561,5.336959,22.946268,28.600000
IR_57788.jpg,2025-04-23 17:19:02,Person,345.8043212890625,197.55160522460938,475.3944091796875,439.0497741699219,10.794246,3.988692,22.938993,28.600000
IR_57788.jpg,2025-04-23 17:19:02,Window,159.31951904296875,56.33726501464844,195.9549560546875,115.20806884765625,1.027102,0.491834,21.940914,28.600000
IR_57789.jpg,2025-04-23 17:19:32,Screen,341.28778076171875,276.20538330078125,474.41412353515625,375.62139892578125,11.500944,4.135356,21.267794,24.400000
IR_57789.jpg,2025-04-23 17:19:32,Cableduct,530.47802734375,39.197654724121094,567.6201171875,61.77399444580078,8.668961,4.890019,21.463102,24.400000
IR_57789.jpg,2025-04-23 17:19:32,Screen,614.58544921875,276.0734558105469,639.780517578125,374.9308776855469,11.317937,4.828001,20.666847,24.400000
IR_57789.jpg,2025-04-23 17:19:32,Cableduct,221.08163452148438,1.0985145568847656,309.2956848144531,47.84360885620117,10.212099,3.095729,20.616016,24.400000
IR_57789.jpg,2025-04-23 17:19:32,Machine,110.06329345703125,168.7825927734375,143.83718872070312,274.09906005859375,6.706552,0.564122,21.676304,24.400000
IR_57789.jpg,2025-04-23 17:19:32,Cableduct,322.60040283203125,15.533336639404297,357.83990478515625,40.20949172973633,7.217235,3.305916,21.507240,24.400000
IR_57789.jpg,2025-04-23 17:19:32,Cableduct,574.840576171875,35.48519515991211,623.090576171875,59.62221145629883,10.043890,5.164264,21.752390,24.400000
IR_57789.jpg,2025-04-23 17:19:32,Machine,478.1768798828125,132.60479736328125,563.5340576171875,219.2540283203125,4.622808,5.354366,21.164778,24.400000
IR_57789.jpg,2025-04-23 17:19:32,Cableduct,430.2479248046875,35.098297119140625,461.8243408203125,56.35893249511719,7.607986,4.561024,21.290688,24.400000
IR_57789.jpg,2025-04-23 17:19:32,Window,161.92425537109375,56.595794677734375,201.36016845703125,114.13774108886719,1.049373,0.500737,20.753309,24.400000
IR_57790.jpg,2025-04-23 17:20:02,Person,397.9825439453125,211.5823974609375,569.9027099609375,486.11114501953125,11.579076,4.495015,25.090235,33.099998
IR_57790.jpg,2025-04-23 17:20:02,Cableduct,320.7132873535156,14.341129302978516,360.4678039550781,42.94639205932617,7.399228,3.393362,22.456038,33.099998
IR_57790.jpg,2025-04-23 17:20:02,Machine,109.9493408203125,170.79067993164062,144.4025115966797,275.3599853515625,6.701026,0.548840,23.471834,33.099998
IR_57790.jpg,2025-04-23 17:20:02,Screen,613.3541259765625,276.56964111328125,639.6473388671875,372.93963623046875,11.165915,4.876560,21.805574,28.348042
IR_57790.jpg,2025-04-23 17:20:02,Cableduct,529.215576171875,38.44854736328125,570.34521484375,64.0836181640625,8.721838,4.899380,22.617100,33.099998
IR_57790.jpg,2025-04-23 17:20:02,Cableduct,213.27908325195312,0.0,307.4072570800781,45.72389602661133,11.076536,3.152887,21.651737,33.099998
IR_57790.jpg,2025-04-23 17:20:02,Screen,339.9197998046875,275.7249755859375,448.6519775390625,372.97802734375,10.007983,3.891864,23.545599,33.099998
IR_57790.jpg,2025-04-23 17:20:02,Machine,479.1635437011719,132.19583129882812,563.689208984375,217.531494140625,4.608936,5.373495,23.018280,33.099998
IR_57791.jpg,2025-04-23 17:20:33,Screen,339.06048583984375,274.8194580078125,473.88934326171875,375.702880859375,11.562374,4.129512,21.516851,25.900000
IR_57791.jpg,2025-04-23 17:20:33,Machine,480.57257080078125,129.34567260742188,562.8932495117188,220.13327026367188,4.783792,5.269643,21.771725,25.900000
IR_57791.jpg,2025-04-23 17:20:33,Screen,612.50048828125,276.5533447265625,639.69091796875,373.40966796875,11.146465,4.878701,20.820272,25.331854
IR_57791.jpg,2025-04-23 17:20:33,Cableduct,218.34823608398438,1.0746994018554688,313.9421691894531,50.262245178222656,11.228448,3.279981,20.705557,25.900000
IR_57791.jpg,2025-04-23 17:20:33,Machine,109.69960021972656,170.6982421875,144.42897033691406,274.7764892578125,6.663414,0.534632,21.920561,25.900000
IR_57791.jpg,2025-04-23 17:20:33,Cableduct,321.769287109375,15.093074798583984,360.47509765625,43.498538970947266,7.388976,3.385941,21.807785,25.900000
IR_57791.jpg,2025-04-23 17:20:33,Cableduct,576.00244140625,34.64723587036133,622.72509765625,57.97414016723633,10.117803,5.173673,22.080202,25.900000
IR_57791.jpg,2025-04-23 17:20:33,Person,383.62335205078125,135.57431030273438,448.98553466796875,288.531005859375,5.948529,3.624795,22.167660,25.900000
IR_57791.jpg,2025-04-23 17:20:33,Cableduct,430.169921875,35.238948822021484,464.472900390625,57.28667068481445,7.460639,4.519574,22.260355,25.900000
IR_57791.jpg,2025-04-23 17:20:33,Person,330.2392578125,164.273681640625,405.366943359375,288.812744140625,6.363916,3.159865,22.682943,25.900000
IR_57791.jpg,2025-04-23 17:20:33,Machine,121.70391845703125,149.27166748046875,187.56680297851562,229.00604248046875,5.884554,0.575770,21.198566,25.900000
IR_57791.jpg,2025-04-23 17:20:33,Window,162.27133178710938,56.664825439453125,199.19659423828125,114.93292236328125,1.017135,0.507287,20.976677,25.900000
IR_57791.jpg,2025-04-23 17:20:33,Cableduct,529.7813720703125,39.244384765625,567.6942138671875,62.22052001953125,8.649622,4.887081,21.597761,25.900000
IR_57792.jpg,2025-04-23 17:21:02,Screen,342.2836608886719,276.30450439453125,473.6657409667969,376.37213134765625,11.391653,4.123942,21.346935,24.400000
IR_57792.jpg,2025-04-23 17:21:02,Machine,480.84173583984375,129.38064575195312,562.9896850585938,218.68814086914062,4.757005,5.295440,21.328390,24.400000
IR_57792.jpg,2025-04-23 17:21:02,Cableduct,218.70840454101562,1.5149955749511719,309.4062805175781,50.99355697631836,10.460939,3.125323,20.647686,24.400000
IR_57792.jpg,2025-04-23 17:21:02,Screen,615.2984619140625,276.4853515625,639.8074951171875,375.52294921875,11.364435,4.815994,20.827541,24.400000
IR_57792.jpg,2025-04-23 17:21:02,Machine,109.55287170410156,169.69921875,143.73001098632812,274.26446533203125,6.683349,0.544372,21.744886,24.400000
IR_57792.jpg,2025-04-23 17:21:02,Cableduct,528.1861572265625,39.425506591796875,566.4581298828125,62.530731201171875,8.591270,4.875334,21.378544,24.400000
IR_57792.jpg,2025-04-23 17:21:02,Cableduct,574.1453857421875,33.753448486328125,622.3404541015625,59.35130310058594,10.157642,5.174259,21.715134,24.400000
IR_57792.jpg,2025-04-23 17:21:02,Cableduct,430.652099609375,36.77124786376953,463.455322265625,55.57604217529297,7.330913,4.510276,21.784573,24.400000
IR_57792.jpg,2025-04-23 17:21:02,Cableduct,323.6365966796875,15.375205993652344,360.36328125,40.98997497558594,7.280243,3.342560,21.527218,24.400000
IR_57792.jpg,2025-04-23 17:21:02,Window,161.25653076171875,55.098541259765625,200.47515869140625,116.44918823242188,1.137946,0.526135,20.781494,24.400000
IR_57792.jpg,2025-04-23 17:21:02,Machine,123.0130615234375,153.03424072265625,187.97308349609375,228.52755737304688,6.029184,0.577163,21.050785,24.400000
IR_57793.jpg,2025-04-23 17:21:32,Screen,341.84521484375,276.04827880859375,474.0933837890625,375.8743896484375,11.439734,4.130658,21.376465,24.500000
IR_57793.jpg,2025-04-23 17:21:32,Cableduct,529.8924560546875,38.599700927734375,568.2667236328125,62.52392578125,8.717999,4.897241,21.382769,24.500000
IR_57793.jpg,2025-04-23 17:21:32,Cableduct,215.9227752685547,1.1282234191894531,313.13177490234375,49.320655822753906,11.459597,3.281900,20.640194,24.500000
IR_57793.jpg,2025-04-23 17:21:32,Machine,479.720703125,130.688232421875,562.0390625,215.60498046875,4.621884,5.356678,21.151924,24.500000
IR_57793.jpg,2025-04-23 17:21:32,Machine,110.22865295410156,172.13754272460938,142.97535705566406,274.5847473144531,6.678722,0.529544,21.802288,24.500000
IR_57793.jpg,2025-04-23 17:21:32,Cableduct,577.1242065429688,34.92088317871094,622.9583129882812,57.60224914550781,10.126071,5.175420,21.887390,24.500000
IR_57793.jpg,2025-04-23 17:21:32,Cableduct,322.5634765625,15.726390838623047,358.9737548828125,41.77461242675781,7.269618,3.333065,21.393267,24.500000
IR_57793.jpg,2025-04-23 17:21:32,Screen,613.9583740234375,275.7816162109375,639.7445068359375,375.9471435546875,11.342004,4.813846,20.891111,24.500000
IR_57793.jpg,2025-04-23 17:21:32,Machine,119.28303527832031,153.76644897460938,187.5480194091797,231.09408569335938,6.286297,0.590089,21.071716,24.500000
IR_57793.jpg,2025-04-23 17:21:32,Cableduct,430.2821350097656,35.88556671142578,461.7876892089844,54.13542938232422,7.421451,4.524320,21.646687,24.500000
IR_57793.jpg,2025-04-23 17:21:32,Window,164.15304565429688,57.52770233154297,198.10702514648438,116.61151885986328,0.964120,0.517256,20.753342,24.500000
IR_57794.jpg,2025-04-23 17:22:02,Screen,340.45892333984375,275.228515625,473.70343017578125,375.055419921875,11.479433,4.129763,21.473063,24.600000
IR_57794.jpg,2025-04-23 17:22:02,Cableduct,529.66552734375,38.77458953857422,567.829833984375,62.937416076660156,8.718128,4.897577,21.548828,24.600000
IR_57794.jpg,2025-04-23 17:22:02,Cableduct,220.80984497070312,1.3278465270996094,311.4466247558594,50.39903259277344,10.513323,3.168510,20.764889,24.600000
IR_57794.jpg,2025-04-23 17:22:02,Machine,109.58653259277344,169.9510498046875,143.7649383544922,274.193115234375,6.671862,0.539207,21.842192,24.600000
IR_57794.jpg,2025-04-23 17:22:02,Machine,479.46588134765625,132.839599609375,562.3765258789062,216.126220703125,4.542181,5.382587,21.206316,24.600000
IR_57794.jpg,2025-04-23 17:22:02,Screen,613.5406494140625,277.01177978515625,639.7261962890625,375.5966796875,11.275467,4.837724,20.975916,24.600000
IR_57794.jpg,2025-04-23 17:22:02,Cableduct,576.1690673828125,35.84677505493164,622.3419189453125,58.78757858276367,10.061211,5.167526,21.953434,24.600000
IR_57794.jpg,2025-04-23 17:22:02,Cableduct,429.77471923828125,35.10398864746094,463.6734619140625,56.88291931152344,7.479268,4.522553,21.544060,24.600000
IR_57794.jpg,2025-04-23 17:22:02,Cableduct,323.07470703125,15.37015151977539,358.86376953125,41.43511199951172,7.312231,3.342815,21.474501,24.600000
IR_57794.jpg,2025-04-23 17:22:02,Window,161.89044189453125,57.333587646484375,198.3126220703125,115.85768127441406,0.999896,0.498793,20.837969,24.600000
IR_57794.jpg,2025-04-23 17:22:02,Machine,121.5303726196289,154.0242919921875,187.61544799804688,230.00466918945312,6.157632,0.585526,21.163559,24.600000
IR_57795.jpg,2025-04-23 17:22:32,Screen,341.6419677734375,276.0227966308594,473.3599853515625,375.6076965332031,11.407806,4.125132,21.479235,24.600000
IR_57795.jpg,2025-04-23 17:22:32,Cableduct,220.148681640625,1.4949188232421875,313.13250732421875,50.6075439453125,10.848421,3.225466,20.741873,24.600000
IR_57795.jpg,2025-04-23 17:22:32,Cableduct,527.8603515625,39.64678955078125,566.2490234375,63.225830078125,8.591188,4.876413,21.493465,24.600000
IR_57795.jpg,2025-04-23 17:22:32,Machine,110.05661010742188,169.72616577148438,143.3314208984375,273.682861328125,6.675072,0.544916,21.840439,24.600000
IR_57795.jpg,2025-04-23 17:22:32,Screen,613.6622924804688,277.15234375,639.8536987304688,376.068359375,11.294193,4.833105,20.949791,24.600000
IR_57795.jpg,2025-04-23 17:22:32,Cableduct,322.63116455078125,14.821048736572266,356.86297607421875,42.52690124511719,7.460027,3.374465,21.401575,24.600000
IR_57795.jpg,2025-04-23 17:22:32,Cableduct,577.0032958984375,36.666709899902344,621.97998046875,58.514015197753906,10.019817,5.160090,22.079567,24.600000
IR_57795.jpg,2025-04-23 17:22:32,Machine,479.10052490234375,131.70620727539062,563.7146606445312,217.64254760742188,4.633332,5.366460,21.207485,24.600000
IR_57795.jpg,2025-04-23 17:22:32,Cableduct,429.88720703125,34.767066955566406,463.5712890625,56.09650421142578,7.479330,4.518844,21.474932,24.600000
IR_57795.jpg,2025-04-23 17:22:32,Machine,484.13165283203125,104.01559448242188,577.5437622070312,202.762451171875,6.058180,5.133696,21.152304,24.600000
IR_57795.jpg,2025-04-23 17:22:32,Window,162.1892547607422,57.187068939208984,198.93443298339844,116.35922241210938,1.019326,0.504661,20.872547,24.600000
IR_57796.jpg,2025-04-23 17:23:03,Cableduct,530.0159912109375,38.62415313720703,568.0316162109375,62.319252014160156,8.716660,4.896613,21.508711,24.500000
IR_57796.jpg,2025-04-23 17:23:03,Screen,340.4720458984375,276.53485107421875,473.90826416015625,377.15533447265625,11.522884,4.120894,21.404165,24.500000
IR_57796.jpg,2025-04-23 17:23:03,Screen,614.2479858398438,277.53558349609375,639.7595825195312,374.00921630859375,11.224237,4.863008,20.847990,24.500000
IR_57796.jpg,2025-04-23 17:23:03,Cableduct,212.77142333984375,1.4317817687988281,312.54736328125,49.43852233886719,11.783323,3.295360,20.690725,24.500000
IR_57796.jpg,2025-04-23 17:23:03,Cableduct,576.5377197265625,36.28152847290039,621.6864013671875,57.91171646118164,10.010481,5.158664,21.993713,24.500000
IR_57796.jpg,2025-04-23 17:23:03,Machine,109.78543090820312,172.79977416992188,143.5347900390625,274.8252868652344,6.644277,0.511123,21.758080,24.500000
IR_57796.jpg,2025-04-23 17:23:03,Machine,480.02996826171875,131.83340454101562,563.4685668945312,215.52926635742188,4.586621,5.379971,21.166733,24.500000
IR_57796.jpg,2025-04-23 17:23:03,Cableduct,322.5330810546875,14.692501068115234,357.46759033203125,41.74922180175781,7.412086,3.364006,21.362276,24.500000
IR_57796.jpg,2025-04-23 17:23:03,Cableduct,430.39154052734375,35.106361389160156,462.67791748046875,55.27025604248047,7.496740,4.531437,21.499645,24.500000
IR_57796.jpg,2025-04-23 17:23:03,Machine,483.6907958984375,103.67726135253906,578.0299072265625,201.2569122314453,6.087245,5.146538,21.095657,24.500000
IR_57796.jpg,2025-04-23 17:23:03,Machine,120.4574966430664,154.45849609375,186.56515502929688,229.81488037109375,6.225348,0.577943,21.089710,24.500000
IR_57796.jpg,2025-04-23 17:23:03,Window,146.9796142578125,56.9261589050293,190.11935424804688,117.17594909667969,1.182968,0.402216,20.909365,24.500000
IR_57796.jpg,2025-04-23 17:23:03,Screen,612.6915283203125,250.6324005126953,639.7205810546875,366.64361572265625,11.640654,4.811157,20.714441,24.500000
IR_57797.jpg,2025-04-23 17:23:32,Screen,343.580078125,275.4342041015625,474.2462158203125,374.8575439453125,11.327236,4.140573,21.435251,24.500000
IR_57797.jpg,2025-04-23 17:23:32,Screen,613.0341796875,277.534912109375,639.799072265625,373.6436767578125,11.151867,4.882796,20.876436,24.457703
IR_57797.jpg,2025-04-23 17:23:32,Cableduct,576.48046875,35.40106201171875,622.107421875,57.75654602050781,10.073172,5.167030,21.927956,24.500000
IR_57797.jpg,2025-04-23 17:23:32,Machine,108.93745422363281,170.83334350585938,143.36265563964844,274.71649169921875,6.677885,0.527003,21.710175,24.500000
IR_57797.jpg,2025-04-23 17:23:32,Cableduct,218.83975219726562,1.6812019348144531,314.4589538574219,52.78827667236328,11.149318,3.280216,20.712690,24.500000
IR_57797.jpg,2025-04-23 17:23:32,Cableduct,529.09033203125,38.89707946777344,566.313720703125,61.48272705078125,8.638336,4.880362,21.563219,24.415405
IR_57797.jpg,2025-04-23 17:23:32,Machine,479.6661682128906,134.65283203125,562.4696044921875,216.92648315429688,4.482641,5.398560,21.197329,24.500000
IR_57797.jpg,2025-04-23 17:23:32,Cableduct,429.5245666503906,35.11515808105469,462.9464416503906,56.05126953125,7.465272,4.519468,21.456095,24.500000
IR_57797.jpg,2025-04-23 17:23:32,Cableduct,321.2685546875,13.89599609375,360.0557861328125,43.231475830078125,7.496686,3.416209,21.236212,24.500000
IR_57797.jpg,2025-04-23 17:23:32,Machine,483.38214111328125,104.2833480834961,575.7465209960938,202.25076293945312,5.995554,5.129095,21.151049,24.500000
IR_57797.jpg,2025-04-23 17:23:32,Machine,123.24676513671875,151.60702514648438,185.68344116210938,227.40676879882812,5.849381,0.550740,21.082714,24.500000
IR_57797.jpg,2025-04-23 17:23:32,Window,162.86268615722656,56.579280853271484,199.3697052001953,117.32000732421875,1.053524,0.522029,20.750578,24.500000
IR_57798.jpg,2025-04-23 17:24:02,Screen,342.33856201171875,274.7113037109375,474.59869384765625,375.01025390625,11.401104,4.140079,21.431854,24.500000
IR_57798.jpg,2025-04-23 17:24:02,Cableduct,212.96725463867188,1.3930587768554688,314.9275207519531,51.734222412109375,12.042670,3.369595,20.763041,24.500000
IR_57798.jpg,2025-04-23 17:24:02,Cableduct,576.145263671875,35.439300537109375,622.1116943359375,58.02964782714844,10.066011,5.166327,21.870834,24.500000
IR_57798.jpg,2025-04-23 17:24:02,Machine,109.17756652832031,170.9852294921875,143.0194091796875,275.08233642578125,6.712631,0.538539,21.746307,24.500000
IR_57798.jpg,2025-04-23 17:24:02,Screen,611.9412231445312,276.80621337890625,639.8528442382812,375.80108642578125,11.213196,4.851834,20.958290,24.457703
IR_57798.jpg,2025-04-23 17:24:02,Machine,479.52130126953125,133.87437438964844,562.5629272460938,218.84678649902344,4.551214,5.366546,21.223860,24.500000
IR_57798.jpg,2025-04-23 17:24:02,Cableduct,429.70623779296875,34.314491271972656,463.40216064453125,58.46710968017578,7.652730,4.557230,21.271214,24.500000
IR_57798.jpg,2025-04-23 17:24:02,Cableduct,320.73773193359375,14.50406265258789,359.08489990234375,41.94839096069336,7.344039,3.362566,21.332018,24.500000
IR_57798.jpg,2025-04-23 17:24:02,Machine,483.499267578125,103.66009521484375,577.5078125,200.2872314453125,6.067869,5.146959,21.192999,24.500000
IR_57798.jpg,2025-04-23 17:24:02,Cableduct,529.12890625,39.709327697753906,566.993896484375,61.54492950439453,8.555843,4.870961,21.644281,24.373108
IR_57798.jpg,2025-04-23 17:24:02,Window,161.7322540283203,54.932044982910156,202.6231231689453,117.05477142333984,1.184388,0.534074,20.683096,24.500000
IR_57799.jpg,2025-04-23 17:24:33,Screen,342.0008544921875,275.4477233886719,474.043212890625,375.6951599121094,11.408109,4.130618,21.424301,24.500000
IR_57799.jpg,2025-04-23 17:24:33,Cableduct,216.0123748779297,1.3807792663574219,314.61236572265625,52.42311096191406,11.565723,3.324068,20.760170,24.500000
IR_57799.jpg,2025-04-23 17:24:33,Screen,613.4259643554688,278.43121337890625,639.8463745117188,374.02423095703125,11.161062,4.883677,20.936464,24.387207
IR_57799.jpg,2025-04-23 17:24:33,Cableduct,576.3095703125,35.5089111328125,621.9898681640625,58.53807067871094,10.093243,5.170749,21.884926,24.500000
IR_57799.jpg,2025-04-23 17:24:33,Machine,479.4898681640625,133.65054321289062,562.114990234375,217.43045043945312,4.529538,5.381256,21.241917,24.500000
IR_57799.jpg,2025-04-23 17:24:33,Machine,109.51664733886719,171.03115844726562,143.24407958984375,275.337890625,6.725454,0.546614,21.759970,24.062923
IR_57799.jpg,2025-04-23 17:24:33,Cableduct,429.95916748046875,34.67462158203125,463.85772705078125,58.61956787109375,7.614359,4.552167,21.301683,24.500000
IR_57799.jpg,2025-04-23 17:24:33,Cableduct,321.7984619140625,15.22565746307373,358.9805908203125,41.42978286743164,7.274498,3.336568,21.405043,24.500000
IR_57799.jpg,2025-04-23 17:24:33,Cableduct,530.16162109375,40.04526901245117,565.666748046875,60.8428840637207,8.567968,4.872238,21.789835,24.387207
IR_57799.jpg,2025-04-23 17:24:33,Machine,481.607666015625,103.26449584960938,577.8189697265625,201.65206909179688,6.130776,5.161936,21.185928,24.500000
IR_57799.jpg,2025-04-23 17:24:33,Machine,220.29513549804688,146.8427734375,250.57647705078125,183.46539306640625,2.510369,0.972887,20.730984,21.214882
IR_57800.jpg,2025-04-23 17:25:02,Screen,340.86328125,275.67584228515625,473.92919921875,375.96148681640625,11.477625,4.126545,21.426855,24.500000
IR_57800.jpg,2025-04-23 17:25:02,Cableduct,213.15194702148438,1.2630767822265625,312.8352355957031,51.480621337890625,11.710111,3.303983,20.794903,24.500000
IR_57800.jpg,2025-04-23 17:25:02,Cableduct,576.1851806640625,35.81477355957031,621.958740234375,58.322479248046875,10.050045,5.164639,21.870085,24.500000
IR_57800.jpg,2025-04-23 17:25:02,Machine,479.3926696777344,133.67605590820312,562.5186767578125,218.20693969726562,4.546769,5.375670,21.246929,24.500000
IR_57800.jpg,2025-04-23 17:25:02,Machine,109.16075134277344,170.63824462890625,144.18942260742188,274.9923095703125,6.673954,0.532341,21.752499,24.500000
IR_57800.jpg,2025-04-23 17:25:02,Cableduct,430.03643798828125,34.79725646972656,463.36151123046875,58.51624298095703,7.636734,4.560769,21.338308,24.457703
IR_57800.jpg,2025-04-23 17:25:02,Screen,612.8295288085938,274.9070129394531,639.7698364257812,374.2044372558594,11.237608,4.845039,20.982576,24.457703
IR_57800.jpg,2025-04-23 17:25:02,Cableduct,321.8993835449219,14.25020980834961,358.6622009277344,41.779476165771484,7.417424,3.377165,21.397192,24.500000
IR_57800.jpg,2025-04-23 17:25:02,Cableduct,529.287109375,40.11893844604492,566.303466796875,61.109981536865234,8.518479,4.864913,21.719790,24.373108
IR_57800.jpg,2025-04-23 17:25:02,Machine,482.20867919921875,102.917236328125,577.2415161132812,200.8177490234375,6.117635,5.146225,21.210938,24.500000
IR_57800.jpg,2025-04-23 17:25:02,Window,161.89772033691406,54.97888946533203,204.84349060058594,117.6978988647461,1.231610,0.537930,20.664125,24.500000
IR_57800.jpg,2025-04-23 17:25:02,Machine,120.51698303222656,154.28509521484375,188.2095184326172,228.10992431640625,6.315780,0.589666,21.124994,24.500000
IR_57801.jpg,2025-04-23 17:25:32,Screen,340.3329162597656,275.3994140625,474.2651672363281,376.2403564453125,11.521108,4.128263,21.395638,24.500000
IR_57801.jpg,2025-04-23 17:25:32,Cableduct,212.65220642089844,1.4757461547851562,314.2601318359375,50.676048278808594,12.017615,3.350335,20.775488,24.500000
IR_57801.jpg,2025-04-23 17:25:32,Screen,612.939697265625,275.6170654296875,639.755859375,370.71893310546875,11.073290,4.908947,20.892117,24.457703
IR_57801.jpg,2025-04-23 17:25:32,Cableduct,528.927490234375,39.97129821777344,564.690185546875,61.13133239746094,8.545161,4.866052,21.664066,24.387207
IR_57801.jpg,2025-04-23 17:25:32,Cableduct,575.0056762695312,35.981666564941406,622.1687622070312,59.22187042236328,10.015698,5.161177,21.786194,24.500000
IR_57801.jpg,2025-04-23 17:25:32,Cableduct,429.73797607421875,34.829246520996094,464.357177734375,59.660797119140625,7.610506,4.551348,21.248381,24.457703
IR_57801.jpg,2025-04-23 17:25:32,Machine,109.66835021972656,170.00064086914062,143.8511962890625,274.70208740234375,6.698466,0.548826,21.765341,24.006527
IR_57801.jpg,2025-04-23 17:25:32,Machine,479.9210205078125,133.30133056640625,562.1365966796875,218.80038452148438,4.575859,5.352419,21.243843,24.500000
IR_57801.jpg,2025-04-23 17:25:32,Cableduct,321.9241027832031,14.258220672607422,357.9933166503906,41.142059326171875,7.390280,3.362695,21.411098,24.500000
IR_57801.jpg,2025-04-23 17:25:32,Machine,483.3167419433594,102.82196044921875,576.8284912109375,201.25314331054688,6.098775,5.124753,21.198915,24.500000
IR_57801.jpg,2025-04-23 17:25:32,Machine,120.32786560058594,152.776123046875,188.84776306152344,230.18212890625,6.222361,0.593259,21.111650,24.500000
IR_57802.jpg,2025-04-23 17:26:02,Screen,341.29571533203125,274.92755126953125,474.2713623046875,375.97735595703125,11.446980,4.129023,21.396290,24.500000
IR_57802.jpg,2025-04-23 17:26:02,Cableduct,214.2069854736328,1.2102203369140625,313.03155517578125,52.27920913696289,11.573180,3.298976,20.783648,24.500000
IR_57802.jpg,2025-04-23 17:26:02,Machine,479.992919921875,134.07424926757812,560.5357666015625,217.68853759765625,4.519133,5.365987,21.258577,24.500000
IR_57802.jpg,2025-04-23 17:26:02,Cableduct,575.7159423828125,36.38166809082031,622.5594482421875,58.534881591796875,9.973425,5.152313,21.876986,24.500000
IR_57802.jpg,2025-04-23 17:26:02,Screen,615.2573852539062,276.16888427734375,639.7677612304688,372.15118408203125,11.226189,4.867323,20.933071,24.457703
IR_57802.jpg,2025-04-23 17:26:02,Cableduct,429.76165771484375,34.7103271484375,463.48553466796875,58.99342346191406,7.644975,4.560429,21.316071,24.457703
IR_57802.jpg,2025-04-23 17:26:02,Cableduct,322.26934814453125,14.629878997802734,359.48773193359375,42.278533935546875,7.404926,3.379473,21.383482,24.500000
IR_57802.jpg,2025-04-23 17:26:02,Machine,109.71922302246094,170.58944702148438,143.8567352294922,274.44720458984375,6.668693,0.535220,21.776979,24.062923
IR_57802.jpg,2025-04-23 17:26:02,Cableduct,530.0126953125,40.043914794921875,565.9609375,60.74592590332031,8.550696,4.869586,21.815104,24.443604
IR_57802.jpg,2025-04-23 17:26:02,Machine,482.136474609375,102.77156829833984,577.92236328125,200.18508911132812,6.146128,5.158135,21.196276,24.500000
IR_57802.jpg,2025-04-23 17:26:02,Machine,121.3046875,154.45492553710938,189.0592041015625,226.0943603515625,6.353868,0.588804,21.129997,24.500000
IR_57803.jpg,2025-04-23 17:26:33,Screen,342.3580017089844,275.76513671875,473.2861633300781,374.9677734375,11.354101,4.129462,21.384607,24.500000
IR_57803.jpg,2025-04-23 17:26:33,Cableduct,218.187255859375,1.3599357604980469,316.635498046875,52.914852142333984,11.566986,3.362405,20.736393,24.500000
IR_57803.jpg,2025-04-23 17:26:33,Cableduct,575.945068359375,34.9964599609375,622.004150390625,59.10585021972656,10.148071,5.178539,21.707417,24.500000
IR_57803.jpg,2025-04-23 17:26:33,Machine,109.39080810546875,170.1751708984375,144.23345947265625,275.2108154296875,6.702765,0.547687,21.717680,24.062923
IR_57803.jpg,2025-04-23 17:26:33,Cableduct,429.75762939453125,34.187740325927734,463.78961181640625,59.18467330932617,7.681047,4.562352,21.263746,24.457703
IR_57803.jpg,2025-04-23 17:26:33,Screen,613.2701416015625,273.43011474609375,639.6822509765625,368.66326904296875,11.059749,4.912545,20.768797,24.387207
IR_57803.jpg,2025-04-23 17:26:33,Machine,479.87469482421875,133.9112548828125,561.6677856445312,218.783935546875,4.548701,5.356817,21.213820,24.500000
IR_57803.jpg,2025-04-23 17:26:33,Cableduct,530.4365844726562,39.33220672607422,566.0508422851562,60.736602783203125,8.635077,4.881286,21.704025,24.387207
IR_57803.jpg,2025-04-23 17:26:33,Cableduct,322.4190979003906,15.610363006591797,359.0399475097656,41.19847869873047,7.240401,3.324425,21.391520,24.500000
IR_57803.jpg,2025-04-23 17:26:33,Machine,482.99072265625,102.62208557128906,577.9808349609375,199.5703887939453,6.141930,5.149559,21.162699,24.500000
IR_57804.jpg,2025-04-23 17:27:02,Screen,340.63726806640625,275.0206298828125,474.0838623046875,374.8858642578125,11.485876,4.134326,21.311239,24.400000
IR_57804.jpg,2025-04-23 17:27:02,Cableduct,214.4976806640625,1.4107093811035156,317.8563232421875,53.39930725097656,12.227810,3.443863,20.668060,24.400000
IR_57804.jpg,2025-04-23 17:27:02,Cableduct,574.0806884765625,33.950801849365234,622.7181396484375,58.75052261352539,10.100281,5.165831,21.610172,24.400000
IR_57804.jpg,2025-04-23 17:27:02,Machine,480.2601623535156,134.00860595703125,562.5653076171875,218.17242431640625,4.537628,5.377708,21.147905,24.400000
IR_57804.jpg,2025-04-23 17:27:02,Cableduct,429.7447814941406,35.251949310302734,463.1144104003906,58.468135833740234,7.591691,4.554363,21.247215,24.400000
IR_57804.jpg,2025-04-23 17:27:02,Screen,615.2276611328125,273.9272155761719,639.8216552734375,369.2241516113281,11.156440,4.891258,20.774643,24.287207
IR_57804.jpg,2025-04-23 17:27:02,Machine,110.08067321777344,170.24209594726562,143.83351135253906,274.9216613769531,6.714467,0.556418,21.712481,23.962925
IR_57804.jpg,2025-04-23 17:27:02,Cableduct,322.5146484375,14.426677703857422,357.5487060546875,40.581871032714844,7.368499,3.349875,21.378502,24.400000
IR_57804.jpg,2025-04-23 17:27:02,Cableduct,529.40869140625,39.93456268310547,566.354248046875,60.977500915527344,8.534323,4.866846,21.607748,24.287207
IR_57804.jpg,2025-04-23 17:27:02,Machine,481.771728515625,101.72010803222656,577.64111328125,200.6204376220703,6.199445,5.141751,21.082338,24.400000
IR_57804.jpg,2025-04-23 17:27:02,Machine,119.8843994140625,154.598876953125,185.31085205078125,227.0635986328125,6.287918,0.556194,21.059538,24.400000
IR_57805.jpg,2025-04-23 17:27:32,Screen,342.3310241699219,276.0504150390625,473.6573791503906,375.1263427734375,11.387221,4.132390,21.399370,24.400000
IR_57805.jpg,2025-04-23 17:27:32,Screen,612.335205078125,276.1575927734375,639.6982421875,370.82403564453125,11.037381,4.918569,20.859747,24.289295
IR_57805.jpg,2025-04-23 17:27:32,Cableduct,215.7701873779297,1.4922294616699219,315.66705322265625,52.687129974365234,11.748114,3.358118,20.762901,24.400000
IR_57805.jpg,2025-04-23 17:27:32,Cableduct,573.9351806640625,33.92292785644531,622.7247314453125,57.84892272949219,10.054194,5.158130,21.709448,24.400000
IR_57805.jpg,2025-04-23 17:27:32,Machine,479.8355712890625,134.25259399414062,561.680908203125,218.49337768554688,4.527847,5.367656,21.214134,24.400000
IR_57805.jpg,2025-04-23 17:27:32,Machine,109.88728332519531,170.406494140625,144.24440002441406,274.60614013671875,6.672550,0.540930,21.736206,23.971018
IR_57805.jpg,2025-04-23 17:27:32,Cableduct,529.13720703125,40.25968933105469,565.063720703125,61.31989288330078,8.530946,4.865763,21.674980,24.344648
IR_57805.jpg,2025-04-23 17:27:32,Cableduct,429.7773742675781,34.407814025878906,463.2295837402344,58.10199737548828,7.640366,4.555867,21.292240,24.400000
IR_57805.jpg,2025-04-23 17:27:32,Cableduct,321.8524169921875,14.449910163879395,358.8310546875,41.956233978271484,7.400516,3.373839,21.375408,24.400000
IR_57805.jpg,2025-04-23 17:27:32,Machine,119.38346862792969,154.37481689453125,188.17564392089844,229.56561279296875,6.374584,0.594615,21.104362,24.400000
IR_57806.jpg,2025-04-23 17:28:03,Screen,341.82232666015625,275.13128662109375,473.3294677734375,375.660400390625,11.364815,4.123157,21.438822,24.500000
IR_57806.jpg,2025-04-23 17:28:03,Cableduct,215.09727478027344,1.5622596740722656,314.5372314453125,52.0954475402832,11.685045,3.329036,20.814548,24.500000
IR_57806.jpg,2025-04-23 17:28:03,Screen,613.9522705078125,272.0144348144531,639.6680908203125,370.1329040527344,11.192637,4.864623,20.895447,24.401306
IR_57806.jpg,2025-04-23 17:28:03,Machine,479.4099426269531,133.66751098632812,561.693115234375,219.01715087890625,4.558517,5.351398,21.258707,24.500000
IR_57806.jpg,2025-04-23 17:28:03,Cableduct,573.5738525390625,33.60357666015625,623.1673583984375,59.392127990722656,10.114891,5.165967,21.677637,24.500000
IR_57806.jpg,2025-04-23 17:28:03,Machine,109.81146240234375,170.29681396484375,143.9297332763672,275.3996276855469,6.730842,0.559167,21.823833,24.062923
IR_57806.jpg,2025-04-23 17:28:03,Cableduct,430.0779113769531,34.825889587402344,462.5792541503906,57.66278839111328,7.642634,4.564306,21.393757,24.500000
IR_57806.jpg,2025-04-23 17:28:03,Cableduct,529.3380737304688,40.14748001098633,565.2869262695312,61.0579719543457,8.534821,4.866164,21.747414,24.373108
IR_57806.jpg,2025-04-23 17:28:03,Cableduct,322.3568115234375,14.821089744567871,358.26776123046875,41.31067657470703,7.348911,3.351279,21.449083,24.500000
IR_57806.jpg,2025-04-23 17:28:03,Machine,482.8984375,103.02318572998047,576.7781982421875,200.7266845703125,6.086964,5.133077,21.214108,24.500000
IR_57806.jpg,2025-04-23 17:28:03,Machine,121.0128173828125,154.2633056640625,188.23056030273438,228.3006591796875,6.275451,0.588578,21.180824,24.500000
IR_57807.jpg,2025-04-23 17:28:32,Screen,341.3771057128906,275.6943359375,473.6840515136719,374.802978515625,11.438159,4.133132,21.389372,24.500000
IR_57807.jpg,2025-04-23 17:28:32,Cableduct,213.27392578125,1.596282958984375,316.17022705078125,52.44644546508789,12.164288,3.401523,20.762493,24.500000
IR_57807.jpg,2025-04-23 17:28:32,Machine,479.7983093261719,134.82864379882812,561.37158203125,218.75820922851562,4.508451,5.367972,21.225544,24.500000
IR_57807.jpg,2025-04-23 17:28:32,Screen,614.3193359375,273.9984130859375,639.69970703125,368.5885009765625,11.088858,4.909493,20.773209,24.344908
IR_57807.jpg,2025-04-23 17:28:32,Machine,109.3336181640625,170.37771606445312,144.07485961914062,275.5807189941406,6.722950,0.551780,21.777542,24.062923
IR_57807.jpg,2025-04-23 17:28:32,Cableduct,576.1614379882812,35.608001708984375,622.3013305664062,58.766319274902344,10.082238,5.170113,21.855259,24.500000
IR_57807.jpg,2025-04-23 17:28:32,Cableduct,321.6455078125,14.362689971923828,359.24310302734375,41.98966598510742,7.396770,3.376696,21.384962,24.500000
IR_57807.jpg,2025-04-23 17:28:32,Cableduct,429.8662109375,35.335628509521484,463.28466796875,58.941287994384766,7.607009,4.559557,21.348791,24.500000
IR_57807.jpg,2025-04-23 17:28:32,Cableduct,530.403564453125,39.901512145996094,565.80517578125,61.021217346191406,8.598978,4.877434,21.710876,24.387207
IR_57807.jpg,2025-04-23 17:28:32,Machine,121.25264739990234,153.17849731445312,189.64358520507812,227.89724731445312,6.255075,0.595214,21.139530,24.500000
IR_57808.jpg,2025-04-23 17:29:02,Screen,340.9396667480469,274.97039794921875,474.6280212402344,376.25018310546875,11.490881,4.130159,21.384470,24.500000
IR_57808.jpg,2025-04-23 17:29:02,Cableduct,216.33148193359375,1.4150505065917969,316.64892578125,52.90069580078125,11.816324,3.383836,20.790728,24.500000
IR_57808.jpg,2025-04-23 17:29:02,Cableduct,574.4478759765625,34.34807205200195,622.003173828125,59.93330764770508,10.160218,5.177504,21.735424,24.500000
IR_57808.jpg,2025-04-23 17:29:02,Machine,479.097900390625,133.83001708984375,561.6951904296875,218.8260498046875,4.544080,5.358949,21.245420,24.500000
IR_57808.jpg,2025-04-23 17:29:02,Screen,613.5476684570312,275.9905090332031,639.6701049804688,368.1535949707031,10.995363,4.945582,20.870518,24.415405
IR_57808.jpg,2025-04-23 17:29:02,Machine,110.16383361816406,171.1331787109375,143.492431640625,274.7724304199219,6.695814,0.543359,21.844505,24.500000
IR_57808.jpg,2025-04-23 17:29:02,Cableduct,429.44354248046875,34.693885803222656,463.04327392578125,57.72797393798828,7.585086,4.544355,21.363630,24.500000
IR_57808.jpg,2025-04-23 17:29:02,Cableduct,529.7789306640625,40.009124755859375,566.4283447265625,60.82209014892578,8.537180,4.867830,21.779224,24.443604
IR_57808.jpg,2025-04-23 17:29:02,Cableduct,322.69659423828125,15.033195495605469,359.02569580078125,41.889652252197266,7.360486,3.360499,21.462524,24.500000
IR_57808.jpg,2025-04-23 17:29:02,Machine,197.97732543945312,100.42399597167969,223.48641967773438,125.17723083496094,0.712119,0.517272,20.833900,21.384073
IR_57808.jpg,2025-04-23 17:29:02,Machine,481.83642578125,104.138671875,577.64013671875,200.617919921875,6.066793,5.175867,21.201134,24.500000
IR_57809.jpg,2025-04-23 17:29:32,Screen,340.9854736328125,275.54180908203125,473.7080078125,375.14300537109375,11.456833,4.130172,21.382486,24.500000
IR_57809.jpg,2025-04-23 17:29:32,Cableduct,216.8069305419922,1.2956886291503906,315.93951416015625,52.85814666748047,11.647997,3.358113,20.793856,24.500000
IR_57809.jpg,2025-04-23 17:29:32,Cableduct,575.1832275390625,34.359031677246094,622.9251708984375,58.810546875,10.129123,5.173952,21.768816,24.500000
IR_57809.jpg,2025-04-23 17:29:32,Machine,480.12518310546875,134.4229736328125,561.8876342773438,219.30517578125,4.541646,5.355755,21.222261,24.500000
IR_57809.jpg,2025-04-23 17:29:32,Machine,109.69790649414062,170.20169067382812,143.81097412109375,275.4862365722656,6.740157,0.561379,21.815752,24.500000
IR_57809.jpg,2025-04-23 17:29:32,Cableduct,429.6579284667969,35.00914001464844,463.0921936035156,58.05625915527344,7.586029,4.549451,21.340734,24.500000
IR_57809.jpg,2025-04-23 17:29:32,Screen,611.348388671875,270.73175048828125,639.76513671875,368.73583984375,11.044668,4.902753,20.796503,24.387207
IR_57809.jpg,2025-04-23 17:29:32,Cableduct,322.3188781738281,14.674217224121094,357.9891052246094,41.11143493652344,7.356911,3.351306,21.454260,24.500000
IR_57809.jpg,2025-04-23 17:29:32,Cableduct,529.6796875,40.147010803222656,566.29833984375,60.7445068359375,8.518359,4.864876,21.757719,24.457703
IR_57809.jpg,2025-04-23 17:29:32,Machine,120.32279968261719,153.97186279296875,187.2410430908203,227.3287353515625,6.283824,0.576344,21.153559,24.500000
IR_57809.jpg,2025-04-23 17:29:32,Cableduct,425.81207275390625,32.20147705078125,465.68475341796875,59.84931945800781,7.516351,4.476063,21.183746,24.500000
IR_57809.jpg,2025-04-23 17:29:32,Machine,482.4678955078125,104.09227752685547,578.331298828125,200.8505859375,6.086567,5.175218,21.173544,24.500000
IR_57810.jpg,2025-04-23 17:30:02,Cableduct,215.45755004882812,1.2187385559082031,317.0964660644531,51.97549057006836,12.034332,3.411516,20.738638,24.400000
IR_57810.jpg,2025-04-23 17:30:02,Screen,341.98638916015625,275.5529479980469,473.6285400390625,375.5887756347656,11.387532,4.127511,21.320118,24.400000
IR_57810.jpg,2025-04-23 17:30:02,Machine,480.59326171875,134.1878204345703,561.5850830078125,219.2341766357422,4.554842,5.347992,21.167730,24.400000
IR_57810.jpg,2025-04-23 17:30:02,Screen,612.6256713867188,278.9442138671875,639.8014526367188,371.282958984375,11.022759,4.938883,20.792109,24.289295
IR_57810.jpg,2025-04-23 17:30:02,Machine,110.29286193847656,170.423583984375,144.29327392578125,275.2568664550781,6.716876,0.559735,21.771454,23.971018
IR_57810.jpg,2025-04-23 17:30:02,Cableduct,574.7401123046875,34.456504821777344,622.3834228515625,58.45714569091797,10.093531,5.167850,21.716467,24.400000
IR_57810.jpg,2025-04-23 17:30:02,Cableduct,430.25244140625,34.87889099121094,462.6339111328125,58.32722473144531,7.682825,4.575939,21.285870,24.400000
IR_57810.jpg,2025-04-23 17:30:02,Cableduct,529.320556640625,39.56121826171875,566.7130126953125,61.036956787109375,8.560402,4.870275,21.618505,24.358486
IR_57810.jpg,2025-04-23 17:30:02,Cableduct,322.1328125,15.716883659362793,358.9910888671875,41.46540451049805,7.233881,3.323415,21.417021,24.400000
IR_57810.jpg,2025-04-23 17:30:02,Machine,121.24848175048828,153.3077850341797,188.6905517578125,227.2232208251953,6.234025,0.587171,21.113636,24.400000
IR_57811.jpg,2025-04-23 17:30:33,Screen,339.88812255859375,275.25494384765625,473.2984619140625,376.3153076171875,11.483415,4.116702,21.287764,24.400000
IR_57811.jpg,2025-04-23 17:30:33,Cableduct,216.6717529296875,1.3815689086914062,315.821533203125,52.5482177734375,11.657385,3.354264,20.744381,24.400000
IR_57811.jpg,2025-04-23 17:30:33,Machine,480.38226318359375,134.08062744140625,562.3252563476562,219.2802734375,4.559120,5.354708,21.150848,24.400000
IR_57811.jpg,2025-04-23 17:30:33,Cableduct,575.702880859375,34.44523620605469,622.452880859375,59.91059875488281,10.214352,5.188710,21.680786,24.400000
IR_57811.jpg,2025-04-23 17:30:33,Cableduct,430.2142333984375,35.28923797607422,462.7109375,57.98212432861328,7.619168,4.564567,21.334299,24.400000
IR_57811.jpg,2025-04-23 17:30:33,Screen,612.9521484375,276.9976806640625,639.7596435546875,372.3216552734375,11.106312,4.898369,20.789066,24.358486
IR_57811.jpg,2025-04-23 17:30:33,Machine,110.20631408691406,170.5819091796875,144.0980682373047,274.36297607421875,6.666321,0.540206,21.776840,24.400000
IR_57811.jpg,2025-04-23 17:30:33,Cableduct,321.66046142578125,14.91641902923584,358.57830810546875,42.50379180908203,7.377548,3.366389,21.332432,24.400000
IR_57811.jpg,2025-04-23 17:30:33,Cableduct,529.56591796875,39.96814727783203,565.400390625,60.32769012451172,8.526310,4.863558,21.649937,24.275457
IR_57811.jpg,2025-04-23 17:30:33,Machine,121.11341857910156,153.3091278076172,188.2673797607422,227.4973907470703,6.219378,0.584420,21.108070,24.400000
IR_57812.jpg,2025-04-23 17:31:02,Screen,342.7088623046875,275.4447021484375,473.77459716796875,374.5067138671875,11.354613,4.137402,21.272514,24.400000
IR_57812.jpg,2025-04-23 17:31:02,Cableduct,215.87692260742188,1.5078697204589844,315.9617004394531,51.31465530395508,11.824396,3.365177,20.683908,24.400000
IR_57812.jpg,2025-04-23 17:31:02,Cableduct,574.9989013671875,34.005615234375,622.337646484375,58.82698059082031,10.164871,5.177869,21.655268,24.400000
IR_57812.jpg,2025-04-23 17:31:02,Screen,613.6238403320312,272.86383056640625,639.8751831054688,372.27447509765625,11.241973,4.847229,20.701900,24.301306
IR_57812.jpg,2025-04-23 17:31:02,Machine,480.1333923339844,133.03663635253906,561.6009521484375,219.52455139160156,4.603889,5.327914,21.101492,24.400000
IR_57812.jpg,2025-04-23 17:31:02,Machine,109.29385375976562,170.14627075195312,143.97994995117188,274.7770690917969,6.685647,0.540296,21.709206,23.962925
IR_57812.jpg,2025-04-23 17:31:02,Cableduct,429.8066711425781,35.328121185302734,462.8002014160156,58.4089241027832,7.607175,4.560181,21.256273,24.400000
IR_57812.jpg,2025-04-23 17:31:02,Cableduct,321.67315673828125,14.994609832763672,358.41278076171875,42.89501190185547,7.396148,3.371209,21.278034,24.400000
IR_57812.jpg,2025-04-23 17:31:02,Cableduct,529.5490112304688,38.97748565673828,567.2116088867188,61.27153015136719,8.627147,4.880297,21.507629,24.357702
IR_57812.jpg,2025-04-23 17:31:02,Machine,119.90880584716797,153.236328125,187.291259765625,228.096923828125,6.247663,0.578758,21.051453,24.400000
IR_57813.jpg,2025-04-23 17:31:33,Screen,340.66766357421875,276.075439453125,473.960205078125,376.6192626953125,11.501310,4.123293,21.366854,24.500000
IR_57813.jpg,2025-04-23 17:31:33,Machine,479.7408142089844,134.00692749023438,561.9532470703125,219.5557861328125,4.560021,5.347513,21.215353,24.500000
IR_57813.jpg,2025-04-23 17:31:33,Cableduct,576.7415771484375,34.692893981933594,622.4844970703125,59.09606170654297,10.205425,5.187346,21.762409,24.500000
IR_57813.jpg,2025-04-23 17:31:33,Cableduct,210.63043212890625,1.5047073364257812,315.62249755859375,53.131103515625,12.411840,3.417748,20.789860,24.500000
IR_57813.jpg,2025-04-23 17:31:33,Screen,612.3353271484375,272.895263671875,639.7257080078125,369.68157958984375,11.074137,4.900604,20.786068,24.330809
IR_57813.jpg,2025-04-23 17:31:33,Machine,109.73165893554688,170.435546875,144.28335571289062,274.92169189453125,6.684948,0.543450,21.809343,24.048824
IR_57813.jpg,2025-04-23 17:31:33,Cableduct,321.72723388671875,14.510936737060547,358.87127685546875,43.36468505859375,7.474361,3.398845,21.347971,24.500000
IR_57813.jpg,2025-04-23 17:31:33,Cableduct,429.37115478515625,33.62770080566406,461.93707275390625,57.581398010253906,7.742961,4.572995,21.377323,24.500000
IR_57813.jpg,2025-04-23 17:31:33,Cableduct,529.8768310546875,39.935943603515625,566.4581298828125,60.66083526611328,8.540667,4.868059,21.702770,24.373108
IR_57813.jpg,2025-04-23 17:31:33,Machine,120.30470275878906,152.72564697265625,188.4685821533203,228.780517578125,6.223866,0.586197,21.168087,24.500000
IR_57813.jpg,2025-04-23 17:31:33,Window,161.99330139160156,54.950809478759766,201.0222930908203,117.26715087890625,1.154118,0.536796,20.724226,24.500000
IR_57814.jpg,2025-04-23 17:32:02,Screen,340.93572998046875,275.753662109375,474.172119140625,375.4722900390625,11.493728,4.132831,21.370985,24.500000
IR_57814.jpg,2025-04-23 17:32:02,Cableduct,215.23452758789062,1.4262466430664062,314.8365173339844,52.71491241455078,11.693208,3.339636,20.790981,24.500000
IR_57814.jpg,2025-04-23 17:32:02,Screen,612.2965087890625,273.93756103515625,639.655517578125,369.14849853515625,11.023442,4.920156,20.785070,24.387207
IR_57814.jpg,2025-04-23 17:32:02,Machine,480.2852783203125,134.8021240234375,561.966064453125,218.93801879882812,4.519990,5.368330,21.218210,24.500000
IR_57814.jpg,2025-04-23 17:32:02,Cableduct,574.5997314453125,34.28714370727539,622.5731201171875,58.72098922729492,10.105768,5.168910,21.766708,24.500000
IR_57814.jpg,2025-04-23 17:32:02,Machine,109.51408386230469,170.20843505859375,144.07142639160156,274.3568420410156,6.661471,0.534334,21.801502,24.048824
IR_57814.jpg,2025-04-23 17:32:02,Cableduct,529.2469482421875,38.94480895996094,566.3707275390625,61.3076171875,8.632461,4.879576,21.631861,24.415405
IR_57814.jpg,2025-04-23 17:32:02,Cableduct,430.52569580078125,36.72841262817383,462.71844482421875,56.32664108276367,7.417783,4.532594,21.503601,24.500000
IR_57814.jpg,2025-04-23 17:32:02,Cableduct,322.38427734375,15.554679870605469,357.340576171875,41.89246368408203,7.318480,3.335592,21.492949,24.500000
IR_57814.jpg,2025-04-23 17:32:02,Machine,120.78042602539062,152.68838500976562,187.13201904296875,228.34164428710938,6.133603,0.574061,21.156067,24.500000
IR_57815.jpg,2025-04-23 17:32:32,Screen,343.01824951171875,275.6700439453125,473.6405029296875,374.9415283203125,11.332018,4.133772,21.421597,24.500000
IR_57815.jpg,2025-04-23 17:32:32,Cableduct,218.98419189453125,1.4882392883300781,315.04644775390625,52.162044525146484,11.242731,3.300271,20.812689,24.500000
IR_57815.jpg,2025-04-23 17:32:32,Machine,480.0419006347656,133.971435546875,561.3572998046875,219.42291259765625,4.561139,5.341461,21.216249,24.500000
IR_57815.jpg,2025-04-23 17:32:32,Cableduct,575.943115234375,35.03825759887695,622.06640625,59.010196685791016,10.138694,5.177249,21.763424,24.500000
IR_57815.jpg,2025-04-23 17:32:32,Screen,614.936767578125,269.4383239746094,639.8720703125,373.3341979980469,11.423885,4.772783,20.872404,24.344908
IR_57815.jpg,2025-04-23 17:32:32,Machine,109.69956970214844,170.51779174804688,144.0815887451172,275.16796875,6.703448,0.547935,21.814901,24.048824
IR_57815.jpg,2025-04-23 17:32:32,Cableduct,322.07000732421875,15.237187385559082,357.89166259765625,42.657169342041016,7.379213,3.360353,21.455408,24.500000
IR_57815.jpg,2025-04-23 17:32:32,Cableduct,529.1871337890625,40.11723327636719,565.7364501953125,62.29075622558594,8.579500,4.875461,21.659216,24.387207
IR_57815.jpg,2025-04-23 17:32:32,Cableduct,430.01483154296875,35.77827453613281,463.01727294921875,58.21422576904297,7.554766,4.552943,21.360090,24.500000
IR_57815.jpg,2025-04-23 17:32:32,Machine,119.76685333251953,154.34365844726562,185.96392822265625,228.48422241210938,6.270716,0.568977,21.193340,24.500000
IR_57815.jpg,2025-04-23 17:32:32,Machine,483.32806396484375,103.23389434814453,577.4332885742188,200.579833984375,6.091721,5.140502,21.167841,24.500000
IR_57816.jpg,2025-04-23 17:33:02,Screen,340.1304931640625,275.73577880859375,473.748046875,375.47039794921875,11.517960,4.130107,21.359978,24.500000
IR_57816.jpg,2025-04-23 17:33:02,Cableduct,215.42611694335938,1.4786949157714844,314.9647521972656,52.100040435791016,11.707064,3.340122,20.769077,24.500000
IR_57816.jpg,2025-04-23 17:33:02,Cableduct,575.0164184570312,34.39020538330078,622.8042602539062,59.824974060058594,10.164171,5.179361,21.725674,24.500000
IR_57816.jpg,2025-04-23 17:33:02,Cableduct,430.20904541015625,35.403358459472656,462.48870849609375,58.94586944580078,7.678123,4.581629,21.377485,24.500000
IR_57816.jpg,2025-04-23 17:33:02,Machine,480.0511474609375,132.02056884765625,561.92822265625,219.428955078125,4.645525,5.317445,21.188734,24.500000
IR_57816.jpg,2025-04-23 17:33:02,Machine,110.12486267089844,170.3194580078125,144.39581298828125,276.29510498046875,6.771843,0.577476,21.798452,24.500000
IR_57816.jpg,2025-04-23 17:33:02,Screen,613.7316284179688,272.7100830078125,639.6566772460938,370.47698974609375,11.179213,4.869030,20.775940,24.457703
IR_57816.jpg,2025-04-23 17:33:02,Cableduct,530.073974609375,39.9931640625,565.874267578125,60.64441680908203,8.555262,4.869946,21.723379,24.387207
IR_57816.jpg,2025-04-23 17:33:02,Cableduct,322.5661926269531,15.88992691040039,357.2605895996094,41.82365417480469,7.284707,3.324120,21.451855,24.500000
IR_57816.jpg,2025-04-23 17:33:02,Machine,120.03060913085938,154.42698669433594,187.76708984375,228.7111053466797,6.328700,0.589043,21.145864,24.500000
IR_57817.jpg,2025-04-23 17:33:32,Screen,339.90423583984375,275.19195556640625,474.45440673828125,375.72454833984375,11.556543,4.135131,21.364363,24.500000
IR_57817.jpg,2025-04-23 17:33:32,Cableduct,576.4561767578125,34.67908477783203,622.6451416015625,59.074928283691406,10.189105,5.185196,21.768650,24.500000
IR_57817.jpg,2025-04-23 17:33:32,Cableduct,216.1019287109375,1.5628471374511719,316.00201416015625,52.82366180419922,11.749327,3.363442,20.771002,24.500000
IR_57817.jpg,2025-04-23 17:33:32,Machine,479.8564453125,132.45755004882812,561.3753662109375,219.46463012695312,4.624107,5.318688,21.201235,24.500000
IR_57817.jpg,2025-04-23 17:33:32,Screen,612.5795288085938,276.37060546875,639.5964965820312,368.94287109375,10.984991,4.944785,20.755520,24.359007
IR_57817.jpg,2025-04-23 17:33:32,Machine,110.21994018554688,170.37408447265625,144.16094970703125,274.49169921875,6.677417,0.545759,21.825491,24.048824
IR_57817.jpg,2025-04-23 17:33:32,Cableduct,322.702392578125,15.19351577758789,358.9024658203125,42.267173767089844,7.367806,3.362268,21.422886,24.500000
IR_57817.jpg,2025-04-23 17:33:32,Cableduct,430.2249450683594,35.658782958984375,462.5954284667969,57.35248565673828,7.559537,4.554262,21.426853,24.500000
IR_57817.jpg,2025-04-23 17:33:32,Cableduct,530.90966796875,39.83589172363281,565.919921875,60.933746337890625,8.623904,4.881782,21.746469,24.457703
IR_57817.jpg,2025-04-23 17:33:32,Machine,120.2696533203125,154.68777465820312,187.083984375,228.3619384765625,6.309287,0.579498,21.169373,24.500000
IR_57818.jpg,2025-04-23 17:34:02,Screen,340.8370056152344,274.9105224609375,473.8047790527344,375.69677734375,11.447741,4.125879,21.469288,24.600000
IR_57818.jpg,2025-04-23 17:34:02,Machine,479.6663513183594,132.68215942382812,562.9490966796875,219.35244750976562,4.612829,5.343024,21.298056,24.600000
IR_57818.jpg,2025-04-23 17:34:02,Cableduct,218.63931274414062,1.4121170043945312,316.2140808105469,52.68266296386719,11.449752,3.342714,20.883951,24.600000
IR_57818.jpg,2025-04-23 17:34:02,Cableduct,575.6768798828125,35.133323669433594,622.5833740234375,59.346031188964844,10.123751,5.176520,21.863400,24.600000
IR_57818.jpg,2025-04-23 17:34:02,Machine,109.91537475585938,170.40777587890625,144.43173217773438,274.8409423828125,6.679836,0.544322,21.900208,24.600000
IR_57818.jpg,2025-04-23 17:34:02,Cableduct,322.00299072265625,15.463374137878418,358.00299072265625,42.8642463684082,7.361349,3.356396,21.479610,24.600000
IR_57818.jpg,2025-04-23 17:34:02,Screen,614.0687866210938,275.7460021972656,639.7219848632812,370.6363830566406,11.118832,4.899011,20.900698,24.600000
IR_57818.jpg,2025-04-23 17:34:02,Cableduct,430.561279296875,36.39627456665039,462.1785888671875,57.144222259521484,7.532668,4.559040,21.563658,24.600000
IR_57818.jpg,2025-04-23 17:34:02,Cableduct,529.7393188476562,40.341636657714844,565.5571899414062,60.53529357910156,8.507387,4.862482,21.853518,24.557703
IR_57818.jpg,2025-04-23 17:34:02,Machine,119.50008392333984,153.52584838867188,187.42984008789062,229.60000610351562,6.273918,0.584308,21.251753,24.600000
IR_57818.jpg,2025-04-23 17:34:02,Window,162.14866638183594,56.54667663574219,197.46629333496094,116.45098876953125,1.019157,0.515061,20.871620,24.600000
IR_57819.jpg,2025-04-23 17:34:32,Screen,341.77471923828125,275.4320068359375,473.3736572265625,376.4658203125,11.375660,4.118283,21.434593,24.500000
IR_57819.jpg,2025-04-23 17:34:32,Cableduct,217.60240173339844,1.3648109436035156,315.36083984375,51.63273620605469,11.494076,3.328624,20.849072,24.500000
IR_57819.jpg,2025-04-23 17:34:32,Machine,480.6291809082031,133.76025390625,562.7294921875,219.23788452148438,4.575138,5.353997,21.254501,24.500000
IR_57819.jpg,2025-04-23 17:34:32,Cableduct,575.8349609375,34.555423736572266,622.7076416015625,59.95662307739258,10.207983,5.188385,21.786642,24.500000
IR_57819.jpg,2025-04-23 17:34:32,Machine,109.57284545898438,170.10183715820312,144.11392211914062,274.29083251953125,6.660374,0.535477,21.831232,24.057180
IR_57819.jpg,2025-04-23 17:34:32,Cableduct,430.44024658203125,36.201133728027344,461.33856201171875,57.389320373535156,7.613664,4.578475,21.510061,24.500000
IR_57819.jpg,2025-04-23 17:34:32,Cableduct,322.7607421875,15.27945327758789,359.09344482421875,42.33114242553711,7.360859,3.361596,21.437429,24.500000
IR_57819.jpg,2025-04-23 17:34:32,Screen,614.1797485351562,275.1156921386719,639.7625122070312,373.0728454589844,11.245012,4.851483,20.925335,24.403133
IR_57819.jpg,2025-04-23 17:34:32,Cableduct,529.5697021484375,40.29792022705078,565.5191650390625,60.603416442871094,8.506880,4.862117,21.799946,24.458487
IR_57819.jpg,2025-04-23 17:34:32,Window,161.62396240234375,57.422279357910156,198.98321533203125,116.76946258544922,1.028147,0.498212,20.919901,24.500000
IR_57819.jpg,2025-04-23 17:34:32,Machine,119.37004089355469,154.30838012695312,186.72373962402344,227.46945190429688,6.351061,0.575326,21.213449,24.500000
IR_57820.jpg,2025-04-23 17:35:02,Screen,340.6163330078125,275.84320068359375,473.9796142578125,375.70220947265625,11.503660,4.130019,21.416878,24.500000
IR_57820.jpg,2025-04-23 17:35:02,Cableduct,217.3033905029297,1.3857078552246094,315.07135009765625,52.43769454956055,11.462754,3.323065,20.807667,24.500000
IR_57820.jpg,2025-04-23 17:35:02,Machine,479.700439453125,133.47601318359375,562.32763671875,219.11749267578125,4.573076,5.352221,21.218117,24.500000
IR_57820.jpg,2025-04-23 17:35:02,Screen,613.873291015625,274.39471435546875,639.777099609375,371.19366455078125,11.168504,4.877688,20.841806,24.401306
IR_57820.jpg,2025-04-23 17:35:02,Cableduct,575.5233154296875,35.231361389160156,622.6046142578125,59.264869689941406,10.103297,5.173635,21.794373,24.500000
IR_57820.jpg,2025-04-23 17:35:02,Cableduct,322.5027770996094,15.118842124938965,357.0431213378906,43.258819580078125,7.462531,3.378152,21.416265,24.500000
IR_57820.jpg,2025-04-23 17:35:02,Machine,110.13409423828125,170.23049926757812,144.35220336914062,274.88720703125,6.695177,0.552561,21.840063,24.500000
IR_57820.jpg,2025-04-23 17:35:02,Cableduct,430.0790100097656,35.728240966796875,462.0529479980469,57.160362243652344,7.570380,4.558397,21.434860,24.500000
IR_57820.jpg,2025-04-23 17:35:02,Cableduct,529.7838745117188,40.176761627197266,565.8190307617188,60.60983657836914,8.523386,4.865018,21.775692,24.457703
IR_57820.jpg,2025-04-23 17:35:02,Machine,119.654296875,152.59698486328125,186.17620849609375,228.2059326171875,6.170421,0.567147,21.174028,24.500000
IR_57820.jpg,2025-04-23 17:35:02,Cableduct,318.0250244140625,10.816326141357422,359.9459228515625,44.9194450378418,7.808832,3.519128,21.162178,24.500000
IR_57820.jpg,2025-04-23 17:35:02,Cableduct,574.2175903320312,36.49562072753906,614.7813110351562,56.83241271972656,9.948334,5.135934,22.080238,24.500000
IR_57820.jpg,2025-04-23 17:35:02,Window,161.92599487304688,57.68785095214844,199.68716430664062,116.35154724121094,1.018664,0.494710,20.787941,24.500000
IR_57821.jpg,2025-04-23 17:35:33,Screen,341.7688293457031,275.64874267578125,473.7000427246094,375.33856201171875,11.410122,4.129880,21.509888,24.600000
IR_57821.jpg,2025-04-23 17:35:33,Cableduct,575.2470703125,34.26084899902344,622.109375,59.96458435058594,10.214302,5.187154,21.836214,24.600000
IR_57821.jpg,2025-04-23 17:35:33,Machine,480.3494567871094,132.36404418945312,562.6243896484375,219.51986694335938,4.636959,5.327585,21.301208,24.600000
IR_57821.jpg,2025-04-23 17:35:33,Cableduct,217.25233459472656,1.7893753051757812,315.095947265625,53.355682373046875,11.437525,3.317327,20.887432,24.600000
IR_57821.jpg,2025-04-23 17:35:33,Screen,613.7861328125,276.089599609375,639.715087890625,370.5819091796875,11.094583,4.906695,20.920891,24.487206
IR_57821.jpg,2025-04-23 17:35:33,Cableduct,429.7431640625,35.721435546875,463.082763671875,58.01564025878906,7.526566,4.543731,21.421234,24.600000
IR_57821.jpg,2025-04-23 17:35:33,Machine,109.92521667480469,170.67108154296875,143.8780975341797,273.98095703125,6.643560,0.528396,21.893026,24.600000
IR_57821.jpg,2025-04-23 17:35:33,Cableduct,321.00421142578125,15.582192420959473,358.06915283203125,42.46189880371094,7.281257,3.335530,21.472624,24.600000
IR_57821.jpg,2025-04-23 17:35:33,Cableduct,530.1454467773438,40.337223052978516,565.5951538085938,60.71963882446289,8.535877,4.867780,21.896566,24.515404
IR_57821.jpg,2025-04-23 17:35:33,Window,161.19129943847656,55.997589111328125,197.6415252685547,116.69866943359375,1.062108,0.515978,21.036194,24.600000
IR_57821.jpg,2025-04-23 17:35:33,Machine,122.64718627929688,153.7108154296875,186.67446899414062,229.29293823242188,6.035761,0.569903,21.250576,24.600000
IR_57822.jpg,2025-04-23 17:36:02,Screen,343.33050537109375,275.7398681640625,473.71978759765625,375.63739013671875,11.315696,4.130087,21.514202,24.600000
IR_57822.jpg,2025-04-23 17:36:02,Cableduct,575.892822265625,34.80835723876953,622.889404296875,60.105186462402344,10.191517,5.186882,21.809107,24.600000
IR_57822.jpg,2025-04-23 17:36:02,Cableduct,218.5684814453125,1.4574165344238281,314.93365478515625,52.445960998535156,11.271917,3.302374,20.887850,24.600000
IR_57822.jpg,2025-04-23 17:36:02,Machine,480.37255859375,133.23150634765625,561.5084228515625,218.938232421875,4.586689,5.339013,21.305719,24.600000
IR_57822.jpg,2025-04-23 17:36:02,Cableduct,430.5920715332031,36.402610778808594,462.5636291503906,56.72588348388672,7.484128,4.546015,21.598352,24.600000
IR_57822.jpg,2025-04-23 17:36:02,Screen,613.1854248046875,276.70367431640625,639.7742919921875,371.2242431640625,11.076925,4.910872,20.921391,24.459007
IR_57822.jpg,2025-04-23 17:36:02,Machine,109.68357849121094,170.3868408203125,144.23812866210938,274.748779296875,6.676898,0.540480,21.865820,24.600000
IR_57822.jpg,2025-04-23 17:36:02,Cableduct,529.5222778320312,39.23051071166992,565.4299926757812,61.335330963134766,8.638618,4.880517,21.767879,24.487206
IR_57822.jpg,2025-04-23 17:36:02,Cableduct,322.57525634765625,15.861896514892578,357.05633544921875,42.08990478515625,7.308321,3.329966,21.517504,24.600000
IR_57822.jpg,2025-04-23 17:36:02,Window,156.88296508789062,56.34135055541992,197.18832397460938,115.95613098144531,1.101771,0.473870,20.906130,24.600000
IR_57822.jpg,2025-04-23 17:36:02,Machine,120.9993896484375,154.1685791015625,185.81271362304688,228.3026123046875,6.167811,0.561445,21.246168,24.600000
IR_57822.jpg,2025-04-23 17:36:02,Machine,483.71356201171875,106.25469970703125,576.2273559570312,203.70602416992188,5.906975,5.147575,21.256453,24.600000
IR_57823.jpg,2025-04-23 17:36:32,Screen,340.59381103515625,275.68353271484375,472.8853759765625,376.39263916015625,11.427562,4.112985,21.480812,24.600000
IR_57823.jpg,2025-04-23 17:36:32,Cableduct,219.41432189941406,1.4002647399902344,313.5892333984375,51.59897232055664,10.983799,3.250766,20.878334,24.600000
IR_57823.jpg,2025-04-23 17:36:32,Machine,480.39703369140625,134.51629638671875,562.3289184570312,219.45416259765625,4.544787,5.357840,21.281046,24.600000
IR_57823.jpg,2025-04-23 17:36:32,Cableduct,576.91162109375,34.836021423339844,622.1751708984375,59.73414611816406,10.235495,5.192092,21.830025,24.600000
IR_57823.jpg,2025-04-23 17:36:32,Screen,612.5506591796875,277.23516845703125,639.7630615234375,372.86138916015625,11.104889,4.896569,20.911131,24.416710
IR_57823.jpg,2025-04-23 17:36:32,Machine,110.1669921875,169.73532104492188,144.0831298828125,274.7689514160156,6.712424,0.561172,21.875090,24.162924
IR_57823.jpg,2025-04-23 17:36:32,Cableduct,429.88018798828125,34.424278259277344,462.74969482421875,58.169715881347656,7.682338,4.568210,21.377102,24.600000
IR_57823.jpg,2025-04-23 17:36:32,Cableduct,321.7556457519531,15.79840087890625,357.9920959472656,41.496543884277344,7.229040,3.315344,21.499273,24.600000
IR_57823.jpg,2025-04-23 17:36:32,Cableduct,530.5601806640625,40.17457580566406,565.2437744140625,60.44890594482422,8.565261,4.871497,21.907423,24.501305
IR_57823.jpg,2025-04-23 17:36:32,Window,165.6407012939453,57.30705642700195,198.1288299560547,116.49555969238281,0.948415,0.532322,20.681519,24.600000
IR_57823.jpg,2025-04-23 17:36:32,Machine,482.3684997558594,104.519287109375,577.6993408203125,202.0513916015625,6.051758,5.166089,21.232136,24.600000
IR_57823.jpg,2025-04-23 17:36:32,Machine,121.06401062011719,154.46035766601562,187.14842224121094,228.48684692382812,6.236207,0.577191,21.228643,24.600000
IR_57824.jpg,2025-04-23 17:37:02,Screen,341.306884765625,275.62457275390625,472.607666015625,375.71478271484375,11.368277,4.115941,21.512245,24.600000
IR_57824.jpg,2025-04-23 17:37:02,Cableduct,219.78111267089844,1.3741683959960938,312.645263671875,52.495574951171875,10.761717,3.217659,20.896782,24.600000
IR_57824.jpg,2025-04-23 17:37:02,Cableduct,575.9890747070312,35.20099639892578,621.9846801757812,59.204551696777344,10.136545,5.177260,21.922924,24.600000
IR_57824.jpg,2025-04-23 17:37:02,Machine,480.1666259765625,134.59268188476562,561.8092041015625,218.87734985351562,4.525821,5.365240,21.290602,24.600000
IR_57824.jpg,2025-04-23 17:37:02,Cableduct,429.87933349609375,35.039791107177734,462.46282958984375,58.59604263305664,7.671215,4.573865,21.427399,24.600000
IR_57824.jpg,2025-04-23 17:37:02,Machine,109.80445861816406,170.5135498046875,143.88526916503906,274.2114562988281,6.658115,0.533199,21.873383,24.600000
IR_57824.jpg,2025-04-23 17:37:02,Cableduct,322.28997802734375,15.365497589111328,357.58111572265625,43.14020538330078,7.408739,3.366768,21.476484,24.600000
IR_57824.jpg,2025-04-23 17:37:02,Screen,613.0819091796875,273.71221923828125,639.7667236328125,373.41094970703125,11.246737,4.841645,20.941170,24.444908
IR_57824.jpg,2025-04-23 17:37:02,Cableduct,530.32568359375,40.488624572753906,565.544921875,60.660186767578125,8.529045,4.867227,21.888998,24.487206
IR_57824.jpg,2025-04-23 17:37:02,Window,160.5514373779297,56.29798889160156,201.72447204589844,115.45869445800781,1.111665,0.498536,20.992495,24.600000
IR_57824.jpg,2025-04-23 17:37:02,Machine,484.0617980957031,105.52133178710938,577.681884765625,202.1842041015625,5.976672,5.157733,21.250193,24.600000
IR_57824.jpg,2025-04-23 17:37:02,Machine,198.0533905029297,95.8818359375,225.9462127685547,127.7386474609375,0.539980,0.486180,20.889891,21.328981
IR_57824.jpg,2025-04-23 17:37:02,Machine,122.56700134277344,154.3373565673828,185.45323181152344,226.60008239746094,6.101711,0.544646,21.240377,24.600000
IR_57825.jpg,2025-04-23 17:37:32,Screen,340.601318359375,275.72467041015625,473.6846923828125,375.984619140625,11.480262,4.123753,21.490940,24.600000
IR_57825.jpg,2025-04-23 17:37:32,Cableduct,218.2863311767578,1.365875244140625,313.64215087890625,52.01008605957031,11.128967,3.266663,20.881538,24.600000
IR_57825.jpg,2025-04-23 17:37:32,Cableduct,575.9509887695312,34.489715576171875,622.4884643554688,60.01740264892578,10.228072,5.191273,21.738098,24.600000
IR_57825.jpg,2025-04-23 17:37:32,Screen,612.598876953125,277.7017822265625,639.6827392578125,372.031005859375,11.061460,4.913208,20.944296,24.557703
IR_57825.jpg,2025-04-23 17:37:32,Machine,480.36907958984375,133.55270385742188,561.8185424804688,219.02285766601562,4.574703,5.346253,21.285524,24.600000
IR_57825.jpg,2025-04-23 17:37:32,Cableduct,429.9270324707031,35.14111328125,462.3550720214844,56.954978942871094,7.580446,4.552197,21.509821,24.600000
IR_57825.jpg,2025-04-23 17:37:32,Machine,109.75143432617188,170.89138793945312,143.62176513671875,275.0120849609375,6.702157,0.543611,21.851597,24.600000
IR_57825.jpg,2025-04-23 17:37:32,Cableduct,323.4034423828125,15.639530181884766,356.61041259765625,41.300132751464844,7.326809,3.328109,21.595686,24.600000
IR_57825.jpg,2025-04-23 17:37:32,Cableduct,529.690185546875,38.99620056152344,566.9498291015625,61.247047424316406,8.636145,4.881546,21.729742,24.473106
IR_57825.jpg,2025-04-23 17:37:32,Window,161.1910400390625,55.09968185424805,201.19024658203125,116.89024353027344,1.158790,0.526643,20.903555,24.600000
IR_57825.jpg,2025-04-23 17:37:32,Machine,121.79737091064453,154.15765380859375,187.34320068359375,229.46478271484375,6.148635,0.579607,21.225626,24.600000
IR_57826.jpg,2025-04-23 17:38:03,Screen,340.36260986328125,275.72601318359375,474.7276611328125,375.69915771484375,11.562849,4.139433,21.404411,24.600000
IR_57826.jpg,2025-04-23 17:38:03,Cableduct,216.34048461914062,1.4654617309570312,315.7416076660156,52.090980529785156,11.703669,3.353909,20.792639,24.600000
IR_57826.jpg,2025-04-23 17:38:03,Machine,480.00311279296875,132.7435302734375,561.3328247070312,219.16015625,4.607423,5.327367,21.224047,24.600000
IR_57826.jpg,2025-04-23 17:38:03,Cableduct,430.16510009765625,35.19734191894531,463.00567626953125,58.970306396484375,7.659456,4.572996,21.392952,24.600000
IR_57826.jpg,2025-04-23 17:38:03,Screen,613.7015991210938,278.29180908203125,639.7647094726562,370.95196533203125,11.054962,4.926907,20.871241,24.485117
IR_57826.jpg,2025-04-23 17:38:03,Machine,109.873779296875,170.9447021484375,144.072998046875,275.4901428222656,6.714550,0.550247,21.794334,24.154831
IR_57826.jpg,2025-04-23 17:38:03,Cableduct,576.0258178710938,34.89088821411133,622.4052124023438,59.285160064697266,10.162905,5.181471,21.780783,24.600000
IR_57826.jpg,2025-04-23 17:38:03,Cableduct,322.08148193359375,15.393425941467285,357.32098388671875,42.77998352050781,7.379577,3.356098,21.458040,24.600000
IR_57826.jpg,2025-04-23 17:38:03,Cableduct,530.5056762695312,39.960357666015625,565.9495239257812,60.67250061035156,8.579619,4.874343,21.791943,24.556919
IR_57826.jpg,2025-04-23 17:38:03,Machine,120.52621459960938,153.217041015625,187.08444213867188,228.052001953125,6.192618,0.575438,21.145092,24.600000
IR_57826.jpg,2025-04-23 17:38:03,Window,163.05194091796875,55.766029357910156,202.6146240234375,117.63654327392578,1.140850,0.533725,20.765654,24.600000
IR_57826.jpg,2025-04-23 17:38:03,Machine,220.81137084960938,145.0409393310547,250.39407348632812,182.1460418701172,2.362836,0.973860,20.757566,21.167885
