room_avg_temp,room_max_temp,room_min_temp,room_std_temp,room_avg_speed,room_max_speed,machine_machine_1_box_temp,machine_machine_1_surround_temp,machine_machine_2_box_temp,machine_machine_2_surround_temp,machine_machine_3_box_temp,machine_machine_3_surround_temp,machine_machine_4_box_temp,machine_machine_4_surround_temp,machine_machine_6_box_temp,machine_machine_6_surround_temp,sim_ambient_mean,sim_ambient_median,ambient_cell_count,human_count,frame,sim_time_s,sim_time_min,real_datetime,timestamp,real_ambient_temp_median,real_ambient_temp_mean,bg_count
20.81428519852916,30.009952545166016,20.644601657247648,0.619193729736835,0.0,0.0,,20.774584147596997,26.880054473876957,20.973806758034407,24.909532906353796,21.139651507482373,23.013527270260735,20.959344142063753,23.195072378035054,20.97945123278509,20.75060027322527,20.759747108108755,8907,5,1,30.0,0.5,2025-04-23 14:29:30,2025-04-23 14:29:34,22.703667640686035,22.703667640686035,2
20.78165046489809,30.009952545166016,20.607426915017655,0.6328483010495194,0.0,0.0,,20.751499290581503,26.880054473876957,21.129135892765017,24.909904531869863,21.264731966774274,23.013687893041883,21.015593629821932,23.195434543540415,21.038835233871673,20.715142644251586,20.724898264682597,8907,5,2,60.0,1.0,2025-04-23 14:30:00,2025-04-23 14:30:04,21.21241569519043,21.21241569519043,1
20.753557303664056,30.009952545166016,20.579923614120673,0.6417065650690033,0.0,0.0,,20.73046698696616,26.880054473876957,21.242590826327252,24.9100542589002,21.32805354491742,23.013745911203845,21.038945969456677,23.195548095789924,21.062878349227258,20.68572676601204,20.694728677728236,8907,5,3,90.0,1.5,2025-04-23 14:30:30,2025-04-23 14:30:34,21.41639709472656,21.41639709472656,1
20.72989815904553,30.009952545166016,20.559527299168888,0.6484114732067099,0.0,0.0,,20.711279493509853,26.880054473876957,21.330026470114074,24.910134137445503,21.36551358875531,23.013772992903295,21.04896996578739,23.195595522532056,21.074511234522372,20.661294973240143,20.66873972733472,8907,5,4,120.0,2.0,2025-04-23 14:31:00,2025-04-23 14:31:04,21.178009033203125,21.178009033203125,1
20.710053085829845,30.009952545166016,20.544373416952318,0.6537816495562228,0.0,0.0,,20.693758779331553,26.880054473876957,21.400637285661936,24.910183876002193,21.38982544329326,23.013787609748388,21.05293514992773,23.19562084718013,21.08080759239917,20.640928012993164,20.64629357291143,8907,5,5,150.0,2.5,2025-04-23 14:31:30,2025-04-23 14:31:34,21.27680969238281,21.27680969238281,1
20.693394435509727,30.009952545166016,20.533098327739033,0.658164961288868,0.0,0.0,,20.677747630619134,26.880054473876957,21.45939481785663,24.91021778824571,21.406653539735853,23.013796207462935,21.053943119410594,23.19563657699893,21.084335043106474,20.623869954846153,20.626832422747164,8907,5,6,180.0,3.0,2025-04-23 14:32:00,2025-04-23 14:32:04,21.25925636291504,21.25925636291504,1
20.664806482352617,28.848115255907356,20.524699958740175,0.5475691018151849,0.0,0.0,,20.70204680852007,24.65207862854004,21.441220971063423,23.34507965956832,21.279395507796682,21.965013211782072,20.964333633267188,22.30461331287545,21.008550819008764,20.678344851803995,20.612436584111755,9048,0,7,210.0,3.5,2025-04-23 14:32:30,2025-04-23 14:32:34,21.22359085083008,21.22359085083008,1
20.64574779498592,27.782306556003928,20.51843909911934,0.47847334189001817,0.0,0.0,,20.726936986163867,24.65207862854004,21.42150729711567,23.344949789016344,21.232167359722208,21.964933625217125,20.924782739001625,22.304473945733058,20.978171078139226,20.656940670727,20.597742585334487,9048,0,8,240.0,4.0,2025-04-23 14:33:00,2025-04-23 14:33:04,21.20672607421875,21.20672607421875,1
20.629517859009397,26.82804993021664,20.513768776904286,0.42190725523918676,0.0,0.0,,20.749739149359442,24.62590217590332,21.401266700778457,23.361957291706645,21.209031221957392,21.9450036970664,20.900319817870702,22.277577643647383,20.959149313753542,20.63839312378394,20.585014014148445,9048,0,9,270.0,4.5,2025-04-23 14:33:30,2025-04-23 14:33:34,21.223848342895508,21.223848342895508,1
20.615618095003693,25.981312586977605,20.51028329079947,0.3752004062294295,0.0,0.0,,20.769767862050248,24.62590217590332,21.381398320440415,23.36193485621931,21.1942131252933,21.944986161443076,20.884206682064928,22.27755100301784,20.946633406017195,20.622276899622104,20.574043135925525,9048,0,10,300.0,5.0,2025-04-23 14:34:00,2025-04-23 14:34:04,21.234888076782227,21.234888076782227,1
20.60369589942073,25.23527294372361,20.507681159003482,0.33684239460582216,0.0,0.0,,20.78514242661884,24.536312103271484,21.36071703623773,23.375018530310495,21.184905529929647,22.01063409575112,20.877853371873385,22.053262965689477,20.91747912532726,20.608236127367626,20.56452756531717,9048,0,11,330.0,5.5,2025-04-23 14:34:30,2025-04-23 14:34:34,21.085529327392575,21.085529327392575,1
20.593324177919477,24.58226313183412,20.505738022931748,0.3049518824459239,0.0,0.0,,20.798244807422336,24.536312103271484,21.340823371532625,23.37501059591112,21.1773960865501,22.010631980444536,20.87076863726761,22.05321477205178,20.90171170783448,20.59597262888077,20.556217426713104,9048,0,12,360.0,6.0,2025-04-23 14:35:00,2025-04-23 14:35:04,21.213069915771484,21.213069915771484,1
20.58432656289379,24.536312103271484,20.504286734166545,0.27870471937982205,0.0,0.0,,20.809526681828093,24.536312103271484,21.321819531326533,23.37500444171655,21.17123926186886,22.01062856781448,20.864229965164938,22.053192827856613,20.890754515968606,20.585237951124135,20.549100110643863,9048,0,13,390.0,6.5,2025-04-23 14:35:30,2025-04-23 14:35:34,21.028223037719727,21.028223037719727,1
20.57650097568754,24.536312103271484,20.503202662855525,0.2572026979903629,0.0,0.0,,20.819259844251114,24.536312103271484,21.303743445431238,23.37499959776921,21.16604798466697,22.010625347686897,20.858394087117443,22.053178978732106,20.88212260737224,20.57582240513932,20.542730819988286,9048,0,14,420.0,7.0,2025-04-23 14:36:00,2025-04-23 14:36:04,20.96369361877441,20.96369361877441,1
20.56812872985374,24.513336181640625,20.502392824658266,0.227996231501578,0.0,0.0,,20.82605976012788,24.513336181640625,21.286249459667413,23.059812548410797,21.133489802392702,21.743615526004238,20.830540463990612,21.860306264295552,20.85813749382639,20.567547238876706,20.53728494785131,9048,0,15,450.0,7.5,2025-04-23 14:36:30,2025-04-23 14:36:34,21.048402786254883,21.048402786254883,1
20.56202857939449,24.513336181640625,20.501787814099764,0.21252036263260976,0.0,0.0,,20.831748585224553,24.513336181640625,21.26971950982143,23.059779457384483,21.118222430256683,21.743591965064066,20.816229108703983,21.860266198173726,20.84528024271629,20.560259189779707,20.53255451935603,9048,0,16,480.0,8.0,2025-04-23 14:37:00,2025-04-23 14:37:04,21.062931060791016,21.062931060791016,1
20.557211040150097,24.48879623413086,20.501335808649536,0.20329256578643876,0.0,0.0,,20.837198013574312,24.48879623413086,21.253770382850668,23.101985386139653,21.112148624636156,21.883733959528104,20.81872715338892,21.89317443327389,20.839263466398954,20.553830921894594,20.528375597435627,9048,0,17,510.0,8.5,2025-04-23 14:37:30,2025-04-23 14:37:34,21.170543670654297,21.170543670654297,1
20.552627667152986,24.48879623413086,20.500998105507737,0.19359078081195472,0.0,0.0,,20.841943962426107,24.48879623413086,21.238792788203583,23.1019799900547,21.10638910426436,21.88373881390932,20.816823039006692,21.89316847743412,20.833443206066296,20.548153925105982,20.524738745251362,9048,0,18,540.0,9.0,2025-04-23 14:38:00,2025-04-23 14:38:04,21.106788635253903,21.106788635253903,1
20.548570259579233,24.50457763671875,20.50074579565238,0.18606720399616938,0.0,0.0,,20.84625908672071,24.50457763671875,21.22501578191486,23.131619279633274,21.104101759077025,21.839700924875775,20.81028770754512,21.918415247152613,20.83049131157934,20.543133894414623,20.52156982241047,9048,0,19,570.0,9.5,2025-04-23 14:38:30,2025-04-23 14:38:34,21.0820426940918,21.0820426940918,1
20.545022873307268,24.50457763671875,20.500557283337187,0.1798646384317921,0.0,0.0,,20.850006066933435,24.50457763671875,21.212142382281492,23.131617965163734,21.100948877088854,21.839696484162488,20.805819989852154,21.918413527704793,20.826897591690717,20.538689338423918,20.51880211414477,9048,0,20,600.0,10.0,2025-04-23 14:39:00,2025-04-23 14:39:04,21.10389709472656,21.10389709472656,1
20.54226236603488,24.51858329772949,20.500416435016035,0.17717178623053437,0.0,0.0,,20.853814630999885,24.51858329772949,21.200344564921373,23.111239826905084,21.096080545606785,21.908450130831756,20.808096638395607,22.31798739232431,20.858366312750988,20.534751191688493,20.516407442871195,9048,0,21,630.0,10.5,2025-04-23 14:39:30,2025-04-23 14:39:34,21.15488815307617,21.15488815307617,1
20.53955868448494,24.51858329772949,20.500311197380157,0.17347072748295198,0.0,0.0,,20.857165965391694,24.51858329772949,21.189345693629168,23.111235702156982,21.092559753351114,21.908453699193736,20.80758703177927,22.318049374744948,20.86928473016812,20.531260246434737,20.514302709268065,9048,0,22,660.0,11.0,2025-04-23 14:40:00,2025-04-23 14:40:04,21.205684661865234,21.205684661865234,1
20.536922599748134,24.526952743530277,20.500232565309485,0.1695677578023937,0.0,0.0,,20.861709872297883,24.526952743530277,21.179229865893536,23.16292834421385,21.09425302935462,21.857691178189445,20.802047724648318,21.92087295238965,20.83945143826594,20.528160160268143,20.512461012248394,9048,0,23,690.0,11.5,2025-04-23 14:40:30,2025-04-23 14:40:34,21.102184295654297,21.102184295654297,1
20.534760214774895,24.526952743530277,20.500173810983195,0.16711600783702266,0.0,0.0,,20.86582491810063,24.526952743530277,21.169816512290485,23.162931015959234,21.09359965467089,21.857687061013397,20.798813969473642,21.92081643757671,20.828226055655545,20.52540202143908,20.510879276357294,9048,0,24,720.0,12.0,2025-04-23 14:41:00,2025-04-23 14:41:04,21.1369743347168,21.1369743347168,1
20.53295474376407,24.54838180541992,20.500129907986384,0.165951334610261,0.0,0.0,,20.8679845605926,24.54838180541992,21.161398415998644,23.163287637174708,21.092481752288595,21.882916116141153,20.798577612494405,21.976991247650187,20.827348835661837,20.522947028591474,20.509504061869485,9048,0,25,750.0,12.5,2025-04-23 14:41:30,2025-04-23 14:41:34,21.123125076293945,21.123125076293945,1
20.531280563300385,24.54838180541992,20.500097101057403,0.16449467387995897,0.0,0.0,,20.86971899974089,24.54838180541992,21.153578924748764,23.163287264183506,21.09125290933135,21.882916843975746,20.797566713094607,21.976992274888683,20.82549458635657,20.520760926895615,20.50829198965959,9048,0,26,780.0,13.0,2025-04-23 14:42:00,2025-04-23 14:42:04,21.0914363861084,21.0914363861084,1
20.529793718373387,24.54838180541992,20.500072584630576,0.16333738849012613,0.0,0.0,,20.871189952052635,24.54838180541992,21.14631368094643,23.163286692705203,21.090051985309405,21.882916678458255,20.79644062671378,21.976990529247466,20.823651150465864,20.518812883440823,20.507230823071737,9048,0,27,810.0,13.5,2025-04-23 14:42:30,2025-04-23 14:42:34,21.08819580078125,21.08819580078125,1
20.528473352872762,24.54838180541992,20.500054262662147,0.1624217691521795,0.0,0.0,,20.872451386342952,24.54838180541992,21.13956867891341,23.163286079643402,21.08892648185578,21.88291632073202,20.79535412020074,21.976988523952986,20.822001938735095,20.517075751115552,20.506302518562606,9048,0,28,840.0,14.0,2025-04-23 14:43:00,2025-04-23 14:43:04,20.92920684814453,20.92920684814453,1
20.526201146608535,24.214445114135746,20.500040569187274,0.14966412271880686,0.0,0.0,,20.869161462701136,24.214445114135746,21.12810128355158,22.956408422248998,21.069433099201788,21.73084942380056,20.781413680056342,21.675117745145176,20.794213482254754,20.515524137725507,20.50549811682732,9048,0,29,870.0,14.5,2025-04-23 14:43:30,2025-04-23 14:43:34,20.8562126159668,20.8562126159668,1
20.52503878829765,24.214445114135746,20.500030334253996,0.1484657666664444,0.0,0.0,,20.865825664256196,24.214445114135746,21.11748360039296,22.956388320314275,21.061046255680196,21.730837050145954,20.77496439043937,21.675066647571242,20.782404314870163,20.514134388380146,20.50480298240779,9048,0,30,900.0,15.0,2025-04-23 14:44:00,2025-04-23 14:44:04,20.841819763183597,20.841819763183597,1
20.52381757273953,24.216402053833008,20.500022683762086,0.14435383984071484,0.0,0.0,,20.861755598437547,24.216402053833008,21.107854927100668,22.86019867955048,21.047421707504782,21.73083194974159,20.771092469255958,21.6939921632247,20.77727969927378,20.512889551270792,20.504203100668583,9048,0,31,930.0,15.5,2025-04-23 14:44:30,2025-04-23 14:44:34,20.82012176513672,20.82012176513672,1
20.522917794332134,24.216402053833008,20.500016964633723,0.1436151431945476,0.0,0.0,,20.85803957932162,24.216402053833008,21.099145538266807,22.860184497710613,21.04042032359431,21.730829128976268,20.768402270818765,21.693985447896278,20.773192562870022,20.511774373504622,20.503687250892593,9048,0,32,960.0,16.0,2025-04-23 14:45:00,2025-04-23 14:45:04,20.86265754699707,20.86265754699707,1
20.522152223988293,24.16180419921875,20.500012688910385,0.143259996289038,0.0,0.0,,20.854586235534743,24.16180419921875,21.090426246370157,22.86498958801254,21.036199566439908,21.730827286796096,20.76635778439464,21.72975800721209,20.772989741369425,20.510775159100614,20.503226143170497,9048,0,33,990.0,16.5,2025-04-23 14:45:30,2025-04-23 14:45:34,20.82408142089844,20.82408142089844,1
20.521452961759582,24.16180419921875,20.50000949199181,0.14284258519045104,0.0,0.0,,20.8515177895481,24.16180419921875,21.082530853528713,22.86498533193607,21.032915160487885,21.730825960292343,20.76471688824492,21.729759524139222,20.77148745958756,20.50987969039384,20.50282443706077,9048,0,34,1020.0,17.0,2025-04-23 14:46:00,2025-04-23 14:46:04,20.845626831054688,20.845626831054688,1
20.520321840241827,24.1733512878418,20.50000710143714,0.13847554656956984,0.0,0.0,,20.848363363794995,24.1733512878418,21.07558497830497,22.836530947357343,21.027741223331105,21.578230975727166,20.74589774451337,21.696900298538658,20.76698692445346,20.509075335566646,20.502471771320547,9048,0,35,1050.0,17.5,2025-04-23 14:46:30,2025-04-23 14:46:34,20.85018920898437,20.85018920898437,1
20.519376579380136,24.1733512878418,20.500005313657695,0.1358429498023391,0.0,0.0,,20.845535564115515,24.1733512878418,21.06932390719371,22.836525755223843,21.024540302785525,21.446758766515437,20.727051441064443,21.696893040947828,20.76434022870973,20.50835257596319,20.502173179885023,9048,0,36,1080.0,18.0,2025-04-23 14:47:00,2025-04-23 14:47:04,20.85972595214844,20.85972595214844,1
20.518591711370554,24.191837310791016,20.50000397650817,0.13484663197996638,0.0,0.0,,20.843839239769377,24.191837310791016,21.063961412572553,22.867539118902787,21.024896074941985,21.332998321298625,20.708740251278787,21.666494677118276,20.75975230037306,20.50770283997854,20.501900491452368,9048,0,37,1110.0,18.5,2025-04-23 14:47:30,2025-04-23 14:47:34,20.87656021118164,20.87656021118164,1
20.517841509152117,24.191837310791016,20.500002976278722,0.13325504638031374,0.0,0.0,,20.842413133969195,24.191837310791016,21.05912350509153,22.867539769002846,21.024062631943778,21.234062827615617,20.6912681424847,21.666487229170603,20.75713425342029,20.50711855018158,20.50166489970454,9048,0,38,1140.0,19.0,2025-04-23 14:48:00,2025-04-23 14:48:04,20.84173393249512,20.84173393249512,1
20.51836338730962,24.19293975830078,20.500002227979593,0.13752270577869458,0.0,0.0,,20.840261460445657,24.19293975830078,21.054763933206267,22.806039869606153,21.017574528219296,21.649388887140976,20.718669040110214,21.73510409109524,20.761253076042728,20.506594557696864,20.501456917655187,9048,0,39,1170.0,19.5,2025-04-23 14:48:30,2025-04-23 14:48:34,20.873262405395508,20.873262405395508,1
20.51806617225967,24.19293975830078,20.50000166808017,0.13754640073614716,0.0,0.0,,20.838275429820182,24.19293975830078,21.05081540148634,22.80603331247458,21.014390466244404,21.64941439268571,20.728444197370457,21.735112925609037,20.762169794412788,20.50612450090288,20.501272508466645,9048,0,40,1200.0,20.0,2025-04-23 14:49:00,2025-04-23 14:49:04,20.996997833251957,20.996997833251957,1
20.51777418827025,24.19293975830078,20.50000124908835,0.1375032522448645,0.0,0.0,,20.836502148172276,24.19293975830078,21.04723640372151,22.806030128304375,21.01225324375398,21.649423089136267,20.73272911044616,21.735115044419206,20.76223532747961,20.505702620421268,20.50111321135055,9048,0,41,1230.0,20.5,2025-04-23 14:49:30,2025-04-23 14:49:34,21.06915664672852,21.06915664672852,1
20.51750264763608,24.19293975830078,20.500000935496114,0.13744466467255637,0.0,0.0,,20.83492793704001,24.19293975830078,21.043991042357387,22.806028082419235,21.01062772629926,21.649426915442074,20.734827448277006,21.735115522585772,20.762063864382156,20.505323590394784,20.50097416495492,9048,0,42,1260.0,21.0,2025-04-23 14:50:00,2025-04-23 14:50:04,21.01450538635254,21.01450538635254,1
20.51861040637463,24.40613555908203,20.500000700754303,0.15254159686906388,0.0,0.0,,20.83353247793178,24.40613555908203,21.044375048962728,23.06392249275999,21.032326912754943,21.886849202949765,20.756139377065757,21.92516447106403,20.778418116181626,20.504983823727837,20.500851137441927,9048,0,43,1290.0,21.5,2025-04-23 14:50:30,2025-04-23 14:50:34,21.10391998291016,21.10391998291016,1
20.51851356014337,24.40613555908203,20.500000525008957,0.15307292653852642,0.0,0.0,,20.832295537430003,24.40613555908203,21.044783893791028,23.063945683911324,21.040514654429593,21.886869055387923,20.765418160015937,21.925195537983903,20.784822919908038,20.504681344996335,20.50074531412767,9048,0,44,1320.0,22.0,2025-04-23 14:51:00,2025-04-23 14:51:04,21.094127655029297,21.094127655029297,1
20.517948973718518,24.474592208862305,20.500000393411188,0.14908220898320274,0.0,0.0,,20.81623832025059,24.474592208862305,21.046172908905238,23.003650643013717,21.03942826139795,21.796847341730757,20.762902820698308,21.845331642724133,20.781202376637236,20.504410069444788,20.50065118634607,9048,0,45,1350.0,22.5,2025-04-23 14:51:30,2025-04-23 14:51:34,20.99920654296875,20.99920654296875,1
20.51774637275984,24.474592208862305,20.50000029485462,0.1489645110803557,0.0,0.0,,20.79402200061326,24.474592208862305,21.04737674753312,23.00364993111062,21.039912448901028,21.796844596778165,20.762914152044875,21.845323823971263,20.780588845556814,20.50416279684831,20.50057570405965,9048,0,46,1380.0,23.0,2025-04-23 14:52:00,2025-04-23 14:52:04,20.9316349029541,20.9316349029541,1
20.516735961651957,24.23968505859375,20.500000221030717,0.13929630673190554,0.0,0.0,,20.77165654551544,24.23968505859375,21.04471172197477,22.83420533597242,21.025383277207048,21.653011062883927,20.751190301785233,21.791573621963398,20.77599549937997,20.50393688794516,20.50050485750875,9048,0,47,1410.0,23.5,2025-04-23 14:52:30,2025-04-23 14:52:34,20.923614501953125,20.923614501953125,1
20.51649198892218,24.23968505859375,20.500000165722884,0.13883925371041375,0.0,0.0,,20.750178379037283,24.23968505859375,21.042137157446295,22.834190137034984,21.019800378972427,21.65300011630939,20.746540606834536,21.79156489328076,20.77436320346425,20.50372941107772,20.500444742430275,9048,0,48,1440.0,24.0,2025-04-23 14:53:00,2025-04-23 14:53:04,20.90069007873535,20.90069007873535,1
20.51601176587191,23.98467445373535,20.500000124279637,0.1343930675303148,0.0,0.0,,20.729894361242643,23.98467445373535,21.035796079299413,22.73855209247043,21.00826468981751,21.652996075971394,20.744206290842747,21.744865215286904,20.76952872487166,20.503538558151405,20.500392087720787,9048,0,49,1470.0,24.5,2025-04-23 14:53:30,2025-04-23 14:53:34,20.85575294494629,20.85575294494629,1
20.51580772655632,23.98467445373535,20.500000093219498,0.1340064465835767,0.0,0.0,,20.710902327568157,23.98467445373535,21.029985019068366,22.73853983726366,21.00290970496859,21.652994118514645,20.742844812243646,21.744856381903208,20.767445604989852,20.503362486898883,20.500346343426806,9048,0,50,1500.0,25.0,2025-04-23 14:54:00,2025-04-23 14:54:04,20.81941795349121,20.81941795349121,1
20.51517941464198,23.810211181640625,20.50000006993662,0.12739394489664432,0.0,0.0,,20.71802111954948,23.810211181640625,21.022078888130626,22.591216153498507,20.986495742440155,21.652992996018998,20.741953881877834,21.529080351728567,20.747443321114037,20.50320042870754,20.50030311528598,9048,0,51,1530.0,25.5,2025-04-23 14:54:30,2025-04-23 14:54:34,20.74595832824707,20.74595832824707,1
20.515012218862434,23.810211181640625,20.50000005248023,0.12700401914541076,0.0,0.0,,20.726645581489294,23.810211181640625,21.014963393012533,22.591198659075772,20.9788869080881,21.652992275505152,20.741317297591877,21.529043069669,20.739058686423334,20.503052177098102,20.500268377422678,9048,0,52,1560.0,26.0,2025-04-23 14:55:00,2025-04-23 14:55:04,20.713041305541992,20.713041305541992,1
20.514611309606174,23.77188491821289,20.500000039389704,0.12603454416988044,0.0,0.0,,20.734721111044387,23.77188491821289,21.00805988291222,22.656716824451955,20.98000479400318,21.509847290401883,20.72444049954382,21.488041494143012,20.73078448896283,20.502916102815057,20.50023562426862,9048,0,53,1590.0,26.5,2025-04-23 14:55:30,2025-04-23 14:55:34,20.73924827575684,20.73924827575684,1
20.51414994243172,23.77188491821289,20.50000002957095,0.12371564561542688,0.0,0.0,,20.741943629046474,23.77188491821289,21.001940356548598,22.656717920321395,20.97901890828405,21.386551290414047,20.707445516429864,21.488027669504284,20.72612564432031,20.502791981535626,20.500207798221,9048,0,54,1620.0,27.0,2025-04-23 14:56:00,2025-04-23 14:56:04,20.702680587768555,20.702680587768555,1
20.513735478199536,23.77188491821289,20.500000022204773,0.1218710170808818,0.0,0.0,,20.748314439047178,23.77188491821289,20.996537723747757,22.65671696920799,20.977793461750565,21.279892155227305,20.690872591510043,21.488020648794745,20.722898120105636,20.50267905482722,20.500182119062153,9048,0,55,1650.0,27.5,2025-04-23 14:56:30,2025-04-23 14:56:34,20.813556671142575,20.813556671142575,1
20.513363417574464,23.77188491821289,20.500000016677717,0.12040787722597499,0.0,0.0,,20.75390741033062,23.77188491821289,20.991770086932913,22.656715771299762,20.97663296353359,21.187153448207944,20.67501737011839,21.488016032763248,20.72041764131648,20.502576425246335,20.500160257942103,9048,0,56,1680.0,28.0,2025-04-23 14:57:00,2025-04-23 14:57:04,20.67672348022461,20.67672348022461,1
20.512468949603278,23.63093376159668,20.500000012528833,0.11017540794471653,0.0,0.0,,20.757104107325837,23.63093376159668,20.985364399717987,22.426341829279732,20.95506483438808,21.106203867120197,20.660043579383327,21.492081476331276,20.718774168933724,20.502482999153386,20.500140782302086,9048,0,57,1710.0,28.5,2025-04-23 14:57:30,2025-04-23 14:57:34,20.699560165405277,20.699560165405277,1
20.512118578843694,23.63093376159668,20.50000000941528,0.10881210387580895,0.0,0.0,,20.75973169950154,23.63093376159668,20.979605608005656,22.42631904394699,20.94584720842961,21.035332297207088,20.646031022909728,21.49207944195954,20.717270887177857,20.502397203329995,20.500123549807626,9048,0,58,1740.0,29.0,2025-04-23 14:58:00,2025-04-23 14:58:04,20.816673278808597,20.816673278808597,1
20.512428144801888,23.731555938720703,20.500000007077013,0.11760287443719712,0.0,0.0,,20.764529669761785,23.731555938720703,20.976063440115876,22.668709941344996,20.961978146632443,20.97313849697776,20.633005936721418,21.53028041610647,20.71930591321557,20.5023187515808,20.50010917045924,9048,0,59,1770.0,29.5,2025-04-23 14:58:30,2025-04-23 14:58:34,20.77927017211914,20.77927017211914,1
20.51222009519505,23.731555938720703,20.500000005319464,0.11728029101554448,0.0,0.0,,20.768983674983836,23.731555938720703,20.97300097396441,22.66872702915149,20.96693093292832,20.91845872324029,20.620960461716475,21.530285037320805,20.71954360518528,20.502248205008282,20.500097669750488,9048,0,60,1800.0,30.0,2025-04-23 14:59:00,2025-04-23 14:59:04,20.80600929260254,20.80600929260254,1
20.513495375829553,23.623687744140625,20.500000004000256,0.12318161091843237,0.0,0.0,,20.770968592295695,23.623687744140625,20.968626938968942,22.64195683010894,20.966614617438783,21.46237005361395,20.66039685720405,21.573172942886462,20.723069170201036,20.50218580673454,20.50008629910053,9048,0,61,1830.0,30.5,2025-04-23 14:59:30,2025-04-23 14:59:34,20.75033187866211,20.75033187866211,1
20.51354939256285,23.623687744140625,20.500000003008385,0.12340072015124111,0.0,0.0,,20.772528742936895,23.623687744140625,20.964682568505403,22.64195678783798,20.966647800546095,21.462407254481263,20.67553060753167,21.57317993440594,20.72425980084793,20.502130661846703,20.50007662863521,9048,0,62,1860.0,31.0,2025-04-23 15:00:00,2025-04-23 15:00:04,20.86867904663086,20.86867904663086,1
20.51425340864423,23.74519920349121,20.500000002263278,0.1308424933787981,0.0,0.0,,20.77386547700241,23.74519920349121,20.963066864506942,22.755262308817784,20.97671733728397,21.600790864610524,20.694637298099206,21.673081207082056,20.733462877908455,20.502082298284986,20.500067408879424,9048,0,63,1890.0,31.5,2025-04-23 15:00:30,2025-04-23 15:00:34,20.867624282836918,20.867624282836918,1
20.514311231264546,23.74519920349121,20.500000001704134,0.13116290926540058,0.0,0.0,,20.775032214221067,23.74519920349121,20.961714662110033,22.75527318047379,20.980717787051578,21.60080825442802,20.703821863132017,21.673098571050147,20.737212706660568,20.502040659663667,20.500060792543643,9048,0,64,1920.0,32.0,2025-04-23 15:01:00,2025-04-23 15:01:04,20.847631454467773,20.847631454467773,1
20.514021984022648,23.65836334228516,20.500000001281794,0.1260689017237954,0.0,0.0,,20.779419571257804,23.65836334228516,20.959175930989815,22.602335624137407,20.969275262077975,21.631094942695047,20.711780345975132,21.628531926702454,20.735358250645106,20.502004346533152,20.5000540236364,9048,0,65,1950.0,32.5,2025-04-23 15:01:30,2025-04-23 15:01:34,20.844411849975582,20.844411849975582,1
20.51400888748811,23.65836334228516,20.500000000963283,0.12598653057853948,0.0,0.0,,20.78361360803808,23.65836334228516,20.956862650021105,22.602323697630727,20.965161910269995,21.631101920526742,20.71645748767997,21.628527776618373,20.735148735174256,20.501972015611184,20.500048120131794,9048,0,66,1980.0,33.0,2025-04-23 15:02:00,2025-04-23 15:02:04,20.88744735717773,20.88744735717773,1
20.514212292563407,23.653732299804688,20.500000000727354,0.12747443080025503,0.0,0.0,,20.787895799307552,23.653732299804688,20.954721873685564,22.591975976606598,20.962122221978206,21.702740434633238,20.72573183831114,21.717871206662785,20.743102538942484,20.501943550357762,20.500042405279267,9048,0,67,2010.0,33.5,2025-04-23 15:02:30,2025-04-23 15:02:34,20.83181571960449,20.83181571960449,1
20.514228015299295,23.653732299804688,20.500000000552596,0.1275436836574001,0.0,0.0,,20.791734489518383,23.653732299804688,20.952815864535072,22.591972740867586,20.96043504370608,21.70274869691952,20.730708518792117,21.71788611024116,20.74646223555575,20.501919185587273,20.500037674560097,9048,0,68,2040.0,34.0,2025-04-23 15:03:00,2025-04-23 15:03:04,20.7088680267334,20.7088680267334,1
20.514234639343787,23.653732299804688,20.500000000413984,0.12758116702785494,0.0,0.0,,20.795127853839144,23.653732299804688,20.951123959117876,22.591970952768698,20.959314544581122,21.702752798002223,20.733993700264495,21.717891611641683,20.74836564442768,20.50189813262849,20.500033698179557,9048,0,69,2070.0,34.5,2025-04-23 15:03:30,2025-04-23 15:03:34,20.762807846069336,20.762807846069336,1
20.514237579547114,23.653732299804688,20.500000000306652,0.12760642299737354,0.0,0.0,,20.79811881324711,23.653732299804688,20.94962288948382,22.591969783056456,20.958496812194053,21.702755374259066,20.736404871142778,21.71789448894315,20.74968073131543,20.50187976801087,20.5000300844708,9048,0,70,2100.0,35.0,2025-04-23 15:04:00,2025-04-23 15:04:04,20.6640625,20.6640625,1
20.513021977934397,23.49585533,20.50000000022715,0.1142220834781543,0.0,0.0,,20.798567154110145,23.49585533,20.94583180480039,22.37008114977124,20.93809061060865,21.49391909617494,20.720541988436157,21.488012167904326,20.7306485902204,20.501862489632327,20.500026532136516,9048,0,71,2130.0,35.5,2025-04-23 15:04:30,2025-04-23 15:04:34,20.72989845275879,20.72989845275879,1
20.512902598248505,23.49585533,20.500000000168253,0.11366716836391426,0.0,0.0,,20.798748835095523,23.49585533,20.942367855915645,22.37005950439382,20.929582841286148,21.493903936888376,20.714443392099906,21.487975765441536,20.72340454256519,20.501843775944632,20.500023475325087,9048,0,72,2160.0,36.0,2025-04-23 15:05:00,2025-04-23 15:05:04,20.66995429992676,20.66995429992676,1
20.5129742514414,23.436174392700195,20.500000000124633,0.1157577297175352,0.0,0.0,,20.797986801235794,23.436174392700195,20.938354631042152,22.446354465974988,20.93146164688679,21.493898454988397,20.71150221267223,21.437439701619677,20.715328962030924,20.501824486476448,20.500021057419055,9048,0,73,2190.0,36.5,2025-04-23 15:05:30,2025-04-23 15:05:34,20.633941650390625,20.633941650390625,1
20.512929556491628,23.436174392700195,20.500000000092328,0.11564677070122918,0.0,0.0,,20.79722311644571,23.436174392700195,20.93476917246129,22.446356322067803,20.930882953913773,21.493895850682353,20.709865793136245,21.43742567537023,20.711217347788807,20.501805384491533,20.500018679671875,9048,0,74,2220.0,37.0,2025-04-23 15:06:00,2025-04-23 15:06:04,20.61006164550781,20.61006164550781,1
20.51264174658593,23.391508102416992,20.500000000068415,0.11266166828132122,0.0,0.0,,20.79451524582562,23.391508102416992,20.930905519981867,22.38501272633815,20.924505609256205,21.49389438815543,20.708847733968003,21.269575962765845,20.69392543199858,20.5017862667969,20.50001677438865,9048,0,75,2250.0,37.5,2025-04-23 15:06:30,2025-04-23 15:06:34,20.68328857421875,20.68328857421875,1
20.51257768911234,23.391508102416992,20.500000000050633,0.11243543603948297,0.0,0.0,,20.791934479903293,23.391508102416992,20.92746943391699,22.385006021206145,20.92139971925308,21.493893470382506,20.70815508206735,21.26954442167185,20.686077313840205,20.501766235974927,20.500014963859684,9048,0,76,2280.0,38.0,2025-04-23 15:07:00,2025-04-23 15:07:04,20.651979446411133,20.651979446411133,1
20.51200506750959,23.30354690551757,20.500000000037584,0.10698762087477183,0.0,0.0,,20.785382082152584,23.30354690551757,20.923066574960075,22.310190713770844,20.912679534551103,21.370545567230128,20.693566074519527,21.286908450146548,20.68287366883394,20.501744989926422,20.500013371339946,9048,0,77,2310.0,38.5,2025-04-23 15:07:30,2025-04-23 15:07:34,20.550657272338867,20.550657272338867,1
20.511634847596135,23.30354690551757,20.500000000027857,0.10477061706742705,0.0,0.0,,20.779193633104935,23.30354690551757,20.91912348762936,22.310181487875745,20.90844598449993,21.264289486787593,20.6788852130067,21.286904318526105,20.680106697762273,20.50172313323512,20.500011962995444,9048,0,78,2340.0,39.0,2025-04-23 15:08:00,2025-04-23 15:08:04,20.53277969360352,20.53277969360352,1
20.511399224989457,23.295324325561523,20.500000000020684,0.10535651071511697,0.0,0.0,,20.775608223508375,23.295324325561523,20.915508139227743,22.38402455388679,20.912288520486776,21.17236252275137,20.664575540598076,21.140569346044668,20.665051181060402,20.50170058766562,20.500010649012196,9048,0,79,2370.0,39.5,2025-04-23 15:08:30,2025-04-23 15:08:34,20.587385177612305,20.587385177612305,1
20.51110988147598,23.295324325561523,20.500000000015376,0.1040970121912278,0.0,0.0,,20.77262952138733,23.295324325561523,20.91231596027155,22.38402866461231,20.912944183135483,21.09242721874128,20.650890127388575,21.140542133607283,20.65801792984497,20.501677338586973,20.500009489471836,9048,0,80,2400.0,40.0,2025-04-23 15:09:00,2025-04-23 15:09:04,20.59202766418457,20.59202766418457,1
20.510784359123946,23.313627243041992,20.500000000011493,0.10137515023216775,0.0,0.0,,20.77039957932645,23.313627243041992,20.909787900551827,22.330700773421015,20.908121195418296,21.02264912081216,20.63796881572092,21.240285383959566,20.662363410534525,20.501654555190374,20.500008430135416,9048,0,81,2430.0,40.5,2025-04-23 15:09:30,2025-04-23 15:09:34,20.60411262512207,20.60411262512207,1
20.510551288135396,23.313627243041992,20.500000000008296,0.10050873667387707,0.0,0.0,,20.76848520143573,23.313627243041992,20.90757296539204,22.330695803877806,20.905915352951588,20.961555074833793,20.62587943729139,21.2402954955077,20.66268257296886,20.501633000941894,20.50000752789464,9048,0,82,2460.0,41.0,2025-04-23 15:10:00,2025-04-23 15:10:04,20.620851516723636,20.620851516723636,1
20.510400943879503,23.33793830871582,20.500000000006544,0.10054010552310821,0.0,0.0,,20.76684737374409,23.33793830871582,20.90600028263449,22.343255253155625,20.90561167942399,20.90793930355658,20.6146438807893,21.28579177050883,20.66602524427695,20.501612615025547,20.500006799481973,9048,0,83,2490.0,41.5,2025-04-23 15:10:30,2025-04-23 15:10:34,20.65033721923828,20.65033721923828,1
20.51022072622522,23.33793830871582,20.500000000004945,0.10004519166794562,0.0,0.0,,20.765412224261556,23.33793830871582,20.90462793574475,22.343255017645557,20.905006796731236,20.86079949249056,20.604254811902884,21.285798740975675,20.666829279220963,20.501593544068054,20.500006038356855,9048,0,84,2520.0,42.0,2025-04-23 15:11:00,2025-04-23 15:11:04,20.722211837768555,20.722211837768555,1
20.510634852403076,23.38890647888184,20.500000000003347,0.1084909811814248,0.0,0.0,,20.764796870816433,23.38890647888184,20.904209938609963,22.549041310828496,20.922759778093454,20.81929208620034,20.594686544797412,21.43186309081567,20.679662307790856,20.501576244055663,20.500005394066463,9048,0,85,2550.0,42.5,2025-04-23 15:11:30,2025-04-23 15:11:34,20.73487091064453,20.73487091064453,1
20.510542131609792,23.38890647888184,20.500000000002665,0.10852578546987049,0.0,0.0,,20.76431731356793,23.38890647888184,20.903871326844058,22.549060287619763,20.929654176880042,20.78270014308233,20.58590219903486,21.431887563189363,20.684673985631914,20.501561780048103,20.50000480075603,9048,0,86,2580.0,43.0,2025-04-23 15:12:00,2025-04-23 15:12:04,21.10481071472168,21.10481071472168,1
20.51939233090555,24.725021362304688,20.500000000002665,0.19315046121370816,0.0,0.0,,20.780422111996245,23.436145782470703,20.904307785196604,22.659642197826663,20.943220948991986,22.068943305761525,20.689888358138816,21.55194906185033,20.697730857142343,20.5017731446755,20.5000041561483,9020,1,87,2610.0,43.5,2025-04-23 15:12:30,2025-04-23 15:12:34,20.78317070007324,20.78317070007324,1
20.520111960149332,24.725021362304688,20.500000000002665,0.19542143689836589,0.0,0.0,,20.79622246243587,23.436145782470703,20.90471897643769,22.65965688768197,20.949562976183078,22.069040662826477,20.733082439743058,21.551972943798027,20.70360204285484,20.501976425820175,20.500003738974733,9020,1,88,2640.0,44.0,2025-04-23 15:13:00,2025-04-23 15:13:06,20.842012405395508,20.842012405395508,1
20.519191435755744,24.349500847667827,20.500000000002665,0.18109845083606751,0.0,0.0,,20.797402638616944,23.509737014770508,20.906228967227573,22.810564914145118,20.96690051256229,21.648373010021565,20.72033789702472,21.724290866767667,20.72209911180664,20.509241455459176,20.500003486550522,9048,0,89,2670.0,44.5,2025-04-23 15:13:30,2025-04-23 15:13:34,20.834125518798828,20.834125518798828,1
20.518816790418246,23.987150302988237,20.500000000002665,0.17168571942733063,0.0,0.0,,20.797228408716613,23.509737014770508,20.907611083789167,22.810583556484268,20.97505260750652,21.648358990429465,20.719259283346616,21.724324495307474,20.730586341424658,20.508586895328904,20.500003113683576,9048,0,90,2700.0,45.0,2025-04-23 15:14:00,2025-04-23 15:14:04,20.84729385375977,20.84729385375977,1
20.517896675432496,23.72801399230957,20.500000000002665,0.15716057688984889,0.0,0.0,,20.79684093407443,23.72801399230957,20.91223915107003,22.542738481726452,20.95628016325542,21.618017788825473,20.71808048061194,21.92180267603189,20.752934455376405,20.507990738775096,20.500002783063216,9048,0,91,2730.0,45.5,2025-04-23 15:14:30,2025-04-23 15:14:34,20.96952247619629,20.96952247619629,1
20.517544849605176,23.72801399230957,20.500000000002665,0.1507701987210135,0.0,0.0,,20.796433178733324,23.72801399230957,20.916476478176843,22.542718731106433,20.95025215642291,21.61801631571031,20.71888844509204,21.921842810661325,20.763531475679684,20.507447944540363,20.500002524749185,9048,0,92,2760.0,46.0,2025-04-23 15:15:00,2025-04-23 15:15:04,20.953357696533203,20.953357696533203,1
20.51754223546087,23.72799491882324,20.500000000002665,0.14783556344780407,0.0,0.0,,20.796057780780256,23.72799491882324,20.920241845576182,22.533906769499545,20.94680633652802,21.792489117864935,20.734993263342396,21.712245417652046,20.751848744413902,20.506952393430968,20.50000226208074,9048,0,93,2790.0,46.5,2025-04-23 15:15:30,2025-04-23 15:15:34,20.905506134033203,20.905506134033203,1
20.517281425951815,23.72799491882324,20.500000000002665,0.14390813976767014,0.0,0.0,,20.79572675318353,23.72799491882324,20.923558422985778,22.533902894842495,20.945109159022675,21.79250371250991,20.742681959994925,21.712220607518315,20.74930997593328,20.506499033598057,20.500002031335313,9048,0,94,2820.0,47.0,2025-04-23 15:16:00,2025-04-23 15:16:04,20.89557456970215,20.89557456970215,1
20.516545069913175,23.839319229125977,20.500000000002665,0.13510259723490317,0.0,0.0,,20.781783428964573,23.839319229125977,20.92820727704459,22.36566208610971,20.9291505647139,21.737692258486486,20.74275945894182,21.81144949726309,20.757782049003474,20.506084098488092,20.500001829388086,9048,0,95,2850.0,47.5,2025-04-23 15:16:30,2025-04-23 15:16:34,20.960607528686523,20.960607528686523,1
20.51625399058619,23.839319229125977,20.500000000002665,0.13217655941229078,0.0,0.0,,20.7621409015029,23.839319229125977,20.93237848113863,22.365644987267324,20.922484542640195,21.737691542851167,20.744099944644653,21.811464991527863,20.761689688284687,20.505702288061133,20.500001640752437,9048,0,96,2880.0,48.0,2025-04-23 15:17:00,2025-04-23 15:17:04,20.89136505126953,20.89136505126953,1
20.515994307371233,23.74458885192871,20.500000000002665,0.1311935236070584,0.0,0.0,,20.7422929801638,23.74458885192871,20.93459197577699,22.474873739354127,20.928404810446164,21.700991426430544,20.742430479456537,21.547058447451604,20.741074128785012,20.505349827475587,20.50000146124574,9048,0,97,2910.0,48.5,2025-04-23 15:17:30,2025-04-23 15:17:34,20.78543281555176,20.78543281555176,1
20.515741878735856,23.74458885192871,20.500000000002665,0.12935927376798398,0.0,0.0,,20.723194093565272,23.74458885192871,20.93647236044238,22.47487979149171,20.929800795259382,21.700989398395397,20.742426063658105,21.547018346293914,20.73361430157244,20.50502325957716,20.500001335731458,9048,0,98,2940.0,49.0,2025-04-23 15:18:00,2025-04-23 15:18:04,21.07850646972656,21.07850646972656,1
20.515513790396195,23.74458885192871,20.500000000002665,0.12788413542653454,0.0,0.0,,20.70513255473508,23.74458885192871,20.938112242320713,22.474881296349967,20.93016696492982,21.700989052960896,20.742865747287198,21.547005424384157,20.730068890842006,20.504721434303125,20.50000120046988,9048,0,99,2970.0,49.5,2025-04-23 15:18:30,2025-04-23 15:18:34,20.98180389404297,20.98180389404297,1
20.515304819394263,23.74458885192871,20.500000000002665,0.12669631318056576,0.0,0.0,,20.688204658820077,23.74458885192871,20.939556706536077,22.47488168654755,20.930207191766733,21.70098914113245,20.743416388940737,21.546999685112027,20.72793075266208,20.504442852280672,20.500001075635026,9048,0,100,3000.0,50.0,2025-04-23 15:19:00,2025-04-23 15:19:04,21.066455841064453,21.066455841064453,1
20.52080966343023,24.50926780700684,20.500000000002665,0.184902772268785,0.0,0.0,,20.672431873290147,24.50926780700684,20.952743498795122,22.643726637211373,20.94517469391505,21.700989352389296,20.743965384803506,21.9866451599167,20.764752512015583,20.504432371680004,20.500000947822585,9017,2,101,3030.0,50.5,2025-04-23 15:19:30,2025-04-23 15:19:34,21.08768653869629,21.08768653869629,1
20.521153876155974,24.50926780700684,20.500000000002665,0.1862914768016229,0.0,0.0,,20.65779857515926,24.50926780700684,20.96492148102845,22.64374255224589,20.951139801835506,21.700989588842464,20.74447344776004,21.986715191884592,20.779007871567853,20.50443486718885,20.500000847657592,9017,2,102,3060.0,51.0,2025-04-23 15:20:00,2025-04-23 15:20:04,21.17283821105957,21.17283821105957,1
20.522726660183274,24.660375595092773,20.500000000002665,0.20584506110100828,0.0,0.0,,20.64426803592142,24.660375595092773,20.978119347475772,23.16253687262185,21.00066296730192,21.551610548642465,20.727741542494545,22.16128751596485,20.80160524530442,20.504487908714196,20.500000766524714,9018,2,103,3090.0,51.5,2025-04-23 15:20:30,2025-04-23 15:20:34,21.256006240844727,21.256006240844727,1
20.522442291759525,24.660375595092773,20.500000000002665,0.20379202889641745,0.0,0.0,,20.631790993690156,24.660375595092773,20.98984928221057,23.16258965740422,21.021497872875223,21.422998766671835,20.71077096396473,22.16132753867729,20.812515251195833,20.50440839337895,20.500000697970755,9018,2,104,3120.0,52.0,2025-04-23 15:21:00,2025-04-23 15:21:04,21.143239974975582,21.143239974975582,1
20.52212690365785,24.660375595092773,20.500000000002665,0.20215516657366925,0.0,0.0,,20.620310963070736,24.660375595092773,21.000170477091146,23.162612706769632,21.033539160740574,21.311781690892758,20.6941434316221,22.161344659246705,20.819352493045642,20.504326497569313,20.500000630968877,9018,2,105,3150.0,52.5,2025-04-23 15:21:30,2025-04-23 15:21:34,21.254838943481445,21.254838943481445,1
20.521821877485838,24.660375595092773,20.500000000002665,0.20093671612006245,0.0,0.0,,20.609767761503523,24.660375595092773,21.009228242038535,23.162625993054117,21.041647071109736,21.21511090675082,20.6781816620785,22.161354707004453,20.824342752798017,20.504244167958433,20.500000568097477,9018,2,106,3180.0,53.0,2025-04-23 15:22:00,2025-04-23 15:22:04,21.325084686279297,21.325084686279297,1
20.52242509208991,24.94725799560547,20.500000000002665,0.209655746185845,0.0,0.0,,20.600099918787755,24.656007766723636,21.01710861959509,22.914525797509423,21.025491963694513,21.13075315074091,20.663068127705337,22.48898108827956,20.85681789867149,20.504111340060128,20.50000051493169,9014,2,107,3210.0,53.5,2025-04-23 15:22:30,2025-04-23 15:22:34,21.326967239379883,21.326967239379883,1
20.52223761006908,24.94725799560547,20.500000000002665,0.2090295297278695,0.0,0.0,,20.591246334653608,24.656007766723636,21.024026217187533,22.914508730602673,21.021171670609494,21.056916651845313,20.64889576221176,22.489040396455714,20.871474066139996,20.504093984693483,20.50000046192342,9014,2,108,3240.0,54.0,2025-04-23 15:23:00,2025-04-23 15:23:04,21.110708236694336,21.110708236694336,1
20.523163594528466,25.018949508666992,20.500000000002665,0.22531509559679522,0.0,0.0,,20.583147410292877,24.51108741760254,21.02785034173209,22.678723892623264,20.998854189304343,20.992136073818532,20.635700068651644,21.939248340621127,20.83235611802865,20.503840450694707,20.50000041317522,9005,2,109,3270.0,54.5,2025-04-23 15:23:30,2025-04-23 15:23:34,21.191688537597656,21.191688537597656,1
20.52308271012019,25.018949508666992,20.500000000002665,0.22548889524308702,0.0,0.0,,20.575745804018503,24.51108741760254,21.03110899970243,22.678699868597146,20.990106340823328,20.93519425834114,20.623479747625243,21.93917078271183,20.81941969413865,20.50390210656094,20.50000037461103,9005,2,110,3300.0,55.0,2025-04-23 15:24:00,2025-04-23 15:24:04,21.192325592041016,21.192325592041016,1
20.5235090679815,24.84955406188965,20.500000000002665,0.22510553979984171,0.0,0.0,,20.56898691520857,24.508787155151367,21.033923215684393,22.90664608331522,21.005811851315745,20.885067522515367,20.612210138880386,22.432928368101287,20.857032979611333,20.506610950848053,20.50000034443266,9016,2,111,3330.0,55.5,2025-04-23 15:24:30,2025-04-23 15:24:34,21.15035820007324,21.15035820007324,1
20.523087042254517,24.84955406188965,20.500000000002665,0.21955041250540258,0.0,0.0,,20.56281917081285,24.508787155151367,21.03640661278009,22.906662311738486,21.01120691414857,20.840886350911887,20.60185209501143,22.433000531689856,20.87141865667404,20.506323497279013,20.500000309745552,9016,2,112,3360.0,56.0,2025-04-23 15:25:00,2025-04-23 15:25:04,21.188364028930664,21.188364028930664,1
20.522684744100076,24.84955406188965,20.500000000002665,0.21533372504010384,0.0,0.0,,20.55719416842754,24.508787155151367,21.038607164282567,22.906668054447575,21.013929409741205,20.801906379025386,20.592357904781473,22.433024392021995,20.87885625852778,20.506064102517993,20.50000028264406,9016,2,113,3390.0,56.5,2025-04-23 15:25:30,2025-04-23 15:25:04,21.188364028930664,21.188364028930664,1
20.52231704733557,24.84955406188965,20.500000000002665,0.21213411299907176,0.0,0.0,,20.552066715739482,24.508787155151367,21.040559695252387,22.906670869531148,21.015614067611693,20.76748642293242,20.583675279234136,22.43303556580227,20.88372402696285,20.505828392456948,20.500000257320828,9016,2,114,3420.0,57.0,2025-04-23 15:26:00,2025-04-23 15:26:04,21.14610481262207,21.14610481262207,1
20.52198489716336,24.84955406188965,20.500000000002665,0.20969248640283095,0.0,0.0,,20.547394795945618,24.508787155151367,21.042292617696123,22.90667255497732,21.016786754982622,20.737071453580512,20.57575004497147,22.43304248063811,20.887358474468552,20.50561331378417,20.50000023332576,9016,2,115,3450.0,57.5,2025-04-23 15:26:30,2025-04-23 15:26:34,21.207195281982425,21.207195281982425,1
20.521686062312128,24.84955406188965,20.500000000002665,0.2078169041036188,0.0,0.0,,20.54313948130105,24.508787155151367,21.043830447258667,22.906673697063145,21.01766691363913,20.710179127857778,20.568527961184817,22.433047473924624,20.890248140756945,20.505416602609877,20.500000213842213,9016,2,116,3480.0,58.0,2025-04-23 15:27:00,2025-04-23 15:27:04,21.0531005859375,21.0531005859375,1
20.529610440693265,25.628189086914062,20.500000000002665,0.25446378256940305,0.0,0.0,,20.539264811411083,25.628189086914062,21.062628795686443,22.977560386647664,21.024678690403537,22.106102236645288,20.68241875674991,21.811095268479185,20.83840308233247,20.514652385329605,20.500000195751944,9019,2,117,3510.0,58.5,2025-04-23 15:27:30,2025-04-23 15:27:34,21.142562866210938,21.142562866210938,1
20.529511336030083,25.628189086914062,20.500000000002665,0.24794377589638217,0.0,0.0,,20.53573764871497,25.628189086914062,21.08001012589327,22.97756774370364,21.027801528382007,22.10620896433272,20.729973019996542,21.810996052624507,20.818593000117957,20.51364760401575,20.500000179280057,9019,2,118,3540.0,59.0,2025-04-23 15:28:00,2025-04-23 15:28:04,21.11871910095215,21.11871910095215,1
20.531128643090643,25.276952743530277,20.500000000002665,0.25911659901349066,0.0,0.0,,20.569884320870962,24.533435821533203,21.078441382260845,23.218022269394627,21.051140521035386,22.106250325171363,20.755434627532615,21.773961640301064,20.80529878577047,20.512431420918272,20.500000164259543,9012,2,119,3570.0,59.5,2025-04-23 15:28:30,2025-04-23 15:28:34,21.034868240356445,21.034868240356445,1
20.530933961430097,25.276952743530277,20.500000000002665,0.25517597113578006,0.0,0.0,,20.603596258913814,24.533435821533203,21.076254634598197,23.218047041888518,21.061159694272337,22.106271643376314,20.77131503894339,21.773939767750626,20.797576608896094,20.51157452093564,20.500000152091303,9012,2,120,3600.0,60.0,2025-04-23 15:29:00,2025-04-23 15:29:04,20.949996948242188,20.949996948242188,1
20.531910052402797,25.05903617211362,20.500000000002665,0.26379783881395796,0.0,0.0,,20.63208098975272,24.56702041625977,21.07464276655641,22.876985244240423,21.036674423983722,22.106284628449437,20.782330285769813,22.02007246680093,20.813649367090918,20.515287564835315,20.500000141144234,9016,2,121,3630.0,60.5,2025-04-23 15:29:30,2025-04-23 15:29:34,20.99061393737793,20.99061393737793,1
20.5313345641758,25.0593057322603,20.500000000002665,0.25439730492869955,0.0,0.0,,20.657121960575765,24.56702041625977,21.073216210547585,22.876959366619307,21.028430313669265,22.10629339888263,20.79055182614091,22.020105029902453,20.818152264326415,20.514230142012504,20.50000012981977,9016,2,122,3660.0,61.0,2025-04-23 15:30:00,2025-04-23 15:30:04,21.255971908569336,21.255971908569336,1
20.532414143277077,25.563047409057617,20.500000000002665,0.268840124073556,0.0,0.0,,20.679701401037146,25.22642707824707,21.082255320271386,23.230058585226494,21.055998391064428,21.90456147514869,20.772918626345607,22.402209227682995,20.852805499496203,20.51373733169789,20.500000119832052,9019,2,123,3690.0,61.5,2025-04-23 15:30:30,2025-04-23 15:30:34,21.03013801574707,21.03013801574707,1
20.531521809363067,25.563047409057617,20.500000000002665,0.26120986159449255,0.0,0.0,,20.699597909204126,25.22642707824707,21.09072783675995,23.230087560175985,21.066523264344127,21.731295533851874,20.754267231858613,22.40227454160747,20.866591285498657,20.51289353180058,20.500000110316236,9019,2,124,3720.0,62.0,2025-04-23 15:31:00,2025-04-23 15:31:04,21.03070068359375,21.03070068359375,1
20.530124235569282,25.137794494628903,20.500000000002665,0.24349378104274044,0.0,0.0,,20.716411638611234,24.555570602416992,21.08786579134195,22.97174393442239,21.04927116459829,21.581773141237687,20.735502877518524,22.89744388258009,20.917047875512946,20.512132360784374,20.500000100507986,9017,2,125,3750.0,62.5,2025-04-23 15:31:30,2025-04-23 15:31:34,21.008533477783203,21.008533477783203,1
20.529363846933936,25.137794494628903,20.500000000002665,0.23836535072337883,0.0,0.0,,20.731130450259624,24.555570602416992,21.084868867795777,22.971725724295645,21.043742498975693,21.452037737910196,20.71715259363997,22.897536615022357,20.939178595732383,20.511483552203664,20.500000092131884,9017,2,126,3780.0,63.0,2025-04-23 15:32:00,2025-04-23 15:32:04,21.033126831054688,21.033126831054688,1
20.52864019320403,25.137794494628903,20.500000000002665,0.23413664523195524,0.0,0.0,,20.744068121454074,24.555570602416992,21.08211466136624,22.971719459727634,21.041243960377226,21.33900140318801,20.69953565792792,22.897572400142042,20.952062121361866,20.51087179873084,20.500000084916792,9017,2,127,3810.0,63.5,2025-04-23 15:32:30,2025-04-23 15:32:34,21.053863525390625,21.053863525390625,1
20.52797625186417,25.137794494628903,20.500000000002665,0.23072767097389268,0.0,0.0,,20.755455787421404,24.555570602416992,21.07967921478875,22.971716549785395,21.03989225764347,21.240197244939942,20.6828369117407,22.89759175401184,20.96108384479098,20.510307759702844,20.500000079619046,9017,2,128,3840.0,64.0,2025-04-23 15:33:00,2025-04-23 15:33:04,21.06440544128418,21.06440544128418,1
20.52737302054353,25.137794494628903,20.500000000002665,0.2280022819716794,0.0,0.0,,20.765488631141224,24.555570602416992,21.07755336138745,22.971714928111886,21.039076427521874,21.15361565783916,20.66715338420058,22.897604773863417,20.968020737240966,20.50979139473588,20.500000072834894,9017,2,129,3870.0,64.5,2025-04-23 15:33:30,2025-04-23 15:33:34,21.087432861328125,21.087432861328125,1
20.52682628506529,25.137794494628903,20.500000000002665,0.22582910290062827,0.0,0.0,,20.77433487568167,24.555570602416992,21.075704095192865,22.971713912999924,21.038542872811757,21.077593219920427,20.652524418552925,22.8976145161431,20.973594461865222,20.509319702604508,20.500000067003246,9017,2,130,3900.0,65.0,2025-04-23 15:34:00,2025-04-23 15:34:04,21.107765197753903,21.107765197753903,1
20.53232256420139,25.26663017272949,20.500000000002665,0.26901168083312915,0.0,0.0,,20.76534416365582,24.708457946777344,21.076476124028172,22.98541659145839,21.03939147727375,22.085098423188878,20.731101183243617,22.427877713673528,20.93722634037793,20.506534490971497,20.500000059842712,8992,2,131,3930.0,65.5,2025-04-23 15:34:30,2025-04-23 15:34:34,21.181232452392575,21.181232452392575,1
20.532458260766237,25.26663017272949,20.500000000002665,0.2684253971903606,0.0,0.0,,20.74841651115734,24.708457946777344,21.077282403153404,22.98541739727224,21.039610975803164,22.08517143007516,20.763127419697778,22.42780658240887,20.92458015668845,20.506460368144843,20.50000005609445,8992,2,132,3960.0,66.0,2025-04-23 15:35:00,2025-04-23 15:35:04,21.15478134155273,21.15478134155273,1
20.53201118472297,25.465967178344727,20.500000000002665,0.2642382608607479,0.0,0.0,,20.73053600894502,24.671985626220703,21.07745762337466,22.996969190917234,21.0407073959182,22.085199075928347,20.779872770234736,21.946006630837864,20.876916883656722,20.513694411226666,20.500000053537086,9018,2,133,3990.0,66.5,2025-04-23 15:35:30,2025-04-23 15:35:34,21.216779708862305,21.216779708862305,1
20.531384562108258,25.465967178344727,20.500000000002665,0.2567508370339765,0.0,0.0,,20.712991200437116,24.671985626220703,21.077590686819182,22.996970311244716,21.041140316509377,22.085212993419372,20.790091870473308,21.945917986561504,20.85681754652467,20.51283069493077,20.500000050472188,9018,2,134,4020.0,67.0,2025-04-23 15:36:00,2025-04-23 15:36:04,21.11865234375,21.11865234375,1
20.535124848592577,25.503725051879883,20.500000000002665,0.2947650576212301,0.0,0.0,,20.725825230775236,24.751691818237305,21.07894127238394,22.919332324929197,21.034453710268004,22.25401119794779,20.81139478478683,21.952329170419805,20.84613067264031,20.508823788497054,20.50000004564452,8992,2,135,4050.0,67.5,2025-04-23 15:36:30,2025-04-23 15:36:34,21.18768310546875,21.18768310546875,1
20.535074248876988,25.503725051879883,20.500000000002665,0.29135363555251065,0.0,0.0,,20.739952516150456,24.751691818237305,21.080185400834747,22.919325203036035,21.031801165586483,22.25403006321714,20.822680035641223,21.952312933127804,20.838698120730847,20.508571100536727,20.500000041455063,8992,2,136,4080.0,68.0,2025-04-23 15:37:00,2025-04-23 15:37:04,21.219825744628903,21.219825744628903,1
20.536807921198427,25.045983114020693,20.500000000002665,0.2939027409904111,0.0,0.0,,20.752954117703343,24.92892837524414,21.084051675034342,22.834250838557292,21.022747737651382,22.188521817271244,20.82448801128446,21.997280639927215,20.836955406148913,20.521584449854814,20.500000040217152,9018,2,137,4110.0,68.5,2025-04-23 15:37:30,2025-04-23 15:37:34,21.069318771362305,21.069318771362305,1
20.53582258556751,25.03526496887207,20.500000000002665,0.27950799207984184,0.0,0.0,,20.764565838883904,24.92892837524414,21.087584451489658,22.83424114082078,21.018717292851104,22.18852235258557,20.82747357592395,21.99727987555271,20.834017154162225,20.519907345563347,20.500000037818985,9018,2,138,4140.0,69.0,2025-04-23 15:38:00,2025-04-23 15:38:04,20.97907829284668,20.97907829284668,1
20.536109656618578,24.75829506,20.500000000002665,0.27964995313830954,0.0,0.0,,20.77483603582931,24.443035125732425,21.083150621692905,22.713130564827736,21.005506781160722,22.188524294203205,20.830333414745336,22.062903983577737,20.836904719344854,20.520074394376515,20.500000035230997,9015,2,139,4170.0,69.5,2025-04-23 15:38:30,2025-04-23 15:38:34,20.920944213867188,20.920944213867188,1
20.535086530169373,24.75829506,20.500000000002665,0.26740369162842287,0.0,0.0,,20.7838900167354,24.443035125732425,21.07888561607356,22.713116431864282,20.999471549602426,22.18852618770018,20.832861027352827,22.062910993589362,20.836728110464037,20.51859040708681,20.500000032155725,9015,2,140,4200.0,70.0,2025-04-23 15:39:00,2025-04-23 15:39:04,21.00586700439453,21.00586700439453,1
20.53414443460226,24.75829506,20.500000000002665,0.2576120968530564,0.0,0.0,,20.774383600875282,24.443035125732425,21.07504665517302,22.713109782226354,20.99576783601159,22.188527817836047,20.835047417246983,22.062911509567943,20.835857465478497,20.51725136510877,20.500000029649815,9015,2,141,4230.0,70.5,2025-04-23 15:39:30,2025-04-23 15:39:34,20.935121536254883,20.935121536254883,1
20.53328022842145,24.75829506,20.500000000002665,0.24971083086860774,0.0,0.0,,20.756616023858847,24.443035125732425,21.07166210632033,22.713105730604436,20.99316407607085,22.18852918174493,20.83692669031302,22.062910640750104,20.83489945959024,20.516036469373567,20.500000027851833,9015,2,142,4260.0,71.0,2025-04-23 15:40:00,2025-04-23 15:40:04,20.883485794067383,20.883485794067383,1
20.532535201676968,25.013961791992188,20.500000000002665,0.24524205335172924,0.0,0.0,,20.762837153463423,24.44445419311523,21.06872009871838,22.715361403471363,20.99139253197264,21.97820309380241,20.81426513838708,22.850329696890704,20.902645173802853,20.515099409784888,20.5000000257885,9017,2,143,4290.0,71.5,2025-04-23 15:40:30,2025-04-23 15:40:34,20.95004653930664,20.95004653930664,1
20.531334010236872,25.013961791992188,20.500000000002665,0.23691631179180025,0.0,0.0,,20.770530505772893,24.44445419311523,21.06614810016644,22.715359526300706,20.989908120315135,21.797179497590072,20.791146248571373,22.85045820824259,20.929432748475143,20.514111827646826,20.500000023844883,9017,2,144,4320.0,72.0,2025-04-23 15:41:00,2025-04-23 15:41:04,21.0196590423584,21.0196590423584,1
20.53001641758176,25.02904891967773,20.500000000002665,0.23074560302039762,0.0,0.0,,20.77775020957103,24.486270904541016,21.064548520028815,22.779016702099,20.99434574789978,21.640685892872927,20.76840851904862,21.866393449571607,20.85781121878231,20.51307407260144,20.500000021864345,9016,2,145,4350.0,72.5,2025-04-23 15:41:30,2025-04-23 15:41:34,20.99786376953125,20.99786376953125,1
20.528870748163754,25.02904891967773,20.500000000002665,0.22406885200052143,0.0,0.0,,20.78424749545789,24.486270904541016,21.06317982625034,22.779021485739932,20.995601538116354,21.504695783498853,20.746521658739088,21.866253388826795,20.83266346511408,20.512266750276794,20.500000020461997,9016,2,146,4380.0,73.0,2025-04-23 15:42:00,2025-04-23 15:42:04,21.053773880004883,21.053773880004883,1
20.528192248124927,25.115562438964844,20.500000000002665,0.22314505958318392,0.0,0.0,,20.79001645672428,24.524831771850582,21.062586816586077,22.747446182102458,20.993196455331393,21.386054111448505,20.725755051799023,22.19143880504893,20.849385578431807,20.511509653366623,20.500000018960648,9016,2,147,4410.0,73.5,2025-04-23 15:42:30,2025-04-23 15:42:34,21.04236602783203,21.04236602783203,1
20.527332653520418,25.115562438964844,20.500000000002665,0.2192770942278778,0.0,0.0,,20.795114463824294,24.524831771850582,21.062094941435475,22.74744377717038,20.992157424003196,21.28223096158563,20.706249848993945,22.19147397749414,20.853857268081008,20.510812870597274,20.50000001777915,9016,2,148,4440.0,74.0,2025-04-23 15:43:00,2025-04-23 15:43:04,21.0242862701416,21.0242862701416,1
20.53331103090488,25.55036735534668,20.500000000002665,0.2745404611104552,0.0,0.0,,20.783439170117425,24.51830673217773,21.06156453454201,22.753341490832774,20.99201332749165,22.140132776508022,20.769699743984646,22.208788515491634,20.856645364718382,20.50720436814751,20.50000001596314,8988,2,149,4470.0,74.5,2025-04-23 15:43:30,2025-04-23 15:43:34,21.127227783203125,21.127227783203125,1
20.533409518313317,25.55036735534668,20.500000000002665,0.27447058711348626,0.0,0.0,,20.76445599675648,24.51830673217773,21.06108959139718,22.75334142769773,20.991719679270975,22.140191766534738,20.794698172395083,22.20879364409037,20.857631488053126,20.5070952819904,20.500000015027283,8988,2,150,4500.0,75.0,2025-04-23 15:44:00,2025-04-23 15:44:04,21.121959686279297,21.121959686279297,1
20.53912620935833,25.643524169921875,20.500000000002665,0.3030747078282162,0.0,0.0,,20.74483870949767,25.643524169921875,21.078196735945276,23.029417339021034,21.016031888254684,22.239456093897463,20.815688675259228,21.869662764717155,20.82850097020273,20.51762825101925,20.500000014149645,8991,2,151,4530.0,75.5,2025-04-23 15:44:30,2025-04-23 15:44:34,21.109712600708008,21.109712600708008,1
20.53864956977972,25.643524169921875,20.500000000002665,0.2948088783389934,0.0,0.0,,20.72579141162492,25.643524169921875,21.094139832117996,23.029443260659296,21.02571999414156,22.239474488280937,20.826661397364745,21.86960769513802,20.816854487531486,20.51640325033813,20.500000013163866,8991,2,152,4560.0,76.0,2025-04-23 15:45:00,2025-04-23 15:45:04,21.00839614868164,21.00839614868164,1
20.538151892899155,25.643524169921875,20.500000000002665,0.2885757814928494,0.0,0.0,,20.70768874741204,25.643524169921875,21.108474660229493,23.029454067851205,21.03108428292843,22.239483680598575,20.83347837271137,21.869588442112025,20.810605771524703,20.515342261750376,20.500000012076953,8991,2,153,4590.0,76.5,2025-04-23 15:45:30,2025-04-23 15:45:34,20.97134017944336,20.97134017944336,1
20.537678491468906,25.643524169921875,20.500000000002665,0.28380115212785595,0.0,0.0,,20.69066664934172,25.643524169921875,21.121262468686233,23.029460071651126,21.03457852958871,22.23948924405327,20.838199033294497,21.86957894319729,20.80643963368913,20.514406460184734,20.500000011382824,8991,2,154,4620.0,77.0,2025-04-23 15:46:00,2025-04-23 15:46:04,21.01744842529297,21.01744842529297,1
20.53723724346021,25.643524169921875,20.500000000002665,0.28012317500989375,0.0,0.0,,20.67476885422257,25.643524169921875,21.132674402878276,23.0294639693306,21.037079516145376,22.239492993365612,20.841717385368838,21.86957289553389,20.8033130963624,20.513573387815228,20.500000010699893,8991,2,155,4650.0,77.5,2025-04-23 15:46:30,2025-04-23 15:46:34,23.460987091064453,23.460987091064453,2
20.536829155945878,25.643524169921875,20.500000000002665,0.2772802839229948,0.0,0.0,,20.65999369502902,25.643524169921875,21.142887692844464,23.02946673753991,21.038983344671806,22.23949569435276,20.844471501238935,21.869568488360876,20.800829705554918,20.51282798792892,20.50000000994027,8991,2,156,4680.0,78.0,2025-04-23 15:47:00,2025-04-23 15:47:04,21.623027801513672,21.623027801513672,1
20.544360331882306,27.19177627563477,20.500000000002665,0.33549759021326325,0.0,0.0,,20.734465266649618,24.557239532470703,21.135139136373102,22.336837056259665,20.978773184563412,22.54021276006809,20.87224727859067,22.99668354324497,20.89704608876764,20.523729908331525,20.50000000951028,8991,2,157,4710.0,78.5,2025-04-23 15:47:30,2025-04-23 15:47:34,20.905839920043945,20.905839920043945,1
20.543920524045905,27.19177627563477,20.500000000002665,0.3278767173059412,0.0,0.0,,20.808641687868004,24.557239532470703,21.12769658485839,22.336773092392953,20.955044355486077,22.54023811827781,20.885055523637483,22.996866239031853,20.934834311938957,20.52215084352786,20.500000009081507,8991,2,158,4740.0,79.0,2025-04-23 15:48:00,2025-04-23 15:48:04,21.004913330078125,21.004913330078125,1
20.544876091793142,26.482706780664312,20.500000000002665,0.3281986332853373,0.0,0.0,,20.8755506188202,24.220773696899418,21.1158994233743,22.59271954282898,20.96484187135852,22.188328330601188,20.862736336200296,21.851049397174393,20.854792220780645,20.52939495563687,20.50000000942226,9004,2,159,4770.0,79.5,2025-04-23 15:48:30,2025-04-23 15:48:34,21.248729705810547,21.248729705810547,1
20.543302497084373,25.994524002075195,20.500000000002665,0.30927846063384784,0.0,0.0,,20.934834992911373,24.220773696899418,21.105409795819302,22.592729322997553,20.9656559770747,22.18830645362593,20.855065586386566,21.850891453501895,20.82765969352255,20.5271195126139,20.500000009228735,9004,2,160,4800.0,80.0,2025-04-23 15:49:00,2025-04-23 15:49:04,20.793127059936523,20.793127059936523,1
20.544035177432413,25.21930373849142,20.500000000002665,0.2944960089893388,0.0,0.0,,20.987065648689786,23.889196395874023,21.091111603218934,22.444796767563194,20.951676676576447,22.18829933215566,20.85183930461683,21.75197765268897,20.807081780711087,20.537900351279283,20.500000009729767,9019,1,161,4830.0,80.5,2025-04-23 15:49:30,2025-04-23 15:49:34,20.93583106994629,20.93583106994629,1
20.542020546377326,24.615765295815727,20.500000000002665,0.2717046647856081,0.0,0.0,,21.03300315182535,23.889196395874023,21.07840103126301,22.444781920569817,20.945236126606666,22.188296315469852,20.850332598759568,21.751942278321863,20.796803590341693,20.534624812854844,20.500000009530723,9019,1,162,4860.0,81.0,2025-04-23 15:50:00,2025-04-23 15:50:04,20.711261749267575,20.711261749267575,1
20.541049585599282,24.80237389,20.500000000002665,0.2681503601208919,0.0,0.0,,21.027508927041467,24.80237389,21.081473211855393,22.099779771264643,20.910385296490407,22.188294812398425,20.849577252067537,21.580699764126486,20.775372920271018,20.52890085899907,20.500000009878956,9009,2,163,4890.0,81.5,2025-04-23 15:50:30,2025-04-23 15:50:34,20.81441116333008,20.81441116333008,1
20.539357916645038,24.80237389,20.500000000002665,0.2547789677353008,0.0,0.0,,20.99811498081769,24.80237389,21.084902461670474,22.099742673415754,20.894947437886625,22.188293976217746,20.849177313056945,21.580661888892116,20.764643516313388,20.5264689269404,20.500000010078075,9009,2,164,4920.0,82.0,2025-04-23 15:51:00,2025-04-23 15:51:04,20.865678787231445,20.865678787231445,1
20.541795105304725,24.271492012870116,20.500000000002665,0.2634956774914688,0.0,0.0,,20.964588043833356,23.776857376098636,21.072118501109376,22.548906449864997,20.92563210327673,21.97856977265756,20.82494974408176,21.462935173120854,20.747463941318177,20.535076312323817,20.500000010610748,9019,2,165,4950.0,82.5,2025-04-23 15:51:30,2025-04-23 15:51:34,20.75978660583496,20.75978660583496,1
20.53951001527002,24.174943923950195,20.500000000002665,0.24613418631981432,0.0,0.0,,20.930742316470244,23.776857376098636,21.06010212540222,22.548938840170024,20.935291497080073,21.797946484523205,20.80048843128137,21.462905667311325,20.738207895083487,20.532159363483228,20.500000011146128,9019,2,166,4980.0,83.0,2025-04-23 15:52:00,2025-04-23 15:52:04,20.771453857421875,20.771453857421875,1
20.5373350537861,24.174943923950195,20.500000000002665,0.2315983962058428,0.0,0.0,,20.89785121302557,23.776857376098636,21.049298655216838,22.54894977161159,20.93946176506603,21.641711126523084,20.77659314537041,21.462891588347475,20.731923997584143,20.52948373218998,20.500000011740926,9019,2,167,5010.0,83.5,2025-04-23 15:52:30,2025-04-23 15:52:34,20.7503719329834,20.7503719329834,1
20.535330667773476,24.174943923950195,20.500000000002665,0.21957919501098974,0.0,0.0,,20.86645215097662,23.776857376098636,21.039708920021486,22.548954651855624,20.94156566020218,21.505879048728325,20.753703941920328,21.4628826011293,20.727126539640782,20.527050188567014,20.500000012522094,9019,2,168,5040.0,84.0,2025-04-23 15:53:00,2025-04-23 15:53:04,20.75349235534668,20.75349235534668,1
20.53350022822784,24.174943923950195,20.500000000002665,0.20970273452668456,0.0,0.0,,20.836797705339993,23.776857376098636,21.03122056513479,22.548957231499905,20.942725164003395,21.38732432443186,20.732066518232564,21.462875969541503,20.72326826714555,20.52484260131805,20.500000013102976,9019,2,169,5070.0,84.5,2025-04-23 15:53:30,2025-04-23 15:53:34,20.832773208618164,20.832773208618164,1
20.531833827994664,24.174943923950195,20.500000000002665,0.20162043893332487,0.0,0.0,,20.808998902390602,23.776857376098636,21.02370007379851,22.548958753902777,20.943406089169923,21.283537633406546,20.71180275120681,21.462870765766304,20.720090935939794,20.522840676425407,20.500000013639266,9019,2,170,5100.0,85.0,2025-04-23 15:54:00,2025-04-23 15:54:04,20.695392608642575,20.695392608642575,1
20.531402746314964,24.56942749023437,20.500000000002665,0.20926159668636293,0.0,0.0,,20.783084240825858,24.56942749023437,21.029365482432315,22.023455662398305,20.8970001860504,21.192465807307297,20.692955333262336,21.92188639308575,20.75745255553594,20.52291841691689,20.500000013719244,9017,2,171,5130.0,85.5,2025-04-23 15:54:30,2025-04-23 15:54:34,20.8195743560791,20.8195743560791,1
20.52988551993369,24.56942749023437,20.500000000002665,0.2002937524725052,0.0,0.0,,20.759030402744965,24.56942749023437,21.03486853650656,22.023406562512655,20.878336471471147,21.112402662412133,20.675516423137015,21.921958478120676,20.771302843375587,20.52108525239391,20.5000000143425,9017,2,172,5160.0,86.0,2025-04-23 15:55:00,2025-04-23 15:55:04,20.780174255371094,20.780174255371094,1
20.52884278959864,24.454784393310547,20.500000000002665,0.19566980633013753,0.0,0.0,,20.736780863680128,24.454784393310547,21.03797508490829,22.1828196872875,20.882080291709922,21.041912662482282,20.659446292741404,21.51393392515339,20.742511115525215,20.519334417663057,20.500000014614844,9014,2,173,5190.0,86.5,2025-04-23 15:55:30,2025-04-23 15:55:34,20.845645904541016,20.845645904541016,1
20.527517413270495,24.454784393310547,20.500000000002665,0.18896305400281166,0.0,0.0,,20.716258117175865,24.454784393310547,21.040541935047194,22.182823361284875,20.88092166831393,20.979776041894763,20.644685618043688,21.51387763925732,20.73240708477226,20.51781692785965,20.500000015589844,9014,2,174,5220.0,87.0,2025-04-23 15:56:00,2025-04-23 15:56:04,20.89955139160156,20.89955139160156,1
20.52737484534352,24.73172187805176,20.500000000002665,0.19277178325806402,0.0,0.0,,20.780896536157933,24.73172187805176,21.046983244966633,22.16319728803497,20.877403144392233,20.924948278042425,20.631163666976473,22.518662930716864,20.81528150398,20.517673768876215,20.500000016231454,9020,1,175,5250.0,87.5,2025-04-23 15:56:30,2025-04-23 15:56:34,21.71799087524414,21.71799087524414,1
20.526456928609452,24.73172187805176,20.500000000002665,0.18828421658274838,0.0,0.0,,20.84596154995834,24.73172187805176,21.052746412271784,22.16319366945425,20.87498476670698,20.876529390669045,20.618803795296042,22.51882100800524,20.847624424086383,20.516330537269564,20.500000017193866,9020,1,176,5280.0,88.0,2025-04-23 15:57:00,2025-04-23 15:57:04,20.853443145751957,20.853443145751957,1
20.528119560119,24.56409454345703,20.500000000002665,0.2135561463574817,0.0,0.0,,20.904768501755175,24.15204429626465,21.04873841341105,22.328357734122765,20.887772460813984,20.833740139257095,20.607527147511288,21.762760206548954,20.798630302900236,20.513488595648706,20.50000001655255,8999,2,177,5310.0,88.5,2025-04-23 15:57:30,2025-04-23 15:57:34,21.010990142822266,21.010990142822266,1
20.52762175460188,24.56409454345703,20.500000000002665,0.21255085755539432,0.0,0.0,,20.956902769154553,24.15204429626465,21.044697536751688,22.328371457292228,20.89211784694415,20.795903184039997,20.59725514265827,21.762661872073988,20.783217764944293,20.51264796139349,20.50000001686553,8999,2,178,5340.0,89.0,2025-04-23 15:58:00,2025-04-23 15:58:04,20.91045379638672,20.91045379638672,1
20.52965024118948,24.78215980529785,20.500000000002665,0.2162831230285444,0.0,0.0,,21.00283714483497,24.78215980529785,21.050777991331195,22.390905008217153,20.899676314551,21.86981467902903,20.681741457404573,21.631277676605343,20.76572550174352,20.516369571156034,20.50000001742319,9020,2,179,5370.0,89.5,2025-04-23 15:58:30,2025-04-23 15:58:34,20.90851211547852,20.90851211547852,1
20.529144021405546,24.78215980529785,20.500000000002665,0.21175300409662215,0.0,0.0,,21.043232440480875,24.78215980529785,21.056519655703596,22.390913351031198,20.90297833128065,21.86989437482549,20.71607833608115,21.631246087081855,20.75808927808742,20.51520248721088,20.500000018254433,9020,2,180,5400.0,90.0,2025-04-23 15:59:00,2025-04-23 15:59:04,20.8660888671875,20.8660888671875,1
20.52853622838425,24.78215980529785,20.500000000002665,0.2076551113205763,0.0,0.0,,21.03483202159861,24.78215980529785,21.0616269877665,22.390917207407476,20.90484816006742,21.869924665254217,20.733932862627718,21.63123366187359,20.75373951414841,20.51415172254843,20.50000001888494,9020,2,181,5430.0,90.5,2025-04-23 15:59:30,2025-04-23 15:59:34,20.87223243713379,20.87223243713379,1
20.527914126400308,24.78215980529785,20.500000000002665,0.20416245202267555,0.0,0.0,,21.003899924128103,24.78215980529785,21.066082260894767,22.390919455195515,20.90605450970915,21.869939957740893,20.744750761640567,21.63122697426308,20.750767535340465,20.51319839420978,20.500000019973577,9020,2,182,5460.0,91.0,2025-04-23 16:00:00,2025-04-23 16:00:04,20.929582595825195,20.929582595825195,1
20.531150552245972,24.125337600708008,20.500000000002665,0.22953963964225435,0.0,0.0,,20.96929236363893,23.439741134643555,21.049034037559608,22.04844733708776,20.87638153374235,21.869949089914993,20.75206490609812,21.39552645006576,20.727982744590236,20.514924098208244,20.500000019290255,8992,2,183,5490.0,91.5,2025-04-23 16:00:30,2025-04-23 16:00:34,20.679407119750977,20.679407119750977,1
20.53058630610515,24.125337600708008,20.500000000002665,0.22338685267772798,0.0,0.0,,20.934622670136662,23.439741134643555,21.032976186101973,22.048415963247727,20.86466682314949,21.869955149966756,20.757412763657783,21.39548441813684,20.717954859498967,20.514010372103467,20.500000019814777,8992,2,184,5520.0,92.0,2025-04-23 16:01:00,2025-04-23 16:01:04,20.90586471557617,20.90586471557617,1
20.531249367271542,24.318470001220703,20.500000000002665,0.2321971043828625,0.0,0.0,,20.901082741205638,23.85992813110352,21.02512252373128,22.098282202500894,20.862657038587983,21.69829944724006,20.741169462176213,21.52637157775081,20.72348139241711,20.51502111084137,20.50000002028114,9001,2,185,5550.0,92.5,2025-04-23 16:01:30,2025-04-23 16:01:34,20.777929306030277,20.777929306030277,1
20.530109617817818,24.318470001220703,20.500000000002665,0.2242150397738178,0.0,0.0,,20.86916477467277,23.85992813110352,21.01847926111505,22.098279863518652,20.860257442775104,21.55078962051877,20.72422450877344,21.52638433727765,20.723913425397807,20.51403742717778,20.500000021319856,9001,2,186,5580.0,93.0,2025-04-23 16:02:00,2025-04-23 16:02:04,20.698156356811523,20.698156356811523,1
20.530816348338416,24.75861358642578,20.500000000002665,0.24083277310964776,0.0,0.0,,20.83909129288113,24.538549423217773,21.02328144078375,22.03309959637297,20.852455495515123,21.423436133576928,20.70732242114492,21.726292679452413,20.740594224070744,20.512883727215684,20.50000002154657,8998,2,187,5610.0,93.5,2025-04-23 16:02:30,2025-04-23 16:02:34,20.882761001586918,20.882761001586918,1
20.529913906805056,24.75861358642578,20.500000000002665,0.2361958309358472,0.0,0.0,,20.810951568171703,24.538549423217773,21.02802455615069,22.03309132142472,20.848483768931953,21.31289158877413,20.69089122860063,21.726324862502203,20.746649996998,20.512199413231006,20.500000022204947,8998,2,188,5640.0,94.0,2025-04-23 16:03:00,2025-04-23 16:03:04,20.795413970947266,20.795413970947266,1
20.527723622130377,24.528430938720703,20.500000000002665,0.21726434579312917,0.0,0.0,,20.784757719129356,23.1287899,21.01033815573722,21.766940614917715,20.822107042084458,21.216541388279857,20.675185874102663,21.92585341714326,20.766909540021157,20.51698854412111,20.50000002420194,9019,1,189,5670.0,94.5,2025-04-23 16:03:30,2025-04-23 16:03:34,20.516307830810547,20.516307830810547,1
20.52626938049095,24.528430938720703,20.500000000002665,0.20554880220523256,0.0,0.0,,20.76047383997505,23.1287899,20.993705214187546,21.766912600873518,20.810520287746535,21.132295156493676,20.660349727723464,21.92589089506908,20.775612907119157,20.515719714257642,20.500000024678496,9019,1,190,5700.0,95.0,2025-04-23 16:04:00,2025-04-23 16:04:04,20.6394157409668,20.6394157409668,1
20.536543552945226,26.58621025085449,20.500000000002665,0.28409779879255365,0.0,0.0,,20.884106310610697,23.22405433654785,20.98027432181216,22.761327830652192,20.892157641954828,22.540790634456993,20.773550308533313,21.996365773750362,20.786709432792545,20.51586387121467,20.50000002296879,8996,2,191,5730.0,95.5,2025-04-23 16:04:30,2025-04-23 16:04:34,24.904638290405277,23.825894037882488,3
20.53657463111032,26.58621025085449,20.500000000002665,0.2808959258676953,0.0,0.0,,20.935823862264517,23.22405433654785,20.968474549214942,22.76141443573128,20.923135533330285,22.54089564587869,20.82069401224447,21.9963849433923,20.79258796495552,20.51488732881118,20.500000023523352,8996,2,192,5760.0,96.0,2025-04-23 16:05:00,2025-04-23 16:05:04,20.59365463256836,20.59365463256836,1
20.53629646213341,26.58621025085449,20.500000000002665,0.27779188312256375,0.0,0.0,,20.959978127195477,23.22405433654785,20.958113892273648,22.761448899830953,20.93962550036486,22.540936101901423,20.84588595065286,21.99639404980194,20.796508823028276,20.51398364678096,20.50000002458671,8996,2,193,5790.0,96.5,2025-04-23 16:05:30,2025-04-23 16:05:34,20.64891624450684,20.64891624450684,1
20.535922612931376,26.58621025085449,20.500000000002665,0.2751313950245072,0.0,0.0,,20.97399713548818,23.22405433654785,20.94901009901095,22.761467321805323,20.950041511775293,22.540956832542683,20.861579226552955,21.996399796266445,20.799461684097224,20.51314963739202,20.50000002512209,8996,2,194,5820.0,97.0,2025-04-23 16:06:00,2025-04-23 16:06:04,20.592205047607425,20.592205047607425,1
20.531718887171607,26.025473045345954,20.500000000002665,0.23794400035098495,0.0,0.0,,20.95656428583295,23.227344512939453,20.941051213963615,21.826505351578707,20.87400249996778,22.540969405033767,20.872459076773115,21.333223808809798,20.74400780436828,20.527210612023772,20.50000002829757,9048,0,195,5850.0,97.5,2025-04-23 16:06:30,2025-04-23 16:06:34,20.65660858154297,20.65660858154297,1
20.52999304322302,25.475891430844904,20.500000000002665,0.21861189401009262,0.0,0.0,,20.93735359270004,23.227344512939453,20.934040540906594,21.826424907582236,20.845744457790012,22.540977875984414,20.880580217422203,21.33311796417646,20.722707533472004,20.52489494499951,20.500000029445005,9048,0,196,5880.0,98.0,2025-04-23 16:07:00,2025-04-23 16:07:04,20.610782623291016,20.610782623291016,1
20.52777957971714,24.953070061731072,20.500000000002665,0.19709562478376577,0.0,0.0,,20.916996919220207,23.15261459350586,20.92669088006203,21.846645625334585,20.832857384789733,22.28529689274515,20.856671752593456,21.27575778090114,20.706805662528378,20.5227801021134,20.50000002964815,9048,0,197,5910.0,98.5,2025-04-23 16:07:30,2025-04-23 16:07:34,20.69996833801269,20.69996833801269,1
20.525785008017355,24.466103218908408,20.500000000002665,0.17860017791976404,0.0,0.0,,20.895970527536544,23.15261459350586,20.920145875956152,21.846631220591796,20.824511665038244,22.06555517102742,20.831694136716102,21.275731409959395,20.697789817858002,20.52085105338689,20.50000003072113,9048,0,198,5940.0,99.0,2025-04-23 16:08:00,2025-04-23 16:08:04,20.72348403930664,20.72348403930664,1
20.523609336459547,24.01972466227342,20.500000000002665,0.15957664596560195,0.0,0.0,,20.874666138767346,23.274858474731445,20.916253243383533,21.816106710328345,20.81598218370278,21.70288152876399,20.796890744994695,21.44293615054884,20.70614743701795,20.519095128289575,20.50000003157027,9048,0,199,5970.0,99.5,2025-04-23 16:08:30,2025-04-23 16:08:34,20.71970558166504,20.71970558166504,1
20.52239180198192,23.615443387262548,20.500000000002665,0.14884141941260304,0.0,0.0,,20.853400273411374,23.274858474731445,20.91289189542855,21.816097384520443,20.810574524515435,21.702847093200756,20.78196520284827,21.442954581068292,20.707260750129418,20.51749542435078,20.500000031396908,9048,0,200,6000.0,100.0,2025-04-23 16:09:00,2025-04-23 16:09:04,20.778827667236328,20.778827667236328,1
20.52113479475139,23.25257121578123,20.500000000002665,0.1384740328029218,0.0,0.0,,20.83242373709598,23.16687012,20.908247340053972,21.768339303098482,20.802349686893876,21.702833221894842,20.77378167834676,21.346883527606643,20.698245599980865,20.51603744631387,20.50000003150171,9048,0,201,6030.0,100.5,2025-04-23 16:09:30,2025-04-23 16:09:34,20.643674850463867,20.643674850463867,1
20.52014599709685,23.16687012,20.500000000002665,0.13079243302534876,0.0,0.0,,20.811930936112873,23.16687012,20.904055862278746,21.768330474880322,20.797521160664946,21.702825808137487,20.768582893074548,21.346867266707655,20.69387999356157,20.514708010512354,20.500000031698,9048,0,202,6060.0,101.0,2025-04-23 16:10:00,2025-04-23 16:10:04,20.58826065063477,20.58826065063477,1
20.51888303291309,23.02667808532715,20.500000000002665,0.12113088564384376,0.0,0.0,,20.792068655049906,23.02667808532715,20.898137946036385,21.635486481670476,20.782193000027032,21.70282116869399,20.764929171554723,21.26915747690849,20.68430067256736,20.513495659260094,20.500000031436628,9048,0,203,6090.0,101.5,2025-04-23 16:10:30,2025-04-23 16:10:34,20.466087341308597,20.466087341308597,1
20.518041837901094,23.02667808532715,20.500000000002665,0.1154610691981379,0.0,0.0,,20.772944037742892,23.02667808532715,20.892798041914702,21.635470222421663,20.77467066549585,21.70281798187773,20.76217965408738,21.269140745759387,20.67947391105288,20.512389436915655,20.50000003113913,9048,0,204,6120.0,102.0,2025-04-23 16:11:00,2025-04-23 16:11:04,20.51824951171875,20.51824951171875,1
20.516729942305897,23.062868118286133,20.500000000002665,0.10648052171379883,0.0,0.0,,20.75463164263927,23.062868118286133,20.888617864271165,21.632568972340323,20.769490998973392,21.55409927007552,20.74317465706316,21.018003753502704,20.65442988068482,20.51137816827783,20.500000031744825,9048,0,205,6150.0,102.5,2025-04-23 16:11:30,2025-04-23 16:11:34,20.4573974609375,20.4573974609375,1
20.515655762131757,23.062868118286133,20.500000000002665,0.09936751925485707,0.0,0.0,,20.73717954679831,23.062868118286133,20.884945917750034,21.63256349749524,20.76574848670655,21.42586691461209,20.724258438945434,21.017957992246735,20.643263163839055,20.51045303923436,20.500000031286213,9048,0,206,6180.0,103.0,2025-04-23 16:12:00,2025-04-23 16:12:04,20.47924041748047,20.47924041748047,1
20.514690927491646,23.062868118286133,20.500000000002665,0.09336996125788898,0.0,0.0,,20.72061454061046,23.062868118286133,20.88170609238197,21.632559627763854,20.762828468493456,21.314838071017675,20.705955219468933,21.01794023113352,20.636629388181394,20.509607580675823,20.50000003145209,9048,0,207,6210.0,103.5,2025-04-23 16:12:30,2025-04-23 16:12:34,20.5048942565918,20.5048942565918,1
20.51381936925947,23.062868118286133,20.500000000002665,0.08831905728403064,0.0,0.0,,20.704946493276765,23.062868118286133,20.87884104181157,21.632556683341992,20.760456834205133,21.218226085140923,20.688543828135778,21.017930504199818,20.63190533710318,20.50883542374743,20.50000003186153,9048,0,208,6240.0,104.0,2025-04-23 16:13:00,2025-04-23 16:13:04,20.511070251464844,20.511070251464844,1
20.513611430186238,23.09744453430176,20.500000000002665,0.09109624976539762,0.0,0.0,,20.690171985671416,23.09744453430176,20.876842018524524,21.855301706088117,20.778333176080203,21.133839936326776,20.67217184555704,21.104612399831563,20.63578470760804,20.508130848092936,20.50000003162647,9048,0,209,6270.0,104.5,2025-04-23 16:13:30,2025-04-23 16:13:34,20.498443603515625,20.498443603515625,1
20.512948060259816,23.09744453430176,20.500000000002665,0.0881033330284256,0.0,0.0,,20.676277310100595,23.09744453430176,20.875091400322276,21.855320911034692,20.784694863304356,21.059917104276707,20.656903925161025,21.104621644382757,20.635839730789606,20.507488994007165,20.500000031513572,9048,0,210,6300.0,105.0,2025-04-23 16:14:00,2025-04-23 16:14:04,20.488534927368164,20.488534927368164,1
20.512095089597704,23.18675994873047,20.500000000002665,0.08242414745488508,0.0,0.0,,20.663240931436164,23.18675994873047,20.8749302322653,21.75370606303875,20.778733234604058,20.995012708655462,20.642752291593965,21.09717450211344,20.634359964522968,20.506903950447164,20.50000003132188,9048,0,211,6330.0,105.5,2025-04-23 16:14:30,2025-04-23 16:14:34,20.60383415222168,20.60383415222168,1
20.51151156490967,23.18675994873047,20.500000000002665,0.08012558358339142,0.0,0.0,,20.651035495070833,23.18675994873047,20.874837731355544,21.753700139304307,20.776834418489837,20.937923997963257,20.62969624903087,21.09717254767559,20.63312996873486,20.506370143637827,20.500000031159985,9048,0,212,6360.0,106.0,2025-04-23 16:15:00,2025-04-23 16:15:04,20.651611328125,20.651611328125,1
20.511246021520016,23.176929473876957,20.500000000002665,0.08110905280625513,0.0,0.0,,20.639629456598787,23.176929473876957,20.87459991131142,21.814101724356874,20.781267089307043,20.887637474040307,20.617694819799244,21.30113712102091,20.649853646412758,20.50588378353794,20.500000031039605,9048,0,213,6390.0,106.5,2025-04-23 16:15:30,2025-04-23 16:15:34,20.54043197631836,20.54043197631836,1
20.51080043153588,23.176929473876957,20.500000000002665,0.07977545439087042,0.0,0.0,,20.62898839753862,23.176929473876957,20.874366497514114,21.814106603767694,20.782835022873012,20.843290820492076,20.606695025476604,21.301169438523427,20.656087623016912,20.505441861692294,20.500000030730412,9048,0,214,6420.0,107.0,2025-04-23 16:16:00,2025-04-23 16:16:04,20.56170082092285,20.56170082092285,1
20.510260671349116,23.18923568725586,20.500000000002665,0.07707306603268772,0.0,0.0,,20.61907608155409,23.18923568725586,20.87433231539512,21.777557321574932,20.780356895755325,20.804144736612596,20.596637361135436,21.23005095674555,20.65294984748494,20.505039392577956,20.50000003033381,9048,0,215,6450.0,107.5,2025-04-23 16:16:30,2025-04-23 16:16:34,20.628395080566406,20.628395080566406,1
20.50986920879012,23.18923568725586,20.500000000002665,0.07606054606060222,0.0,0.0,,20.609855296842255,23.18923568725586,20.87429394013948,21.777554879724214,20.77949809652843,20.769561561175045,20.5874594330952,21.23004421819392,20.652351309860286,20.50467196031459,20.5000000303795,9048,0,216,6480.0,108.0,2025-04-23 16:17:00,2025-04-23 16:17:04,20.6928825378418,20.6928825378418,1
20.5098504395504,23.34639549255371,20.500000000002665,0.07988810104938979,0.0,0.0,,20.60128852274388,23.34639549255371,20.876694951324602,21.870031764113385,20.787296079398818,20.73898866776784,20.579098376519287,21.399381721402005,20.667116116548385,20.50433723638817,20.500000030355906,9048,0,217,6510.0,108.5,2025-04-23 16:17:30,2025-04-23 16:17:34,20.70111846923828,20.70111846923828,1
20.509569609502673,23.34639549255371,20.500000000002665,0.07950513104056346,0.0,0.0,,20.593338452147414,23.34639549255371,20.878911510113735,21.870040135361105,20.79034691196126,20.711945298139835,20.5714924506172,21.399409608142413,20.67317980877888,20.50403356047583,20.500000029791416,9048,0,218,6540.0,109.0,2025-04-23 16:18:00,2025-04-23 16:18:04,20.692773818969727,20.692773818969727,1
20.509304417564046,23.34639549255371,20.500000000002665,0.07914248094466209,0.0,0.0,,20.585968395813808,23.34639549255371,20.88087550215293,21.870043597844504,20.792018647161687,20.68801193383265,20.56458207245185,21.399419665716604,20.676516174091134,20.503757596808068,20.50000002965814,9048,0,219,6570.0,109.5,2025-04-23 16:18:30,2025-04-23 16:18:34,20.7238826751709,20.7238826751709,1
20.5090598900259,23.34639549255371,20.500000000002665,0.07883467153219814,0.0,0.0,,20.57914259021816,23.34639549255371,20.882593368635728,21.870045516525884,20.793100175378807,20.666821585681905,20.558310463522556,21.3994247893105,20.678773549948318,20.503506447729002,20.500000029453734,9048,0,220,6600.0,110.0,2025-04-23 16:19:00,2025-04-23 16:19:04,20.737462997436523,20.737462997436523,1
20.511591706748526,23.37693214416504,20.500000000002665,0.09709773823558555,0.0,0.0,,20.57282642675223,23.37693214416504,20.884565771118147,21.898820017254938,20.796433846428847,21.681552955343356,20.640159671726767,21.43595471518729,20.683661147125314,20.503278627872998,20.500000029293574,9048,0,221,6630.0,110.5,2025-04-23 16:19:30,2025-04-23 16:19:34,20.72245216369629,20.72245216369629,1
20.511676494577642,23.37693214416504,20.500000000002665,0.09773795812195629,0.0,0.0,,20.566986617030715,23.37693214416504,20.88631060695816,21.898823624465216,20.798053516900566,21.68162995852966,20.674026507378244,21.435963168110586,20.68629459538283,20.503073899569106,20.500000029078606,9048,0,222,6660.0,111.0,2025-04-23 16:20:00,2025-04-23 16:20:04,20.730318069458008,20.730318069458008,1
20.511768785528822,23.39928436279297,20.500000000002665,0.09926074567256074,0.0,0.0,,20.56159130647323,23.39928436279297,20.888188264111317,21.934768658715917,20.802299870988016,21.681659626783137,20.691976667952602,21.45383902406438,20.689644928844363,20.502889866836664,20.500000028540533,9048,0,223,6690.0,111.5,2025-04-23 16:20:30,2025-04-23 16:20:34,20.629846572875977,20.629846572875977,1
20.511739217394254,23.39928436279297,20.500000000002665,0.0994649822913568,0.0,0.0,,20.556610146196142,23.39928436279297,20.889848951540667,21.934773218705818,20.804354793664118,21.681674821392342,20.703059045461448,21.45384452969797,20.691642484213148,20.5027238702126,20.50000002835572,9048,0,224,6720.0,112.0,2025-04-23 16:21:00,2025-04-23 16:21:04,20.694808959960938,20.694808959960938,1
20.511693574204568,23.39928436279297,20.500000000002665,0.09958398511821631,0.0,0.0,,20.55201433148325,23.39928436279297,20.891306710727882,21.93477548071755,20.805672773685508,21.681684018635003,20.710677044735604,21.453847462344633,20.693083949097616,20.502573738507525,20.500000028141173,9048,0,225,6750.0,112.5,2025-04-23 16:21:30,2025-04-23 16:21:34,20.608945846557617,20.608945846557617,1
20.511642551911496,23.39928436279297,20.500000000002665,0.09966310308873694,0.0,0.0,,20.547776613654875,23.39928436279297,20.89258399297974,21.93477691576574,20.806629440819556,21.681690194732592,20.71632128022902,21.453849467622828,20.69421882176769,20.50243773926448,20.500000027564838,9048,0,226,6780.0,113.0,2025-04-23 16:22:00,2025-04-23 16:22:04,20.57805633544922,20.57805633544922,1
20.510540559038308,23.21782875061035,20.500000000002665,0.08867009794051463,0.0,0.0,,20.543871290963896,23.21782875061035,20.89087715578324,21.768837610911273,20.79258357857173,21.53337032573418,20.703037778730813,21.068168206663323,20.66152833591637,20.502311452956345,20.500000027406763,9048,0,227,6810.0,113.5,2025-04-23 16:22:30,2025-04-23 16:22:34,20.44714736938477,20.44714736938477,1
20.510045696166564,23.21782875061035,20.500000000002665,0.08497797740883377,0.0,0.0,,20.54027418315913,23.21782875061035,20.889237231934178,21.76882267611291,20.78720032558511,21.405964285776523,20.689046283999165,21.068105980211,20.64879323335314,20.502192266461382,20.50000002673871,9048,0,228,6840.0,114.0,2025-04-23 16:23:00,2025-04-23 16:23:04,20.48027801513672,20.48027801513672,1
20.509793120944966,23.13107681274414,20.500000000002665,0.08388314196713664,0.0,0.0,,20.536962593536224,23.13107681274414,20.88641193802136,21.817918176104396,20.78870562610754,21.296005540587384,20.67500640965973,21.182047629756646,20.652103961575456,20.502081436019175,20.500000025340654,9048,0,229,6870.0,114.5,2025-04-23 16:23:30,2025-04-23 16:23:34,20.55768585205078,20.55768585205078,1
20.509433965282636,23.13107681274414,20.500000000002665,0.08170714840911827,0.0,0.0,,20.53391526160915,23.13107681274414,20.883860488942496,21.81791960371975,20.78866683914678,21.200588866667456,20.66130082591631,21.182056117212376,20.651789135665876,20.501979816571918,20.500000024841235,9048,0,230,6900.0,115.0,2025-04-23 16:24:00,2025-04-23 16:24:04,20.447572708129883,20.447572708129883,1
20.50919113986919,23.103809356689453,20.500000000002665,0.08143448833515582,0.0,0.0,,20.531112308962058,23.103809356689453,20.881183180537683,21.8679568255942,20.792862089868283,21.11744649812106,20.648160266106256,21.127688364637763,20.646020761572167,20.501886353510766,20.500000024854955,9048,0,231,6930.0,115.5,2025-04-23 16:24:30,2025-04-23 16:24:34,20.515361785888672,20.515361785888672,1
20.5088993915222,23.103809356689453,20.500000000002665,0.08008586535522846,0.0,0.0,,20.5285351803592,23.103809356689453,20.878813658397696,21.867961250784184,20.794385516948797,21.04476646649298,20.635717253395,21.12767810838829,20.643054107359887,20.501800041357395,20.50000002460622,9048,0,232,6960.0,116.0,2025-04-23 16:25:00,2025-04-23 16:25:04,20.55940055847168,20.55940055847168,1
20.50877719491374,23.240137100219727,20.500000000002665,0.08088544771677847,0.0,0.0,,20.526166581799355,23.240137100219727,20.87885547191331,21.89876786149911,20.797888925526937,20.98107246588302,20.624040253567788,21.223016050024206,20.64939267333998,20.501720800497786,20.50000002405594,9048,0,233,6990.0,116.5,2025-04-23 16:25:30,2025-04-23 16:25:34,20.52180290222168,20.52180290222168,1
20.508556634170567,23.240137100219727,20.500000000002665,0.08014491981553368,0.0,0.0,,20.52399041688496,23.240137100219727,20.87899931408314,21.898771613635155,20.799444110922618,20.925142333463292,20.61315573153185,21.223028906415266,20.651235162792926,20.50164872407587,20.50000002372566,9048,0,234,7020.0,117.0,2025-04-23 16:26:00,2025-04-23 16:26:04,20.522565841674805,20.522565841674805,1
20.5088385438019,23.150089263916016,20.500000000002665,0.08542107763540982,0.0,0.0,,20.521991722619564,23.150089263916016,20.877749541834657,22.00603885882597,20.809916966081797,20.875951225194203,20.60306262272168,21.63999754454893,20.688174236200492,20.501584500676227,20.500000023504228,9048,0,235,7050.0,117.5,2025-04-23 16:26:30,2025-04-23 16:26:34,20.61969947814941,20.61969947814941,1
20.508709132361773,23.150089263916016,20.500000000002665,0.08522770229923542,0.0,0.0,,20.520156605525212,23.150089263916016,20.876584959564823,22.006050027026966,20.814399559825343,20.832630913150634,20.59374197214009,21.64006726259303,20.702983696962697,20.501529435529303,20.500000023409847,9048,0,236,7080.0,118.0,2025-04-23 16:27:00,2025-04-23 16:27:04,20.634531021118164,20.634531021118164,1
20.50855260119953,23.27726554870605,20.500000000002665,0.0844962697495324,0.0,0.0,,20.51847217878263,23.27726554870605,20.87752154565055,21.965084015243658,20.813374408544867,20.79443984393007,20.585163442433533,21.74826392776495,20.720343814361023,20.501481348683704,20.50000002267067,9048,0,237,7110.0,118.5,2025-04-23 16:27:30,2025-04-23 16:27:34,20.661027908325195,20.661027908325195,1
20.508429565568633,23.27726554870605,20.500000000002665,0.0843127182232769,0.0,0.0,,20.516926500935234,23.27726554870605,20.878433992785183,21.965083028714098,20.813683769400317,20.760740550721778,20.577289757732693,21.74829391126197,20.729394746046385,20.501439022889976,20.500000022164713,9048,0,238,7140.0,119.0,2025-04-23 16:28:00,2025-04-23 16:28:04,20.68510055541992,20.68510055541992,1
20.508159648666346,23.32497978210449,20.500000000002665,0.08178077401175832,0.0,0.0,,20.51550851655344,23.32497978210449,20.87999814529548,21.893587605142287,20.807803567958064,20.73098221384214,20.570079762644742,21.76317573183851,20.736658777198272,20.50140113214941,20.50000002183124,9048,0,239,7170.0,119.5,2025-04-23 16:28:30,2025-04-23 16:28:34,20.6698055267334,20.6698055267334,1
20.50804419471882,23.32497978210449,20.500000000002665,0.08159077468788836,0.0,0.0,,20.514207999125823,23.32497978210449,20.881408358776245,21.893581339528865,20.805709178150387,20.704686914777746,20.563490536457792,21.763186915239196,20.74164658669473,20.50136681859299,20.500000021452152,9048,0,240,7200.0,120.0,2025-04-23 16:29:00,2025-04-23 16:29:04,20.719655990600582,20.719655990600582,1
20.51026309058409,23.326440811157227,20.500000000002665,0.09613130002951119,0.0,0.0,,20.513015496346505,23.326440811157227,20.882673301564083,21.925601778496734,20.807549539299913,21.632589304195367,20.638288249435377,21.40287706096662,20.71406735650813,20.501335106247904,20.500000020821787,9048,0,241,7230.0,120.5,2025-04-23 16:29:30,2025-04-23 16:29:34,20.70183563232422,20.70183563232422,1
20.510416891116545,23.326440811157227,20.500000000002665,0.09668616477964682,0.0,0.0,,20.511922277910983,23.326440811157227,20.883781001645232,21.925603638564603,20.808130344144097,21.632659426574964,20.66925901735947,21.402823116413412,20.704533249512014,20.501305413719997,20.50000002007758,9048,0,242,7260.0,121.0,2025-04-23 16:30:00,2025-04-23 16:30:04,20.70954322814941,20.70954322814941,1
20.510340149119656,23.33394432067871,20.500000000002665,0.09503001757672891,0.0,0.0,,20.5109202858936,23.33394432067871,20.884865800860617,21.855170076593158,20.80214466131739,21.64597672938681,20.68683368643322,21.365514065993388,20.69703130172294,20.50127857768034,20.500000019327743,9048,0,243,7290.0,121.5,2025-04-23 16:30:30,2025-04-23 16:30:34,20.678232192993164,20.678232192993164,1
20.5103696609161,23.33394432067871,20.500000000002665,0.09514105743676964,0.0,0.0,,20.510002087735586,23.33394432067871,20.885820330891544,21.855163684018116,20.799793460648072,21.645991605739116,20.697496530317604,21.36550095596863,20.693309656111545,20.50125404667979,20.50000001864071,9048,0,244,7320.0,122.0,2025-04-23 16:31:00,2025-04-23 16:31:04,20.685178756713867,20.685178756713867,1
20.510119659756963,23.18944549560547,20.500000000002665,0.09207390576139635,0.0,0.0,,20.50916083183195,23.18944549560547,20.884406997755562,21.778065791510638,20.79163296075308,21.646000392237887,20.704777485373832,21.243051310731797,20.680309584256065,20.50123121844328,20.500000017685956,9048,0,245,7350.0,122.5,2025-04-23 16:31:30,2025-04-23 16:31:34,20.56319808959961,20.56319808959961,1
20.510101296835916,23.18944549560547,20.500000000002665,0.09198649199101004,0.0,0.0,,20.50839020567172,23.18944549560547,20.883053598107875,21.77805703032715,20.788018830015684,21.646006235882794,20.710157202357728,21.243027553032945,20.674350904801233,20.501209189913972,20.500000017210358,9048,0,246,7380.0,123.0,2025-04-23 16:32:00,2025-04-23 16:32:04,20.47732353210449,20.47732353210449,1
20.5102622647001,23.081130981445312,20.500000000002665,0.09321118915855717,0.0,0.0,,20.507684396466498,23.081130981445312,20.88015096698707,21.790652864984185,20.786983551249588,21.64601041301645,20.71434595457683,21.50896586121908,20.693936884206437,20.501189344652026,20.500000016562687,9048,0,247,7410.0,123.5,2025-04-23 16:32:30,2025-04-23 16:32:34,20.452747344970703,20.452747344970703,1
20.51027684059898,23.081130981445312,20.500000000002665,0.09326263796716099,0.0,0.0,,20.507038054192545,23.081130981445312,20.877515751965355,21.790651662339656,20.78595346683436,21.646013541119924,20.717720437182276,21.50900418518519,20.70068198197814,20.501173055277288,20.500000015759,9048,0,248,7440.0,124.0,2025-04-23 16:33:00,2025-04-23 16:33:04,20.467090606689453,20.467090606689453,1
20.509481676250783,23.00548744,20.500000000002665,0.08621435652714987,0.0,0.0,,20.506446256961482,23.00548744,20.87400674334826,21.76942270321426,20.783211536019884,21.50269315713192,20.70376651269541,20.916060083710896,20.652018250821868,20.501155571859673,20.50000001536166,9048,0,249,7470.0,124.5,2025-04-23 16:33:30,2025-04-23 16:33:34,20.373201370239254,20.373201370239254,1
20.50906378610995,23.00548744,20.500000000002665,0.08273888215694432,0.0,0.0,,20.505904478625624,23.00548744,20.870868443675818,21.76941977578525,20.78174857649056,21.379461971324677,20.68929316120557,20.915967351556468,20.632994005079897,20.501134094531054,20.500000014623794,9048,0,250,7500.0,125.0,2025-04-23 16:34:00,2025-04-23 16:34:04,20.356285095214844,20.356285095214844,1
20.50804407943651,22.908491134643555,20.500000000002665,0.07082315220627544,0.0,0.0,,20.50540855851734,22.908491134643555,20.86659234215671,21.489105269515452,20.75575873933034,21.273019663052168,20.674906894678504,20.93808020771128,20.6249395521248,20.501111003333772,20.50000001431255,9048,0,251,7530.0,125.5,2025-04-23 16:34:30,2025-04-23 16:34:34,20.415699005126957,20.415699005126957,1
20.50767271426346,22.908491134643555,20.500000000002665,0.06797733264611246,0.0,0.0,,20.50495467322705,22.908491134643555,20.86276421249648,21.48907765663245,20.744882767465526,21.180590776656647,20.660954887526135,20.93806857636504,20.61915492031441,20.50108717236148,20.500000013766734,9048,0,252,7560.0,126.0,2025-04-23 16:35:00,2025-04-23 16:35:04,20.355710983276367,20.355710983276367,1
20.507349620463703,22.94233512878418,20.500000000002665,0.06528016169067823,0.0,0.0,,20.50453931033129,22.94233512878418,20.859914123730203,21.458666700618416,20.735870004337382,21.100004508181126,20.647642445809556,21.0424682588364,20.623789049300452,20.501063602517057,20.500000013163387,9048,0,253,7590.0,126.5,2025-04-23 16:35:30,2025-04-23 16:35:34,20.446369171142575,20.446369171142575,1
20.50707867034027,22.94233512878418,20.500000000002665,0.0635272861003492,0.0,0.0,,20.50415924398637,22.94233512878418,20.857435914294385,21.458656923733976,20.7305053222245,21.02952316434944,20.635083517161544,21.04247915092051,20.623861133997412,20.50104122827594,20.500000012837408,9048,0,254,7620.0,127.0,2025-04-23 16:36:00,2025-04-23 16:36:04,20.447311401367188,20.447311401367188,1
20.50713163565465,23.032974243164062,20.500000000002665,0.06610013188075753,0.0,0.0,,20.50381151230005,23.032974243164062,20.856677879237637,21.55757453157971,20.735550933400983,20.967728608104835,20.623332766524218,21.129206883870246,20.63045150199727,20.501020246371734,20.500000012513837,9048,0,255,7650.0,127.5,2025-04-23 16:36:30,2025-04-23 16:36:34,20.48365592956543,20.48365592956543,1
20.506946332848955,23.032974243164062,20.500000000002665,0.06522625998083764,0.0,0.0,,20.503493396387462,23.032974243164062,20.856081372305752,21.55757986180616,20.736249228871493,20.913445112468548,20.612406261866266,21.12922018841234,20.632365429864038,20.501001229347878,20.50000001218504,9048,0,256,7680.0,128.0,2025-04-23 16:37:00,2025-04-23 16:37:04,20.554689407348636,20.554689407348636,1
20.50677239731747,23.032974243164062,20.500000000002665,0.06448558337728881,0.0,0.0,,20.503202401013255,23.032974243164062,20.855570365846877,21.557580793409276,20.735970480753792,20.865685510094558,20.602295019855493,21.12922390382182,20.632948593635092,20.500983731257037,20.500000011741903,9048,0,257,7710.0,128.5,2025-04-23 16:37:30,2025-04-23 16:37:34,20.56748580932617,20.56748580932617,1
20.506613549383193,23.032974243164062,20.500000000002665,0.06388175077947543,0.0,0.0,,20.502936236725546,23.032974243164062,20.855117929141663,21.557580662411205,20.73542168260652,20.8236125609576,20.592974004923118,21.12922514853905,20.63310967004112,20.500967412287427,20.50000001139847,9048,0,258,7740.0,129.0,2025-04-23 16:38:00,2025-04-23 16:38:04,20.558406829833984,20.558406829833984,1
20.50735430060198,23.10226249694824,20.500000000002665,0.07534457442317002,0.0,0.0,,20.502692803390534,23.10226249694824,20.855791677121633,21.796329462677758,20.756090077997452,20.786510486567234,20.584408184647074,21.668562072663907,20.68013227704384,20.500954234384253,20.500000011143648,9048,0,259,7770.0,129.5,2025-04-23 16:38:30,2025-04-23 16:38:34,20.578554153442383,20.578554153442383,1
20.50732185386739,23.10226249694824,20.500000000002665,0.07554780491853486,0.0,0.0,,20.502470175035146,23.10226249694824,20.856428224177787,21.796351582580158,20.764106119043003,20.75376345859393,20.576556646364693,21.66865101309893,20.698973077443846,20.500947082304933,20.5000000107254,9048,0,260,7800.0,130.0,2025-04-23 16:39:00,2025-04-23 16:39:04,20.61397933959961,20.61397933959961,1
20.50709369850239,23.16314125061035,20.500000000002665,0.07410661669210099,0.0,0.0,,20.50226658589991,23.16314125061035,20.85794058130975,21.81369090856181,20.76994786464266,20.724838962197857,20.56937541490899,21.294196593457123,20.676428551997436,20.500941909571406,20.500000010398328,9048,0,261,7830.0,130.5,2025-04-23 16:39:30,2025-04-23 16:39:34,20.612062454223636,20.612062454223636,1
20.507000672516178,23.16314125061035,20.500000000002665,0.07395468585289494,0.0,0.0,,20.502080417596403,23.16314125061035,20.859310423991996,21.813697464120498,20.773283457724244,20.699274661118885,20.562819385813953,21.294150511137104,20.6700228833422,20.500935372532744,20.50000001005721,9048,0,262,7860.0,131.0,2025-04-23 16:40:00,2025-04-23 16:40:04,20.646318435668945,20.646318435668945,1
20.506921563233725,23.16314125061035,20.500000000002665,0.07386129515601322,0.0,0.0,,20.501910187265644,23.16314125061035,20.860517765270213,21.813701277411873,20.77552004669952,20.67666783932808,20.55684364703965,21.294138705605793,20.66797789691111,20.500928439203477,20.500000009761763,9048,0,263,7890.0,131.5,2025-04-23 16:40:30,2025-04-23 16:40:34,20.74180603027344,20.74180603027344,1
20.506850981217223,23.16314125061035,20.500000000002665,0.07379335607269667,0.0,0.0,,20.501754536646303,23.16314125061035,20.86157319609106,21.813703841003353,20.77715326443128,20.656666782276435,20.551404372412524,21.29413512870307,20.667234250661508,20.500921719499324,20.500000009307072,9048,0,264,7920.0,132.0,2025-04-23 16:41:00,2025-04-23 16:41:04,20.76454734802246,20.76454734802246,1
20.50708039837851,23.211204528808597,20.500000000002665,0.07800902641727765,0.0,0.0,,20.501612221977812,23.211204528808597,20.863242680395807,21.905348627783034,20.786579473682565,20.638963649527888,20.546459411890503,21.41698700744647,20.677636363139673,20.500915916217096,20.50000000879733,9048,0,265,7950.0,132.5,2025-04-23 16:41:30,2025-04-23 16:41:34,20.7019157409668,20.7019157409668,1
20.507053107305886,23.211204528808597,20.500000000002665,0.07815015134177686,0.0,0.0,,20.501482104674345,23.211204528808597,20.864741006710336,21.90535871991652,20.79089089969948,20.623288516415357,20.54196866555772,21.41700663346038,20.681799113333774,20.500911846556537,20.500000008394856,9048,0,266,7980.0,133.0,2025-04-23 16:42:00,2025-04-23 16:42:04,20.6527156829834,20.6527156829834,1
20.510173662393232,23.19908142089844,20.500000000002665,0.10015789013939537,0.0,0.0,,20.501363142711437,23.19908142089844,20.8658736770925,21.84670583433139,20.788349534664302,21.902148472010737,20.647565078379685,21.35189609030432,20.67837136766269,20.500909439886065,20.500000008144937,9048,0,267,8010.0,133.5,2025-04-23 16:42:30,2025-04-23 16:42:34,20.752830505371094,20.752830505371094,1
20.51044982660613,23.19908142089844,20.500000000002665,0.10111233979328905,0.0,0.0,,20.501254382668268,23.19908142089844,20.866858191544523,21.84670321796306,20.7881545197261,21.902247307817248,20.692016564209222,21.351888732448405,20.67760338441141,20.500910005238328,20.500000007847284,9048,0,268,8040.0,134.0,2025-04-23 16:43:00,2025-04-23 16:43:04,20.63308334350586,20.63308334350586,1
20.510696499996826,23.26160049438477,20.500000000002665,0.10280960819799705,0.0,0.0,,20.50115495237447,23.26160049438477,20.868692502517153,21.884670223858638,20.79182236038592,21.902285855060903,20.716020125383785,21.344669411869546,20.67689121435225,20.500913025776967,20.500000007442118,9048,0,269,8070.0,134.5,2025-04-23 16:43:30,2025-04-23 16:43:34,20.64823341369629,20.64823341369629,1
20.510805504848612,23.26160049438477,20.500000000002665,0.10316519354560866,0.0,0.0,,20.50106405411932,23.26160049438477,20.870350163968215,21.884674058174344,20.793586025506343,21.90230585445406,20.73111233357757,21.344667927056445,20.67673452091047,20.500917405826,20.500000007220798,9048,0,270,8100.0,135.0,2025-04-23 16:44:00,2025-04-23 16:44:04,20.5420036315918,20.5420036315918,1
20.510037575719927,23.156408309936523,20.500000000002665,0.09437931281285576,0.0,0.0,,20.500980958386965,23.156408309936523,20.87017929206467,21.579498731706636,20.767564019142387,21.902318109872116,20.74165243313005,21.15001648559024,20.65976883105726,20.50092167981955,20.50000000704991,9048,0,271,8130.0,135.5,2025-04-23 16:44:30,2025-04-23 16:44:34,20.542978286743164,20.542978286743164,1
20.510018691441473,23.156408309936523,20.500000000002665,0.0942091911687483,0.0,0.0,,20.50090499808461,23.156408309936523,20.869950612032373,21.57947104421286,20.757450850131022,21.902326429860164,20.74956080930284,21.149984373349998,20.65299970894716,20.500923897162817,20.50000000685006,9048,0,272,8160.0,136.0,2025-04-23 16:45:00,2025-04-23 16:45:04,20.52670669555664,20.52670669555664,1
20.509387762828727,23.083187103271484,20.500000000002665,0.08682931190132522,0.0,0.0,,20.50083556323073,23.083187103271484,20.868590265841167,21.54159159005614,20.748598998620484,21.726028986880483,20.73468695438444,21.078390488995034,20.643150767830765,20.50092286815726,20.50000000661084,9048,0,273,8190.0,136.5,2025-04-23 16:45:30,2025-04-23 16:45:34,20.50859260559082,20.50859260559082,1
20.508937140322434,23.083187103271484,20.500000000002665,0.08181769648441517,0.0,0.0,,20.50077209607473,23.083187103271484,20.867337619023516,21.541581864391386,20.743731300530776,21.574644562954358,20.718850835334614,21.078373149693128,20.638255801152333,20.50091989714512,20.500000006378066,9048,0,274,8220.0,137.0,2025-04-23 16:46:00,2025-04-23 16:46:04,20.34324836730957,20.34324836730957,1
20.50810073724939,22.91340446472168,20.500000000002665,0.07247722232435785,0.0,0.0,,20.5007140866209,22.91340446472168,20.863582931500538,21.366358222919754,20.724879381064714,21.444032296820303,20.702855154124354,21.066381702448894,20.634082028939734,20.50091557360648,20.5000000060029,9048,0,275,8250.0,137.5,2025-04-23 16:46:30,2025-04-23 16:46:34,20.468955993652344,20.468955993652344,1
20.5077080197748,22.91340446472168,20.500000000002665,0.06867571842789681,0.0,0.0,,20.50066106852084,22.91340446472168,20.86015737031009,21.366338033207708,20.716197730003923,21.330725265346633,20.687169623060587,21.066375115525556,20.631356276558314,20.500909774285315,20.500000005939867,9048,0,276,8280.0,138.0,2025-04-23 16:47:00,2025-04-23 16:47:04,20.528949737548828,20.528949737548828,1
20.507997343172928,23.08999824523925,20.500000000002665,0.07343609104779465,0.0,0.0,,20.50061261529579,23.08999824523925,20.859872736189953,21.59067674734077,20.730806183573282,21.23201872507707,20.67208070018018,21.204303575054354,20.641335448585775,20.500903483783798,20.500000005729532,9048,0,277,8310.0,138.5,2025-04-23 16:47:30,2025-04-23 16:47:34,20.572689056396484,20.572689056396484,1
20.507757641039614,23.08999824523925,20.500000000002665,0.0715693221073482,0.0,0.0,,20.500568336857175,23.08999824523925,20.859758954444256,21.590692088601127,20.73507267361067,21.145752692386573,20.65775607243227,21.204323396199065,20.64453623512185,20.500898308807823,20.500000005553435,9048,0,278,8340.0,139.0,2025-04-23 16:48:00,2025-04-23 16:48:04,20.51546287536621,20.51546287536621,1
20.507337138422063,23.075817108154297,20.500000000002665,0.06748124599781487,0.0,0.0,,20.500527876302836,23.075817108154297,20.859476471927227,21.521067037041135,20.730501667732057,21.07016818325941,20.64428568615776,21.163076483610748,20.642204955764793,20.500893578941188,20.500000005236963,9048,0,279,8370.0,139.5,2025-04-23 16:48:30,2025-04-23 16:48:34,20.53992080688477,20.53992080688477,1
20.507107449594848,23.075817108154297,20.500000000002665,0.06603929046582131,0.0,0.0,,20.50049090697135,23.075817108154297,20.85922571254234,21.52106237649476,20.72867311419166,21.003809683122217,20.63170827892025,21.163071872944403,20.641385928293683,20.500888486875137,20.500000004983733,9048,0,280,8400.0,140.0,2025-04-23 16:49:00,2025-04-23 16:49:04,20.70486068725586,20.70486068725586,1
20.50736842059589,23.22740173339844,20.500000000002665,0.07110654199732265,0.0,0.0,,20.500457129746515,23.22740173339844,20.861362424178054,21.652950138036825,20.739284355238585,20.945457180127885,20.620028815293697,21.39801040114254,20.661459373371535,20.500884047783117,20.500000004763045,9048,0,281,8430.0,140.5,2025-04-23 16:49:30,2025-04-23 16:49:34,20.679662704467773,20.679662704467773,1
20.507238184099137,23.22740173339844,20.500000000002665,0.07057990337900714,0.0,0.0,,20.500426270621077,23.22740173339844,20.86335139514441,21.652961499367965,20.743183797410197,20.894077496672832,20.609230123885524,21.398048513910698,20.669418664844343,20.500881844375037,20.50000000462026,9048,0,282,8460.0,141.0,2025-04-23 16:50:00,2025-04-23 16:50:04,20.598262786865234,20.598262786865234,1
20.506941841802387,23.112348556518555,20.500000000002665,0.06755632956987119,0.0,0.0,,20.500398078529948,23.112348556518555,20.863330621440078,21.59691747033311,20.740175654414784,20.84878850092837,20.59928077408758,21.362914361027414,20.67057575137278,20.50088066392388,20.500000004460603,9048,0,283,8490.0,141.5,2025-04-23 16:50:30,2025-04-23 16:50:34,20.63899803161621,20.63899803161621,1
20.506801466528955,23.112348556518555,20.500000000002665,0.06700240430845172,0.0,0.0,,20.500372323440498,23.112348556518555,20.863224065017032,21.596914489182698,20.739350673645944,20.808832118671535,20.590140471078858,21.3629150963829,20.672128253847575,20.500879426410314,20.50000000424751,9048,0,284,8520.0,142.0,2025-04-23 16:51:00,2025-04-23 16:51:04,20.606380462646484,20.606380462646484,1
20.50650907543306,23.12596321105957,20.500000000002665,0.06431317230640725,0.0,0.0,,20.500348794663765,23.12596321105957,20.8633159815316,21.541804807642976,20.734099656622625,20.77355350518909,20.581763783726007,21.294851028219025,20.667603857359722,20.500877701530086,20.500000004116046,9048,0,285,8550.0,142.5,2025-04-23 16:51:30,2025-04-23 16:51:34,20.62652587890625,20.62652587890625,1
20.50638180114969,23.12596321105957,20.500000000002665,0.06388262415040086,0.0,0.0,,20.50032729934853,23.12596321105957,20.863399791586616,21.54179930335749,20.731932470563738,20.742384635342408,20.574102733361947,21.294841801416915,20.66641253563906,20.500875089138997,20.50000000393856,9048,0,286,8580.0,143.0,2025-04-23 16:52:00,2025-04-23 16:52:04,20.62162208557129,20.62162208557129,1
20.506298047216816,23.148168563842773,20.500000000002665,0.06396003057304372,0.0,0.0,,20.50030766112185,23.148168563842773,20.863820630302055,21.54884306634492,20.7313296599761,20.71483113886212,20.56710859180898,21.305602239524006,20.667063594676232,20.500871999754732,20.500000003787825,9048,0,287,8610.0,143.5,2025-04-23 16:52:30,2025-04-23 16:52:34,20.602481842041016,20.602481842041016,1
20.50620501909664,23.148168563842773,20.500000000002665,0.06374877500414652,0.0,0.0,,20.500289718833585,23.148168563842773,20.864208259871802,21.548842436644403,20.73076544518438,20.690461574124065,20.560733122748005,21.305603410722803,20.667416158296255,20.500868771436238,20.500000003620915,9048,0,288,8640.0,144.0,2025-04-23 16:53:00,2025-04-23 16:53:04,20.603715896606445,20.603715896606445,1
20.50611889899331,23.11608123779297,20.500000000002665,0.06348475443765111,0.0,0.0,,20.500273325366532,23.11608123779297,20.864053772162524,21.54963853387388,20.730383238149365,20.668898573366373,20.554929426634494,21.303714228972375,20.667508841041823,20.50086547308315,20.50000000352921,9048,0,289,8670.0,144.5,2025-04-23 16:53:30,2025-04-23 16:53:34,20.528125762939453,20.528125762939453,1
20.506042961907344,23.11608123779297,20.500000000002665,0.06333920679727749,0.0,0.0,,20.500258346491474,23.11608123779297,20.863894467767288,21.549638161344838,20.730045559127813,20.64981145205538,20.54965250072018,21.30371423100489,20.667653939604037,20.500862111092786,20.500000003321155,9048,0,290,8700.0,145.0,2025-04-23 16:54:00,2025-04-23 16:54:04,20.59306907653809,20.59306907653809,1
20.505974786266005,23.11608123779297,20.500000000002665,0.06322422069798089,0.0,0.0,,20.50024465977086,23.11608123779297,20.86374868852965,21.549637837844596,20.729759337635016,20.632909983570123,20.544859593136312,21.303714367828228,20.66779778085608,20.500858712793185,20.500000003232493,9048,0,291,8730.0,145.5,2025-04-23 16:54:30,2025-04-23 16:54:34,20.52384757995605,20.52384757995605,1
20.50591355014486,23.11608123779297,20.500000000002665,0.06313339624527636,0.0,0.0,,20.500232153524877,23.11608123779297,20.86361994131005,21.549637569348423,20.729516131460016,20.617939115437192,20.540510407736242,21.303714519640337,20.66792782000489,20.500855305942213,20.500000003083528,9048,0,292,8760.0,146.0,2025-04-23 16:55:00,2025-04-23 16:55:04,20.548315048217773,20.548315048217773,1
20.50565837064422,23.08840751647949,20.500000000002665,0.060270604740908444,0.0,0.0,,20.500220725872108,23.08840751647949,20.863075625805724,21.486697137036046,20.723692228256855,20.604674456307787,20.53656720092214,21.220435864978196,20.66077382730851,20.500851568958247,20.50000000294166,9048,0,293,8790.0,146.5,2025-04-23 16:55:30,2025-04-23 16:55:34,20.57383155822754,20.57383155822754,1
20.505588446322466,23.08840751647949,20.500000000002665,0.06008763806767948,0.0,0.0,,20.5002102838477,23.08840751647949,20.862578114813893,21.48669100655703,20.721248215874827,20.592918400960947,20.532994800738805,21.220422325865037,20.657962059306005,20.500846997226343,20.500000002812065,9048,0,294,8820.0,147.0,2025-04-23 16:56:00,2025-04-23 16:56:04,20.711254119873047,20.711254119873047,1
20.506320612677314,23.11880874633789,20.500000000002665,0.07206291321304217,0.0,0.0,,20.50020074259559,23.11880874633789,20.86261132273593,21.804423576384316,20.74816880761319,20.58249678853829,20.529760570656084,21.27841637303866,20.66154251143328,20.500842422263133,20.50000000259208,9048,0,295,8850.0,147.5,2025-04-23 16:56:30,2025-04-23 16:56:34,20.59756088256836,20.59756088256836,1
20.506338348480487,23.11880874633789,20.500000000002665,0.07240889125676774,0.0,0.0,,20.50019202462982,23.11880874633789,20.86266276688509,21.804452049908566,20.75862621991664,20.57325601005523,20.52683433473129,21.278423592695038,20.662598267904244,20.500839150233933,20.500000002499657,9048,0,296,8880.0,148.0,2025-04-23 16:57:00,2025-04-23 16:57:04,20.614057540893555,20.614057540893555,1
20.506334266018907,23.11880874633789,20.500000000002665,0.07256189385100391,0.0,0.0,,20.500184059161988,23.11880874633789,20.862714332104243,21.804463662691965,20.764333593969063,20.565060497063115,20.524188276616094,21.278425500772325,20.662969669438695,20.50083688357095,20.500000002411443,9048,0,297,8910.0,148.5,2025-04-23 16:57:30,2025-04-23 16:57:34,20.623537063598636,20.623537063598636,1
20.506322979591577,23.11880874633789,20.500000000002665,0.0726465923477646,0.0,0.0,,20.500176781490136,23.11880874633789,20.862760905542935,21.804470010135592,20.768016260658197,20.557790535553146,20.521796821719896,21.27842612305303,20.663131320210525,20.500835165663997,20.500000002325244,9048,0,298,8940.0,149.0,2025-04-23 16:58:00,2025-04-23 16:58:04,20.634462356567383,20.634462356567383,1
20.50588476461497,23.096874237060547,20.500000000002665,0.0656881915554493,0.0,0.0,,20.500170132445778,23.096874237060547,20.86245918486514,21.60397414535004,20.75274556160573,20.5513403587676,20.51963650947259,21.36884858661852,20.671109986278275,20.50083399724264,20.50000000219255,9048,0,299,8970.0,149.5,2025-04-23 16:58:30,2025-04-23 16:58:34,20.57575798034668,20.57575798034668,1
20.505840330876115,23.096874237060547,20.500000000002665,0.06549945540901907,0.0,0.0,,20.500164057897035,23.096874237060547,20.862177449101367,21.60395808277446,20.747515212348826,20.54561648018856,20.517685860835446,21.368863560787666,20.674326095063044,20.500833205844163,20.50000000212978,9048,0,300,9000.0,150.0,2025-04-23 16:59:00,2025-04-23 16:59:04,20.56987762451172,20.56987762451172,1
20.5056441156276,23.090408325195312,20.500000000002665,0.06316513073986393,0.0,0.0,,20.500158508307155,23.090408325195312,20.861824476504417,21.55679283594202,20.74081852368438,20.540536234092283,20.515925244845754,21.27781424293506,20.668120369604832,20.500832059271453,20.50000000203387,9048,0,301,9030.0,150.5,2025-04-23 16:59:30,2025-04-23 16:59:34,20.537113189697266,20.537113189697266,1
20.505601957948357,23.090408325195312,20.500000000002665,0.0630195717067828,0.0,0.0,,20.5001534383439,23.090408325195312,20.861508807821973,21.55678556737444,20.73771918602643,20.53602649603283,20.514336746940828,21.2778019597665,20.666102953053816,20.500830007281586,20.500000001933714,9048,0,302,9060.0,151.0,2025-04-23 17:00:00,2025-04-23 17:00:04,20.565895080566406,20.565895080566406,1
20.505571019768258,23.090408325195312,20.500000000002665,0.06294403453136341,0.0,0.0,,20.500148806531453,23.090408325195312,20.861230452181026,21.55678207900962,20.73588564715928,20.532022559707013,20.512904041012987,21.27779839808283,20.665264380454726,20.500827499999218,20.50000000188492,9048,0,303,9090.0,151.5,2025-04-23 17:00:30,2025-04-23 17:00:34,20.55046272277832,20.55046272277832,1
20.505545943555028,23.090408325195312,20.500000000002665,0.0628968407834192,0.0,0.0,,20.500144574934318,23.090408325195312,20.86098603098711,21.556779994602838,20.734658320262785,20.528467150039848,20.511612266541086,21.27779702729405,20.66481536480706,20.500824839947505,20.50000000181749,9048,0,304,9120.0,152.0,2025-04-23 17:01:00,2025-04-23 17:01:04,20.570314407348636,20.570314407348636,1
20.505473574352532,23.100994110107425,20.500000000002665,0.06225195520251081,0.0,0.0,,20.500140708864713,23.100994110107425,20.860936756836217,21.545564318736737,20.732769037677226,20.52530955516028,20.510447911683627,21.23346338391776,20.66065483161122,20.500821992821866,20.500000001720224,9048,0,305,9150.0,152.5,2025-04-23 17:01:30,2025-04-23 17:01:34,20.52362823486328,20.52362823486328,1
20.505449216641995,23.100994110107425,20.500000000002665,0.06220064919887127,0.0,0.0,,20.500137176608536,23.100994110107425,20.860901267488,21.545562247498086,20.731685519291343,20.522504862316705,20.509398702868484,21.233455662975263,20.65889317014013,20.50081880705807,20.500000001654726,9048,0,306,9180.0,153.0,2025-04-23 17:02:00,2025-04-23 17:02:04,20.599788665771484,20.599788665771484,1
20.50535777142239,23.080251693725582,20.500000000002665,0.06092519524032209,0.0,0.0,,20.500133949169697,23.080251693725582,20.860548098933233,21.505889873579886,20.72737773977904,20.520013284794782,20.508453501151564,21.275393155259906,20.661555161974313,20.500815661969327,20.5000000015852,9048,0,307,9210.0,153.5,2025-04-23 17:02:30,2025-04-23 17:02:34,20.53493309020996,20.53493309020996,1
20.505336716190488,23.080251693725582,20.500000000002665,0.06086413872763669,0.0,0.0,,20.50013100003398,23.080251693725582,20.86022254641609,21.505885278915336,20.72535764164911,20.517799568613896,20.507602205420593,21.275398522104528,20.662333313273507,20.50081278952381,20.50000000152618,9048,0,308,9240.0,154.0,2025-04-23 17:03:00,2025-04-23 17:03:04,20.6589412689209,20.6589412689209,1
20.505541361444443,23.097070693969727,20.500000000002665,0.0640340739759777,0.0,0.0,,20.500128304954163,23.097070693969727,20.860194686935515,21.584495427828276,20.731091165979226,20.51583246924098,20.506835662376027,21.334132086688747,20.667724288952495,20.50081033975015,20.500000001502784,9048,0,309,9270.0,154.5,2025-04-23 17:03:30,2025-04-23 17:03:34,20.601694107055664,20.601694107055664,1
20.505547508658637,23.097070693969727,20.500000000002665,0.06413407086459372,0.0,0.0,,20.500125841756727,23.097070693969727,20.860181442807733,21.584501463764177,20.732994593802967,20.514084289816235,20.50614558311788,21.334142183592387,20.669884994808804,20.500808723577247,20.50000000147152,9048,0,310,9300.0,155.0,2025-04-23 17:04:00,2025-04-23 17:04:04,20.613100051879883,20.613100051879883,1
20.505600468228952,23.190149307250977,20.500000000002665,0.06502027013830992,0.0,0.0,,20.50012359016932,23.190149307250977,20.861625405051225,21.589927778660982,20.734354335793313,20.51253047346655,20.505524466093192,21.3870907969823,20.675663490184576,20.500807830882295,20.500000001401794,9048,0,311,9330.0,155.5,2025-04-23 17:04:30,2025-04-23 17:04:34,20.631237030029297,20.631237030029297,1
20.50560673493916,23.190149307250977,20.500000000002665,0.06511088111466495,0.0,0.0,,20.500121531664746,23.190149307250977,20.862962164431885,21.589929302455076,20.735024728295745,20.511149243215193,20.504965526110876,21.3871012642333,20.678281380553905,20.500807720737395,20.50000000134642,9048,0,312,9360.0,156.0,2025-04-23 17:05:00,2025-04-23 17:05:04,20.67292594909668,20.67292594909668,1
20.505609685633896,23.190149307250977,20.500000000002665,0.06517011705172827,0.0,0.0,,20.50011964931722,23.190149307250977,20.864152636739348,21.589930084212806,20.735420114211244,20.509921283805763,20.50446262909922,21.387105457143356,20.679849770237766,20.50080806221996,20.500000001316963,9048,0,313,9390.0,156.5,2025-04-23 17:05:30,2025-04-23 17:05:34,20.640281677246094,20.640281677246094,1
20.505611289125998,23.190149307250977,20.500000000002665,0.06521372343091715,0.0,0.0,,20.50011792766973,23.190149307250977,20.865199315216366,21.58993055886434,20.735678144866075,20.508829460458777,20.50401023226506,21.387107797776395,20.680966425773335,20.500808661459864,20.500000001283638,9048,0,314,9420.0,157.0,2025-04-23 17:06:00,2025-04-23 17:06:04,20.6364688873291,20.6364688873291,1
20.505612249287857,23.190149307250977,20.500000000002665,0.06524769367024336,0.0,0.0,,20.500116352615922,23.190149307250977,20.866116132044407,21.589930876508838,20.735859311945728,20.50785857019141,20.50360332930694,21.387109401192802,20.68183226311298,20.500809422289638,20.50000000126259,9048,0,315,9450.0,157.5,2025-04-23 17:06:30,2025-04-23 17:06:34,20.624755859375,20.624755859375,1
20.50561286574567,23.190149307250977,20.500000000002665,0.06527496677200502,0.0,0.0,,20.5001149113018,23.190149307250977,20.866918972844438,21.58993110298219,20.735993924386662,20.506995121860808,20.503237400336282,21.387110611752636,20.682530942646018,20.50081028714533,20.500000001220165,9048,0,316,9480.0,158.0,2025-04-23 17:07:00,2025-04-23 17:07:04,20.592531204223636,20.592531204223636,1
20.50542048588005,23.085712432861328,20.500000000002665,0.06234632738740981,0.0,0.0,,20.50011359205136,23.085712432861328,20.865992644930685,21.526396423266704,20.730429458040582,20.506227141557925,20.502908366167812,21.333073118705386,20.678389702430962,20.500810965804973,20.500000001175415,9048,0,317,9510.0,158.5,2025-04-23 17:07:30,2025-04-23 17:07:34,20.587486267089844,20.587486267089844,1
20.50540049231995,23.085712432861328,20.500000000002665,0.062217857249514646,0.0,0.0,,20.50011238430837,23.085712432861328,20.86510197132088,21.526390551612362,20.72822668179184,20.50554400038288,20.502612546651743,21.333065022144243,20.67697915930393,20.500810976158654,20.50000000113655,9048,0,318,9540.0,159.0,2025-04-23 17:08:00,2025-04-23 17:08:04,20.577600479125977,20.577600479125977,1
20.505321852552136,23.128625869750977,20.500000000002665,0.061250045684465244,0.0,0.0,,20.500111278581468,23.128625869750977,20.864970843870434,21.495085738178577,20.724215496109718,20.504936261989375,20.502346622734354,21.339270623311684,20.67690463531502,20.500810559288436,20.500000001078057,9048,0,319,9570.0,159.5,2025-04-23 17:08:30,2025-04-23 17:08:34,20.585329055786133,20.585329055786133,1
20.505308349199023,23.128625869750977,20.500000000002665,0.06118817316152923,0.0,0.0,,20.500110266379632,23.128625869750977,20.86488612996217,21.495081442301945,20.722295348755864,20.504395547596516,20.502107601949476,21.33927060730874,20.676780189036492,20.500809894763446,20.500000001041297,9048,0,320,9600.0,160.0,2025-04-23 17:09:00,2025-04-23 17:09:04,20.462305068969727,20.462305068969727,1
20.50520174035265,23.02459144592285,20.500000000002665,0.05991795637060753,0.0,0.0,,20.500109340129818,23.02459144592285,20.863199156800636,21.496531621053972,20.72122228578618,20.503914416439738,20.501892787060704,21.184807077585234,20.663191811913187,20.50080849415377,20.500000000982084,9048,0,321,9630.0,160.5,2025-04-23 17:09:30,2025-04-23 17:09:34,20.556039810180664,20.556039810180664,1
20.50517708587538,23.02459144592285,20.500000000002665,0.05978649185017496,0.0,0.0,,20.500108493070968,23.02459144592285,20.861645544448194,21.49653044470808,20.720421797302542,20.503486259872158,20.50169974759127,21.18478154643023,20.657707566777574,20.50080568559662,20.500000000959304,9048,0,322,9660.0,161.0,2025-04-23 17:10:00,2025-04-23 17:10:04,20.484769821166992,20.484769821166992,1
20.504973830780553,23.03061294555664,20.500000000002665,0.05690434088420098,0.0,0.0,,20.500107719126238,23.03061294555664,20.860357895961474,21.411761181039687,20.71223894673575,20.50310520753846,20.501526293995987,21.20938960228184,20.656882439471264,20.50080224255806,20.500000000920707,9048,0,323,9690.0,161.5,2025-04-23 17:10:30,2025-04-23 17:10:34,20.49150848388672,20.49150848388672,1
20.50494611968507,23.03061294555664,20.500000000002665,0.056751326363651156,0.0,0.0,,20.50010701276757,23.03061294555664,20.85923021821696,21.41175251941072,20.708691697688163,20.502766044228814,20.501370454247457,21.20938909300627,20.655750580468887,20.50079851549351,20.500000000883585,9048,0,324,9720.0,162.0,2025-04-23 17:11:00,2025-04-23 17:11:04,20.565092086791992,20.565092086791992,1
20.50520599480167,23.10774040222168,20.500000000002665,0.06073750702896933,0.0,0.0,,20.50010636889098,23.10774040222168,20.85944715352269,21.507841850183265,20.715140088505503,20.502464136183413,20.501230452624597,21.285222009429926,20.66133582927417,20.500794977262018,20.500000000870862,9048,0,325,9750.0,162.5,2025-04-23 17:11:30,2025-04-23 17:11:34,20.58245086669922,20.58245086669922,1
20.505218049374868,23.10774040222168,20.500000000002665,0.06085515555350162,0.0,0.0,,20.50010578271109,23.10774040222168,20.859696742732215,21.507848620044157,20.717120794963762,20.50219536576161,20.501104690508427,21.285233025875634,20.663108260788917,20.500792362287534,20.500000000843954,9048,0,326,9780.0,163.0,2025-04-23 17:12:00,2025-04-23 17:12:04,20.58701705932617,20.58701705932617,1
20.50522203784257,23.10774040222168,20.500000000002665,0.06090513494762191,0.0,0.0,,20.50010524967352,23.10774040222168,20.859931125066353,21.50785086700127,20.71795395924462,20.501956073515903,20.500991729004806,21.28523620757546,20.66379944904579,20.50079036983011,20.500000000798227,9048,0,327,9810.0,163.5,2025-04-23 17:12:30,2025-04-23 17:12:34,20.56377410888672,20.56377410888672,1
20.505223253801308,23.10774040222168,20.500000000002665,0.06093194281635844,0.0,0.0,,20.500104765385984,23.10774040222168,20.860138484465235,21.507851849001966,20.718359806393416,20.501743006823432,20.500890273228418,21.28523739388899,20.664135514676992,20.500788741097026,20.50000000075597,9048,0,328,9840.0,164.0,2025-04-23 17:13:00,2025-04-23 17:13:04,20.61330986022949,20.61330986022949,1
20.505223350671134,23.10774040222168,20.500000000002665,0.060948471624634515,0.0,0.0,,20.50010432557455,23.10774040222168,20.860318311274842,21.507852355253867,20.718572916003545,20.501553274324838,20.500799158096346,21.285237969459093,20.664332444792738,20.50078736284444,20.50000000073425,9048,0,329,9870.0,164.5,2025-04-23 17:13:30,2025-04-23 17:13:34,20.56292152404785,20.56292152404785,1
20.505222967302288,23.10774040222168,20.500000000002665,0.060959575311017165,0.0,0.0,,20.50010392607398,23.10774040222168,20.86047340636643,21.507852645749832,20.718690048730267,20.50138430550764,20.500717335492077,21.28523831132104,20.664463553706675,20.500786180973485,20.500000000694723,9048,0,330,9900.0,165.0,2025-04-23 17:14:00,2025-04-23 17:14:04,20.548967361450195,20.548967361450195,1
20.50521622136408,23.071866989135746,20.500000000002665,0.06071089233963244,0.0,0.0,,20.500103562854992,23.071866989135746,20.860047274918852,21.497883099314134,20.717867123428807,20.50123381484808,20.50064386267259,21.321930890888435,20.66776025760826,20.500785286831594,20.500000000673477,9048,0,331,9930.0,165.5,2025-04-23 17:14:30,2025-04-23 17:14:34,20.568382263183597,20.568382263183597,1
20.50521594798802,23.071866989135746,20.500000000002665,0.060705149481580505,0.0,0.0,,20.500103232078693,23.071866989135746,20.85964481288133,21.49788227529969,20.717547356596008,20.501099769992067,20.500577891802493,21.321937076006225,20.66911393209588,20.500784770327844,20.50000000065713,9048,0,332,9960.0,166.0,2025-04-23 17:15:00,2025-04-23 17:15:04,20.54801368713379,20.54801368713379,1
20.505150241942946,23.052398681640625,20.500000000002665,0.059822239259905444,0.0,0.0,,20.500102930160555,23.052398681640625,20.858979600874264,21.483814562828027,20.716113682149924,20.50098036351659,20.50051866050844,21.270821097227437,20.66539812393085,20.500784234863296,20.500000000635005,9048,0,333,9990.0,166.5,2025-04-23 17:15:30,2025-04-23 17:15:34,20.55398941040039,20.55398941040039,1
20.50514145002651,23.052398681640625,20.500000000002665,0.05976835308067399,0.0,0.0,,20.5001026538261,23.052398681640625,20.85837943956714,21.48381306799016,20.715488230579943,20.500873987865067,20.500465483357495,21.270813857181487,20.664115337790413,20.500783306389916,20.500000000602398,9048,0,334,10020.0,167.0,2025-04-23 17:16:00,2025-04-23 17:16:04,20.563459396362305,20.563459396362305,1
20.505124624517542,23.05737877,20.500000000002665,0.0596173171553523,0.0,0.0,,20.50010240014646,23.05737877,20.85792658363936,21.48201133409875,20.714954618491873,20.500779213096624,20.50041774417112,21.25806590337576,20.662420810663544,20.50078213191598,20.500000000579163,9048,0,335,10050.0,167.5,2025-04-23 17:16:30,2025-04-23 17:16:34,20.56977081298828,20.56977081298828,1
20.505118881426586,23.05737877,20.500000000002665,0.059590946103783876,0.0,0.0,,20.50010216654758,23.05737877,20.857532429942207,21.482010774944925,20.714632316748467,20.500694767131073,20.50037488909528,21.258062891832044,20.661634921310068,20.500780785988447,20.500000000546496,9048,0,336,10080.0,168.0,2025-04-23 17:17:00,2025-04-23 17:17:04,20.52290153503418,20.52290153503418,1
20.505060126682128,23.055007934570312,20.500000000002665,0.05872616804868106,0.0,0.0,,20.500101950792363,23.055007934570312,20.857150646840555,21.455171655334365,20.712008093036562,20.5006195182071,20.500336420353815,21.27432384780625,20.6625784926505,20.500779432338454,20.50000000053528,9048,0,337,10110.0,168.5,2025-04-23 17:17:30,2025-04-23 17:17:34,20.529083251953125,20.529083251953125,1
20.505052818366877,23.055007934570312,20.500000000002665,0.05868666773587655,0.0,0.0,,20.500101750941756,23.055007934570312,20.856813929541165,21.455168887066364,20.710865711408793,20.500552459303716,20.500301890619397,21.274325805864603,20.662807690493345,20.500778143204442,20.500000000513253,9048,0,338,10140.0,169.0,2025-04-23 17:18:00,2025-04-23 17:18:04,20.54166984558105,20.54166984558105,1
20.505054753640472,23.03556251525879,20.500000000002665,0.058644607088902755,0.0,0.0,,20.500101565303787,23.03556251525879,20.856214004981158,21.450103686008045,20.709728360632397,20.500492694303652,20.50027089794234,21.31097479420687,20.66604962624882,20.500777017528232,20.500000000496584,9048,0,339,10170.0,169.5,2025-04-23 17:18:30,2025-04-23 17:18:34,20.53009033203125,20.53009033203125,1
20.50505242945932,23.03556251525879,20.500000000002665,0.05862985592547586,0.0,0.0,,20.500101392381193,23.03556251525879,20.855672173693236,21.450102470394157,20.70906937488586,20.500439425702208,20.50024308118286,21.310980904996946,20.667323402957738,20.50077619655184,20.500000000475033,9048,0,340,10200.0,170.0,2025-04-23 17:19:00,2025-04-23 17:19:04,20.47492790222168,20.47492790222168,1
20.505049920620863,23.03556251525879,20.500000000002665,0.05861494430219753,0.0,0.0,,20.500101230826704,23.03556251525879,20.855191991422558,21.450101764910638,20.708607483629223,20.500391943687852,20.500218115897855,21.310983031075796,20.667992561305738,20.500775513719187,20.50000000045748,9048,0,341,10230.0,170.5,2025-04-23 17:19:30,2025-04-23 17:19:34,20.55414390563965,20.55414390563965,1
20.505047603638392,23.03556251525879,20.500000000002665,0.05860204729470549,0.0,0.0,,20.50010107941037,23.03556251525879,20.854769019839978,21.45010127937167,20.708255128669634,20.50034961644,20.50019571063778,21.310984066396163,20.66842999650571,20.50077488278662,20.50000000044115,9048,0,342,10260.0,171.0,2025-04-23 17:20:00,2025-04-23 17:20:04,20.55793190002441,20.55793190002441,1
20.507264737817017,23.07459259033203,20.500000000002665,0.09238911617738282,0.0,0.0,,20.55552720419008,23.07459259033203,20.85500616736997,22.31906423277144,20.785506574576125,20.500311881507432,20.500175603613545,21.321412185640995,20.669663586833416,20.50087599634312,20.500000000422816,9048,1,343,10290.0,171.5,2025-04-23 17:20:30,2025-04-23 17:20:34,21.24660873413086,21.24660873413086,1
20.507637483338705,23.07459259033203,20.500000000002665,0.09368319539809117,0.0,0.0,,20.60963198612535,23.07459259033203,20.85524254664874,22.319146027650955,20.816545357578853,20.50027823814633,20.500157559696934,21.32141436391321,20.67028241938277,20.501066748969617,20.5000000004323,9048,1,344,10320.0,172.0,2025-04-23 17:21:00,2025-04-23 17:21:04,21.2365665435791,21.2365665435791,1
20.519453371050265,25.85633087158203,20.500000000002665,0.21191016979746552,0.0,0.0,,20.645524766968965,23.524356842041016,20.86247648056048,22.497005919425288,20.84981503171766,22.559052229876265,20.675294492781166,22.058237791917144,20.734992215491648,20.50127785034243,20.500000000413817,9021,1,345,10350.0,172.5,2025-04-23 17:21:30,2025-04-23 17:21:34,20.936681747436523,20.936681747436523,1
20.52061073003448,25.85633087158203,20.500000000002665,0.21536608711186678,0.0,0.0,,20.676135173969392,23.524356842041016,20.86916048609086,22.49704195532221,20.867682515471827,22.559214629361644,20.75027736852289,22.058359266045393,20.761050573904992,20.501458727361722,20.500000000415568,9021,1,346,10380.0,173.0,2025-04-23 17:22:00,2025-04-23 17:22:04,21.35390281677246,21.35390281677246,1
20.532903258467552,26.27225685119629,20.500000000002665,0.3062502923350622,0.0,0.0,,20.715531471160666,23.433183670043945,20.873689758268707,22.61534133382119,20.890127950900784,22.559278934728475,20.791601710902267,22.654469143400735,20.827183286897828,20.509688933451386,20.50000000039847,8993,2,347,10410.0,173.5,2025-04-23 17:22:30,2025-04-23 17:22:34,20.8863525390625,20.8863525390625,1
20.533644042039647,26.27225685119629,20.500000000002665,0.30181069299871605,0.0,0.0,,20.75565872637207,23.433183670043945,20.877611046898387,22.615365475320296,20.903128017933824,22.559312800396413,20.818076785940246,22.654588412613055,20.857474500452444,20.50934859955777,20.50000000041528,8993,2,348,10440.0,174.0,2025-04-23 17:23:00,2025-04-23 17:23:04,20.637008666992188,20.637008666992188,1
20.529143429293335,25.7000098353096,20.500000000002665,0.2565760020968713,0.0,0.0,,20.780573787561394,23.16958808898925,20.87691927933799,21.565236357917037,20.81863455075581,22.55933383599639,20.836857171811456,21.556485381897907,20.77996047638832,20.525150292842092,20.500000000520792,9048,0,349,10470.0,174.5,2025-04-23 17:23:30,2025-04-23 17:23:34,20.635406494140625,20.635406494140625,1
20.527579163317586,25.155797840614596,20.500000000002665,0.23152745781046188,0.0,0.0,,20.80227714430925,23.16958808898925,20.87611347340859,21.565146984555557,20.787929855842194,22.559348283642176,20.85111796063188,21.556332369027313,20.75470910660491,20.5229397355458,20.50000000056089,9048,0,350,10500.0,175.0,2025-04-23 17:24:00,2025-04-23 17:24:04,21.853599548339844,21.853599548339844,1
20.537071028430272,27.45793342590332,20.500000000002665,0.3171915418817776,0.0,0.0,,20.800497544929463,23.199586868286133,20.875830807464578,22.823135358009363,20.88461197657221,22.299296203723493,20.831125722204714,22.57830347183721,20.833463896457676,20.52124003133687,20.500000000903466,9020,1,351,10530.0,175.5,2025-04-23 17:24:30,2025-04-23 17:24:34,20.647686004638672,20.647686004638672,1
20.536115037631266,27.45793342590332,20.500000000002665,0.3065472135846695,0.0,0.0,,20.787658457708055,23.199586868286133,20.87561012115355,22.823236508929533,20.920536850934784,22.076644499191474,20.80952753159873,22.57845383098644,20.863670201396467,20.519678544410432,20.500000001000075,9020,1,352,10560.0,176.0,2025-04-23 17:25:00,2025-04-23 17:25:04,20.657676696777344,20.657676696777344,1
20.53498637578165,27.45793342590332,20.500000000002665,0.29747564898862294,0.0,0.0,,20.772477107802008,23.199586868286133,20.87544092377356,22.823275852677448,20.939784106948032,21.884631369005252,20.787475124471804,22.57850401915502,20.879384306175915,20.518243618685336,20.500000001097895,9020,1,353,10590.0,176.5,2025-04-23 17:25:30,2025-04-23 17:25:34,20.65682411193848,20.65682411193848,1
20.53387366117861,27.45793342590332,20.500000000002665,0.29017859336041685,0.0,0.0,,20.75667316805451,23.199586868286133,20.875313862968063,22.823296760928095,20.952155044987986,21.718126325670358,20.76569156721423,22.578527752653265,20.889699997152807,20.516940545881305,20.50000000123698,9020,1,354,10620.0,177.0,2025-04-23 17:26:00,2025-04-23 17:26:04,20.6680850982666,20.6680850982666,1
20.532824566596744,27.45793342590332,20.500000000002665,0.2844261103014688,0.0,0.0,,20.74087400813518,23.199586868286133,20.875220752844758,22.823310012765088,20.96097139613973,21.57312978485225,20.74462461975583,22.5785425221461,20.897405534735338,20.515760898449944,20.500000001399023,9020,1,355,10650.0,177.5,2025-04-23 17:26:30,2025-04-23 17:26:34,20.643695831298828,20.643695831298828,1
20.53185062624346,27.45793342590332,20.500000000002665,0.27992570198493844,0.0,0.0,,20.72538691287284,23.199586868286133,20.875154680363092,22.823319317804096,20.9676811823285,21.44645004330079,20.724542923171544,22.578553204697066,20.90352704907628,20.51469234571609,20.500000001482697,9020,1,356,10680.0,178.0,2025-04-23 17:27:00,2025-04-23 17:27:04,20.692785263061523,20.692785263061523,1
20.52630033080895,26.674265880746034,20.500000000002665,0.228265359420627,0.0,0.0,,20.71039052857373,23.28136825561523,20.87638635069031,21.593245790819203,20.863263814730196,21.335489732259465,20.705597292530822,21.67828262057186,20.829961522664405,20.525349347830613,20.500000001757286,9048,0,357,10710.0,178.5,2025-04-23 17:27:30,2025-04-23 17:27:34,20.63818359375,20.63818359375,1
20.524074218103053,25.945754846876216,20.500000000002665,0.20037239913690075,0.0,0.0,,20.695995448229166,23.28136825561523,20.877539278840914,21.593135014957095,20.823369994322338,21.238100979373026,20.687860425252882,21.678141542865767,20.80264900090296,20.52289857005626,20.500000001966,9048,0,358,10740.0,179.0,2025-04-23 17:28:00,2025-04-23 17:28:04,20.590707778930664,20.590707778930664,1
20.521869828809884,25.282098125373945,20.500000000002665,0.17560317079155738,0.0,0.0,,20.68226930396914,23.13685607910156,20.876320453868594,21.49488924282991,20.793350893290025,21.152484507382848,20.671353057652667,21.583651434426777,20.78094324637668,20.520690834685965,20.50000000199789,9048,0,359,10770.0,179.5,2025-04-23 17:28:30,2025-04-23 17:28:34,20.66381072998047,20.66381072998047,1
20.520165500684428,24.684388142039584,20.500000000002665,0.15602084235113495,0.0,0.0,,20.669250111126853,23.13685607910156,20.875152916129856,21.49485598576803,20.776442876566957,21.077117411672983,20.656061473574997,21.583614542570626,20.769265820637806,20.51870343008517,20.50000000209444,9048,0,360,10800.0,180.0,2025-04-23 17:29:00,2025-04-23 17:29:04,20.92340850830078,20.92340850830078,1
20.524362742023673,24.56660842895508,20.500000000002665,0.19429796247882766,0.0,0.0,,20.65695466318517,23.566978454589844,20.880818825438816,21.80136933583367,20.792510848077605,21.010700076439623,20.641949398106796,22.43852497268133,20.836100942350793,20.516867716776222,20.500000002127,9019,1,361,10830.0,180.5,2025-04-23 17:29:30,2025-04-23 17:29:34,21.09103775024414,21.09103775024414,1
20.523536675139667,24.56660842895508,20.500000000002665,0.18668776357741465,0.0,0.0,,20.645384325587163,23.566978454589844,20.886111180985857,21.801385587305784,20.795318204129426,20.95211616511985,20.628966179663767,22.438653568775063,20.860173953289962,20.51541994805943,20.50000000240097,9019,1,362,10860.0,181.0,2025-04-23 17:30:00,2025-04-23 17:30:04,21.08877182006836,21.08877182006836,1
20.52237446535135,24.17040542778938,20.500000000002665,0.1708655078249734,0.0,0.0,,20.63452923573716,23.741411209106445,20.893565800952548,21.965844293530836,20.809858945028484,20.90040176043772,20.617052474044513,22.418540567936198,20.869918865648327,20.520463054262606,20.500000002805862,9048,0,363,10890.0,181.5,2025-04-23 17:30:30,2025-04-23 17:30:34,21.034500122070312,21.034500122070312,1
20.520993954099506,23.79250077516311,20.500000000002665,0.15594500104762465,0.0,0.0,,20.624371432341334,23.741411209106445,20.900254699002513,21.965859702070023,20.814803231540527,20.85472106480483,20.60614421769831,22.418555246671502,20.876232598442,20.518562501689747,20.500000002931692,9048,0,364,10920.0,182.0,2025-04-23 17:31:00,2025-04-23 17:31:04,23.690685272216797,23.690685272216797,2
20.527153409145097,26.54604721069336,20.500000000002665,0.24086893862334421,0.0,0.0,,20.614887224768093,23.37100982666016,20.900375076570192,22.217784300585205,20.839413597543196,20.814346917671916,20.596175410213466,22.154014648897007,20.857757389965247,20.517296062524025,20.500000003426745,9019,2,365,10950.0,182.5,2025-04-23 17:31:30,2025-04-23 17:31:34,20.993803024291992,20.993803024291992,1
20.526611742679577,26.54604721069336,20.500000000002665,0.23734175877114855,0.0,0.0,,20.60604900349579,23.37100982666016,20.900205164700317,22.217810613114263,20.849480800710218,20.778644930833675,20.587080055936532,22.153977891831623,20.852105632763987,20.516125263514958,20.50000000399284,9019,2,366,10980.0,183.0,2025-04-23 17:32:00,2025-04-23 17:32:04,21.16120338439941,21.16120338439941,1
20.525982989053105,26.54604721069336,20.500000000002665,0.23413139316147247,0.0,0.0,,20.597826629405308,23.37100982666016,20.899980409133533,22.21782192774513,20.855059791606735,20.74706039907516,20.578793504548415,22.15396766676501,20.85002532137901,20.515033431438297,20.500000004577313,9019,2,367,11010.0,183.5,2025-04-23 17:32:30,2025-04-23 17:32:34,21.18111991882324,21.18111991882324,1
20.525370226459657,26.54604721069336,20.500000000002665,0.23157648404617132,0.0,0.0,,20.59018850021128,23.37100982666016,20.89977084080892,22.217828270946903,20.858651211944796,20.719107381059057,20.571253357906908,22.15396407111553,20.849083564683344,20.514044078482872,20.500000005062056,9019,2,368,11040.0,184.0,2025-04-23 17:33:00,2025-04-23 17:33:04,23.837743759155273,23.837743759155273,2
20.524796381134646,26.54604721069336,20.500000000002665,0.22962775577027913,0.0,0.0,,20.5831023663564,23.37100982666016,20.899593110045377,22.2178323781481,20.861184071680874,20.69435950661213,20.56440006181175,22.15396243736518,20.84856885445376,20.513154110533705,20.50000000554144,9019,2,369,11070.0,184.5,2025-04-23 17:33:30,2025-04-23 17:33:34,21.15068244934082,21.15068244934082,1
20.52426545598634,26.54604721069336,20.500000000002665,0.22816222451201057,0.0,0.0,,20.57653595086777,23.37100982666016,20.899446788722294,22.21783527430792,20.863086311993946,20.67244217816264,20.558177268094287,22.153961518641786,20.84824573413524,20.512353363228335,20.500000006206818,9019,2,370,11100.0,185.0,2025-04-23 17:34:00,2025-04-23 17:34:06,21.16773223876953,21.16773223876953,1
20.52220864729445,25.82091973822107,20.500000000002665,0.19777912306496154,0.0,0.0,,20.64451787687481,23.91482162475586,20.90781466346966,21.987462616313074,20.84402511467167,20.653025912810484,20.5525320292895,22.055989565952206,20.839473499509626,20.5214774638768,20.50000000788704,9048,0,371,11130.0,185.5,2025-04-23 17:34:30,2025-04-23 17:34:34,21.224632263183597,21.224632263183597,1
20.520802161446948,25.152753843898356,20.500000000002665,0.1759320854098364,0.0,0.0,,20.711321054903674,23.91482162475586,20.915569737001984,21.987442520245562,20.83694554441806,20.635820628130944,20.547414871756953,22.055973077476416,20.835888400057506,20.519343698300524,20.500000008651085,9048,0,372,11160.0,186.0,2025-04-23 17:35:00,2025-04-23 17:35:04,21.078218460083008,21.078218460083008,1
20.52773861055373,26.46124839782715,20.500000000002665,0.2558417196786688,0.0,0.0,,20.774847586865256,23.782020568847656,20.92041150750025,22.514149157134725,20.88027880497198,20.620570716305984,20.542779781321688,23.588081309515243,20.96764250557353,20.51651025504558,20.500000009217928,9019,1,373,11190.0,186.5,2025-04-23 17:35:30,2025-04-23 17:35:34,21.510887145996094,21.510887145996094,1
20.527374519342672,26.46124839782715,20.500000000002665,0.25064405089836117,0.0,0.0,,20.8313102181492,23.782020568847656,20.92457932947779,22.514194817529212,20.89699153657399,20.607050782141126,20.538584126892943,23.588329645478055,21.0198800585509,20.515050145744013,20.500000010470053,9019,1,374,11220.0,187.0,2025-04-23 17:36:00,2025-04-23 17:36:04,20.78781509399414,20.78781509399414,1
20.532738532605944,25.870530188250594,20.500000000002665,0.2755373574896946,0.0,0.0,,20.867258816383085,23.398054122924805,20.92221299176061,22.077636081315685,20.86718401641324,20.595061944035766,20.53478854115174,21.746228642850507,20.88694871321553,20.52258074839323,20.50000001027186,8991,2,375,11250.0,187.5,2025-04-23 17:36:30,2025-04-23 17:36:34,21.063840866088867,21.063840866088867,1
20.531778072762442,25.30870487014134,20.500000000002665,0.2611345459092293,0.0,0.0,,20.897473557311034,23.398054122924805,20.919839220367678,22.077604910481543,20.85741612549012,20.58442861511647,20.531356772639974,21.74596892695982,20.84101399917235,20.520686166269872,20.5000000113132,8991,2,376,11280.0,188.0,2025-04-23 17:37:00,2025-04-23 17:37:04,21.20024681091309,21.20024681091309,1
20.54187968002342,26.854522705078125,20.500000000002665,0.3502607075684797,0.0,0.0,,20.928354785038202,24.12533569335937,20.92903190746714,22.731130434350845,20.91114575259824,20.574995695952307,20.528255519999032,22.175438665423382,20.857626933814306,20.52648318254523,20.50000001358373,8989,2,377,11310.0,188.5,2025-04-23 17:37:30,2025-04-23 17:37:34,24.166446685791016,23.82599131266276,3
20.541118559687757,26.854522705078125,20.500000000002665,0.34065421006651503,0.0,0.0,,20.955829090566453,24.12533569335937,20.937633568159377,22.731186993420867,20.93207008156431,20.56662612155613,20.52545425638611,22.175475846429098,20.860430023270297,20.524320783824198,20.500000015788448,8989,2,378,11340.0,189.0,2025-04-23 17:38:00,2025-04-23 17:38:04,20.978553771972656,20.978553771972656,1
20.535803040253104,25.978298242785492,20.500000000002665,0.2867997285140236,0.0,0.0,,20.982275598546867,23.52688407897949,20.93599171521031,21.93464589169395,20.8725839187158,20.559198714447664,20.522925050023137,21.75871473049482,20.82368795454515,20.54189243885361,20.50000002038329,9048,0,379,11370.0,189.5,2025-04-23 17:38:30,2025-04-23 17:38:34,20.99904441833496,20.99904441833496,1
20.53280384022416,25.19132275256781,20.500000000002665,0.2511678921662784,0.0,0.0,,21.005751441768332,23.52688407897949,20.934137129986166,21.934583362339783,20.851531172121277,20.5526063029313,20.520642385245345,21.75864615016811,20.808106807315813,20.537579024378434,20.50000002404164,9048,0,380,11400.0,190.0,2025-04-23 17:39:00,2025-04-23 17:39:04,20.79756736755371,20.79756736755371,1
20.530189446821957,24.497434269663902,20.500000000002665,0.2220367337409648,0.0,0.0,,21.0264397717798,23.52688407897949,20.93239463431869,21.93455991568047,20.84090584990659,20.546754069798077,20.518582987199203,21.758620643689436,20.7992221343756,20.53374202846566,20.500000026076435,9048,0,381,11430.0,190.5,2025-04-23 17:39:30,2025-04-23 17:39:34,20.69720458984375,20.69720458984375,1
20.52788311308467,24.063304819398997,20.500000000002665,0.1980077174972797,0.0,0.0,,21.04465185681283,23.52688407897949,20.930844363480524,21.934548000475306,20.83447432919595,20.541558101679634,20.516725652409274,21.758607209589275,20.793060618946676,20.53032854169797,20.500000029157757,9048,0,382,11460.0,191.0,2025-04-23 17:40:00,2025-04-23 17:40:04,20.69876289367676,20.69876289367676,1
20.52517605138091,23.672016744833826,20.500000000002665,0.17347280298179796,0.0,0.0,,21.054943949916346,23.144132614135746,20.92351614860226,21.670496453666694,20.806573637106574,20.536944113471037,20.515051086724934,21.77798072729866,20.7900326922652,20.52729067971555,20.500000031994905,9048,0,383,11490.0,191.5,2025-04-23 17:40:30,2025-04-23 17:40:34,20.875612258911133,20.875612258911133,1
20.523291938501124,23.317337268205044,20.500000000002665,0.15624453363105145,0.0,0.0,,21.06345971616752,23.144132614135746,20.916811252311934,21.67046663149106,20.79391431681519,20.53284632576122,20.513541751615993,21.777977257084796,20.78692435856844,20.52458490911929,20.500000035493162,9048,0,384,11520.0,192.0,2025-04-23 17:41:00,2025-04-23 17:41:04,20.842870712280277,20.842870712280277,1
20.521666085487848,23.292848587036133,20.500000000002665,0.1423313029937346,0.0,0.0,,21.0663857717518,23.292848587036133,20.913184599466124,21.69294593882508,20.78815094239994,20.52920647618806,20.512181719373462,21.731396243898704,20.78011846096007,20.522173407779817,20.500000038345952,9048,0,385,11550.0,192.5,2025-04-23 17:41:30,2025-04-23 17:41:34,20.800933837890625,20.800933837890625,1
20.520190692443137,23.292848587036133,20.500000000002665,0.130481017616542,0.0,0.0,,21.06852448843184,23.292848587036133,20.910108898409888,21.692939485523613,20.78349303044211,20.525972948167357,20.51095653746039,21.73138497174323,20.776155177291358,20.520022920447182,20.500000041685112,9048,0,386,11580.0,193.0,2025-04-23 17:42:00,2025-04-23 17:42:04,20.747249603271484,20.747249603271484,1
20.520964039956866,23.26118278503418,20.500000000002665,0.1421320899241626,0.0,0.0,,21.065887988935483,23.26118278503418,20.906952792616842,22.43279063959574,20.845817101390686,20.523100002607546,20.509853102027886,22.326152656794715,20.825214192058272,20.518107040249475,20.500000045710223,9048,0,387,11610.0,193.5,2025-04-23 17:42:30,2025-04-23 17:42:34,21.467079162597656,21.467079162597656,1
20.519982506958318,23.26118278503418,20.500000000002665,0.1361861781824762,0.0,0.0,,21.06314636504063,23.26118278503418,20.90417062125529,22.432856584005243,20.869452079476872,20.520547100076747,20.508859540443293,22.326246365942843,20.843752870436443,20.516404063103888,20.500000048905974,9048,0,388,11640.0,194.0,2025-04-23 17:43:00,2025-04-23 17:43:04,21.231958389282227,21.231958389282227,1
20.525895642609388,26.904260635375977,20.500000000002665,0.24335976326199787,0.0,0.0,,21.081777732170792,23.82795524597168,20.91056943737357,22.557899961985335,20.893116184957055,20.518278302485214,20.507965102557396,22.44540696057054,20.863495958270153,20.51316437029875,20.50000004874359,9019,1,389,11670.0,194.5,2025-04-23 17:43:30,2025-04-23 17:43:34,21.533527374267575,21.533527374267575,1
20.52569952706864,26.904260635375977,20.500000000002665,0.24407944970833428,0.0,0.0,,21.10021169220897,23.82795524597168,20.916602018668424,22.557925795574906,20.905442064326,20.516261744723653,20.50716006035395,22.44544119563715,20.873588177587802,20.512257599757447,20.50000005223862,9019,1,390,11700.0,195.0,2025-04-23 17:44:00,2025-04-23 17:44:04,20.95567321777344,20.95567321777344,1
20.522640693001712,26.030110959445867,20.500000000002665,0.20307875542009374,0.0,0.0,,21.116802783144017,23.40546989440918,20.915404836183786,22.070543644891732,20.869901452258656,20.514469167891345,20.50643561557024,22.071719675208204,20.847517100115503,20.521447696208167,20.500000060883778,9048,0,391,11730.0,195.5,2025-04-23 17:44:30,2025-04-23 17:44:34,21.068254470825195,21.068254470825195,1
20.521050958519055,25.251125938428768,20.500000000002665,0.17832867633953106,0.0,0.0,,21.13152039670012,23.40546989440918,20.914048182119267,22.070506477030147,20.858048978799985,20.512875506782994,20.505783814844374,22.071668102352714,20.839296656053122,20.519151473940003,20.500000065596154,9048,0,392,11760.0,196.0,2025-04-23 17:45:00,2025-04-23 17:45:04,20.693756103515625,20.693756103515625,1
20.519689008571866,24.563094909005265,20.500000000002665,0.15920570091494265,0.0,0.0,,21.144508846547367,23.40546989440918,20.91276176095313,22.070493375600904,20.852515101437053,20.51145852520336,20.50519747192886,22.07165348954122,20.836077786879866,20.51713393226752,20.500000068612845,9048,0,393,11790.0,196.5,2025-04-23 17:45:30,2025-04-23 17:45:34,20.75867080688477,20.75867080688477,1
20.518504557820457,23.96103489291157,20.500000000002665,0.14440516465721662,0.0,0.0,,21.155953218660585,23.40546989440918,20.911605319826243,22.070487213008683,20.849439148951273,20.51019849346259,20.50467009650581,22.071648140328772,20.834480308687176,20.515361326005557,20.500000071157274,9048,0,394,11820.0,197.0,2025-04-23 17:46:00,2025-04-23 17:46:04,20.7959041595459,20.7959041595459,1
20.517468826951742,23.43864822976278,20.500000000002665,0.13300611127093734,0.0,0.0,,21.166034828697914,23.40546989440918,20.910584759132007,22.07048375573995,20.84753199633519,20.50907790309039,20.504195829143857,22.07164556268423,20.833512462720503,20.51380361495076,20.500000072026943,9048,0,395,11850.0,197.5,2025-04-23 17:46:30,2025-04-23 17:46:34,20.93342018127441,20.93342018127441,1
20.516560805187524,23.40546989440918,20.500000000002665,0.12429518735409008,0.0,0.0,,21.174918723794807,23.40546989440918,20.909689354564442,22.07048157911499,20.846248670181605,20.508081214403912,20.503769381947738,22.071644019303374,20.832843024461933,20.51243431021981,20.500000075368206,9048,0,396,11880.0,198.0,2025-04-23 17:47:00,2025-04-23 17:47:04,21.07570457458496,21.07570457458496,1
20.51926204907339,24.04843521118164,20.500000000002665,0.16210779842007733,0.0,0.0,,21.176311949317657,23.30743789672852,20.90737437888766,22.11179985431881,20.849012738945493,20.507194633089142,20.503385984469528,21.915891915044785,20.81874936545654,20.510081518306276,20.50000007247249,9019,1,397,11910.0,198.5,2025-04-23 17:47:30,2025-04-23 17:47:34,20.816490173339844,20.816490173339844,1
20.518850918945983,24.04843521118164,20.500000000002665,0.15976953705915178,0.0,0.0,,21.176935992209593,23.30743789672852,20.905269827480332,22.111802684558945,20.849800294943257,20.50640591241243,20.50304133446978,21.91586558502506,20.812914256294754,20.50923912410883,20.50000007334361,9019,1,398,11940.0,199.0,2025-04-23 17:48:00,2025-04-23 17:48:04,20.98886108398437,20.98886108398437,1
20.5296577788842,26.491777420043945,20.500000000002665,0.26374315024126194,0.0,0.0,,21.208206731875414,23.98652648925781,20.9140023894906,21.812521146652266,20.823381795669636,22.414307602151833,20.665058668013604,22.09804144886249,20.825570354627033,20.507280953549376,20.500000070182658,8991,2,399,11970.0,199.5,2025-04-23 17:48:30,2025-04-23 17:48:34,21.29867172241211,21.29867172241211,1
20.530175767031185,26.491777420043945,20.500000000002665,0.2651602369990804,0.0,0.0,,21.23868042607472,23.98652648925781,20.922167733563903,21.812493174772435,20.812716730926578,22.414457913924895,20.734340453770255,22.098066405452677,20.82972821815605,20.506986731981,20.50000007364726,8991,2,400,12000.0,200.0,2025-04-23 17:49:00,2025-04-23 17:49:04,24.032915115356445,24.032915115356445,2
20.53950148265024,27.295469284057617,20.500000000002665,0.34289917544991505,0.0,0.0,,21.266082758535518,24.231922149658203,20.933293502533935,22.423232400473474,20.8611796375891,22.414517386007883,20.77247516599944,22.289943730950924,20.848227008773748,20.52233112769468,20.500000080766988,9016,2,401,12030.0,200.5,2025-04-23 17:49:30,2025-04-23 17:49:34,23.898393630981445,23.898393630981445,2
20.538919825963507,27.295469284057617,20.500000000002665,0.3308342588171028,0.0,0.0,,21.29035891675693,24.231922149658203,20.94325842476323,22.423283432250194,20.87914797516706,22.414548680686657,20.796878067312196,22.289978063305007,20.85588597370918,20.520346983673473,20.50000008185266,9016,2,402,12060.0,201.0,2025-04-23 17:50:00,2025-04-23 17:50:04,27.08183479309082,25.698893229166668,3
20.538573177553285,27.085521697998047,20.500000000002665,0.3231130566897664,0.0,0.0,,21.311765257138727,24.237558364868164,20.952128741689286,22.445165854972682,20.890545382842426,22.414568104246598,20.814171321680583,22.341186965067372,20.86458972577427,20.51836979194363,20.500000081827608,9014,2,403,12090.0,201.5,2025-04-23 17:50:30,2025-04-23 17:50:34,23.855703353881836,23.855703353881836,2
20.537861372437973,27.085521697998047,20.500000000002665,0.3160056532574243,0.0,0.0,,21.330615917188066,24.237558364868164,20.959912623985687,22.44517841966092,20.897252430948292,22.414581435400788,20.827292588184136,22.34120182262704,20.869246752959306,20.516826416946056,20.500000083143384,9014,2,404,12120.0,202.0,2025-04-23 17:51:00,2025-04-23 17:51:04,21.18416786193848,21.18416786193848,1
20.53340513522127,25.954633712768555,20.500000000002665,0.2654571769404566,0.0,0.0,,21.299663997687876,23.84427833557129,20.960597041848587,22.084444144398745,20.869623383817345,22.172839928360926,20.808602447386708,21.963682759257445,20.83942440602019,20.516567930013178,20.500000085092957,9020,2,405,12150.0,202.5,2025-04-23 17:51:30,2025-04-23 17:51:34,21.17436790466309,21.17436790466309,1
20.531523507245335,25.954633712768555,20.500000000002665,0.2514353909442008,0.0,0.0,,21.24705180650697,23.84427833557129,20.96090091041898,22.08441509486439,20.859999920917346,21.96586012966778,20.78843281367362,21.963625369741123,20.828589716901025,20.515199218916845,20.50000008563181,9020,2,406,12180.0,203.0,2025-04-23 17:52:00,2025-04-23 17:52:04,23.56555461883545,23.56555461883545,2
20.52993524370329,25.954633712768555,20.500000000002665,0.2414611889328689,0.0,0.0,,21.19227453401621,23.84427833557129,20.96109483950545,22.084404398802118,20.855303406274313,21.787358281493244,20.767852380819267,21.963606877344297,20.823368122118932,20.51399093271706,20.500000088021835,9020,2,407,12210.0,203.5,2025-04-23 17:52:30,2025-04-23 17:52:34,21.12571144104004,21.12571144104004,1
20.52854817793389,25.954633712768555,20.500000000002665,0.23402723306873244,0.0,0.0,,21.13888949194543,23.84427833557129,20.961262438250433,22.084399131044776,20.852575351384036,21.632566442665706,20.747531713865346,21.963598636851202,20.82016796948725,20.51290745397011,20.500000088554714,9020,2,408,12240.0,204.0,2025-04-23 17:53:00,2025-04-23 17:53:04,23.817955017089844,23.817955017089844,2
20.527321753481342,25.954633712768555,20.500000000002665,0.22836940002297562,0.0,0.0,,21.088024187987877,23.84427833557129,20.961426632257027,22.084396045222793,20.850809334295743,21.497767529648733,20.727885725411184,21.96359379829351,20.81788990637685,20.51193214048175,20.500000089060727,9020,2,409,12270.0,204.5,2025-04-23 17:53:30,2025-04-23 17:53:34,21.176271438598636,21.176271438598636,1
20.52623155819562,25.954633712768555,20.500000000002665,0.22401456106822512,0.0,0.0,,21.040103797983665,23.84427833557129,20.961590795563904,22.08439402731542,20.84957254654962,21.379995176588782,20.709163030297624,21.96359044600676,20.81613670483562,20.51105403850673,20.500000089290907,9020,2,410,12300.0,205.0,2025-04-23 17:54:00,2025-04-23 17:54:04,21.20953750610352,21.20953750610352,1
20.529915726781997,25.975934982299805,20.500000000002665,0.26329109267975137,0.0,0.0,,21.073203950868066,23.855365753173828,20.961925896311755,22.198500325411334,20.858833693155614,21.276835313862534,20.691502880135545,21.98207125305753,20.816346613981494,20.51496282142877,20.5000000878673,9014,2,411,12330.0,205.5,2025-04-23 17:54:30,2025-04-23 17:54:34,21.24584197998047,21.24584197998047,1
20.528766850680412,25.975934982299805,20.500000000002665,0.2522441319963331,0.0,0.0,,21.10964285554169,23.855365753173828,20.962243100597064,22.198510051000202,20.86222350507548,21.186291586862797,20.67497204457857,21.982072311703963,20.815846029924483,20.513522336695427,20.50000008882522,9014,2,412,12360.0,206.0,2025-04-23 17:55:00,2025-04-23 17:55:04,21.64134979248047,21.64134979248047,1
20.542341037211745,27.57948303222656,20.500000000002665,0.3618118680411961,0.0,0.0,,21.143161147819413,24.520170211791992,20.97291189084811,22.755505290081487,20.913655178929183,22.79542585513485,20.804476378479226,22.4535138275011,20.8563914936455,20.518584807571095,20.500000087949903,9005,2,413,12390.0,206.5,2025-04-23 17:55:30,2025-04-23 17:55:34,21.66847038269043,21.66847038269043,1
20.541978566948654,27.57948303222656,20.500000000002665,0.352926310050408,0.0,0.0,,21.173049785263885,24.520170211791992,20.98278021567852,22.75555981466436,20.934751808741378,22.79554537243434,20.858204997705794,22.453590428611417,20.87231388221077,20.516692714610155,20.50000008887077,9005,2,414,12420.0,207.0,2025-04-23 17:56:00,2025-04-23 17:56:04,23.671250343322757,23.671250343322757,2
20.54037426032326,26.623670883704797,20.500000000002665,0.3341658235047517,0.0,0.0,,21.195138805430446,24.128440856933597,20.98546224546043,22.24458464919318,20.901147571024612,22.795591415439134,20.88695626508715,22.064373661513333,20.846728767423873,20.524816159769404,20.50000009391718,9018,2,415,12450.0,207.5,2025-04-23 17:56:30,2025-04-23 17:56:34,21.1850643157959,21.1850643157959,1
20.538607560546865,26.32431754904548,20.500000000002665,0.3105462297197037,0.0,0.0,,21.21415908541376,24.128440856933597,20.987549280104524,22.24454961693366,20.890730688863414,22.795615019075093,20.904903191487872,22.064322716159754,20.83862628365804,20.52210334824547,20.500000094962395,9018,2,416,12480.0,208.0,2025-04-23 17:57:00,2025-04-23 17:57:04,21.23371315002441,21.23371315002441,1
20.53701817819291,26.323914378150945,20.500000000002665,0.29198997173002333,0.0,0.0,,21.230794609540673,24.128440856933597,20.989303067708686,22.244538007121676,20.886182002590317,22.79562934336304,20.917372349928108,22.064308333312447,20.835384999420796,20.519735542639904,20.500000095365458,9018,2,417,12510.0,208.5,2025-04-23 17:57:30,2025-04-23 17:57:34,21.25141143798828,21.25141143798828,1
20.535628095459167,26.323555900637928,20.500000000002665,0.27774940835109224,0.0,0.0,,21.245395311687226,24.128440856933597,20.990827157003988,22.244532859019372,20.883812320854386,22.79563900188138,20.92669858483223,22.064303021311098,20.833715904918364,20.517676846086275,20.50000009575755,9018,2,418,12540.0,209.0,2025-04-23 17:58:00,2025-04-23 17:58:04,21.20204734802246,21.20204734802246,1
20.532289354436227,25.161429060053838,20.500000000002665,0.24202959565582016,0.0,0.0,,21.235762756104332,24.022104263305664,20.990510869595486,22.162860703905423,20.875151412152892,22.5074176865726,20.89988400027064,21.94659800282964,20.822390726049516,20.525423481929465,20.5000001044422,9048,0,419,12570.0,209.5,2025-04-23 17:58:30,2025-04-23 17:58:34,21.085613250732425,21.085613250732425,1
20.52957210927207,24.32601690634481,20.500000000002665,0.21401149712830997,0.0,0.0,,21.225127028548034,24.022104263305664,20.99016610611936,22.162851351912437,20.871349422421563,22.260309850585593,20.87192594825754,21.94657707786209,20.81752323331849,20.52242105021839,20.500000106334312,9048,0,420,12600.0,210.0,2025-04-23 17:59:00,2025-04-23 17:59:04,21.142635345458984,21.142635345458984,1
20.52958419652519,25.42396354675293,20.500000000002665,0.23682205188290284,0.0,0.0,,21.22997566840234,23.601259231567383,20.98328755928254,21.88170685440008,20.84403023092518,22.046952862542607,20.843998155724957,21.898493057427856,20.81053442611625,20.5121863189991,20.5000000996127,9012,2,421,12630.0,210.5,2025-04-23 17:59:30,2025-04-23 17:59:34,21.13814163208008,21.13814163208008,1
20.528298752492756,25.42396354675293,20.500000000002665,0.2301830622377379,0.0,0.0,,21.23556263289601,23.601259231567383,20.976946656054,21.881677732874003,20.83240510176598,21.86174736127555,20.816820496184267,21.898480940839555,20.806915655312295,20.511147101937134,20.500000100935534,9012,2,422,12660.0,211.0,2025-04-23 18:00:00,2025-04-23 18:00:04,21.145830154418945,21.145830154418945,1
20.527151995413345,25.42396354675293,20.500000000002665,0.22479726556923335,0.0,0.0,,21.240754193735174,23.601259231567383,20.971313290570233,21.881664807385558,20.825608006274653,21.70031822915525,20.790823210363534,21.898475342713173,20.80452803775359,20.51023125281882,20.500000104381474,9012,2,423,12690.0,211.5,2025-04-23 18:00:30,2025-04-23 18:00:34,20.87698745727539,20.87698745727539,1
20.52613966845698,25.42396354675293,20.500000000002665,0.22057097962252523,0.0,0.0,,21.245417431554706,23.601259231567383,20.9663688933108,21.881657259920093,20.820992078987224,21.559166450847815,20.766249671547623,21.898471864406442,20.802736497078655,20.509429726351094,20.500000109242023,9012,2,424,12720.0,212.0,2025-04-23 18:01:00,2025-04-23 18:01:04,21.161191940307617,21.161191940307617,1
20.5242420014015,24.729230347523956,20.500000000002665,0.19441710439732143,0.0,0.0,,21.254544872126,23.61870574951172,20.962316310039444,21.96675601753033,20.825174903967334,21.435438785777595,20.74322167307854,21.908359625986762,20.8021736324193,20.51920252135537,20.500000121077917,9048,0,425,12750.0,212.5,2025-04-23 18:01:30,2025-04-23 18:01:34,20.98366928100586,20.98366928100586,1
20.522422242549727,24.148839074551297,20.500000000002665,0.172701419579009,0.0,0.0,,21.263079303330056,23.61870574951172,20.958785684749184,21.966760351254827,20.825579036111314,21.32677139336571,20.721781558951918,21.908359289605347,20.801352757826052,20.516983597953406,20.50000012394498,9048,0,426,12780.0,213.0,2025-04-23 18:02:00,2025-04-23 18:02:04,20.70272254943848,20.70272254943848,1
20.520495298083503,23.64059516205014,20.500000000002665,0.1524227617401091,0.0,0.0,,21.230448613782357,22.90950965881348,20.94462907868673,21.966760904911787,20.825155413768915,21.231180760796114,20.70191983713886,21.571896188376734,20.771205819121334,20.51505490114148,20.50000012545508,9048,0,427,12810.0,213.5,2025-04-23 18:02:30,2025-04-23 18:02:34,20.71937370300293,20.71937370300293,1
20.518983517215613,23.19699770132152,20.500000000002665,0.13757999047375896,0.0,0.0,,21.197900263824366,22.90950965881348,20.931679763084606,21.96676057248955,20.824519039963203,21.146985518839127,20.68359354733007,21.571839994008425,20.75875867858922,20.51337221023794,20.500000130114884,9048,0,428,12840.0,214.0,2025-04-23 18:03:00,2025-04-23 18:03:04,20.713621139526367,20.713621139526367,1
20.516340653883645,22.86090660095215,20.500000000002665,0.11399975756625023,0.0,0.0,,21.18029772256918,22.86090660095215,20.91941863383947,21.431205999322927,20.77606815611246,21.072748882297706,20.66673864115395,21.45213426976606,20.741391647628234,20.51190357104855,20.500000135045234,9048,0,429,12870.0,214.5,2025-04-23 18:03:30,2025-04-23 18:03:34,20.6657772064209,20.6657772064209,1
20.515090347921028,22.86090660095215,20.500000000002665,0.10327405120904025,0.0,0.0,,21.165769675602306,22.86090660095215,20.90859740618213,21.431154838305304,20.75616395598145,21.007235190557076,20.651278417306468,21.45210424422454,20.732479508869144,20.510620774377408,20.50000013765218,9048,0,430,12900.0,215.0,2025-04-23 18:04:00,2025-04-23 18:04:04,20.67603302001953,20.67603302001953,1
20.513894883326053,22.81817626953125,20.500000000002665,0.09359853095738388,0.0,0.0,,21.153187383261237,22.81817626953125,20.8984264849422,21.366532743944443,20.73897944554033,20.949376325158877,20.637129312132068,21.49292797651421,20.73019282669128,20.50950037441514,20.500000143168247,9048,0,431,12930.0,215.5,2025-04-23 18:04:30,2025-04-23 18:04:34,20.69087791442871,20.69087791442871,1
20.512966610519918,22.81817626953125,20.500000000002665,0.08676696624922757,0.0,0.0,,21.142191116080046,22.81817626953125,20.889469272282515,21.36651419233196,20.728972165464334,20.898245217510198,20.624204887813924,21.49292623098523,20.727236449107995,20.508521871422676,20.500000145451985,9048,0,432,12960.0,216.0,2025-04-23 18:05:00,2025-04-23 18:05:04,20.678926467895508,20.678926467895508,1
20.51210862018765,22.831228256225582,20.500000000002665,0.08069714183674206,0.0,0.0,,21.104874052208977,22.831228256225582,20.88179984942556,21.35313160870045,20.720821414191583,20.85303456951029,20.612418573218548,21.53094826686732,20.72783284198227,20.50766586920813,20.50000015052391,9048,0,433,12990.0,216.5,2025-04-23 18:05:30,2025-04-23 18:05:34,20.693613052368164,20.693613052368164,1
20.511361117366285,22.831228256225582,20.500000000002665,0.07589272541842922,0.0,0.0,,21.069387533225743,22.831228256225582,20.87506695660576,21.353122917208086,20.715081509320992,20.813039495349614,20.601685529868902,21.5309509324705,20.726815796433467,20.506914412411387,20.500000153276794,9048,0,434,13020.0,217.0,2025-04-23 18:06:00,2025-04-23 18:06:04,20.60376739501953,20.60376739501953,1
20.510716827805147,22.71074485778809,20.500000000002665,0.07216027074625728,0.0,0.0,,21.058513871940495,22.71074485778809,20.86726445543623,21.353116875479408,20.7106375609189,20.77764317602989,20.591923897510608,21.520560703887238,20.724634083170677,20.50625488934983,20.500000156749323,9048,0,435,13050.0,217.5,2025-04-23 18:06:30,2025-04-23 18:06:34,20.62118148803711,20.62118148803711,1
20.510165963738363,22.71074485778809,20.500000000002665,0.06953600299451414,0.0,0.0,,21.050823656418384,22.71074485778809,20.86030815592896,21.353112302718895,20.707042844189967,20.746304873636184,20.583055596122705,21.52055753830985,20.7230640414562,20.505677438038607,20.500000159883342,9048,0,436,13080.0,218.0,2025-04-23 18:07:00,2025-04-23 18:07:04,20.731861114501957,20.731861114501957,1
20.51407240354536,23.92765235900879,20.500000000002665,0.13226551538306086,0.0,0.0,,21.047466702549734,22.709917068481445,20.854145069525327,21.420525850105474,20.710075848178807,20.718549825894407,20.575006809250866,21.663939886898987,20.734314105964746,20.505170028851285,20.50000015432337,9020,1,437,13110.0,218.5,2025-04-23 18:07:30,2025-04-23 18:07:34,20.671287536621094,20.671287536621094,1
20.51396277798466,23.92765235900879,20.500000000002665,0.1328708542256615,0.0,0.0,,21.04489753783573,22.709917068481445,20.848708770293,21.420529308088426,20.70998830689777,20.6939606616632,20.5677082380986,21.663961850229285,20.738269510738945,20.50485196864703,20.500000155107422,9020,1,438,13140.0,219.0,2025-04-23 18:08:00,2025-04-23 18:08:04,20.607759475708008,20.607759475708008,1
20.513462478304817,23.596013148316697,20.500000000002665,0.12204842471436536,0.0,0.0,,21.048739089446666,22.62059593200684,20.842521096237682,21.42052960667839,20.709213198306042,20.672170062792702,20.56109519120881,22.134288895872647,20.78112105316705,20.510401239319183,20.50000016796026,9048,0,439,13170.0,219.5,2025-04-23 18:08:30,2025-04-23 18:08:34,21.13995742797852,21.13995742797852,1
20.512819440045877,23.2832793058793,20.500000000002665,0.11197295012050228,0.0,0.0,,21.05269755003141,22.62059593200684,20.83700218033381,21.420529138850597,20.708280755597976,20.652854458799077,20.5551075571968,22.13436910948358,20.79860085896272,20.509498261412055,20.5000001691444,9048,0,440,13200.0,220.0,2025-04-23 18:09:00,2025-04-23 18:09:04,20.99734306335449,20.99734306335449,1
20.512307026567324,22.9916572476994,20.500000000002665,0.10432281669527826,0.0,0.0,,21.0526060589535,22.89225959777832,20.836359398561175,21.487896078083637,20.713365327358474,20.635728585553387,20.54968969553648,21.950351470211412,20.792090962574626,20.508692581197085,20.500000175140762,9048,0,441,13230.0,220.5,2025-04-23 18:09:30,2025-04-23 18:09:34,20.766571044921875,20.766571044921875,1
20.511774562850228,22.89225959777832,20.500000000002665,0.09773328448438208,0.0,0.0,,21.052172993669913,22.89225959777832,20.83597277296295,21.48790176565511,20.714926962201567,20.62054077261281,20.544790271340524,21.95033592806499,20.792080616609297,20.50797157763193,20.500000178978567,9048,0,442,13260.0,221.0,2025-04-23 18:10:00,2025-04-23 18:10:04,20.656658172607425,20.656658172607425,1
20.51102696833814,22.66571807861328,20.500000000002665,0.08919529369795917,0.0,0.0,,21.0430414058022,22.66571807861328,20.832128783945144,21.487903815305604,20.715510769225133,20.60706884922931,20.540362053403822,21.549020027189645,20.758419491974237,20.5073244624832,20.500000178118917,9048,0,443,13290.0,221.5,2025-04-23 18:10:30,2025-04-23 18:10:34,20.678998947143555,20.678998947143555,1
20.510540564846114,22.66571807861328,20.500000000002665,0.08434127256641927,0.0,0.0,,21.034129403381332,22.66571807861328,20.828573803734407,21.487904752097027,20.71571681906612,20.59511657870143,20.536361689817678,21.54895582131647,20.74590854377288,20.506740658158463,20.500000181807415,9048,0,444,13320.0,222.0,2025-04-23 18:11:00,2025-04-23 18:11:04,20.966110229492188,20.966110229492188,1
20.510084372398037,22.61979866027832,20.500000000002665,0.08007239072282951,0.0,0.0,,21.023215866664277,22.61979866027832,20.824670174557202,21.487905235516003,20.715754954788686,20.58451054613042,20.532749471741734,21.513398543946327,20.73663764719904,20.506214615357234,20.50000018404215,9048,0,445,13350.0,222.5,2025-04-23 18:11:30,2025-04-23 18:11:34,20.61642265319824,20.61642265319824,1
20.509695775888233,22.61979866027832,20.500000000002665,0.07683269551863221,0.0,0.0,,21.01327530860235,22.61979866027832,20.821180126415005,21.487905500385303,20.71571537392423,20.57509743688447,20.529489093112964,21.51338301380014,20.73155396210738,20.505740688617383,20.500000177227648,9048,0,446,13380.0,223.0,2025-04-23 18:12:00,2025-04-23 18:12:04,20.98810577392578,20.98810577392578,1
20.51681365720083,25.26168632507324,20.500000000002665,0.18249466972106157,0.0,0.0,,21.022008275642605,22.82157516479492,20.8212396801488,21.993161689138244,20.76072242989258,20.56674165293102,20.526547411943106,22.227395872444486,20.79044455396009,20.50543747982638,20.50000016440089,9020,1,447,13410.0,223.5,2025-04-23 18:12:30,2025-04-23 18:12:34,21.121315002441406,21.121315002441406,1
20.51707452403352,25.26168632507324,20.500000000002665,0.18393325618614764,0.0,0.0,,21.031356919422926,22.82157516479492,20.821426463661588,21.993209494121533,20.778816812192236,20.559323222222645,20.523894217240173,22.227507949517786,20.812827259066214,20.505218975985226,20.500000166081566,9020,1,448,13440.0,224.0,2025-04-23 18:13:00,2025-04-23 18:13:04,20.95491981506348,20.95491981506348,1
20.515442120038045,24.66400202757572,20.500000000002665,0.1567171067456027,0.0,0.0,,21.03668391194745,22.468839645385746,20.816110609681633,21.821788853914146,20.773661460832116,20.55273596292121,20.521502004362116,21.76164296244,20.783561527672607,20.512799820966467,20.500000178093984,9048,0,449,13470.0,224.5,2025-04-23 18:13:30,2025-04-23 18:13:34,20.509552001953125,20.509552001953125,1
20.514528460518832,24.123884128639837,20.500000000002665,0.1391048547681521,0.0,0.0,,21.0411327635118,22.468839645385746,20.81117546730837,21.821783971369033,20.774167907218736,20.54688586971808,20.519345760678764,21.761584139001243,20.774581358326518,20.511492820028813,20.50000017853405,9048,0,450,13500.0,225.0,2025-04-23 18:14:00,2025-04-23 18:14:04,20.784996032714844,20.784996032714844,1
20.513737518228314,23.640422938132282,20.500000000002665,0.12539250699661797,0.0,0.0,,21.044989991290056,22.468839645385746,20.806761134840947,21.821784553824404,20.77551554789637,20.541689694086507,20.517402762713285,21.761567998689245,20.771166260645135,20.51033986892146,20.500000175188553,9048,0,451,13530.0,225.5,2025-04-23 18:14:30,2025-04-23 18:14:34,21.33988380432129,21.33988380432129,1
20.51304407507949,23.211595090433736,20.500000000002665,0.11468663787642518,0.0,0.0,,21.048353712841237,22.468839645385746,20.80286145205802,21.82178601670546,20.77691361507097,20.537073694152962,20.515652385403552,21.761562312457084,20.76950812046616,20.509323226042152,20.500000174528772,9048,0,452,13560.0,226.0,2025-04-23 18:15:00,2025-04-23 18:15:04,20.4642333984375,20.4642333984375,1
20.515772225065664,24.10713195800781,20.500000000002665,0.15304040644794764,0.0,0.0,,21.04511654307951,22.42976760864257,20.798819650682933,21.76427527242417,20.7730652070552,20.53297253313713,20.5140759237277,21.244371249652293,20.723375043902767,20.507605972846964,20.500000156158276,9019,1,453,13590.0,226.5,2025-04-23 18:15:30,2025-04-23 18:15:34,20.87925720214844,20.87925720214844,1
20.515496821868677,24.10713195800781,20.500000000002665,0.14996896613560645,0.0,0.0,,21.04165946400822,22.42976760864257,20.795236539879635,21.764271160405404,20.772132405193716,20.529328308086598,20.512656426645382,21.244284828982877,20.70460849973316,20.506999732632796,20.50000015381808,9019,1,454,13620.0,227.0,2025-04-23 18:16:00,2025-04-23 18:16:04,20.698789596557617,20.698789596557617,1
20.518653302812094,23.98374366760254,20.500000000002665,0.17398898171466678,0.0,0.0,,21.034810988579896,22.911550521850582,20.83063963701788,21.631619853072117,20.760125953211315,20.526089693005922,20.51137854309382,21.782080051874676,20.74129795958868,20.51260239837009,20.500000152448628,9020,1,455,13650.0,227.5,2025-04-23 18:16:30,2025-04-23 18:16:34,20.80742454528809,20.80742454528809,1
20.51819078680978,23.98374366760254,20.500000000002665,0.16608782298675825,0.0,0.0,,21.028394968397002,22.911550521850582,20.859730731270524,21.631606998197523,20.755446526740247,20.523211182519372,20.510228379629034,21.78215266480083,20.753198223204617,20.511500857439568,20.500000151316122,9020,1,456,13680.0,228.0,2025-04-23 18:17:00,2025-04-23 18:17:04,20.87415313720703,20.87415313720703,1
20.520991209195437,24.11259078979492,20.500000000002665,0.1851239506362025,0.0,0.0,,21.02382502040238,22.911550521850582,20.87131056423266,21.63160168587672,20.75295152065949,20.520652423961028,20.509193369202343,21.733975679123226,20.753917972447077,20.516220481416617,20.500000148536515,9017,1,457,13710.0,228.5,2025-04-23 18:17:30,2025-04-23 18:17:34,20.75886344909668,20.75886344909668,1
20.520337415123727,24.11259078979492,20.500000000002665,0.175501227043095,0.0,0.0,,21.01989608276427,22.911550521850582,20.883400789165833,21.631598800199964,20.751395903757903,20.518377627304798,20.508262150497576,21.733975825934344,20.75485858571932,20.514831699916122,20.50000014645231,9017,1,458,13740.0,229.0,2025-04-23 18:18:00,2025-04-23 18:18:04,20.793346405029297,20.793346405029297,1
20.519667432001558,24.11259078979492,20.500000000002665,0.16769895741653434,0.0,0.0,,21.01645738844281,22.911550521850582,20.89428088884494,21.63159697651332,20.750328052486026,20.516355043660898,20.507424457217297,21.733977162342065,20.755648341581324,20.513584390807928,20.500000143914782,9017,1,459,13770.0,229.5,2025-04-23 18:18:30,2025-04-23 18:18:34,21.15256690979004,21.15256690979004,1
20.519039161425532,24.11259078979492,20.500000000002665,0.1614975359760802,0.0,0.0,,21.013437182000583,22.911550521850582,20.903785543334173,21.63159571465364,20.749543754753745,20.514556504207842,20.506671016689577,21.733978384922146,20.75627436296665,20.512465437028823,20.500000141398175,9017,1,460,13800.0,230.0,2025-04-23 18:19:00,2025-04-23 18:19:04,20.97343063354492,20.97343063354492,1
20.52399851078614,26.04867172241211,20.500000000002665,0.22371934918098593,0.0,0.0,,21.010516905481442,22.316259384155277,20.90234416943818,21.79498318270002,20.763516898020715,20.512957012422643,20.50599345716653,21.233517953389473,20.71309279801659,20.517653850093218,20.50000014145282,9019,1,461,13830.0,230.5,2025-04-23 18:19:30,2025-04-23 18:19:34,20.40214157104492,20.40214157104492,1
20.523485633612818,26.04867172241211,20.500000000002665,0.21816099920257717,0.0,0.0,,21.007919937213856,22.316259384155277,20.899701805577664,21.794997909981966,20.76891281102301,20.51153438333835,20.5053842231959,21.233436603516537,20.69599717211707,20.516357227738098,20.500000137551865,9019,1,462,13860.0,231.0,2025-04-23 18:20:00,2025-04-23 18:20:04,21.309762954711918,21.309762954711918,1
20.52559790325643,25.489878001997866,20.500000000002665,0.2200914686316182,0.0,0.0,,20.99824521808177,22.562896728515625,20.90010844238182,21.79500386049829,20.77182514925985,20.51026892431532,20.504836498464776,21.551588969531092,20.714670313847837,20.522461623313347,20.500000135776254,9019,1,463,13890.0,231.5,2025-04-23 18:20:30,2025-04-23 18:20:34,20.601036071777344,20.601036071777344,1
20.52448798522458,24.95614753574177,20.500000000002665,0.20330507296877084,0.0,0.0,,20.98901602412246,22.562896728515625,20.899605308235042,21.795007071863743,20.7736820288803,20.509143152473886,20.50434413553873,21.551627286459425,20.719770985531223,20.520557597419806,20.50000013410534,9019,1,464,13920.0,232.0,2025-04-23 18:21:00,2025-04-23 18:21:04,20.467023849487305,20.467023849487305,1
20.52340979073889,24.45635098480479,20.500000000002665,0.18967471611254705,0.0,0.0,,20.980752912392354,22.562896728515625,20.898209013616317,21.79500910975512,20.774988807945235,20.508141544516274,20.5039015919482,21.551636892288876,20.72126283818566,20.518838079229468,20.500000129890275,9019,1,465,13950.0,232.5,2025-04-23 18:21:30,2025-04-23 18:21:34,20.51255226135254,20.51255226135254,1
20.522414343140657,23.996287882730606,20.500000000002665,0.17868013340674493,0.0,0.0,,20.973442647774444,22.562896728515625,20.89602773310949,21.795010533450814,20.775971261199782,20.507250315172747,20.50350387210508,21.551639648270918,20.721699163018673,20.51728765649433,20.500000125113154,9019,1,466,13980.0,233.0,2025-04-23 18:22:00,2025-04-23 18:22:04,20.591264724731445,20.591264724731445,1
20.52047025359599,23.578647949071655,20.500000000002665,0.15785016753735132,0.0,0.0,,20.957286942820208,22.402145385742188,20.89068376456484,21.642408010716608,20.758234370963436,20.50645722095393,20.503146474564165,21.39374838655228,20.70801614328687,20.521776226647045,20.50000013320775,9048,0,467,14010.0,233.5,2025-04-23 18:22:30,2025-04-23 18:22:34,20.57864761352539,20.57864761352539,1
20.518787249167943,23.211117467907457,20.500000000002665,0.14044567780962788,0.0,0.0,,20.942132085586717,22.402145385742188,20.88500375857425,21.509987355550034,20.740303657622615,20.50575138628198,20.502825344176646,21.393722800493183,20.70247624641812,20.519834814659585,20.50000012785906,9048,0,468,14040.0,234.0,2025-04-23 18:23:00,2025-04-23 18:23:04,20.53619384765625,20.53619384765625,1
20.51724899074296,22.92719585565664,20.500000000002665,0.12532587172078732,0.0,0.0,,20.928613014866656,22.35809326171875,20.878486245632544,21.394445582693024,20.722664119629705,20.505123149417937,20.502536828714494,21.370172920983496,20.697387327408407,20.51807575487698,20.50000012637245,9048,0,469,14070.0,234.5,2025-04-23 18:23:30,2025-04-23 18:23:34,20.535961151123047,20.535961151123047,1
20.515870393388912,22.66520523582048,20.500000000002665,0.11233414269371933,0.0,0.0,,20.916667248604572,22.35809326171875,20.871972314759645,21.29320744888905,20.705628158890352,20.50456392590475,20.50227763957551,21.37016454870875,20.694505401621388,20.51648187433734,20.500000121883602,9048,0,470,14100.0,235.0,2025-04-23 18:24:00,2025-04-23 18:24:04,20.55492782592773,20.55492782592773,1
20.514630760827878,22.425816727934112,20.500000000002665,0.10115310288993234,0.0,0.0,,20.90614170341459,22.38895606994629,20.866030514331925,21.20421127894559,20.689384825616383,20.504066087513017,20.50204481620749,21.377720859459885,20.693157279775157,20.51503768768628,20.500000118642113,9048,0,471,14130.0,235.5,2025-04-23 18:24:30,2025-04-23 18:24:34,20.56016540527344,20.56016540527344,1
20.513503239963327,22.38895606994629,20.500000000002665,0.09140764718599621,0.0,0.0,,20.896873452966265,22.38895606994629,20.860193854283136,21.12577426681512,20.674040328913918,20.50362285491018,20.50183569391703,21.37771927925337,20.691871627535193,20.513729113497764,20.50000011457717,9048,0,472,14160.0,236.0,2025-04-23 18:25:00,2025-04-23 18:25:04,20.57366943359375,20.57366943359375,1
20.51250733739148,22.41621398925781,20.500000000002665,0.08321760472208431,0.0,0.0,,20.87429920527896,22.41621398925781,20.85490972899763,21.05650078528574,20.659645358185216,20.503228202481345,20.50164787475619,21.45606268815732,20.697598766657986,20.51254238491452,20.500000112431366,9048,0,473,14190.0,236.5,2025-04-23 18:25:30,2025-04-23 18:25:34,20.56825256347656,20.56825256347656,1
20.511555852801603,22.41621398925781,20.500000000002665,0.0757179342140282,0.0,0.0,,20.84665778305747,22.41621398925781,20.849747288645545,20.99521819384603,20.646213391221206,20.50287677391194,20.50147920120531,21.456074093262615,20.69939763577283,20.51146389477999,20.500000107921,9048,0,474,14220.0,237.0,2025-04-23 18:26:00,2025-04-23 18:26:04,20.565614700317383,20.565614700317383,1
20.510686025103826,22.41621398925781,20.500000000002665,0.06919604767639302,0.0,0.0,,20.81948309117842,22.41621398925781,20.844718994736212,20.94093074081267,20.63373307600694,20.502563807303797,20.501327732394216,21.45607741256307,20.700079203225723,20.51048342826459,20.500000101834946,9048,0,475,14250.0,237.5,2025-04-23 18:26:30,2025-04-23 18:26:34,20.51786994934082,20.51786994934082,1
20.50989322985193,22.41621398925781,20.500000000002665,0.06355252205513119,0.0,0.0,,20.793667864197364,22.41621398925781,20.83984472912849,20.8927856364696,20.622176702268234,20.50228506873754,20.501191722626327,21.45607865661868,20.700393079134926,20.5095918266483,20.50000009888363,9048,0,476,14280.0,238.0,2025-04-23 18:27:00,2025-04-23 18:27:04,20.463010787963867,20.463010787963867,1
20.509077604969484,22.333755493164062,20.500000000002665,0.05742667164038687,0.0,0.0,,20.769450488322146,22.333755493164062,20.83385590759604,20.85004749080664,20.611506060882572,20.502036793319707,20.501069601990345,21.309448915075862,20.68776607050489,20.508780243506045,20.500000096355272,9048,0,477,14310.0,238.5,2025-04-23 18:27:30,2025-04-23 18:27:34,20.54634094238281,20.54634094238281,1
20.50840434072347,22.333755493164062,20.500000000002665,0.05304213034867544,0.0,0.0,,20.746883649717876,22.333755493164062,20.82815023404835,20.81207862625759,20.601676532404998,20.501815632864016,20.500959958862673,21.309425206559943,20.68274385357516,20.508040523082794,20.500000093330737,9048,0,478,14340.0,239.0,2025-04-23 18:28:00,2025-04-23 18:28:04,20.585731506347656,20.585731506347656,1
20.507887918966127,22.46808624267578,20.500000000002665,0.050822082388452115,0.0,0.0,,20.72594894912325,22.46808624267578,20.8248686157896,20.778323608041685,20.59263995674167,20.50161860945359,20.50086152412154,21.443865408113794,20.691785291127587,20.507367129728355,20.50000008927147,9048,0,479,14370.0,239.5,2025-04-23 18:28:30,2025-04-23 18:28:34,20.54834747314453,20.54834747314453,1
20.507352134019104,22.46808624267578,20.500000000002665,0.04787200550055875,0.0,0.0,,20.70659369188738,22.46808624267578,20.8217621603593,20.74829686846128,20.584346651636338,20.501443074217093,20.500773156909712,21.443883415619137,20.694688569113907,20.50675507908273,20.500000086302837,9048,0,480,14400.0,240.0,2025-04-23 18:29:00,2025-04-23 18:29:04,20.57161521911621,20.57161521911621,1
20.506838508045945,22.464784622192383,20.500000000002665,0.04497060106447611,0.0,0.0,,20.688746494172005,22.464784622192383,20.818715282825597,20.72157264896903,20.576746828758473,20.50128667072875,20.50069383179708,21.40489703827462,20.692465720820596,20.50619833786848,20.5000000837246,9048,0,481,14430.0,240.5,2025-04-23 18:29:30,2025-04-23 18:29:36,20.559797286987305,20.559797286987305,1
20.506387420491684,22.464784622192383,20.500000000002665,0.04279360731312682,0.0,0.0,,20.672325682449724,22.464784622192383,20.815773796245225,20.697776713509946,20.569791578482366,20.50114730250928,20.50062262720873,21.404892621971758,20.69171674304782,20.505691501113713,20.500000079859355,9048,0,482,14460.0,241.0,2025-04-23 18:30:00,2025-04-23 18:30:04,20.51779556274414,20.51779556274414,1
20.505966247248082,22.40256118774414,20.500000000002665,0.04063395408982834,0.0,0.0,,20.65724450495897,22.40256118774414,20.811973134147973,20.676579440902778,20.563433542898792,20.50102310416426,20.50055871499622,21.39630785400406,20.69062097664655,20.50523009540773,20.500000077058004,9048,0,483,14490.0,241.5,2025-04-23 18:30:30,2025-04-23 18:30:34,20.506086349487305,20.506086349487305,1
20.50559118867704,22.40256118774414,20.500000000002665,0.03906398199232556,0.0,0.0,,20.643414582065777,22.40256118774414,20.80836465632319,20.657690009323854,20.557627361858685,20.500912415749895,20.50050135104142,21.39630595383701,20.690106079421295,20.50481000139551,20.500000073357455,9048,0,484,14520.0,242.0,2025-04-23 18:31:00,2025-04-23 18:31:04,20.43985939025879,20.43985939025879,1
20.505185564116164,22.355506896972656,20.500000000002665,0.03645907749342223,0.0,0.0,,20.630748241566888,22.355506896972656,20.80424541190224,20.640851459036465,20.55232995305242,20.5008137600021,20.500449866793396,21.293036277605275,20.680772457171237,20.504427140202356,20.500000072419652,9048,0,485,14550.0,242.5,2025-04-23 18:31:30,2025-04-23 18:31:34,20.55817031860352,20.55817031860352,1
20.504864735066135,22.355506896972656,20.500000000002665,0.03522752089194443,0.0,0.0,,20.619160096381695,22.355506896972656,20.800406518335237,20.625836471087343,20.547500670561895,20.500725822107025,20.500403661647177,21.29301889636735,20.67692655415719,20.504077654326963,20.500000068851016,9048,0,486,14580.0,243.0,2025-04-23 18:32:00,2025-04-23 18:32:04,20.554418563842773,20.554418563842773,1
20.504654254229845,22.458086013793945,20.500000000002665,0.03601353658658685,0.0,0.0,,20.608568089018338,22.458086013793945,20.798460522281474,20.61244373671395,20.543101374608543,20.500647431726794,20.500362196082794,21.409372058090028,20.68495028269048,20.503759376145812,20.500000066516137,9048,0,487,14610.0,243.5,2025-04-23 18:32:30,2025-04-23 18:32:34,20.574302673339844,20.574302673339844,1
20.504406596602067,22.458086013793945,20.500000000002665,0.03539154955194667,0.0,0.0,,20.59889415400233,22.458086013793945,20.796674579655534,20.60049481922958,20.5390964368084,20.50057754702744,20.500324985489588,21.409387948012725,20.687565581697488,20.503470357202037,20.50000006362302,9048,0,488,14640.0,244.0,2025-04-23 18:33:00,2025-04-23 18:33:04,20.531681060791016,20.531681060791016,1
20.504178545373087,22.458086013793945,20.500000000002665,0.03484961255156325,0.0,0.0,,20.590064604366134,22.458086013793945,20.79498791304387,20.589831430207465,20.535452699123447,20.500515240484276,20.500291594608612,21.40939259086998,20.688652740524315,20.503207659011856,20.500000061313425,9048,0,489,14670.0,244.5,2025-04-23 18:33:30,2025-04-23 18:33:34,20.54652214050293,20.54652214050293,1
20.503970296956307,22.458086013793945,20.500000000002665,0.034395909444912116,0.0,0.0,,20.582010318576245,22.458086013793945,20.793383836269836,20.580313056906505,20.53213940018362,20.50045968626556,20.500261632532226,21.409394393327084,20.689232305557184,20.502968716668395,20.500000059426718,9048,0,490,14700.0,245.0,2025-04-23 18:34:00,2025-04-23 18:34:04,20.64713478088379,20.64713478088379,1
20.503864490437696,22.56441307067871,20.500000000002665,0.03614238549917635,0.0,0.0,,20.574666783815765,22.56441307067871,20.793518444458833,20.571814889462665,20.529128079289148,20.50041014901742,20.500234748205962,21.534667830729262,20.70053871829096,20.502751795648546,20.500000057399483,9048,0,491,14730.0,245.5,2025-04-23 18:34:30,2025-04-23 18:34:34,20.61341667175293,20.61341667175293,1
20.503706771915912,22.56441307067871,20.500000000002665,0.03602772758071336,0.0,0.0,,20.567974037025767,22.56441307067871,20.793608268538843,20.564226005370323,20.526392465870668,20.500365973893633,20.50021062638303,21.534688974735374,20.705186771080054,20.502555550064606,20.500000055813885,9048,0,492,14760.0,246.0,2025-04-23 18:35:00,2025-04-23 18:35:04,20.56658363342285,20.56658363342285,1
20.503506138529872,22.47728538513184,20.500000000002665,0.03446064956267829,0.0,0.0,,20.56187653456736,22.47728538513184,20.79225005916199,20.557447775870973,20.523908360263132,20.50032657769097,20.500188983986778,21.458107879893856,20.701066474357575,20.50237735961193,20.50000005440713,9048,0,493,14790.0,246.5,2025-04-23 18:35:30,2025-04-23 18:35:34,20.652603149414062,20.652603149414062,1
20.50336145498535,22.47728538513184,20.500000000002665,0.03421006619564931,0.0,0.0,,20.556322973571504,22.47728538513184,20.790907871981556,20.5513924645274,20.521653510183864,20.500291440966777,20.500169566840814,21.458099225339588,20.700126062394254,20.502214890618134,20.50000005204821,9048,0,494,14820.0,247.0,2025-04-23 18:36:00,2025-04-23 18:36:04,20.649093627929688,20.649093627929688,1
20.503273033510787,22.50953483581543,20.500000000002665,0.03505913720931014,0.0,0.0,,20.551266082213683,22.50953483581543,20.790135448978283,20.54598199283457,20.519607486180504,20.500260101028896,20.500152146729743,21.52382621072132,20.705733062360924,20.502067109362407,20.500000050629506,9048,0,495,14850.0,247.5,2025-04-23 18:36:30,2025-04-23 18:36:34,20.63197326660156,20.63197326660156,1
20.503162429020215,22.50953483581543,20.500000000002665,0.03500025495508067,0.0,0.0,,20.54666239176006,22.50953483581543,20.78940551137354,20.5411468514518,20.517751558449785,20.50023214570129,20.500136518757493,21.52383666394817,20.70811264341659,20.50193312105184,20.500000047574808,9048,0,496,14880.0,248.0,2025-04-23 18:37:00,2025-04-23 18:37:04,20.637357711791992,20.637357711791992,1
20.503082117997668,22.51581382751465,20.500000000002665,0.03546688973265155,0.0,0.0,,20.542471999896456,22.51581382751465,20.788804286406364,20.53682513871964,20.516068576761523,20.500207207778352,20.500122498973475,21.56063763222148,20.712691882029944,20.501811601568992,20.50000004578134,9048,0,497,14910.0,248.5,2025-04-23 18:37:30,2025-04-23 18:37:34,20.6406192779541,20.6406192779541,1
20.502992108448158,22.51581382751465,20.500000000002665,0.035445653396892325,0.0,0.0,,20.538658332303708,22.51581382751465,20.78822463794434,20.532961710684724,20.51454285470868,20.500184960091836,20.500109922239165,21.56064569311699,20.714936392462082,20.501701461709736,20.500000043277836,9048,0,498,14940.0,249.0,2025-04-23 18:38:00,2025-04-23 18:38:04,20.56422996520996,20.56422996520996,1
20.502777781218118,22.389610290527344,20.500000000002665,0.032085442177732994,0.0,0.0,,20.535187907500813,22.389610290527344,20.785694913970648,20.529507429003033,20.513160059109257,20.50016511112208,20.500098640311325,21.357347799393658,20.698626144681604,20.501600701729714,20.500000041428823,9048,0,499,14970.0,249.5,2025-04-23 18:38:30,2025-04-23 18:38:34,20.533203125,20.533203125,1
20.502678966774084,22.389610290527344,20.500000000002665,0.031772570134187716,0.0,0.0,,20.53203010850974,22.389610290527344,20.78333317763805,20.526418494903673,20.511907105082837,20.500147401092956,20.50008852011959,21.35731651492868,20.692579850649736,20.50150731254189,20.50000003965006,9048,0,500,15000.0,250.0,2025-04-23 18:39:00,2025-04-23 18:39:04,20.52975273132324,20.52975273132324,1
20.50261179049946,22.401952743530277,20.500000000002665,0.03199821920077877,0.0,0.0,,20.52915696378023,22.401952743530277,20.781385483021563,20.523655858934212,20.51077205709296,20.50013159849712,20.50007944221894,21.384715968704995,20.691985471536015,20.501421425668397,20.500000037329315,9048,0,501,15030.0,250.5,2025-04-23 18:39:30,2025-04-23 18:39:34,20.579805374145508,20.579805374145508,1
20.502539771056302,22.401952743530277,20.500000000002665,0.031897420818861995,0.0,0.0,,20.526542938961736,22.401952743530277,20.77964252451981,20.521184697523047,20.509744036072266,20.500117497003895,20.50007129939965,21.384715770992035,20.69107630364201,20.501342929742837,20.500000036356088,9048,0,502,15060.0,251.0,2025-04-23 18:40:00,2025-04-23 18:40:04,20.5535945892334,20.5535945892334,1
20.502481316987144,22.454822540283203,20.500000000002665,0.03211727931928766,0.0,0.0,,20.524164740456236,22.454822540283203,20.778906445067996,20.51897394852225,20.508813132615757,20.50010491270703,20.500063995438783,21.38727854965774,20.690470103292167,20.501271256252966,20.5000000345125,9048,0,503,15090.0,251.5,2025-04-23 18:40:30,2025-04-23 18:40:34,20.56190490722656,20.56190490722656,1
20.502423658063165,22.454822540283203,20.500000000002665,0.03208120483710514,0.0,0.0,,20.522001131194667,22.454822540283203,20.778269749353754,20.516995898865495,20.50797032613112,20.500093681675168,20.50005744397872,21.38727778417535,20.68986089051003,20.501205866535415,20.50000003295692,9048,0,504,15120.0,252.0,2025-04-23 18:41:00,2025-04-23 18:41:04,20.62519073486328,20.62519073486328,1
20.502383376106255,22.44475555419922,20.500000000002665,0.03229373808510762,0.0,0.0,,20.520032758721943,22.44475555419922,20.777535397891192,20.515225818316324,20.507207409765396,20.500083657771317,20.500051567519645,21.410072982110016,20.691318608938438,20.501146319149246,20.500000031547174,9048,0,505,15150.0,252.5,2025-04-23 18:41:30,2025-04-23 18:41:34,20.560665130615234,20.560665130615234,1
20.502337546469512,22.44475555419922,20.500000000002665,0.032282055967015284,0.0,0.0,,20.518241995428266,22.44475555419922,20.77685785829643,20.5136416340109,20.506516920878624,20.500074710711683,20.500046296514512,21.410075987592794,20.691665766353715,20.501092221579004,20.500000029956652,9048,0,506,15180.0,253.0,2025-04-23 18:42:00,2025-04-23 18:42:04,20.633174896240234,20.633174896240234,1
20.50231710666121,22.373722076416016,20.500000000002665,0.032584444982021614,0.0,0.0,,20.516612790591843,22.373722076416016,20.775126598924736,20.512223641134344,20.505892076802112,20.50006672433721,20.50004156855599,21.460831079933467,20.696146755834036,20.501043193431897,20.500000028573893,9048,0,507,15210.0,253.5,2025-04-23 18:42:30,2025-04-23 18:42:34,20.519981384277344,20.519981384277344,1
20.502280948289574,22.373722076416016,20.500000000002665,0.032572103282786334,0.0,0.0,,20.515130533772027,22.373722076416016,20.773529662162364,20.510954245621804,20.505326715599868,20.50005959507488,20.5000373276465,21.460839558013838,20.697889945652204,20.500998934380014,20.500000027966532,9048,0,508,15240.0,254.0,2025-04-23 18:43:00,2025-04-23 18:43:04,20.550800323486328,20.550800323486328,1
20.50220774687314,22.43279457092285,20.500000000002665,0.031802959602708826,0.0,0.0,,20.513781929001702,22.43279457092285,20.77301445892943,20.509817735260302,20.504815241541085,20.500053230567314,20.50003352354309,21.382985069215312,20.691997734135956,20.500958496609606,20.500000026859826,9048,0,509,15270.0,254.5,2025-04-23 18:43:30,2025-04-23 18:43:34,20.617938995361328,20.617938995361328,1
20.502170622045764,22.43279457092285,20.500000000002665,0.031734868071820646,0.0,0.0,,20.512554879163954,22.43279457092285,20.77258444380527,20.508800075990337,20.504352574988342,20.50004754845236,20.500030111169167,21.38297371291456,20.689858469360036,20.500921075312647,20.500000025448095,9048,0,510,15300.0,255.0,2025-04-23 18:44:00,2025-04-23 18:44:04,20.64761734008789,20.64761734008789,1
20.502204994228148,22.489154815673828,20.500000000002665,0.03337700804872999,0.0,0.0,,20.511438379905094,22.489154815673828,20.7730809660184,20.50788873057757,20.503934106409822,20.50004247527624,20.50002705008627,21.48679523274214,20.697880681171988,20.500887065821626,20.500000024248603,9048,0,511,15330.0,255.5,2025-04-23 18:44:30,2025-04-23 18:44:34,20.65262031555176,20.65262031555176,1
20.502188082655202,22.489154815673828,20.500000000002665,0.03349067944468066,0.0,0.0,,20.510422422428046,22.489154815673828,20.77354502967846,20.507072497152457,20.50355565422923,20.500037945525513,20.500024304019682,21.4868106615632,20.700864461693264,20.50085686301006,20.50000002269904,9048,0,512,15360.0,256.0,2025-04-23 18:45:00,2025-04-23 18:45:04,20.65030860900879,20.65030860900879,1
20.5020758797705,22.361961364746097,20.500000000002665,0.031054760651442425,0.0,0.0,,20.509497904526167,22.361961364746097,20.771962746954426,20.50634136540168,20.5032134262379,20.50003390076466,20.500021840432517,21.347665951270535,20.690208315552788,20.500829284888646,20.500000021759867,9048,0,513,15390.0,256.5,2025-04-23 18:45:30,2025-04-23 18:45:34,20.52764320373535,20.52764320373535,1
20.50204174711817,22.361961364746097,20.500000000002665,0.03087921534209359,0.0,0.0,,20.508656549250013,22.361961364746097,20.77046642435607,20.50568638844896,20.502903984304258,20.50003028886789,20.50001963014277,21.347645438770563,20.68628543265402,20.50080315246947,20.500000020933406,9048,0,514,15420.0,257.0,2025-04-23 18:46:00,2025-04-23 18:46:04,20.65810203552246,20.65810203552246,1
20.502125982481672,22.500755310058597,20.500000000002665,0.03372982723820291,0.0,0.0,,20.507890830634928,22.500755310058597,20.771281113707843,20.505099568686294,20.502624212129394,20.50002706333475,20.50001764697938,21.515005970938432,20.69895831343716,20.500779383705257,20.500000020124183,9048,0,515,15450.0,257.5,2025-04-23 18:46:30,2025-04-23 18:46:34,20.65300750732422,20.65300750732422,1
20.502121936737954,22.500755310058597,20.500000000002665,0.03390687911202929,0.0,0.0,,20.507193905941826,22.500755310058597,20.772083195729174,20.504573756012533,20.502371285810927,20.50002418268026,20.50001586747322,21.515030426397207,20.703595357395272,20.50075891665508,20.500000019226867,9048,0,516,15480.0,258.0,2025-04-23 18:47:00,2025-04-23 18:47:04,20.542356491088867,20.542356491088867,1
20.502029260277798,22.448972702026367,20.500000000002665,0.03190035023923502,0.0,0.0,,20.506559553885705,22.448972702026367,20.771996087448684,20.504102557111302,20.502142646991363,20.500021609891526,20.500014270579346,21.378262056837077,20.69392879624274,20.500740450953685,20.500000018175907,9048,0,517,15510.0,258.5,2025-04-23 18:47:30,2025-04-23 18:47:34,20.58870506286621,20.58870506286621,1
20.502006412334243,22.448972702026367,20.500000000002665,0.0317978493763842,0.0,0.0,,20.505982118342757,22.448972702026367,20.77187725603082,20.503680254553334,20.501935978381734,20.500019311943674,20.500012837427843,21.378243156607848,20.690564443947682,20.500722807101976,20.500000017429436,9048,0,518,15540.0,259.0,2025-04-23 18:48:00,2025-04-23 18:48:04,20.648117065429688,20.648117065429688,1
20.50206462535012,22.47445678710937,20.500000000002665,0.0335705078939452,0.0,0.0,,20.505456457062298,22.47445678710937,20.77215167190278,20.503301734644666,20.501749181464756,20.500017259368015,20.500011551099984,21.504199438431566,20.700006670320146,20.50070676567921,20.50000001666357,9048,0,519,15570.0,259.5,2025-04-23 18:48:30,2025-04-23 18:48:34,20.623682022094727,20.623682022094727,1
20.502062213818235,22.47445678710937,20.500000000002665,0.033684229577242486,0.0,0.0,,20.50497789496098,22.47445678710937,20.772400720372172,20.5029624230625,20.50158035619585,20.500015425867723,20.50001039642724,21.504217655861034,20.703487310714515,20.500693048238745,20.5000000158522,9048,0,520,15600.0,260.0,2025-04-23 18:49:00,2025-04-23 18:49:04,20.67305564880371,20.67305564880371,1
20.50208250522139,22.48327255249023,20.500000000002665,0.03437669915260822,0.0,0.0,,20.50454218162137,22.48327255249023,20.772754309672198,20.50265822742742,20.501427782532936,20.50001378797483,20.500009359810797,21.546901125218028,20.708935758967826,20.50068122034497,20.50000001515089,9048,0,521,15630.0,260.5,2025-04-23 18:49:30,2025-04-23 18:49:34,20.669321060180664,20.669321060180664,1
20.50208082238725,22.48327255249023,20.500000000002665,0.034456293997790995,0.0,0.0,,20.50414545263613,22.48327255249023,20.773065923441372,20.50238548605494,20.50128990363921,20.500012324744805,20.500008429059843,21.546910799733357,20.71151453266405,20.50067106946117,20.500000014380973,9048,0,522,15660.0,261.0,2025-04-23 18:50:00,2025-04-23 18:50:04,20.579988479614254,20.579988479614254,1
20.501993578894886,22.422412872314453,20.500000000002665,0.032365753754034395,0.0,0.0,,20.50378419445503,22.422412872314453,20.772385715852973,20.50214092221328,20.501165310614148,20.500011017483853,20.500007593246334,21.412893118910308,20.701411739517354,20.500661670397953,20.500000013451555,9048,0,523,15690.0,261.5,2025-04-23 18:50:30,2025-04-23 18:50:34,20.674360275268555,20.674360275268555,1
20.50197583888858,22.422412872314453,20.500000000002665,0.032229744068133864,0.0,0.0,,20.50345521241806,22.422412872314453,20.771738695381984,20.50192160328892,20.50105272862014,20.500009849506313,20.50000684257463,21.412873486320798,20.69788075551014,20.50065213273985,20.500000012747144,9048,0,524,15720.0,262.0,2025-04-23 18:51:00,2025-04-23 18:51:04,20.561298370361328,20.561298370361328,1
20.501958300210976,22.42360496520996,20.500000000002665,0.03205552459284485,0.0,0.0,,20.503155601688718,22.42360496520996,20.77117333875641,20.50172490432696,20.500951004282232,20.50000880591804,20.5000061682644,21.404190525002434,20.695502642193773,20.500642868792713,20.500000012179306,9048,0,525,15750.0,262.5,2025-04-23 18:51:30,2025-04-23 18:51:34,20.54880714416504,20.54880714416504,1
20.501947142076176,22.42360496520996,20.500000000002665,0.03200662064189388,0.0,0.0,,20.50288272082966,22.42360496520996,20.77067251691199,20.501548475472614,20.500859094248163,20.50000787342315,20.500005562445672,21.404186507997096,20.69424630833977,20.500634079027584,20.5000000117023,9048,0,526,15780.0,263.0,2025-04-23 18:52:00,2025-04-23 18:52:04,20.622089385986328,20.622089385986328,1
20.501955720606095,22.395654678344727,20.500000000002665,0.032316112430113876,0.0,0.0,,20.50263416778326,22.395654678344727,20.769794455743526,20.501390212891557,20.500776054805936,20.500007040151928,20.500005018064783,21.440511153243605,20.69659317397134,20.500625994651855,20.500000011256173,9048,0,527,15810.0,263.5,2025-04-23 18:52:30,2025-04-23 18:52:34,20.556406021118164,20.556406021118164,1
20.5019498410454,22.395654678344727,20.500000000002665,0.03230916614995955,0.0,0.0,,20.50240775803648,22.395654678344727,20.769001142045497,20.50124823279319,20.50070103246392,20.500006295507355,20.500004528799998,21.44051587663663,20.69725407184794,20.50061877488214,20.500000010755933,9048,0,528,15840.0,264.0,2025-04-23 18:53:00,2025-04-23 18:53:04,20.634746551513672,20.634746551513672,1
20.50195554232804,22.389692306518555,20.500000000002665,0.03255805213772744,0.0,0.0,,20.502201504768763,22.389692306518555,20.768204433044204,20.501120848222758,20.500633255407045,20.500005630028244,20.500004088985595,21.462244471769516,20.699356190860648,20.500612305182827,20.500000010002317,9048,0,529,15870.0,264.5,2025-04-23 18:53:30,2025-04-23 18:53:34,20.53211212158203,20.53211212158203,1
20.501951409038796,22.389692306518555,20.500000000002665,0.03255804351067946,0.0,0.0,,20.502013600805405,22.389692306518555,20.76749772485186,20.50100654832348,20.500572025749708,20.50000503526656,20.50000369354347,21.462248396023305,20.700185579125073,20.500606552234643,20.500000009468213,9048,0,530,15900.0,265.0,2025-04-23 18:54:00,2025-04-23 18:54:04,20.58722877502441,20.58722877502441,1
20.50194693577046,22.389692306518555,20.500000000002665,0.03254914498772292,0.0,0.0,,20.501842402218294,22.389692306518555,20.766874262244855,20.500903979803603,20.500516712513008,20.50000450367913,20.500003337921548,21.462249777224446,20.70061926923985,20.50060134420795,20.50000000891714,9048,0,531,15930.0,265.5,2025-04-23 18:54:30,2025-04-23 18:54:34,20.533634185791016,20.533634185791016,1
20.50194261524695,22.389692306518555,20.500000000002665,0.03253903085319,0.0,0.0,,20.501686413431123,22.389692306518555,20.76632480630976,20.50081193037129,20.50046674526018,20.50000402852996,20.500003018038885,21.462250451235143,20.700900307204524,20.50059657879078,20.50000000843024,9048,0,532,15960.0,266.0,2025-04-23 18:55:00,2025-04-23 18:55:04,20.409500122070312,20.409500122070312,1
20.501728042752635,22.26884651184082,20.500000000002665,0.027648711126975513,0.0,0.0,,20.501544273694954,22.26884651184082,20.763954140179127,20.50072931392629,20.500421608329884,20.500003603803794,20.50000273023647,21.12096744254265,20.671320392044283,20.500590922005415,20.500000007975643,9048,0,533,15990.0,266.5,2025-04-23 18:55:30,2025-04-23 18:55:34,20.398103713989254,20.398103713989254,1
20.501689019717325,22.26884651184082,20.500000000002665,0.0272404069354382,0.0,0.0,,20.501414744810784,22.26884651184082,20.7617811032263,20.50065515732065,20.50038083561237,20.50000322412863,20.50000247123355,21.120911749033823,20.659551002201948,20.500582753389146,20.500000007562775,9048,0,534,16020.0,267.0,2025-04-23 18:56:00,2025-04-23 18:56:04,20.39901351928711,20.39901351928711,1
20.501658262978207,22.23121833801269,20.500000000002665,0.026791551329069286,0.0,0.0,,20.501296699986586,22.23121833801269,20.759260839475637,20.50058858852007,20.500344005818235,20.50000288470674,20.500002238088562,21.119387372158087,20.65312503587069,20.500573582217168,20.500000007114178,9048,0,535,16050.0,267.5,2025-04-23 18:56:30,2025-04-23 18:56:34,20.35348129272461,20.35348129272461,1
20.50163663153671,22.23121833801269,20.500000000002665,0.0266123866998659,0.0,0.0,,20.5011891137242,22.23121833801269,20.757014871270407,20.50052882601687,20.500310738194383,20.500002581253007,20.500002028164303,21.11937751185381,20.648890997791998,20.500564249406494,20.50000000670087,9048,0,536,16080.0,268.0,2025-04-23 18:57:00,2025-04-23 18:57:04,20.459423065185547,20.459423065185547,1
20.501618337673015,22.23121833801269,20.500000000002665,0.026475931209792428,0.0,0.0,,20.501091052638294,22.23121833801269,20.755035263918423,20.500475169360445,20.500280688645457,20.50000230994005,20.500001839096363,21.119371317700985,20.645734259710693,20.500555106438146,20.50000000635457,9048,0,537,16110.0,268.5,2025-04-23 18:57:30,2025-04-23 18:57:34,20.305084228515625,20.305084228515625,1
20.501602410980137,22.23121833801269,20.500000000002665,0.026367359020989578,0.0,0.0,,20.501001667111012,22.23121833801269,20.753295799057916,20.500426990686798,20.50025354622291,20.500002067349232,20.50000166876492,21.119366834800218,20.643236352846326,20.500546305547513,20.500000005884942,9048,0,538,16140.0,269.0,2025-04-23 18:58:00,2025-04-23 18:58:04,20.37854766845703,20.37854766845703,1
20.50158836412571,22.23121833801269,20.500000000002665,0.026279013571417178,0.0,0.0,,20.50092018369503,22.23121833801269,20.751767635750937,20.50038372714029,20.500229029947633,20.500001850426656,20.500001515268558,21.119363371315977,20.641201824341103,20.50053792215919,20.50000000558697,9048,0,539,16170.0,269.5,2025-04-23 18:58:30,2025-04-23 18:58:34,20.2750244140625,20.2750244140625,1
20.501575894556503,22.23121833801269,20.500000000002665,0.026206150308863318,0.0,0.0,,20.50084589819499,22.23121833801269,20.7504239591181,20.50034487409295,20.500206885934567,20.500001656444272,20.50000137690114,21.1193606112678,20.63951928406719,20.500529996885085,20.500000005292453,9048,0,540,16200.0,270.0,2025-04-23 18:59:00,2025-04-23 18:59:04,20.261009216308597,20.261009216308597,1
20.502238322324967,22.14290237426757,20.500000000002665,0.028085569368032144,0.0,0.0,,20.500778169373582,22.14290237426757,20.747862680894826,20.84812486625374,20.53121799398524,20.50000148296503,20.500001252130172,20.877088286359555,20.616970766482673,20.50052183769389,20.500000005081144,9048,0,541,16230.0,270.5,2025-04-23 18:59:30,2025-04-23 18:59:34,20.259660720825195,20.259660720825195,1
20.502269232563528,22.14290237426757,20.500000000002665,0.02803162548217421,0.0,0.0,,20.500716413239175,22.14290237426757,20.74554465613984,20.848157700340266,20.543718389544065,20.50000132781167,20.5000011395786,20.877046707072,20.607323069792628,20.50051311313748,20.500000004785093,9048,0,542,16260.0,271.0,2025-04-23 19:00:00,2025-04-23 19:00:04,20.268085479736328,20.268085479736328,1
20.502282362649762,22.14290237426757,20.500000000002665,0.027985843328490752,0.0,0.0,,20.500660097872668,22.14290237426757,20.743488428655763,20.84817153111184,20.55074924347393,20.500001189038954,20.50000103800874,20.87703119352299,20.60176890914891,20.500504717552477,20.500000004574918,9048,0,543,16290.0,271.5,2025-04-23 19:00:30,2025-04-23 19:00:34,20.417957305908203,20.417957305908203,1
20.502288006188074,22.14290237426757,20.500000000002665,0.027943142081483328,0.0,0.0,,20.500608738749133,22.14290237426757,20.741676214532244,20.84817929622295,20.555394917948366,20.50000106490884,20.50000094630844,20.87702299022229,20.59788451528401,20.50049686310053,20.500000004322928,9048,0,544,16320.0,272.0,2025-04-23 19:01:00,2025-04-23 19:01:04,20.240631103515625,20.240631103515625,1
20.50228999298961,22.14290237426757,20.500000000002665,0.02790446364595537,0.0,0.0,,20.5005618945042,22.14290237426757,20.740081638575163,20.848184385703288,20.558760809847175,20.500000953868362,20.50000086347917,20.877017510529,20.594888075619473,20.50048958873128,20.500000004087674,9048,0,545,16350.0,272.5,2025-04-23 19:01:30,2025-04-23 19:01:34,20.388256072998047,20.388256072998047,1
20.50229012179773,22.14290237426757,20.500000000002665,0.02787045165687355,0.0,0.0,,20.500519163092502,22.14290237426757,20.73867825658721,20.848188030069878,20.56134844825751,20.500000854529958,20.500000788624124,20.877013404765496,20.59246968369296,20.50048288834098,20.500000003867218,9048,0,546,16380.0,273.0,2025-04-23 19:02:00,2025-04-23 19:02:04,20.433395385742188,20.433395385742188,1
20.502427971723748,22.130674362182617,20.500000000002665,0.030673273291778994,0.0,0.0,,20.500480178288914,22.130674362182617,20.737251213432486,20.806600992584677,20.558131420424395,20.500000765653603,20.50000072093887,21.30323728184141,20.627674615583096,20.50047787867457,20.500000003760384,9048,0,547,16410.0,273.5,2025-04-23 19:02:30,2025-04-23 19:02:34,20.56161117553711,20.56161117553711,1
20.502369874438912,22.130674362182617,20.500000000002665,0.03019428135408241,0.0,0.0,,20.500444606496885,22.130674362182617,20.735984554040648,20.770614348639022,20.55465861720483,20.500000686131134,20.50000065970127,21.303304596992426,20.640910000149137,20.500476643248387,20.500000003573653,9048,0,548,16440.0,274.0,2025-04-23 19:03:00,2025-04-23 19:03:04,20.466154098510746,20.466154098510746,1
20.50226027143907,22.10012626647949,20.500000000002665,0.02868908644877125,0.0,0.0,,20.500412143840297,22.10012626647949,20.734388224931497,20.739292193314576,20.551089676301352,20.500000614972272,20.50000060426248,21.23056720483841,20.641184659201343,20.50047691052604,20.500000003440192,9048,0,549,16470.0,274.5,2025-04-23 19:03:30,2025-04-23 19:03:34,20.50067901611328,20.50067901611328,1
20.50219073569871,22.10012626647949,20.500000000002665,0.028178502980011823,0.0,0.0,,20.500382513519114,22.10012626647949,20.732958449464427,20.711908784847296,20.547533975966733,20.500000551292032,20.500000554039783,21.23056573184903,20.642815573211408,20.500477201806238,20.500000003226837,9048,0,550,16500.0,275.0,2025-04-23 19:04:00,2025-04-23 19:04:04,20.49558448791504,20.49558448791504,1
20.502124317555275,22.06640625,20.500000000002665,0.027603527519361692,0.0,0.0,,20.5003554634094,22.06640625,20.731165919480826,20.68788545998489,20.54406341034392,20.50000049429936,20.500000508508908,21.229802093468813,20.644395950344606,20.500477366280442,20.500000003054772,9048,0,551,16530.0,275.5,2025-04-23 19:04:30,2025-04-23 19:04:34,20.43288993835449,20.43288993835449,1
20.502066681105713,22.06640625,20.500000000002665,0.027260800637709033,0.0,0.0,,20.500330763884513,22.06640625,20.729561371087595,20.666751752240803,20.540724128792125,20.50000044328718,20.500000467199442,21.229804347144174,20.645792957249384,20.5004773686697,20.500000002835947,9048,0,552,16560.0,276.0,2025-04-23 19:05:00,2025-04-23 19:05:04,20.40484046936035,20.40484046936035,1
20.502008434312604,22.05899238586425,20.500000000002665,0.026837150884102854,0.0,0.0,,20.50030820583348,22.05899238586425,20.72802604589902,20.648118962293573,20.53754457512046,20.50000039762344,20.500000429690015,21.22091233731468,20.646192808798695,20.500477153853573,20.50000000273385,9048,0,553,16590.0,276.5,2025-04-23 19:05:30,2025-04-23 19:05:34,20.48950958251953,20.48950958251953,1
20.50195988794931,22.05899238586425,20.500000000002665,0.026601368674812175,0.0,0.0,,20.500287598852857,22.05899238586425,20.726667382964603,20.63166167176706,20.53454093867048,20.500000356743097,20.5000003956048,21.220912543280278,20.646862214079896,20.50047666815391,20.500000002601,9048,0,554,16620.0,277.0,2025-04-23 19:06:00,2025-04-23 19:06:04,20.36945152282715,20.36945152282715,1
20.501874224462778,21.95009994506836,20.500000000002665,0.025212509914053296,0.0,0.0,,20.50026876959178,21.95009994506836,20.723769543037893,20.617104484610056,20.531720888462527,20.500000320141062,20.50000036460977,21.168696031580563,20.64295454397248,20.500475745823998,20.500000002484175,9048,0,555,16650.0,277.5,2025-04-23 19:06:30,2025-04-23 19:06:34,20.394367218017575,20.394367218017575,1
20.501826284691294,21.95009994506836,20.500000000002665,0.02493680830015696,0.0,0.0,,20.500251560233913,21.95009994506836,20.721140584269612,20.604212286159097,20.529086166446948,20.50000028736619,20.500000336408608,21.168688321295132,20.64170018073515,20.500474120976392,20.500000002377384,9048,0,556,16680.0,278.0,2025-04-23 19:07:00,2025-04-23 19:07:04,20.46512031555176,20.46512031555176,1
20.501828355182944,21.973949432373047,20.500000000002665,0.025776603374125868,0.0,0.0,,20.5002358271047,21.973949432373047,20.71918006846748,20.59278292023547,20.526634412899877,20.500000258014694,20.500000310738795,21.24047253661876,20.647470900852493,20.500472298603853,20.50000000226581,9048,0,557,16710.0,278.5,2025-04-23 19:07:30,2025-04-23 19:07:34,20.427244186401367,20.427244186401367,1
20.50179805615126,21.973949432373047,20.500000000002665,0.0257002076586094,0.0,0.0,,20.50022143939629,21.973949432373047,20.71746940079629,20.582641564321243,20.524360466804943,20.500000231725977,20.500000287366582,21.240483447749895,20.649738778354525,20.500470770030734,20.50000000213152,9048,0,558,16740.0,279.0,2025-04-23 19:08:00,2025-04-23 19:08:04,20.600811004638672,20.600811004638672,1
20.501841644197732,22.01012420654297,20.500000000002665,0.027448957164798147,0.0,0.0,,20.500208278002248,22.01012420654297,20.716533673639514,20.573636323036872,20.522257301319023,20.500000208176868,20.500000266083557,21.359719209710704,20.66135528990145,20.500469744498258,20.50000000203056,9048,0,559,16770.0,279.5,2025-04-23 19:08:30,2025-04-23 19:08:34,20.51380920410156,20.51380920410156,1
20.501826586775085,22.01012420654297,20.500000000002665,0.027517343838250177,0.0,0.0,,20.50019623444991,22.01012420654297,20.71573658524281,20.565634714367732,20.52031670151669,20.500000187079085,20.50000024670211,21.359740575923638,20.66633241524051,20.50046964653127,20.500000001925702,9048,0,560,16800.0,280.0,2025-04-23 19:09:00,2025-04-23 19:09:04,20.49115562438965,20.49115562438965,1
20.501800846888475,21.97234916687012,20.500000000002665,0.027242221914929584,0.0,0.0,,20.500185209918953,21.97234916687012,20.71444976748281,20.558520823613858,20.518529757392137,20.500000168175042,20.500000229052944,21.352028017167044,20.668513815302223,20.500469873433655,20.50000000180365,9048,0,561,16830.0,280.5,2025-04-23 19:09:30,2025-04-23 19:09:34,20.596168518066406,20.596168518066406,1
20.50178205976997,21.97234916687012,20.500000000002665,0.027210926037022853,0.0,0.0,,20.500175114344117,21.97234916687012,20.713287798992937,20.55219296657877,20.51688722265708,20.500000151233642,20.500000212982314,21.35203100855817,20.670230118034265,20.500470062849605,20.500000001739622,9048,0,562,16860.0,281.0,2025-04-23 19:10:00,2025-04-23 19:10:04,20.49661636352539,20.49661636352539,1
20.501834521793445,21.98052215576172,20.500000000002665,0.029003918628438943,0.0,0.0,,20.500165865607396,21.98052215576172,20.712382028560555,20.546561748258362,20.515379774926693,20.50000013604914,20.500000198350655,21.471120667037717,20.682002963331556,20.50047056761869,20.5000000016495,9048,0,563,16890.0,281.5,2025-04-23 19:10:30,2025-04-23 19:10:34,20.618581771850582,20.618581771850582,1
20.5018297690869,21.98052215576172,20.500000000002665,0.029112572893376397,0.0,0.0,,20.500157388824185,21.98052215576172,20.711585710561636,20.54154843386844,20.51399820276542,20.500000122436898,20.500000185030355,21.47114210147967,20.687294561411147,20.500471898786575,20.500000001521492,9048,0,564,16920.0,282.0,2025-04-23 19:11:00,2025-04-23 19:11:04,20.60118103027344,20.60118103027344,1
20.50180494484948,21.96588516235352,20.500000000002665,0.02868428322464925,0.0,0.0,,20.500149615718197,21.96588516235352,20.710654410986432,20.537083570291585,20.512733538096956,20.500000110231817,20.50000017290545,21.44450274062154,20.68814544658551,20.500473405304124,20.500000001438544,9048,0,565,16950.0,282.5,2025-04-23 19:11:30,2025-04-23 19:11:34,20.483198165893555,20.483198165893555,1
20.501793664920168,21.96588516235352,20.500000000002665,0.028671478735518764,0.0,0.0,,20.500142484069496,21.96588516235352,20.709821450606377,20.533105811025717,20.511577147602967,20.500000099286314,20.50000016187104,21.444503022134267,20.689490912477282,20.500474655621304,20.50000000134706,9048,0,566,16980.0,283.0,2025-04-23 19:12:00,2025-04-23 19:12:04,20.3682861328125,20.3682861328125,1
20.501611067111906,21.84044838,20.500000000002665,0.024142711379521273,0.0,0.0,,20.5001359372161,21.84044838,20.707124936644554,20.529560908488392,20.51052079326158,20.500000089469648,20.500000151832364,21.169670174488594,20.666780890780213,20.50047462290949,20.50000000127664,9048,0,567,17010.0,283.5,2025-04-23 19:12:30,2025-04-23 19:12:34,20.392906188964844,20.392906188964844,1
20.501572554506026,21.84044838,20.500000000002665,0.02376781675189578,0.0,0.0,,20.500129923594585,21.84044838,20.704659834859022,20.52640084539335,20.509556669665642,20.500000080663348,20.50000014270371,21.16962674372843,20.658282444490375,20.50047204751419,20.500000001210203,9048,0,568,17040.0,284.0,2025-04-23 19:13:00,2025-04-23 19:13:04,20.33269500732422,20.33269500732422,1
20.50222372430507,21.810617446899418,20.500000000002665,0.027243514566751448,0.0,0.0,,20.500124396312703,21.810617446899418,20.70200235272664,20.814763617660372,20.534659986381545,20.50000007276188,20.500000134408516,21.156588433603996,20.652915668817634,20.50046834232636,20.50000000115343,9048,0,569,17070.0,284.5,2025-04-23 19:13:30,2025-04-23 19:13:34,20.34676170349121,20.34676170349121,1
20.502260297102932,21.810617446899418,20.500000000002665,0.027259613930294354,0.0,0.0,,20.50011931274974,21.810617446899418,20.699640276748102,20.814790256023414,20.544556261574414,20.50000006567039,20.500000126877886,21.15657961481939,20.649806601657744,20.50046476331533,20.50000000106531,9048,0,570,17100.0,285.0,2025-04-23 19:14:00,2025-04-23 19:14:04,20.42642974853516,20.42642974853516,1
20.502276896976067,21.810617446899418,20.500000000002665,0.027238656060031147,0.0,0.0,,20.50011463417955,21.810617446899418,20.69755910725405,20.81480129485243,20.55001124870475,20.500000059305595,20.500000120049354,21.156574831835908,20.647648447533356,20.50046154811814,20.50000000101653,9048,0,571,17130.0,285.5,2025-04-23 19:14:30,2025-04-23 19:14:34,20.338319778442383,20.338319778442383,1
20.502285477967874,21.810617446899418,20.500000000002665,0.02720889896201894,0.0,0.0,,20.500110325407245,21.810617446899418,20.69572965007271,20.81480739923486,20.55355463028473,20.50000005359189,20.500000113866374,21.156571626362666,20.6460042514341,20.500458555546473,20.500000000927468,9048,0,572,17160.0,286.0,2025-04-23 19:15:00,2025-04-23 19:15:04,20.42768859863281,20.42768859863281,1
20.502311586798744,21.84422874450684,20.500000000002665,0.027669562726781505,0.0,0.0,,20.50010635441303,21.84422874450684,20.694645964748368,20.81481134962934,20.55608634487612,20.500000048461164,20.50000010827735,21.187352568037756,20.64738065079296,20.500455841599646,20.500000000882892,9048,0,573,17190.0,286.5,2025-04-23 19:15:30,2025-04-23 19:15:34,20.328147888183597,20.328147888183597,1
20.502318120670626,21.84422874450684,20.500000000002665,0.027684688466725775,0.0,0.0,,20.50010269200765,21.84422874450684,20.69371626777183,20.814814149390426,20.558011560550185,20.500000043852662,20.500000103233486,21.18735576291533,20.64738857625644,20.50045355052436,20.50000000085992,9048,0,574,17220.0,287.0,2025-04-23 19:16:00,2025-04-23 19:16:04,20.299184799194336,20.299184799194336,1
20.502120881474266,21.722970962524418,20.500000000002665,0.02450522564395772,0.0,0.0,,20.50009931151263,21.722970962524418,20.69100956786151,20.777311704739695,20.554800980114813,20.500000039713086,20.50000009868816,21.028092366425188,20.633186094037256,20.500450561808588,20.500000000819306,9048,0,575,17250.0,287.5,2025-04-23 19:16:30,2025-04-23 19:16:34,20.31319236755371,20.31319236755371,1
20.502018997708888,21.722970962524418,20.500000000002665,0.02352117031777392,0.0,0.0,,20.500096188481148,21.722970962524418,20.68853939669106,20.744842987508783,20.551398000624463,20.500000035994244,20.500000094595677,21.028065922230677,20.627271385923276,20.500446227026732,20.500000000789154,9048,0,576,17280.0,288.0,2025-04-23 19:17:00,2025-04-23 19:17:04,20.400341033935547,20.400341033935547,1
20.501931228604946,21.722970962524418,20.500000000002665,0.02276220603981996,0.0,0.0,,20.500093300468386,21.722970962524418,20.686342088779437,20.71656979461213,20.54794145631046,20.50000003265222,20.500000090911406,21.028056302647315,20.623949214766473,20.500441230466723,20.500000000741252,9048,0,577,17310.0,288.5,2025-04-23 19:17:30,2025-04-23 19:17:34,20.39468002319336,20.39468002319336,1
20.50185330590261,21.722970962524418,20.500000000002665,0.02215577362177273,0.0,0.0,,20.500090626854337,21.722970962524418,20.684403965165203,20.69184156176148,20.54452549583416,20.500000029649062,20.500000087592376,21.028051340598566,20.621662240387746,20.500435988029444,20.50000000070056,9048,0,578,17340.0,289.0,2025-04-23 19:18:00,2025-04-23 19:18:04,20.31183624267578,20.31183624267578,1
20.501783424486618,21.722970962524418,20.500000000002665,0.021665677268856993,0.0,0.0,,20.50008814870957,21.722970962524418,20.68269848693847,20.670139217716397,20.541211168490662,20.50000002695097,20.500000084598938,21.028048078778838,20.619913668873775,20.500430685068412,20.500000000671378,9048,0,579,17370.0,289.5,2025-04-23 19:18:30,2025-04-23 19:18:34,20.34405517578125,20.34405517578125,1
20.50172051454301,21.722970962524418,20.500000000002665,0.021268083920977954,0.0,0.0,,20.500085848683955,21.722970962524418,20.681197794941042,20.65104046727709,20.538036882753634,20.50000002452504,20.500000081893326,21.028045656524917,20.618509789043177,20.50042541451705,20.50000000063914,9048,0,580,17400.0,290.0,2025-04-23 19:19:00,2025-04-23 19:19:04,20.50545692443848,20.50545692443848,1
20.501823682165593,21.825729370117188,20.500000000002665,0.02482302385057898,0.0,0.0,,20.500083710897314,21.825729370117188,20.681480100932514,20.63419618692003,20.535025550051333,20.50000002234401,20.500000079442213,21.2852330896978,20.63980249211446,20.500421196861527,20.500000000605986,9048,0,581,17430.0,290.5,2025-04-23 19:19:30,2025-04-23 19:19:34,20.47864151000977,20.47864151000977,1
20.501799433436734,21.825729370117188,20.500000000002665,0.024897594901816957,0.0,0.0,,20.500081720823665,21.825729370117188,20.681799207135857,20.61931391199972,20.532189418172056,20.500000020382902,20.50000007721445,21.285273757266843,20.647832860602204,20.500419271196954,20.50000000057305,9048,0,582,17460.0,291.0,2025-04-23 19:20:00,2025-04-23 19:20:04,20.540817260742188,20.540817260742188,1
20.501770438453093,21.825729370117188,20.500000000002665,0.024877254427218283,0.0,0.0,,20.50007986517543,21.825729370117188,20.6820933420064,20.606145991015712,20.529533374275022,20.50000001862043,20.50000007518166,21.28528737631987,20.65186912065549,20.50041850099396,20.500000000535174,9048,0,583,17490.0,291.5,2025-04-23 19:20:30,2025-04-23 19:20:34,20.494007110595703,20.494007110595703,1
20.501741900168355,21.825729370117188,20.500000000002665,0.024838525181440484,0.0,0.0,,20.500078131798233,21.825729370117188,20.68234846527997,20.59448088028228,20.527057232263836,20.50000001703491,20.500000073318258,21.28529372948218,20.654422004699928,20.5004182292728,20.500000000519577,9048,0,584,17520.0,292.0,2025-04-23 19:21:00,2025-04-23 19:21:04,20.48369789123535,20.48369789123535,1
20.50171516033801,21.825729370117188,20.500000000002665,0.024800891615630594,0.0,0.0,,20.50007650958593,21.825729370117188,20.68256520563522,20.58413659727558,20.524757337568403,20.500000015607924,20.500000071600724,21.28529758970003,20.65627222493688,20.500418181725575,20.50000000050036,9048,0,585,17550.0,292.5,2025-04-23 19:21:30,2025-04-23 19:21:34,20.556331634521484,20.556331634521484,1
20.501690515874195,21.825729370117188,20.500000000002665,0.024768843375604255,0.0,0.0,,20.500074988423314,21.825729370117188,20.682748248517,20.574955689982957,20.52262770596994,20.50000001432543,20.500000070008817,21.28530031529365,20.657709082743878,20.500418235224746,20.500000000480433,9048,0,586,17580.0,293.0,2025-04-23 19:22:00,2025-04-23 19:22:04,20.631406784057617,20.631406784057617,1
20.501801240503625,21.87371635437012,20.500000000002665,0.028380280884091162,0.0,0.0,,20.500073559157563,21.87371635437012,20.683651807258986,20.566801294026618,20.520660839167157,20.500000013171483,20.500000068523814,21.506612763752635,20.678179378895848,20.50041914707486,20.500000000460382,9048,0,587,17610.0,293.5,2025-04-23 19:22:30,2025-04-23 19:22:34,20.525775909423828,20.525775909423828,1
20.501802572823227,21.87371635437012,20.500000000002665,0.02862242582034176,0.0,0.0,,20.50007221358831,21.87371635437012,20.68447569218682,20.55955398701861,20.51884831253223,20.500000012133558,20.500000067131708,21.506650701444144,20.686861662149827,20.500421882879635,20.500000000443922,9048,0,588,17640.0,294.0,2025-04-23 19:23:00,2025-04-23 19:23:04,20.48006820678711,20.48006820678711,1
20.501693794225204,21.855396270751957,20.500000000002665,0.025915075332846604,0.0,0.0,,20.500070944458,21.855396270751957,20.68491824116524,20.553109239336187,20.517181199962756,20.500000011199575,20.500000065821418,21.33101507973478,20.67648049352565,20.500424751587968,20.500000000421572,9048,0,589,17670.0,294.5,2025-04-23 19:23:30,2025-04-23 19:23:34,20.525672912597656,20.525672912597656,1
20.501670243102733,21.855396270751957,20.500000000002665,0.025785571557844014,0.0,0.0,,20.500069745426927,21.855396270751957,20.68529136713889,20.547375319892584,20.515650380717354,20.500000010358367,20.500000064586537,21.33099367007033,20.673773420094808,20.500426369206465,20.50000000039745,9048,0,590,17700.0,295.0,2025-04-23 19:24:00,2025-04-23 19:24:04,20.50275611877441,20.50275611877441,1
20.50169167445715,21.872220993041992,20.500000000002665,0.026790331548043618,0.0,0.0,,20.500068611025334,21.872220993041992,20.685875001545735,20.54227155540679,20.514246759799338,20.500000009600104,20.500000063424203,21.394840972585666,20.678672426784942,20.50042753428673,20.500000000381362,9048,0,591,17730.0,295.5,2025-04-23 19:24:30,2025-04-23 19:24:34,20.51261329650879,20.51261329650879,1
20.501683526730396,21.872220993041992,20.500000000002665,0.026850535182389165,0.0,0.0,,20.500067536586347,21.872220993041992,20.686396739334842,20.537726868956156,20.51296142443921,20.50000000891767,20.50000006233309,21.394850074611714,20.680812859503078,20.500428894892053,20.50000000036502,9048,0,592,17760.0,296.0,2025-04-23 19:25:00,2025-04-23 19:25:04,20.5041618347168,20.5041618347168,1
20.501679117899002,21.88084983825684,20.500000000002665,0.027011317167409465,0.0,0.0,,20.500066518166697,21.88084983825684,20.686991050280703,20.533678542547115,20.511785753027752,20.50000000830196,20.500000061314143,21.400857698342538,20.68262158312559,20.50043032315502,20.500000000348372,9048,0,593,17790.0,296.5,2025-04-23 19:25:30,2025-04-23 19:25:34,20.50922966003418,20.50922966003418,1
20.501671492337987,21.88084983825684,20.500000000002665,0.027042647044354145,0.0,0.0,,20.50006555246063,21.88084983825684,20.68751878530312,20.530071161819134,20.51071148851437,20.500000007746422,20.500000060369956,21.400860486676788,20.68376581337957,20.500431739949804,20.50000000032729,9048,0,594,17820.0,297.0,2025-04-23 19:26:00,2025-04-23 19:26:04,20.54133415222168,20.54133415222168,1
20.5016797970143,21.88463020324707,20.500000000002665,0.027489028576031135,0.0,0.0,,20.500064636708537,21.88463020324707,20.68804205733758,20.52685571060654,20.509730785203033,20.5000000072455,20.500000059503797,21.427073617650375,20.686908229501306,20.50043317641495,20.50000000031344,9048,0,595,17850.0,297.5,2025-04-23 19:26:30,2025-04-23 19:26:34,20.51445198059082,20.51445198059082,1
20.50167556940359,21.88463020324707,20.500000000002665,0.027537615858075223,0.0,0.0,,20.5000637686031,21.88463020324707,20.6885040245759,20.52398879009401,20.508836235651284,20.500000006794004,20.500000058718125,21.427079046571116,20.688510842126785,20.500434723608233,20.500000000301256,9048,0,596,17880.0,298.0,2025-04-23 19:27:00,2025-04-23 19:27:04,20.394886016845703,20.394886016845703,1
20.501566002532545,21.776086807250977,20.500000000002665,0.02464672742745075,0.0,0.0,,20.500062946198092,21.776086807250977,20.687215897761533,20.52143194250478,20.508020882747765,20.50000000638698,20.500000058016294,21.26590521909109,20.675505352035504,20.50043564344245,20.500000000283805,9048,0,597,17910.0,298.5,2025-04-23 19:27:30,2025-04-23 19:27:34,20.53570556640625,20.53570556640625,1
20.501543190634372,21.776086807250977,20.500000000002665,0.024428814067705116,0.0,0.0,,20.500062167825075,21.776086807250977,20.686004766114507,20.519151063178334,20.507278220832674,20.50000000601907,20.50000005739908,21.26588024171867,20.67067698494493,20.500435085652985,20.500000000269424,9048,0,598,17940.0,299.0,2025-04-23 19:28:00,2025-04-23 19:28:04,20.515329360961918,20.515329360961918,1
20.501620649459493,21.889259338378903,20.500000000002665,0.026956360723757244,0.0,0.0,,20.50006143202067,21.889259338378903,20.686687702597652,20.51711588789391,20.506602188817183,20.50000000568649,20.500000056866813,21.40702572329627,20.680612278177264,20.500434276467626,20.500000000254538,9048,0,599,17970.0,299.5,2025-04-23 19:28:30,2025-04-23 19:28:34,20.40116500854492,20.40116500854492,1
20.501623808349986,21.889259338378903,20.500000000002665,0.02709639514704564,0.0,0.0,,20.500060737465173,21.889259338378903,20.687368820967052,20.515299544621747,20.50598715756856,20.50000000538577,20.500000056417885,21.40704509736372,20.684059738872158,20.500434326333977,20.50000000023691,9048,0,600,18000.0,300.0,2025-04-23 19:29:00,2025-04-23 19:29:04,20.495264053344727,20.495264053344727,1
20.501594918409207,21.765108108520508,20.500000000002665,0.026225114264894104,0.0,0.0,,20.500060082928808,21.765108108520508,20.686052550954464,20.513678160714726,20.505427913300963,20.50000000511337,20.50000005605058,21.380877541722526,20.68336470787242,20.50043468549725,20.50000000022606,9048,0,601,18030.0,300.5,2025-04-23 19:29:30,2025-04-23 19:29:34,20.4108829498291,20.4108829498291,1
20.50158709670841,21.765108108520508,20.500000000002665,0.026171737877435194,0.0,0.0,,20.500059467217994,21.765108108520508,20.684810282442953,20.512230518010565,20.50491963830536,20.500000004866468,20.500000055761173,21.380875707835987,20.683398859517993,20.50043488214296,20.500000000213895,9048,0,602,18060.0,301.0,2025-04-23 19:30:00,2025-04-23 19:30:04,20.527687072753903,20.527687072753903,1
20.501636297099076,21.894386291503903,20.500000000002665,0.027829152871700392,0.0,0.0,,20.500058889117714,21.894386291503903,20.685713941160056,20.510937749489578,20.50445789003884,20.500000004644118,20.500000055545705,21.453789762946656,20.689940369344832,20.500435181526825,20.500000000201013,9048,0,603,18090.0,301.5,2025-04-23 19:30:30,2025-04-23 19:30:34,20.511394500732425,20.511394500732425,1
20.501640965036824,21.894386291503903,20.500000000002665,0.027946796670344876,0.0,0.0,,20.500058347341486,21.894386291503903,20.686598686279392,20.509783072090027,20.5040385793483,20.50000000444325,20.500000055399127,21.453801918706482,20.692677649889113,20.5004360141368,20.500000000188955,9048,0,604,18120.0,302.0,2025-04-23 19:31:00,2025-04-23 19:31:04,20.498868942260746,20.498868942260746,1
20.50170752464683,21.96076774597168,20.500000000002665,0.029878391815788802,0.0,0.0,,20.500057840503093,21.96076774597168,20.688436639673277,20.508751551070382,20.503657948413487,20.50000000426095,20.50000005531561,21.55271684277195,20.702852778173533,20.500437475564027,20.500000000174982,9048,0,605,18150.0,302.5,2025-04-23 19:31:30,2025-04-23 19:31:34,20.58170509338379,20.58170509338379,1
20.501720031974333,21.96076774597168,20.500000000002665,0.030066071063655265,0.0,0.0,,20.50005736711008,21.96076774597168,20.690103945526992,20.507829891960448,20.503312548845805,20.50000000409641,20.500000055288748,21.552735372141292,20.707373998337584,20.500439878226274,20.500000000161457,9048,0,606,18180.0,303.0,2025-04-23 19:32:00,2025-04-23 19:32:04,20.427417755126957,20.427417755126957,1
20.50167230517087,21.82353973388672,20.500000000002665,0.028468401566527683,0.0,0.0,,20.50005692556816,21.82353973388672,20.689437148907448,20.507006256689586,20.502999220262705,20.50000000394842,20.500000055311407,21.48125709648241,20.703810693839866,20.50044243396744,20.50000000015377,9048,0,607,18210.0,303.5,2025-04-23 19:32:30,2025-04-23 19:32:34,20.521730422973636,20.521730422973636,1
20.501667843796916,21.82353973388672,20.500000000002665,0.02840041997284194,0.0,0.0,,20.500056514195826,21.82353973388672,20.688749686059765,20.506270100940096,20.50271506956747,20.500000003814616,20.500000055377228,21.48124933185931,20.70320817945402,20.500444448319115,20.50000000014652,9048,0,608,18240.0,304.0,2025-04-23 19:33:00,2025-04-23 19:33:04,20.50746726989746,20.50746726989746,1
20.501653286551843,21.89249038696289,20.500000000002665,0.028123776148850334,0.0,0.0,,20.500056131258788,21.89249038696289,20.689193923497037,20.505612030163118,20.502457451092855,20.50000000369368,20.500000055481024,21.447856753359357,20.700418125246575,20.500445964045383,20.500000000137554,9048,0,609,18270.0,304.5,2025-04-23 19:33:30,2025-04-23 19:33:34,20.52067375183105,20.52067375183105,1
20.50165043750427,21.89249038696289,20.500000000002665,0.02810354067432305,0.0,0.0,,20.500055775029484,21.89249038696289,20.68962971662582,20.505023672026574,20.502223947712867,20.5000000035855,20.500000055617143,21.447851254870145,20.699540244050503,20.50044699372686,20.500000000127077,9048,0,610,18300.0,305.0,2025-04-23 19:34:00,2025-04-23 19:34:04,20.45329475402832,20.45329475402832,1
20.501648905798117,21.89249038696289,20.500000000002665,0.028103099742429825,0.0,0.0,,20.500055443860695,21.89249038696289,20.690026710936454,20.504497563348654,20.502012352984742,20.50000000348873,20.500000055782547,21.44784961891443,20.699217031327578,20.500447761040956,20.500000000118412,9048,0,611,18330.0,305.5,2025-04-23 19:34:30,2025-04-23 19:34:34,20.44551086425781,20.44551086425781,1
20.501647841757375,21.89249038696289,20.500000000002665,0.028107584812052805,0.0,0.0,,20.500055136245933,21.89249038696289,20.69037960130433,20.50402704981477,20.501820654350375,20.500000003403,20.500000055975036,21.44784900098375,20.699079096250134,20.500448383669024,20.500000000110525,9048,0,612,18360.0,306.0,2025-04-23 19:35:00,2025-04-23 19:35:04,20.520341873168945,20.520341873168945,1
20.501668844607433,21.929107666015625,20.500000000002665,0.028756508481706966,0.0,0.0,,20.50005485084377,21.929107666015625,20.69126215681682,20.503606196986077,20.501647017402075,20.500000003326107,20.500000056193105,21.47885109596942,20.701719223287597,20.5004490348912,20.50000000010327,9048,0,613,18390.0,306.5,2025-04-23 19:35:30,2025-04-23 19:35:34,20.519947052001957,20.519947052001957,1
20.501672127864346,21.929107666015625,20.500000000002665,0.028814896903437637,0.0,0.0,,20.50005458646484,21.929107666015625,20.69206448181204,20.503229711291134,20.501489771199783,20.50000000325755,20.500000056436377,21.478856018709223,20.702770146495734,20.50044990196418,20.50000000009785,9048,0,614,18420.0,307.0,2025-04-23 19:36:00,2025-04-23 19:36:04,20.529935836791992,20.529935836791992,1
20.50165682857548,21.93246459960937,20.500000000002665,0.028383303313434922,0.0,0.0,,20.500054342039476,21.93246459960937,20.69282847227833,20.50289286984995,20.501347394612285,20.500000003196753,20.500000056704927,21.44813153384273,20.700656115225474,20.500450754124042,20.500000000092523,9048,0,615,18450.0,307.5,2025-04-23 19:36:30,2025-04-23 19:36:34,20.53177261352539,20.53177261352539,1
20.50165576511257,21.93246459960937,20.500000000002665,0.028376982838488735,0.0,0.0,,20.500054116585243,21.93246459960937,20.693503034878404,20.502591458117912,20.501218503646296,20.50000000314352,20.50000005699856,21.44812731717907,20.69996506741404,20.50045138696297,20.500000000085848,9048,0,616,18480.0,308.0,2025-04-23 19:37:00,2025-04-23 19:37:04,20.511608123779297,20.511608123779297,1
20.501653414131926,21.907848358154297,20.500000000002665,0.028290787527648308,0.0,0.0,,20.500053909184004,21.907848358154297,20.693711716581287,20.502321714457686,20.501101839720157,20.500000003096737,20.500000057315695,21.448945173270015,20.699749541230727,20.500451913809872,20.500000000080853,9048,0,617,18510.0,308.5,2025-04-23 19:37:30,2025-04-23 19:37:34,20.49732780456543,20.49732780456543,1
20.501652773460425,21.907848358154297,20.500000000002665,0.028287849276821937,0.0,0.0,,20.500053718971373,21.907848358154297,20.693876910571,20.50208028085192,20.500996258834753,20.5000000030553,20.500000057654404,21.4489448118826,20.699626614801826,20.500452388140346,20.500000000078238,9048,0,618,18540.0,309.0,2025-04-23 19:38:00,2025-04-23 19:38:04,20.493144989013672,20.493144989013672,1
20.501624693099064,21.937650680541992,20.500000000002665,0.02759867559141795,0.0,0.0,,20.50005354513714,21.937650680541992,20.694482942189833,20.501864159062386,20.5009007215918,20.50000000301927,20.500000058012418,21.395879563332194,20.694914891424865,20.50045262905873,20.500000000075048,9048,0,619,18570.0,309.5,2025-04-23 19:38:30,2025-04-23 19:38:34,20.498624801635746,20.498624801635746,1
20.501620295245896,21.937650680541992,20.500000000002665,0.02755484519647877,0.0,0.0,,20.500053386932375,21.937650680541992,20.695037303885734,20.501670671621607,20.500814284008598,20.50000000298923,20.50000005838676,21.3958707153598,20.69300271563141,20.500452424893965,20.500000000070838,9048,0,620,18600.0,310.0,2025-04-23 19:39:00,2025-04-23 19:39:04,20.51202964782715,20.51202964782715,1
20.50170593620028,22.00475692749023,20.500000000002665,0.030008104737000267,0.0,0.0,,20.500053243675843,22.00475692749023,20.696578522808707,20.501497427114366,20.500736089078273,20.50000000296362,20.50000005877386,21.535655456093913,20.70416140692739,20.50045255856119,20.50000000006522,9048,0,621,18630.0,310.5,2025-04-23 19:39:30,2025-04-23 19:39:34,20.603099822998047,20.603099822998047,1
20.501719221603793,22.00475692749023,20.500000000002665,0.030189611292521356,0.0,0.0,,20.500053114753605,22.00475692749023,20.69798374979954,20.501342289268834,20.500665359025632,20.500000002941444,20.500000059171054,21.535676792631108,20.708348709864996,20.500453833682506,20.500000000059693,9048,0,622,18660.0,311.0,2025-04-23 19:40:00,2025-04-23 19:40:04,20.61026382446289,20.61026382446289,1
20.501743994524624,22.026865005493164,20.500000000002665,0.030765039621661848,0.0,0.0,,20.500052999608688,22.026865005493164,20.69957630015385,20.501203349432146,20.500601388209557,20.50000000292349,20.500000059574955,21.55995618943701,20.712573049179046,20.50045577189489,20.500000000054925,9048,0,623,18690.0,311.5,2025-04-23 19:40:30,2025-04-23 19:40:34,20.60099220275879,20.60099220275879,1
20.501753326917733,22.026865005493164,20.500000000002665,0.0308662748454413,0.0,0.0,,20.500052897724853,22.026865005493164,20.70099341458296,20.501078902053546,20.500543536625607,20.500000002909896,20.50000005998214,21.559963430578883,20.71476109346052,20.500458149845954,20.50000000005095,9048,0,624,18720.0,312.0,2025-04-23 19:41:00,2025-04-23 19:41:04,20.60277938842773,20.60277938842773,1
20.501771367915243,22.01344871520996,20.500000000002665,0.031214230770121282,0.0,0.0,,20.50005280861188,22.01344871520996,20.702032328805014,20.50096742284196,20.500491223963397,20.50000000289992,20.500000060390107,21.580924615702937,20.718025268271063,20.50046078829953,20.50000000004809,9048,0,625,18750.0,312.5,2025-04-23 19:41:30,2025-04-23 19:41:34,20.59201431274414,20.59201431274414,1
20.501779090458268,22.01344871520996,20.500000000002665,0.03128364580589077,0.0,0.0,,20.50005273180231,22.01344871520996,20.70293514048442,20.500867549300953,20.50044392417686,20.50000000289168,20.500000060795646,21.580930152350366,20.719828087086043,20.50046363615963,20.500000000044047,9048,0,626,18780.0,313.0,2025-04-23 19:42:00,2025-04-23 19:42:04,20.614652633666992,20.614652633666992,1
20.501785375572826,22.037904739379883,20.500000000002665,0.03136320896386053,0.0,0.0,,20.500052666862604,22.037904739379883,20.704107414004387,20.500778063379226,20.500401160526923,20.500000002885894,20.50000006119558,21.57658968715869,20.720691628705875,20.500466508750197,20.500000000039925,9048,0,627,18810.0,313.5,2025-04-23 19:42:30,2025-04-23 19:42:34,20.609474182128903,20.609474182128903,1
20.501791038734392,22.037904739379883,20.500000000002665,0.031406856665257686,0.0,0.0,,20.500052613415654,22.037904739379883,20.70515551369718,20.500697876003134,20.500362501058962,20.500000002883528,20.500000061587944,21.576590747274974,20.721494888005083,20.500469304816843,20.50000000003579,9048,0,628,18840.0,314.0,2025-04-23 19:43:00,2025-04-23 19:43:04,20.57106208801269,20.57106208801269,1
20.501747631425204,21.97521209716797,20.500000000002665,0.03004148736474627,0.0,0.0,,20.500052571164865,21.97521209716797,20.705103823861847,20.500626013284474,20.500327554480055,20.500000002883386,20.500000061971384,21.504361489402825,20.71587943070853,20.500471727944014,20.500000000032976,9048,0,629,18870.0,314.5,2025-04-23 19:43:30,2025-04-23 19:43:34,20.59921646118164,20.59921646118164,1
20.501743567653975,21.97521209716797,20.500000000002665,0.029959057751752956,0.0,0.0,,20.5000525399094,21.97521209716797,20.705015252484493,20.500561604219453,20.50029596640258,20.500000002885418,20.500000062345045,21.504350551834072,20.713935064980735,20.500473405887675,20.500000000029978,9048,0,630,18900.0,315.0,2025-04-23 19:44:00,2025-04-23 19:44:04,20.599510192871094,20.599510192871094,1
20.501794582162063,22.02514076,20.500000000002665,0.031427173091518844,0.0,0.0,,20.50005251954298,22.02514076,20.705707463769436,20.500503869715807,20.500267415924256,20.500000002889834,20.50000006271021,21.586235346766664,20.720211167548992,20.500474953373534,20.50000000002762,9048,0,631,18930.0,315.5,2025-04-23 19:44:30,2025-04-23 19:44:34,20.62342643737793,20.62342643737793,1
20.50180276118042,22.02514076,20.500000000002665,0.03152316850451572,0.0,0.0,,20.50005251003841,22.02514076,20.70635309258105,20.500452112802666,20.50024161251562,20.500000002895593,20.50000006306947,21.586247336713168,20.722578712228202,20.5004769444941,20.5000000000257,9048,0,632,18960.0,316.0,2025-04-23 19:45:00,2025-04-23 19:45:04,20.656591415405277,20.656591415405277,1
20.50178138462347,22.00299072265625,20.500000000002665,0.030810497700799685,0.0,0.0,,20.500052511419945,22.00299072265625,20.70658718414239,20.500405709894174,20.500218293189214,20.50000000290216,20.50000006342463,21.544147072273844,20.720113615423134,20.500478934446534,20.500000000023363,9048,0,633,18990.0,316.5,2025-04-23 19:45:30,2025-04-23 19:45:34,20.59202003479004,20.59202003479004,1
20.501781015465603,22.00299072265625,20.500000000002665,0.030783506229386512,0.0,0.0,,20.500052523726787,22.00299072265625,20.70678131544674,20.500364102992258,20.500197219925806,20.500000002910678,20.500000063778234,21.54414198302368,20.719426278935735,20.500480549348268,20.500000000021153,9048,0,634,19020.0,317.0,2025-04-23 19:46:00,2025-04-23 19:46:04,20.628721237182617,20.628721237182617,1
20.501781599196516,22.00299072265625,20.500000000002665,0.030776420856282148,0.0,0.0,,20.50005254696926,22.00299072265625,20.706950107871208,20.50032679272599,20.500178177335577,20.50000000292093,20.500000064132745,21.54414066371681,20.719216417498433,20.500481912536976,20.500000000019305,9048,0,635,19050.0,317.5,2025-04-23 19:46:30,2025-04-23 19:46:34,20.570924758911133,20.570924758911133,1
20.50178239551553,22.00299072265625,20.500000000002665,0.03077491620330961,0.0,0.0,,20.500052581085985,22.00299072265625,20.70709961962095,20.500293332137254,20.50016097053369,20.500000002931262,20.5000000644899,21.5441402557318,20.719149522509003,20.500483111116957,20.50000000001788,9048,0,636,19080.0,318.0,2025-04-23 19:47:00,2025-04-23 19:47:04,20.639204025268555,20.639204025268555,1
20.501767235734057,22.026439666748047,20.500000000002665,0.03037480160703434,0.0,0.0,,20.500052625911948,22.026439666748047,20.707598982555336,20.50026332113142,20.500145423211023,20.50000000294182,20.500000064850823,21.512259552543178,20.716348323140927,20.500484069086166,20.500000000016676,9048,0,637,19110.0,318.5,2025-04-23 19:47:30,2025-04-23 19:47:34,20.62790298461914,20.62790298461914,1
20.50176579358275,22.026439666748047,20.500000000002665,0.030351779271130072,0.0,0.0,,20.500052681163194,22.026439666748047,20.70805691579801,20.500236401521367,20.500131375883246,20.500000002953843,20.50000006521616,21.51225425513359,20.71523323228586,20.50048468097679,20.500000000015845,9048,0,638,19140.0,319.0,2025-04-23 19:48:00,2025-04-23 19:48:04,20.634370803833008,20.634370803833008,1
20.501777465371998,21.946308135986328,20.500000000002665,0.03057036446970528,0.0,0.0,,20.50005274643499,21.946308135986328,20.70721467047436,20.50021225260044,20.500118684301786,20.500000002966626,20.5000000655855,21.54779988010667,20.717742363296164,20.500485236505657,20.500000000015014,9048,0,639,19170.0,319.5,2025-04-23 19:48:30,2025-04-23 19:48:34,20.513477325439453,20.513477325439453,1
20.501778196826912,21.946308135986328,20.500000000002665,0.03056960835270279,0.0,0.0,,20.500052821208318,21.946308135986328,20.706418307402377,20.500190587187582,20.50010721801243,20.500000002980126,20.50000006595791,21.54780478223511,20.71859434901621,20.500485935462684,20.50000000001446,9048,0,640,19200.0,320.0,2025-04-23 19:49:00,2025-04-23 19:49:04,20.58618927001953,20.58618927001953,1
20.501718755884983,21.974578857421875,20.500000000002665,0.02899895001861499,0.0,0.0,,20.500052904862336,21.974578857421875,20.70614660500106,20.50017114809354,20.50009685904826,20.50000000299405,20.5000000663329,21.44037892502653,20.709598144450386,20.50048623499952,20.50000000001343,9048,0,641,19230.0,320.5,2025-04-23 19:49:30,2025-04-23 19:49:34,20.53205108642578,20.53205108642578,1
20.501709243547015,21.974578857421875,20.500000000002665,0.02887649103346137,0.0,0.0,,20.50005299669166,21.974578857421875,20.705928103311024,20.500153704962997,20.500087500744467,20.500000003008296,20.50000006670907,21.440361893059485,20.706062095052697,20.500485600634523,20.50000000001242,9048,0,642,19260.0,321.0,2025-04-23 19:50:00,2025-04-23 19:50:04,20.60186004638672,20.60186004638672,1
20.50174009618816,22.039905548095703,20.500000000002665,0.029889098002760576,0.0,0.0,,20.50005309592704,22.039905548095703,20.70676354363355,20.5001380514521,20.5000790466643,20.500000003023082,20.500000067084695,21.491468514793926,20.70865214880227,20.50048471484851,20.500000000011685,9048,0,643,19290.0,321.5,2025-04-23 19:50:30,2025-04-23 19:50:34,20.59883499145508,20.59883499145508,1
20.50174264599695,22.039905548095703,20.500000000002665,0.029944784733962813,0.0,0.0,,20.50005320175224,22.039905548095703,20.70754852528803,20.500124002705583,20.50007140962558,20.50000000303744,20.500000067458387,21.49147403324033,20.709204337018424,20.500484132289802,20.500000000010758,9048,0,644,19320.0,322.0,2025-04-23 19:51:00,2025-04-23 19:51:04,20.61261558532715,20.61261558532715,1
20.501784196799154,22.034900665283203,20.500000000002665,0.031052737222537805,0.0,0.0,,20.500053313310428,22.034900665283203,20.708173224961044,20.50011139310118,20.500064510818888,20.50000000305211,20.500000067828484,21.5619110806329,20.715393409708135,20.500484020426143,20.500000000009592,9048,0,645,19350.0,322.5,2025-04-23 19:51:30,2025-04-23 19:51:34,20.623655319213867,20.623655319213867,1
20.501791438897786,22.034900665283203,20.500000000002665,0.031147483358982247,0.0,0.0,,20.50005342970212,22.034900665283203,20.70872016172412,20.50010007423295,20.500058279008773,20.50000000306766,20.50000006819268,21.56192279365783,20.717769807958227,20.50048461085425,20.500000000008583,9048,0,646,19380.0,323.0,2025-04-23 19:52:00,2025-04-23 19:52:04,20.652862548828125,20.652862548828125,1
20.501752870214847,21.99445915222168,20.500000000002665,0.02997515439851677,0.0,0.0,,20.50005354998545,21.99445915222168,20.708567437115754,20.5000899131078,20.500052649810282,20.50000000308338,20.500000068549397,21.494961631731787,20.713140344853276,20.50048529012143,20.50000000000851,9048,0,647,19410.0,323.5,2025-04-23 19:52:30,2025-04-23 19:52:34,20.601179122924805,20.601179122924805,1
20.501748857330487,21.99445915222168,20.500000000002665,0.02991029870868917,0.0,0.0,,20.50005367319042,21.99445915222168,20.708402329639192,20.50008079053231,20.5000475650341,20.50000000309902,20.500000068896355,21.494952542491898,20.711576886360888,20.50048553274334,20.50000000000839,9048,0,648,19440.0,324.0,2025-04-23 19:53:00,2025-04-23 19:53:04,20.50711250305176,20.50711250305176,1
20.501746827232356,21.99445915222168,20.500000000002665,0.02988174586220091,0.0,0.0,,20.50005379835247,21.99445915222168,20.70824938224741,20.500072599670276,20.500042972093496,20.50000000311486,20.50000006923123,21.494949837975806,20.710883567583128,20.500485546855824,20.500000000008203,9048,0,649,19470.0,324.5,2025-04-23 19:53:30,2025-04-23 19:53:34,20.353708267211918,20.353708267211918,1
20.501745485772712,21.99445915222168,20.500000000002665,0.02986513802359976,0.0,0.0,,20.500053924558603,21.99445915222168,20.70811430278581,20.500065244751877,20.500038823467577,20.500000003130815,20.500000069551675,21.494948744971868,20.710484500298946,20.50048546360306,20.500000000008132,9048,0,650,19500.0,325.0,2025-04-23 19:54:00,2025-04-23 19:54:04,20.387157440185547,20.387157440185547,1
20.501515326719275,21.685510635375977,20.500000000002665,0.023547169930758706,0.0,0.0,,20.500054050992393,21.685510635375977,20.703174838595665,20.500058639918823,20.500035076215706,20.500000003147342,20.500000069856064,21.15610871802832,20.68063707490328,20.500484041200664,20.50000000000813,9048,0,651,19530.0,325.5,2025-04-23 19:54:30,2025-04-23 19:54:34,20.271015167236328,20.271015167236328,1
20.501473541041968,21.685510635375977,20.500000000002665,0.022956332547277053,0.0,0.0,,20.500054176964106,21.685510635375977,20.69861119444352,20.500052708191102,20.50003169153784,20.500000003164182,20.5000000701421,21.15605272830365,20.668583710552532,20.50047960495071,20.500000000008054,9048,0,652,19560.0,326.0,2025-04-23 19:55:00,2025-04-23 19:55:04,20.319067001342773,20.319067001342773,1
20.501384364714102,21.765289306640625,20.500000000002665,0.021453151424332653,0.0,0.0,,20.500054301917345,21.765289306640625,20.695793102395506,20.500047380542206,20.500028634377035,20.50000000317985,20.50000007040936,21.036465542952772,20.651603748194752,20.500473212095397,20.500000000008054,9048,0,653,19590.0,326.5,2025-04-23 19:55:30,2025-04-23 19:55:34,20.22587203979492,20.22587203979492,1
20.501353230890963,21.765289306640625,20.500000000002665,0.021134647577693334,0.0,0.0,,20.500054425413612,21.765289306640625,20.693371568105146,20.50004259507152,20.500025873059567,20.50000000319604,20.500000070657837,21.03643597269172,20.64303097358451,20.50046527778319,20.500000000007983,9048,0,654,19620.0,327.0,2025-04-23 19:56:00,2025-04-23 19:56:04,20.28248405456543,20.28248405456543,1
20.501289933032144,21.689184188842773,20.500000000002665,0.019883778774072727,0.0,0.0,,20.500054547095,21.689184188842773,20.69007819900747,20.500038296263327,20.50002337896979,20.50000000321259,20.500000070887754,20.981767031910724,20.632703800969715,20.500456568880765,20.500000000007976,9048,0,655,19650.0,327.5,2025-04-23 19:56:30,2025-04-23 19:56:34,20.256458282470703,20.256458282470703,1
20.501262949687323,21.689184188842773,20.500000000002665,0.019623325817989815,0.0,0.0,,20.50005466661509,21.689184188842773,20.68713790621117,20.50003443432369,20.500021126255536,20.5000000032294,20.50000007109954,20.981749959446,20.626662369533292,20.500447318822772,20.500000000007976,9048,0,656,19680.0,328.0,2025-04-23 19:57:00,2025-04-23 19:57:04,20.30133819580078,20.30133819580078,1
20.501265936114116,21.648605346679688,20.500000000002665,0.019841728168665047,0.0,0.0,,20.500054783533656,21.648605346679688,20.68391012429554,20.500030964586514,20.500019091562358,20.50000000324692,20.500000071293087,21.032478221533758,20.626788311318865,20.5004381922624,20.500000000007944,9048,0,657,19710.0,328.5,2025-04-23 19:57:30,2025-04-23 19:57:34,20.233198165893555,20.233198165893555,1
20.501250354828667,21.648605346679688,20.500000000002665,0.01971660611560736,0.0,0.0,,20.500054897197256,21.648605346679688,20.68104256325627,20.5000278469819,20.500017253792667,20.50000000326442,20.500000071466896,21.032480480617718,20.625203082308644,20.500429658063258,20.50000000000791,9048,0,658,19740.0,329.0,2025-04-23 19:58:00,2025-04-23 19:58:04,20.242843627929688,20.242843627929688,1
20.501207456131763,21.6682243347168,20.500000000002665,0.019061208252773253,0.0,0.0,,20.500055006647024,21.6682243347168,20.678821189863253,20.50002504555993,20.50001559388839,20.500000003281052,20.50000007161752,20.980705309509325,20.618909837444143,20.500421415054756,20.50000000000791,9048,0,659,19770.0,329.5,2025-04-23 19:58:30,2025-04-23 19:58:34,20.25003433227539,20.25003433227539,1
20.50118958164187,21.6682243347168,20.500000000002665,0.01892184389742837,0.0,0.0,,20.50005511057885,21.6682243347168,20.676881225076542,20.500022528063955,20.500014094634007,20.500000003296844,20.500000071738185,20.98069462466951,20.61547727424413,20.50041318534011,20.500000000007905,9048,0,660,19800.0,330.0,2025-04-23 19:59:00,2025-04-23 19:59:04,20.277517318725582,20.277517318725582,1
20.50117490478682,21.6682243347168,20.500000000002665,0.018821849233878724,0.0,0.0,,20.50005520735889,21.6682243347168,20.675177951258746,20.500020265548912,20.500012740479058,20.50000000331246,20.5000000718201,20.98068960309758,20.61309094013535,20.500405204806754,20.5000000000079,9048,0,661,19830.0,330.5,2025-04-23 19:59:30,2025-04-23 19:59:34,20.3154239654541,20.3154239654541,1
20.501162189741425,21.6682243347168,20.500000000002665,0.0187425731011503,0.0,0.0,,20.500055295079264,21.6682243347168,20.673678403530342,20.500018232038972,20.50001151737732,20.500000003327045,20.500000071853183,20.980686367093345,20.61122998805862,20.500397614917674,20.5000000000079,9048,0,662,19860.0,331.0,2025-04-23 20:00:00,2025-04-23 20:00:04,20.35976791381836,20.35976791381836,1
20.501241707292092,21.721927642822266,20.500000000002665,0.020859874230446822,0.0,0.0,,20.50005537163959,21.721927642822266,20.67319421009268,20.50001640422078,20.500010412641508,20.500000003340883,20.50000007182671,21.12748190995824,20.62252034890616,20.500391022447257,20.500000000007855,9048,0,663,19890.0,331.5,2025-04-23 20:00:30,2025-04-23 20:00:34,20.39378929138184,20.39378929138184,1
20.50124696167948,21.721927642822266,20.500000000002665,0.02097971767755396,0.0,0.0,,20.500055434843816,21.721927642822266,20.67280229029397,20.5000147611691,20.500009414812098,20.500000003354153,20.500000071731158,21.12750405425907,20.626382513173663,20.50038612705296,20.500000000007834,9048,0,664,19920.0,332.0,2025-04-23 20:01:00,2025-04-23 20:01:04,20.398515701293945,20.398515701293945,1
20.50131529783152,21.75706672668457,20.500000000002665,0.02277874657143112,0.0,0.0,,20.500055482506163,21.75706672668457,20.673009990848076,20.5000132841001,20.50000851353864,20.500000003367937,20.500000071558034,21.237652767886395,20.637689232145707,20.50038267331278,20.500000000007834,9048,0,665,19950.0,332.5,2025-04-23 20:01:30,2025-04-23 20:01:34,20.53567886352539,20.53567886352539,1
20.501326036728056,21.75706672668457,20.500000000002665,0.022931963671200185,0.0,0.0,,20.500055512558735,21.75706672668457,20.673212960128417,20.500011956151262,20.50000769947249,20.5000000033819,20.500000071301315,21.237673734916424,20.64247798861449,20.500380772047453,20.500000000007834,9048,0,666,19980.0,333.0,2025-04-23 20:02:00,2025-04-23 20:02:04,20.481164932250977,20.481164932250977,1
20.50135714467627,21.79261589050293,20.500000000002665,0.023723511649496588,0.0,0.0,,20.500055523153655,21.79261589050293,20.673945315672125,20.500010762183358,20.500006964170016,20.500000003394426,20.500000070957327,21.274189266248413,20.648351025832646,20.50037988075579,20.500000000007823,9048,0,667,20010.0,333.5,2025-04-23 20:02:30,2025-04-23 20:02:34,20.48507308959961,20.48507308959961,1
20.50136598690838,21.79261589050293,20.500000000002665,0.02383263889959013,0.0,0.0,,20.500055512754876,21.79261589050293,20.674608396566114,20.500009688603164,20.500006300005037,20.500000003404924,20.500000070525843,21.27419945593109,20.651452479817014,20.50037979880011,20.500000000007823,9048,0,668,20040.0,334.0,2025-04-23 20:03:00,2025-04-23 20:03:04,20.51618194580078,20.51618194580078,1
20.501401035217633,21.852758407592773,20.500000000002665,0.024759560534354304,0.0,0.0,,20.500055480216343,21.852758407592773,20.6761291691289,20.500008723204715,20.500005700089684,20.50000000341425,20.500000070007882,21.312510135542865,20.656855622384604,20.50038033277961,20.500000000007823,9048,0,669,20070.0,334.5,2025-04-23 20:03:30,2025-04-23 20:03:34,20.4940185546875,20.4940185546875,1
20.50141168343015,21.852758407592773,20.500000000002665,0.024883516527051102,0.0,0.0,,20.5000554248447,21.852758407592773,20.677503767129043,20.500007855026862,20.50000515820292,20.50000000342208,20.500000069407783,21.31251949677153,20.659738194627106,20.50038149477736,20.500000000007823,9048,0,670,20100.0,335.0,2025-04-23 20:04:00,2025-04-23 20:04:04,20.42142868041992,20.42142868041992,1
20.501366136918964,21.769437789916992,20.500000000002665,0.023428933536770547,0.0,0.0,,20.500055346442082,21.769437789916992,20.67741602531423,20.500007074225195,20.500004668725936,20.500000003427857,20.50000006873179,21.23490463704902,20.654907980390462,20.50038272060339,20.500000000007823,9048,0,671,20130.0,335.5,2025-04-23 20:04:30,2025-04-23 20:04:34,20.429201126098636,20.429201126098636,1
20.50136332250898,21.769437789916992,20.500000000002665,0.0233674565344557,0.0,0.0,,20.50005524532633,21.769437789916992,20.677274364347163,20.50000637195791,20.500004226584167,20.50000000343118,20.50000006798913,21.23489473344285,20.653670997842816,20.500383447467225,20.500000000007795,9048,0,672,20160.0,336.0,2025-04-23 20:05:00,2025-04-23 20:05:04,20.54119300842285,20.54119300842285,1
20.501362648228067,21.769437789916992,20.500000000002665,0.02334551055024821,0.0,0.0,,20.500055122328465,21.769437789916992,20.677130112858695,20.500005740283026,20.500003827193886,20.500000003432554,20.500000067191657,21.234892327579622,20.653391845368546,20.500383916309506,20.500000000007756,9048,0,673,20190.0,336.5,2025-04-23 20:05:30,2025-04-23 20:05:34,20.517520904541016,20.517520904541016,1
20.501362583305202,21.769437789916992,20.500000000002665,0.023335593208054537,0.0,0.0,,20.500054978769814,21.769437789916992,20.67699812045608,20.50000517206591,20.50000346641543,20.50000000343187,20.50000006635275,21.234891726537096,20.653385999029673,20.500384267784742,20.500000000007752,9048,0,674,20220.0,337.0,2025-04-23 20:06:00,2025-04-23 20:06:04,20.47618865966797,20.47618865966797,1
20.501362695726414,21.769437789916992,20.500000000002665,0.0233301879754701,0.0,0.0,,20.500054816420217,21.769437789916992,20.676881465389716,20.50000466089699,20.500003140509758,20.500000003428095,20.5000000654868,21.23489161071971,20.65345928515742,20.50038454862665,20.50000000000775,9048,0,675,20250.0,337.5,2025-04-23 20:06:30,2025-04-23 20:06:34,20.4066104888916,20.4066104888916,1
20.501362849578218,21.769437789916992,20.500000000002665,0.023326854463314308,0.0,0.0,,20.500054637433568,21.769437789916992,20.676779458677355,20.50000420101764,20.50000284609981,20.500000003421935,20.500000064608663,21.23489163779559,20.653551877966752,20.500384774230913,20.50000000000775,9048,0,676,20280.0,338.0,2025-04-23 20:07:00,2025-04-23 20:07:04,20.54624366760254,20.54624366760254,1
20.50143262919949,21.813308715820312,20.500000000002665,0.02521530003887325,0.0,0.0,,20.500054444254918,21.813308715820312,20.67737513654825,20.500003787253483,20.50000258013537,20.500000003412904,20.500000063732198,21.34705082289825,20.66343297531337,20.50038537270749,20.50000000000775,9048,0,677,20310.0,338.5,2025-04-23 20:07:30,2025-04-23 20:07:34,20.466672897338867,20.466672897338867,1
20.50144448302324,21.813308715820312,20.500000000002665,0.025355972104522805,0.0,0.0,,20.500054239505413,21.813308715820312,20.677930851233782,20.50000341495485,20.50000233986139,20.500000003401883,20.500000062869876,21.34706930535032,20.667439130332298,20.500386873442757,20.50000000000775,9048,0,678,20340.0,339.0,2025-04-23 20:08:00,2025-04-23 20:08:04,20.523653030395508,20.523653030395508,1
20.501439342813246,21.65702247619629,20.500000000002665,0.02487389967863608,0.0,0.0,,20.50005402585872,21.65702247619629,20.67598769174675,20.500003079943276,20.50000212278971,20.500000003389154,20.500000062033294,21.35379638806821,20.670213648887565,20.500388778983226,20.50000000000768,9048,0,679,20370.0,339.5,2025-04-23 20:08:30,2025-04-23 20:08:34,20.43328666687012,20.43328666687012,1
20.50144090298314,21.65702247619629,20.500000000002665,0.02484861709011595,0.0,0.0,,20.500053805926832,21.65702247619629,20.674166989037214,20.500002778463486,20.500001926672947,20.500000003373454,20.500000061230544,21.35380078330405,20.67192561467147,20.500390727102456,20.50000000000768,9048,0,680,20400.0,340.0,2025-04-23 20:09:00,2025-04-23 20:09:04,20.362306594848636,20.362306594848636,1
20.501343024124328,21.58888053894043,20.500000000002665,0.022102111420081963,0.0,0.0,,20.500053582168146,21.58888053894043,20.671474686177973,20.500002507140216,20.50000174948147,20.50000000335634,20.500000060467972,21.19607114233486,20.659402527077972,20.50039192453469,20.50000000000768,9048,0,681,20430.0,340.5,2025-04-23 20:09:30,2025-04-23 20:09:34,20.357236862182617,20.357236862182617,1
20.50132667239323,21.58888053894043,20.500000000002665,0.021858060183664728,0.0,0.0,,20.50005335682595,21.58888053894043,20.66905576656048,20.500002262939617,20.50000158938203,20.500000003337203,20.500000059749784,21.196047013652347,20.654864079415766,20.500391553943757,20.500000000007674,9048,0,682,20460.0,341.0,2025-04-23 20:10:00,2025-04-23 20:10:04,20.40057373046875,20.40057373046875,1
20.501345955789333,21.60267639160156,20.500000000002665,0.022526355554934843,0.0,0.0,,20.500053131895505,21.60267639160156,20.667136353532367,20.500002043134582,20.500001444718883,20.500000003316295,20.50000005907791,21.245130632597927,20.656972483702873,20.500390488680402,20.500000000007674,9048,0,683,20490.0,341.5,2025-04-23 20:10:30,2025-04-23 20:10:34,20.372482299804688,20.372482299804688,1
20.50134260840207,21.60267639160156,20.500000000002665,0.022496416748476914,0.0,0.0,,20.500052909103253,21.60267639160156,20.66546202598953,20.500001845273463,20.500001313996865,20.500000003292957,20.500000058454344,21.24513522303085,20.65736305415957,20.500389375453967,20.500000000007674,9048,0,684,20520.0,342.0,2025-04-23 20:11:00,2025-04-23 20:11:04,20.362525939941406,20.362525939941406,1
20.501321340224415,21.581396102905277,20.500000000002665,0.021967539747400885,0.0,0.0,,20.500052689878856,21.581396102905277,20.66366469889139,20.500001667152187,20.500001195865796,20.500000003267946,20.500000057880012,21.219113076013457,20.65507762099436,20.500388089353674,20.500000000007674,9048,0,685,20550.0,342.5,2025-04-23 20:11:30,2025-04-23 20:11:34,20.31719398498535,20.31719398498535,1
20.50131444904328,21.581396102905277,20.500000000002665,0.021890581430057086,0.0,0.0,,20.500052475312668,21.581396102905277,20.662072306343113,20.50000150678917,20.500001089106316,20.500000003241162,20.50000005735595,21.219108815272584,20.65406590888764,20.500386481183895,20.500000000007674,9048,0,686,20580.0,343.0,2025-04-23 20:12:00,2025-04-23 20:12:04,20.437442779541016,20.437442779541016,1
20.50130882954991,21.581396102905277,20.500000000002665,0.021836364072182323,0.0,0.0,,20.500052266107662,21.581396102905277,20.660669392702992,20.500001362402674,20.500000992617274,20.50000000321387,20.5000000568828,21.219107161227306,20.653465658596982,20.500384683761972,20.500000000007674,9048,0,687,20610.0,343.5,2025-04-23 20:12:30,2025-04-23 20:12:34,20.425439834594727,20.425439834594727,1
20.501303926861706,21.581396102905277,20.500000000002665,0.02179390278209157,0.0,0.0,,20.500052062545198,21.581396102905277,20.659434925869725,20.50000123239073,20.50000090540467,20.50000000318396,20.50000005646053,21.21910625157692,20.65303916513382,20.50038279459594,20.500000000007674,9048,0,688,20640.0,344.0,2025-04-23 20:13:00,2025-04-23 20:13:04,20.44061088562012,20.44061088562012,1
20.501299547435362,21.581396102905277,20.500000000002665,0.02175922239286362,0.0,0.0,,20.500051864481993,21.581396102905277,20.6583483429026,20.500001115312696,20.500000826570492,20.500000003154206,20.50000005608744,21.21910563064632,20.652708571491214,20.500380871555702,20.500000000007635,9048,0,689,20670.0,344.5,2025-04-23 20:13:30,2025-04-23 20:13:34,20.444923400878903,20.444923400878903,1
20.50129560014134,21.581396102905277,20.500000000002665,0.021730358347785403,0.0,0.0,,20.500051671383122,21.581396102905277,20.657391133438765,20.50000100987309,20.500000755304434,20.50000000312482,20.50000005576133,21.21910516201301,20.652442004051462,20.50037895269516,20.500000000007596,9048,0,690,20700.0,345.0,2025-04-23 20:14:00,2025-04-23 20:14:04,20.430273056030277,20.430273056030277,1
20.501342297427588,21.59047508239746,20.500000000002665,0.023086093051209264,0.0,0.0,,20.500051482386446,21.59047508239746,20.656688789165692,20.500000914906938,20.500000690874362,20.50000000309596,20.500000055478683,21.304227539379365,20.659652158009273,20.500377380866738,20.500000000007596,9048,0,691,20730.0,345.5,2025-04-23 20:14:30,2025-04-23 20:14:34,20.410852432250977,20.410852432250977,1
20.50134720075368,21.59047508239746,20.500000000002665,0.02316645578281989,0.0,0.0,,20.500051296386694,21.59047508239746,20.656074946428287,20.500000829366456,20.500000632619674,20.500000003067015,20.50000005523558,21.30424120802751,20.66244591858242,20.500376556754144,20.500000000007596,9048,0,692,20760.0,346.0,2025-04-23 20:15:00,2025-04-23 20:15:04,20.421037673950195,20.421037673950195,1
20.501366115053106,21.60766602,20.500000000002665,0.023686060225025757,0.0,0.0,,20.50005111212849,21.60766602,20.655801990937015,20.500000752309308,20.500000579943748,20.500000003038462,20.50000005502722,21.33019836166404,20.666161305037665,20.500376199432626,20.500000000007596,9048,0,693,20790.0,346.5,2025-04-23 20:15:30,2025-04-23 20:15:34,20.438232421875,20.438232421875,1
20.50137010619775,21.60766602,20.500000000002665,0.023739202201264246,0.0,0.0,,20.5000509282988,21.60766602,20.655571237508124,20.5000006828879,20.50000053230787,20.500000003010676,20.50000005484899,21.330204863881995,20.668010376708306,20.50037621933161,20.500000000007596,9048,0,694,20820.0,347.0,2025-04-23 20:16:00,2025-04-23 20:16:04,20.457883834838867,20.457883834838867,1
20.50137519695928,21.586727142333984,20.500000000002665,0.023819745861060705,0.0,0.0,,20.50005074361171,21.586727142333984,20.655040957738514,20.50000062033979,20.500000489225535,20.50000000298359,20.500000054695597,21.338431250172185,20.669911376638886,20.500376442111662,20.50000000000753,9048,0,695,20850.0,347.5,2025-04-23 20:16:30,2025-04-23 20:16:34,20.416858673095703,20.416858673095703,1
20.501377197200142,21.586727142333984,20.500000000002665,0.02383889604933815,0.0,0.0,,20.500050556881135,21.586727142333984,20.654556361864813,20.500000563979146,20.50000045025763,20.500000002957457,20.500000054562804,21.338434345039616,20.671070705378764,20.500376786653426,20.50000000000752,9048,0,696,20880.0,348.0,2025-04-23 20:17:00,2025-04-23 20:17:04,20.44226455688477,20.44226455688477,1
20.501404129696407,21.626766204833984,20.500000000002665,0.024609453897705677,0.0,0.0,,20.500050367079506,21.626766204833984,20.654747955482865,20.500000513189033,20.50000041500798,20.500000002932598,20.500000054446986,21.375229373896207,20.675123623052986,20.500377302768722,20.50000000000752,9048,0,697,20910.0,348.5,2025-04-23 20:17:30,2025-04-23 20:17:34,20.44601058959961,20.44601058959961,1
20.501409797655562,21.626766204833984,20.500000000002665,0.02467758013309978,0.0,0.0,,20.500050173382025,21.626766204833984,20.654941599337903,20.50000046741432,20.500000383117694,20.500000002908955,20.50000005434551,21.3752366018606,20.67707169139747,20.500378132873742,20.50000000000752,9048,0,698,20940.0,349.0,2025-04-23 20:18:00,2025-04-23 20:18:04,20.43107795715332,20.43107795715332,1
20.50140431208826,21.613380432128903,20.500000000002665,0.024437244458128587,0.0,0.0,,20.500049975196223,21.613380432128903,20.65490726846467,20.50000042615551,20.50000035426373,20.50000000288566,20.500000054256194,21.361347140506687,20.67709085925226,20.500379045132917,20.50000000000752,9048,0,699,20970.0,349.5,2025-04-23 20:18:30,2025-04-23 20:18:34,20.450143814086918,20.450143814086918,1
20.501405788600874,21.613380432128903,20.500000000002665,0.024442967721265932,0.0,0.0,,20.500049772175455,21.613380432128903,20.654865702070456,20.5000003889633,20.500000328153583,20.500000002863754,20.500000054177878,21.361346641763937,20.67751392584926,20.500379866022048,20.50000000000752,9048,0,700,21000.0,350.0,2025-04-23 20:19:00,2025-04-23 20:19:04,20.455427169799805,20.455427169799805,1
20.501407299809543,21.613380432128903,20.500000000002665,0.024451998385686857,0.0,0.0,,20.50004956421618,21.613380432128903,20.654823771215636,20.500000355433144,20.500000304523237,20.500000002843002,20.500000054111826,21.361347100759694,20.677972338158092,20.500380611011053,20.50000000000752,9048,0,701,21030.0,350.5,2025-04-23 20:19:30,2025-04-23 20:19:34,20.46466636657715,20.46466636657715,1
20.501408668298932,21.613380432128903,20.500000000002665,0.024460523399591275,0.0,0.0,,20.500049351443153,21.613380432128903,20.654783786381085,20.500000325201032,20.500000283134174,20.500000002824088,20.50000005405859,21.36134767566657,20.67838668572243,20.500381294882025,20.50000000000752,9048,0,702,21060.0,351.0,2025-04-23 20:20:00,2025-04-23 20:20:04,20.46681022644043,20.46681022644043,1
20.501420407692645,21.649105072021484,20.500000000002665,0.024798361998556263,0.0,0.0,,20.5000491341888,21.649105072021484,20.655304094455566,20.50000029793943,20.50000026377015,20.500000002806225,20.500000054019726,21.372979572364862,20.6797601759521,20.500381969478727,20.50000000000752,9048,0,703,21090.0,351.5,2025-04-23 20:20:30,2025-04-23 20:20:34,20.454744338989254,20.454744338989254,1
20.501423642594357,21.649105072021484,20.500000000002665,0.02483474262634339,0.0,0.0,,20.500048912969618,21.649105072021484,20.65578564963057,20.5000002733532,20.50000024623677,20.50000000278981,20.500000053996605,21.37298192991323,20.680472928968758,20.500382710775895,20.50000000000752,9048,0,704,21120.0,352.0,2025-04-23 20:21:00,2025-04-23 20:21:04,20.462127685546875,20.462127685546875,1
20.501434531129096,21.631818771362305,20.500000000002665,0.025079996321671565,0.0,0.0,,20.50004868845909,21.631818771362305,20.655943941432426,20.50000025117692,20.50000023035787,20.500000002774794,20.500000053991393,21.390511948148752,20.682482559356128,20.500383540176227,20.500000000007454,9048,0,705,21150.0,352.5,2025-04-23 20:21:30,2025-04-23 20:21:34,20.450660705566406,20.450660705566406,1
20.5014378022984,21.631818771362305,20.500000000002665,0.02511163859381467,0.0,0.0,,20.50004846145602,21.631818771362305,20.65606979714007,20.500000231171708,20.500000215973554,20.50000000276134,20.5000000540062,21.39051547597313,20.683463679574842,20.500384496837576,20.50000000000745,9048,0,706,21180.0,353.0,2025-04-23 20:22:00,2025-04-23 20:22:04,20.439353942871094,20.439353942871094,1
20.501458680248845,21.64595603942871,20.500000000002665,0.02566918073376661,0.0,0.0,,20.500048232850283,21.64595603942871,20.656396115756955,20.500000213121766,20.50000020294003,20.500000002748713,20.50000005404206,21.419829705577932,20.686651150619113,20.50038559138104,20.500000000007446,9048,0,707,21210.0,353.5,2025-04-23 20:22:30,2025-04-23 20:22:34,20.482391357421875,20.482391357421875,1
20.501463787785866,21.64595603942871,20.500000000002665,0.025722807840604586,0.0,0.0,,20.500048003590976,21.64595603942871,20.65669115569863,20.50000019683362,20.50000019112719,20.50000000273687,20.500000054099914,21.41983539857885,20.6881450228685,20.500386907466677,20.500000000007446,9048,0,708,21240.0,354.0,2025-04-23 20:23:00,2025-04-23 20:23:04,20.46003532409668,20.46003532409668,1
20.501408710690274,21.62795639038086,20.500000000002665,0.024081850063348228,0.0,0.0,,20.500047774660008,21.62795639038086,20.656671098372485,20.50000018213283,20.500000180416986,20.50000000272532,20.500000054179914,21.32165111463177,20.680502153196404,20.500387924820462,20.500000000007446,9048,0,709,21270.0,354.5,2025-04-23 20:23:30,2025-04-23 20:23:34,20.452980041503903,20.452980041503903,1
20.501402108395286,21.62795639038086,20.500000000002665,0.0239794923913794,0.0,0.0,,20.500047547052162,21.62795639038086,20.656640157301908,20.50000016886107,20.500000170703036,20.50000000271507,20.500000054282026,21.32163633761989,20.677746647648654,20.500388112874052,20.500000000007446,9048,0,710,21300.0,355.0,2025-04-23 20:24:00,2025-04-23 20:24:04,20.465576171875,20.465576171875,1
20.50142603443023,21.65041160583496,20.500000000002665,0.02472093035905347,0.0,0.0,,20.50004732175664,21.65041160583496,20.656959713768202,20.50000015687806,20.500000161889215,20.50000000270589,20.500000054405696,21.36467110015194,20.68018881272925,20.50038804871185,20.500000000007446,9048,0,711,21330.0,355.5,2025-04-23 20:24:30,2025-04-23 20:24:34,20.457950592041016,20.457950592041016,1
20.5014284608003,21.65041160583496,20.500000000002665,0.024758087092489982,0.0,0.0,,20.500047099738765,21.65041160583496,20.65725613962452,20.50000014605515,20.50000015388824,20.50000000269767,20.500000054549833,21.364676059937814,20.680896204501487,20.50038818044449,20.500000000007446,9048,0,712,21360.0,356.0,2025-04-23 20:25:00,2025-04-23 20:25:04,20.46862030029297,20.46862030029297,1
20.501395344676567,21.658939361572266,20.500000000002665,0.023831229233849234,0.0,0.0,,20.500046881921975,21.658939361572266,20.657653843016877,20.500000136277663,20.50000014662143,20.500000002690523,20.500000054713745,21.30366309813227,20.675818612241443,20.500388191931165,20.500000000007446,9048,0,713,21390.0,356.5,2025-04-23 20:25:30,2025-04-23 20:25:34,20.441251754760746,20.441251754760746,1
20.50139092110573,21.658939361572266,20.500000000002665,0.023774355992340897,0.0,0.0,,20.500046669170047,21.658939361572266,20.6580101729978,20.50000012744268,20.500000140018447,20.50000000268418,20.500000054896127,21.303653477803888,20.67379637996613,20.500387751402865,20.500000000007397,9048,0,714,21420.0,357.0,2025-04-23 20:26:00,2025-04-23 20:26:04,20.52129173278809,20.52129173278809,1
20.501439600343254,21.73700714111328,20.500000000002665,0.02525416830237047,0.0,0.0,,20.50004646226998,21.73700714111328,20.659543028299638,20.50000011945711,20.500000134015117,20.500000002679418,20.50000005509585,21.377451981952312,20.679152405749168,20.500387402975516,20.50000000000737,9048,0,715,21450.0,357.5,2025-04-23 20:26:30,2025-04-23 20:26:34,20.54032325744629,20.54032325744629,1
20.501447248686535,21.73700714111328,20.500000000002665,0.02536432429286572,0.0,0.0,,20.500046261917863,21.73700714111328,20.660946582885572,20.500000112235544,20.500000128552916,20.500000002676522,20.500000055311393,21.377462421859228,20.68100941229836,20.500387675696594,20.50000000000737,9048,0,716,21480.0,358.0,2025-04-23 20:27:00,2025-04-23 20:27:04,20.49700736999512,20.49700736999512,1
20.501460060064375,21.712615966796875,20.500000000002665,0.025613769685811243,0.0,0.0,,20.500046068710578,21.712615966796875,20.661812593270703,20.500000105703656,20.500000123579703,20.500000002674174,20.500000055541136,21.39523270659615,20.683407814778924,20.50038837470012,20.50000000000737,9048,0,717,21510.0,358.5,2025-04-23 20:27:30,2025-04-23 20:27:34,20.507143020629883,20.507143020629883,1
20.50146501876887,21.712615966796875,20.500000000002665,0.025665965011547623,0.0,0.0,,20.500045883145965,21.712615966796875,20.662556702212598,20.500000099793585,20.500000119048586,20.50000000267235,20.500000055782444,21.395236964401356,20.684527115621247,20.500389393461734,20.50000000000737,9048,0,718,21540.0,359.0,2025-04-23 20:28:00,2025-04-23 20:28:04,20.506147384643555,20.506147384643555,1
20.501474353097613,21.72410011291504,20.500000000002665,0.025866381350082186,0.0,0.0,,20.50004570563153,21.72410011291504,20.66338362680888,20.50000009444274,20.500000114918016,20.50000000267165,20.50000005603276,21.402694555713545,20.685858563594774,20.500390592442006,20.50000000000737,9048,0,719,21570.0,359.5,2025-04-23 20:28:30,2025-04-23 20:28:34,20.50706672668457,20.50706672668457,1
20.501478593655886,21.72410011291504,20.500000000002665,0.025905068629653506,0.0,0.0,,20.500045536504157,21.72410011291504,20.66411661555269,20.50000008959681,20.500000111148854,20.500000002671666,20.50000005628954,21.402696796146838,20.68660587875037,20.50039192018242,20.50000000000737,9048,0,720,21600.0,360.0,2025-04-23 20:29:00,2025-04-23 20:28:34,20.50706672668457,20.50706672668457,1
