room_avg_temp,room_max_temp,room_min_temp,room_std_temp,room_avg_speed,room_max_speed,machine_machine_1_box_temp,machine_machine_1_surround_temp,machine_machine_2_box_temp,machine_machine_2_surround_temp,machine_machine_3_box_temp,machine_machine_3_surround_temp,machine_machine_4_box_temp,machine_machine_4_surround_temp,machine_machine_6_box_temp,machine_machine_6_surround_temp,sim_ambient_mean,sim_ambient_median,ambient_cell_count,human_count,sim_wall_temp_mean,sim_wall_temp_median,frame,sim_time_s,sim_time_min,real_datetime,timestamp,ambient_temp_mean_c,background_pixels,background_confidence,date,time
20.81432340833661,30.009952545166016,20.644601657247648,0.6191656537256982,0.0,0.0,,20.80630567480067,26.880054473876957,20.973546819241857,24.909539338014593,21.13920099990495,23.013529842968147,20.95910168694577,23.195078457926893,20.979173993369074,20.76337431421121,20.766905684718147,6884,5,20.779813365745017,20.761360854190798,1,30.0,0.5,2025-04-23 14:29:30,2025-04-23 14:29:30,22.91330909729004,197432.0,0.833345864019004,2025-04-23,14:29:30
20.781741912888215,30.009952545166016,20.607426915017655,0.6328321321955162,0.0,0.0,,20.814418531024856,26.880054473876957,21.128809287966366,24.90991046592139,21.264293371978194,23.013690260551613,21.01535294548552,23.195440238976737,21.038577439509773,20.73215952392024,20.73752723253027,6884,5,20.75338870559471,20.72815326283524,2,60.0,1.0,2025-04-23 14:30:00,2025-04-23 14:30:00,21.21241569519043,245897.0,0.9120931477407208,2025-04-23,14:30:00
20.75369960737433,30.009952545166016,20.579923614120673,0.6417068928737101,0.0,0.0,,20.82168443152172,26.880054473876957,21.24227723532726,24.91006007432893,21.327663335682278,23.013748246514655,21.03873409780864,23.195553828786228,21.06265302124572,20.705222580027854,20.712005656861468,6884,5,20.729400179990545,20.699114988741687,3,90.0,1.5,2025-04-23 14:30:30,2025-04-23 14:30:30,21.41639709472656,244250.0,0.9064485670419652,2025-04-23,14:30:30
20.73008778939602,30.009952545166016,20.559527299168888,0.64842754519805,0.0,0.0,,20.827794320058374,26.880054473876957,21.32973762800801,24.910139894777938,21.365167257315445,23.013775320014947,21.048783005484125,23.195601277661403,21.074306385205006,20.682054547457465,20.688925000971775,6884,5,20.708558238254444,20.673708456236795,4,120.0,2.0,2025-04-23 14:31:00,2025-04-23 14:31:00,21.178009033203125,246213.0,0.9152693755000753,2025-04-23,14:31:00
20.710286759690607,30.009952545166016,20.544373416952318,0.6538123054110787,0.0,0.0,,20.832796276557424,26.880054473876957,21.40036978857197,24.910189591629653,21.38951295729206,23.013789932851182,21.052765692464614,23.195626601821964,21.080615577577774,20.66211602434734,20.668303511252997,6884,5,20.69067477316642,20.651660423773478,5,150.0,2.5,2025-04-23 14:31:30,2025-04-23 14:31:30,21.27680969238281,246959.0,0.9152116975894784,2025-04-23,14:31:30
20.693669196588047,30.009952545166016,20.533098327739033,0.6582088741447052,0.0,0.0,,20.836824674399214,26.880054473876957,21.45914364845607,24.910223469472417,21.406365435446766,23.013798527581656,21.053785174371605,23.19564232447434,21.084152078406632,20.64492057769955,20.649985007333967,6884,5,20.675383989026567,20.632077210140785,6,180.0,3.0,2025-04-23 14:32:00,2025-04-23 14:32:00,21.25925636291504,246577.0,0.9145115547070488,2025-04-23,14:32:00
20.665070166544826,28.848111794500984,20.524699958740175,0.5476523711002971,0.0,0.0,,20.846023693283655,24.65207862854004,21.44099444568744,23.345082879638365,21.279294939655117,21.965014330831114,20.96429680630794,22.304616826314337,21.008476782553377,20.718290551964582,20.635308324466802,7025,0,20.656526259441016,20.615150488625112,7,210.0,3.5,2025-04-23 14:32:30,2025-04-23 14:32:30,21.22359085083008,247059.0,0.913629246961252,2025-04-23,14:32:30
20.645994119219612,27.78229224867343,20.51843909911934,0.47858018889701154,0.0,0.0,,20.854399039253025,24.65207862854004,21.421306294706227,23.344953187446144,21.232072876816822,21.964934853433224,20.9247484332154,22.304477621581103,20.97809458958227,20.693483860339107,20.621001683610757,7025,0,20.64170358637858,20.600423039407097,8,240.0,4.0,2025-04-23 14:33:00,2025-04-23 14:33:00,21.20672607421875,246913.0,0.914030827659945,2025-04-23,14:33:00
20.629746764001293,26.82804352060449,20.513768776904286,0.42203164509405977,0.0,0.0,,20.86206661510923,24.62590217590332,21.4010885164951,23.36196075206689,21.20892355488756,21.94500492786623,20.900275905285074,22.277581256583794,20.959068211659403,20.67169390839667,20.608270467825758,7025,0,20.629167347943046,20.58766698792658,9,270.0,4.5,2025-04-23 14:33:30,2025-04-23 14:33:30,21.223848342895508,247172.0,0.9135789045684788,2025-04-23,14:33:30
20.61583054482741,25.98130265063289,20.51028329079947,0.3753371389385772,0.0,0.0,,20.868639970692012,24.62590217590332,21.38124010151075,23.3619383286739,21.194093637266455,21.944987407410384,20.88415203583375,22.277554630738813,20.946548434406083,20.652532300305282,20.59678348775799,7025,0,20.618383756394092,20.576467533403246,10,300.0,5.0,2025-04-23 14:34:00,2025-04-23 14:34:00,21.234888076782227,247427.0,0.9145036339000998,2025-04-23,14:34:00
20.603893058989502,25.235259907474255,20.507681159003482,0.3369854935973392,0.0,0.0,,20.87216954688749,24.536312103271484,21.360576495081816,23.37502203236014,21.184775289408996,22.010635427639528,20.87778370141886,22.05326605058263,20.91741818049916,20.635661474113824,20.58644301041256,7025,0,20.60857252329229,20.566691987288195,11,330.0,5.5,2025-04-23 14:34:30,2025-04-23 14:34:30,21.08552932739257,246760.0,0.916669727164046,2025-04-23,14:34:30
20.59350712907907,24.582247650601833,20.505738022931748,0.30509810802063303,0.0,0.0,,20.874878590143815,24.536312103271484,21.340698526633116,23.375014104570084,21.177259192488844,22.010633314902716,20.870693817668204,22.053217918401668,20.901648149731493,20.620788978841198,20.57724761193086,7025,0,20.600186169856187,20.55821057926977,12,360.0,6.0,2025-04-23 14:35:00,2025-04-23 14:35:00,21.213069915771484,247545.0,0.9145544875679168,2025-04-23,14:35:00
20.58449629348647,24.536312103271484,20.504286734166545,0.27885125067121946,0.0,0.0,,20.87704863582066,24.536312103271484,21.32170858780786,23.37500795781687,21.171097994816733,22.010629909200585,20.864152654546356,22.05319599424332,20.890687628309287,20.60766434318184,20.569043246930562,7025,0,20.592885932688436,20.550797733721677,13,390.0,6.5,2025-04-23 14:35:30,2025-04-23 14:35:30,21.028223037719727,246463.0,0.9162780645573576,2025-04-23,14:35:30
20.576658371951943,24.536312103271484,20.503202662855525,0.25734710097721447,0.0,0.0,,20.878792687859537,24.536312103271484,21.303644849241714,23.375003121143287,21.165903911580948,22.01062669593794,20.858315382393805,22.053182164109806,20.88205367634792,20.596070328859682,20.561822203004095,7025,0,20.586484479797804,20.544378760282655,14,420.0,7.0,2025-04-23 14:36:00,2025-04-23 14:36:00,20.96369361877441,245688.0,0.91850334570675,2025-04-23,14:36:00
20.56827500911696,24.513336181640625,20.502392824658266,0.2281455140364248,0.0,0.0,,20.878584562723447,24.513336181640625,21.286161903941345,23.059815588992997,21.133378323879064,21.743616575317645,20.830489868719646,21.860308986133028,20.858089302011365,20.58581689027966,20.555279266062577,7025,0,20.58019279945291,20.53872399345411,15,450.0,7.5,2025-04-23 14:36:30,2025-04-23 14:36:30,21.048402786254883,246374.0,0.9178680075819688,2025-04-23,14:36:30
20.56216406623597,24.513336181640625,20.501787814099764,0.2126641483768821,0.0,0.0,,20.87812173519062,24.513336181640625,21.26964182748349,23.059782545361443,21.118108759524628,21.74359304816488,20.81617741421542,21.86026897294263,20.84522927358848,20.576737205695668,20.54945830857374,7025,0,20.574956304432806,20.533788589156796,16,480.0,8.0,2025-04-23 14:37:00,2025-04-23 14:37:00,21.062931060791016,246700.0,0.91746649523713,2025-04-23,14:37:00
20.55733626399216,24.48879623413086,20.501335808649536,0.20342663893132354,0.0,0.0,,20.87816715958095,24.48879623413086,21.253701557145025,23.101988556994463,21.112025814109614,21.88373521444842,20.81865613142596,21.89317730641124,20.839205167088878,20.568690527480424,20.544219272598408,7025,0,20.570496360896207,20.529481431586778,17,510.0,8.5,2025-04-23 14:37:30,2025-04-23 14:37:30,21.170543670654297,247051.0,0.9154796858745764,2025-04-23,14:37:30
20.552743416820693,24.48879623413086,20.500998105507737,0.19371681687825665,0.0,0.0,,20.878162395835336,24.48879623413086,21.23873189226864,23.101983167169497,21.106262543295728,21.883740061783776,20.816748829414717,21.893171359245184,20.833382769899607,20.561554812617747,20.539543617827484,7025,0,20.56651610542722,20.52566840579445,18,540.0,9.0,2025-04-23 14:38:00,2025-04-23 14:38:00,21.106788635253903,247094.0,0.9164242024290352,2025-04-23,14:38:00
20.54867718303949,24.50457763671875,20.50074579565238,0.18618449864106734,0.0,0.0,,20.878298040609195,24.50457763671875,21.22496193071994,23.131622510947913,21.10396954076294,21.839702125330035,20.810217785621116,21.91841820630889,20.83042673135897,20.555222102025482,20.535360745219656,7025,0,20.563056192262014,20.522388703686076,19,570.0,9.5,2025-04-23 14:38:30,2025-04-23 14:38:30,21.0820426940918,246403.0,0.9178281489064662,2025-04-23,14:38:30
20.5451215588325,24.50457763671875,20.500557283337187,0.17997304051873242,0.0,0.0,,20.878365423654298,24.50457763671875,21.212094802792443,23.131621200129132,21.100815126733085,21.839697693061954,20.80575000978256,21.918416494829394,20.826832197051104,20.54959772681879,20.53163427267457,7025,0,20.55994098955926,20.519528443871565,20,600.0,10.0,2025-04-23 14:39:00,2025-04-23 14:39:00,21.10389709472656,246602.0,0.9135487673457636,2025-04-23,14:39:00
20.54235322549846,24.51858329772949,20.500416435016035,0.17726934338974176,0.0,0.0,,20.87893212501827,24.51858329772949,21.200302567025172,23.1112430358387,21.095948282611438,21.908451422904363,20.808018669600653,22.317991368323437,20.85825466327989,20.54460057360208,20.528320202128384,7025,0,20.557871239837937,20.51703406897466,21,630.0,10.5,2025-04-23 14:39:30,2025-04-23 14:39:30,21.15488815307617,246995.0,0.9149417245288366,2025-04-23,14:39:30
20.539642398127626,24.51858329772949,20.500311197380157,0.17355957580706258,0.0,0.0,,20.879425312566973,24.51858329772949,21.18930867793423,23.111238919031702,21.09242700628891,21.908454987694796,20.807508734806742,22.318053285163554,20.869176240285746,20.540160361676346,20.52538095338598,7025,0,20.55567708146367,20.5148616608058,22,660.0,11.0,2025-04-23 14:40:00,2025-04-23 14:40:00,21.205684661865234,247263.0,0.9158991387712678,2025-04-23,14:40:00
20.536999793661163,24.526952743530277,20.500232565309485,0.16964959680936215,0.0,0.0,,20.88144751785185,24.526952743530277,21.17919729918447,23.162931646836185,21.09411414265978,21.857692410111586,20.80197554237094,21.920875874923468,20.839393455829594,20.536209097525834,20.522744550017276,7025,0,20.55297388329701,20.51297611403217,23,690.0,11.5,2025-04-23 14:40:30,2025-04-23 14:40:30,21.102184295654297,246882.0,0.9173201291507684,2025-04-23,14:40:30
20.534831238516773,24.526952743530277,20.500173810983195,0.16719017338523495,0.0,0.0,,20.88333635056879,24.526952743530277,21.16978792477384,23.162934316452024,21.09346055384543,21.85768830012761,20.798742241359417,21.92081943576161,20.828167336353236,20.5326872721724,20.520381205438092,7025,0,20.550856791438274,20.511331079101314,24,720.0,12.0,2025-04-23 14:41:00,2025-04-23 14:41:00,21.1369743347168,247377.0,0.9176166968837038,2025-04-23,14:41:00
20.533020001403596,24.54838180541992,20.500129907986384,0.1660174728808141,0.0,0.0,,20.883529614813384,24.54838180541992,21.16137335530412,23.163290940295497,21.092342943444873,21.88291738706601,20.79850282032158,21.976994387012656,20.82727974935001,20.529547559065776,20.518237180667743,7025,0,20.54912994455696,20.50989579652626,25,750.0,12.5,2025-04-23 14:41:30,2025-04-23 14:41:30,21.123125076293945,247550.0,0.9168489320339326,2025-04-23,14:41:30
20.531340510573305,24.54838180541992,20.500097101057403,0.1645538100076527,0.0,0.0,,20.88352596437964,24.54838180541992,21.153557004121573,23.16329056963305,21.09111444251561,21.882918114411602,20.797491604156058,21.97699540525543,20.825423603858287,20.526747862718675,20.516345462502755,7025,0,20.547553484178003,20.50860717120466,26,780.0,13.0,2025-04-23 14:42:00,2025-04-23 14:42:00,21.0914363861084,247697.0,0.918331419032124,2025-04-23,14:42:00
20.52984875342985,24.54838180541992,20.500072584630576,0.16339009937093732,0.0,0.0,,20.88345957248693,24.54838180541992,21.146294579925105,23.16329000033234,21.089913786899967,21.882917950091603,20.796365580919108,21.976993663752936,20.823579591440986,20.524250019561435,20.514616746126517,7025,0,20.546132714553483,20.50752344809414,27,810.0,13.5,2025-04-23 14:42:30,2025-04-23 14:42:30,21.08819580078125,247319.0,0.9183426187434044,2025-04-23,14:42:30
20.528523844493268,24.54838180541992,20.500054262662147,0.16246860753594936,0.0,0.0,,20.88336040587698,24.54838180541992,21.13955210861392,23.163289389209634,21.0887884683069,21.882917593641317,20.79527916611751,21.976991663165006,20.821930009375997,20.52202024580991,20.513071874002048,7025,0,20.544855212029415,20.50657612050769,28,840.0,14.0,2025-04-23 14:43:00,2025-04-23 14:43:00,20.92920684814453,246604.0,0.9195288803101328,2025-04-23,14:43:00
20.52624774524564,24.214445114135746,20.500040569187274,0.14971070127305622,0.0,0.0,,20.87886607116844,24.214445114135746,21.128087602704692,22.956411412264742,21.069317758378542,21.730850524156548,20.781355285624805,21.675120134227104,20.79417574194739,20.52002674135223,20.51169205566392,7025,0,20.542822312006365,20.50573391939527,29,870.0,14.5,2025-04-23 14:43:30,2025-04-23 14:43:30,20.8562126159668,246726.0,0.9215926143778927,2025-04-23,14:43:30
20.525081507134818,24.214445114135746,20.500030334253996,0.14850681107525857,0.0,0.0,,20.874463178648785,24.214445114135746,21.11747280171154,22.95639133869749,21.060930247640922,21.7308381675651,20.774905701746782,21.67506909632113,20.782363438068888,20.518239732227993,20.510469964224136,7025,0,20.54136019973849,20.504999712372424,30,900.0,15.0,2025-04-23 14:44:00,2025-04-23 14:44:00,20.8418197631836,247168.0,0.9223500058664552,2025-04-23,14:44:00
20.52385673594035,24.216402053833008,20.500022683762086,0.14439104059176,0.0,0.0,,20.869447022076493,24.216402053833008,21.107846541297683,22.86020155748307,21.047313682859066,21.730833071923353,20.77103165010548,21.693994664430182,20.777232088762187,20.51663789671825,20.5093751559445,7025,0,20.54007262360228,20.504359668484213,31,930.0,15.5,2025-04-23 14:44:30,2025-04-23 14:44:30,20.82012176513672,246946.0,0.9226797052796968,2025-04-23,14:44:30
20.522953635840842,24.216402053833008,20.500016964633723,0.14364764155727888,0.0,0.0,,20.86489168633461,24.216402053833008,21.099139131889704,22.8601873936639,21.040309685831435,21.730830253966108,20.768339619031554,21.69398795155817,20.773142203307188,20.51520198333988,20.508404448196732,7025,0,20.538972135785,20.5038419213466,32,960.0,16.0,2025-04-23 14:45:00,2025-04-23 14:45:00,20.86265754699707,247445.0,0.9208665688334782,2025-04-23,14:45:00
20.522184993044977,24.16180419921875,20.500012688910385,0.1432881879414027,0.0,0.0,,20.860693343617942,24.16180419921875,21.090421581851288,22.864992499376495,21.036085463648355,21.7308284140458,20.76629383358954,21.729760607938026,20.772933674637677,20.513914652316558,20.507522702719143,7025,0,20.538047205740146,20.503387303082164,33,990.0,16.5,2025-04-23 14:45:30,2025-04-23 14:45:30,20.82408142089844,246950.0,0.9224486864749948,2025-04-23,14:45:30
20.521482917439382,24.16180419921875,20.50000949199181,0.14286707451366557,0.0,0.0,,20.856963284429288,24.16180419921875,21.08252770253919,22.86498824848783,21.032798734668972,21.73082708950385,20.764652068609614,21.729762125710472,20.771430538060837,20.512760395465737,20.506742479995594,7025,0,20.537183421721277,20.502969195286852,34,1020.0,17.0,2025-04-23 14:46:00,2025-04-23 14:46:00,20.845626831054688,247209.0,0.9225076251269168,2025-04-23,14:46:00
20.52034928378565,24.1733512878418,20.50000710143714,0.13849785571684997,0.0,0.0,,20.85322105144083,24.1733512878418,21.07558306314485,22.836533824437783,21.027626243342972,21.578227443018,20.745841458255555,21.696902824271547,20.766933294057743,20.51172311845361,20.506040988290387,7025,0,20.536309677337176,20.502611829353434,35,1050.0,17.5,2025-04-23 14:46:30,2025-04-23 14:46:30,20.85018920898437,247683.0,0.9217278865525692,2025-04-23,14:46:30
20.519401688565555,24.1733512878418,20.500005313657695,0.1358628337075512,0.0,0.0,,20.84987072917683,24.1733512878418,21.0693230015263,22.83652864014618,21.02442406340396,21.446752244560134,20.72700239297639,21.696895577886703,20.764285774115496,20.510790690525436,20.5054081863532,7025,0,20.535561626856087,20.502308326720986,36,1080.0,18.0,2025-04-23 14:47:00,2025-04-23 14:47:00,20.85972595214844,247452.0,0.921438488575562,2025-04-23,14:47:00
20.518614663051245,24.191837310791016,20.50000397650817,0.13486400251451763,0.0,0.0,,20.847709581109807,24.191837310791016,21.06396131077741,22.867542056672924,21.024775303131534,21.332989960215084,20.70869738168133,21.66649714229992,20.759700326763916,20.509952166947574,20.504853248295166,7025,0,20.53488331998994,20.50203616149721,37,1110.0,18.5,2025-04-23 14:47:30,2025-04-23 14:47:30,20.87656021118164,247780.0,0.9217281333239165,2025-04-23,14:47:30
20.51786248600745,24.191837310791016,20.500002976278722,0.1332703596688895,0.0,0.0,,20.84586984731257,24.191837310791016,21.05912405304987,22.867542706525494,21.023941099320837,21.234053417434872,20.691230583330192,21.66648970356551,20.75708120806572,20.5091978590909,20.50434486976467,7025,0,20.534284399639557,20.50180161351645,38,1140.0,19.0,2025-04-23 14:48:00,2025-04-23 14:48:00,20.84173393249512,247782.0,0.9191541102662824,2025-04-23,14:48:00
20.518382288119433,24.19293975830078,20.500002227979593,0.13753468558179707,0.0,0.0,,20.84335007406845,24.19293975830078,21.054765022406396,22.806042713719712,21.017459446818933,21.649389989807844,20.718587963098187,21.735106740392844,20.761191128612168,20.50852118408875,20.50388986003531,7025,0,20.53380562754087,20.501577399754105,39,1170.0,19.5,2025-04-23 14:48:30,2025-04-23 14:48:30,20.873262405395508,247660.0,0.920021526487927,2025-04-23,14:48:30
20.518083378942542,24.19293975830078,20.50000166808017,0.1375564989411561,0.0,0.0,,20.841036235960456,24.19293975830078,21.05081694090523,22.806036166709855,21.01427505093181,21.649415462469943,20.728362988892144,21.735115565322616,20.76210770789935,20.507913986112566,20.503483332078147,7025,0,20.533343320438394,20.501384271166938,40,1200.0,20.0,2025-04-23 14:49:00,2025-04-23 14:49:00,20.99699783325196,247760.0,0.9178608456772684,2025-04-23,14:49:00
20.517789867723664,24.19293975830078,20.50000124908835,0.1375117609738888,0.0,0.0,,20.838970842160645,24.19293975830078,21.047238314298685,22.806032986700515,21.012137005515424,21.64942415535157,20.7326526549034,21.735117686654405,20.762173615224775,20.50736887804676,20.503121522973657,7025,0,20.53291567022716,20.50121458001386,41,1230.0,20.5,2025-04-23 14:49:30,2025-04-23 14:49:30,21.06915664672852,248597.0,0.9173560773058403,2025-04-23,14:49:30
20.51751692409897,24.19293975830078,20.500000935496114,0.1374517594905473,0.0,0.0,,20.837136216574205,24.19293975830078,21.043993254403887,22.806030943767293,21.010510754014554,21.649427981761914,20.73475521405561,21.735118166715868,20.762002273066297,20.506879020504925,20.502799154916083,7025,0,20.53252596377252,20.501066167716267,42,1260.0,21.0,2025-04-23 14:50:00,2025-04-23 14:50:00,21.01450538635254,248571.0,0.9196457576507316,2025-04-23,14:50:00
20.518623030439596,24.40613555908203,20.500000700754303,0.15254461202138384,0.0,0.0,,20.83550850739442,24.40613555908203,21.044377104034467,23.063925757025498,21.032181245240643,21.886850540906206,20.756044421519444,21.925167591027645,20.778334768177167,20.506439802027415,20.502508821363687,7025,0,20.53280615746052,20.500937406338252,43,1290.0,21.5,2025-04-23 14:50:30,2025-04-23 14:50:30,21.10391998291016,248806.0,0.9196150188299318,2025-04-23,14:50:30
20.518524998535785,24.40613555908203,20.500000525008957,0.15307503400658012,0.0,0.0,,20.834064351662512,24.40613555908203,21.04478559024608,23.063948916772485,21.04036947162874,21.886870368573447,20.76532576726024,21.92519862317558,20.784741280675025,20.506048679525453,20.502258555313897,7025,0,20.53275632197334,20.500828133506765,44,1320.0,22.0,2025-04-23 14:51:00,2025-04-23 14:51:00,21.094127655029297,248830.0,0.92103732970301,2025-04-23,14:51:00
20.517959493626496,24.474592208862305,20.500000393411188,0.1490842349253424,0.0,0.0,,20.81783777607415,24.474592208862305,21.046174231725555,23.00365377458622,21.039292501984807,21.796848546154575,20.76282490173003,21.845334527459904,20.781132487173164,20.505697828515853,20.50203255708634,7025,0,20.53225248267403,20.500726832932514,45,1350.0,22.5,2025-04-23 14:51:30,2025-04-23 14:51:30,20.99920654296875,248613.0,0.921351407609417,2025-04-23,14:51:30
20.517755946806496,24.474592208862305,20.50000029485462,0.1489656193736719,0.0,0.0,,20.795477129068043,24.474592208862305,21.047377760015284,23.00365306665803,21.039779093945842,21.79684580756471,20.76283980466033,21.845326721820125,20.780519812390988,20.505377984141106,20.50182617318853,7025,0,20.53175424392983,20.500640244600874,46,1380.0,23.0,2025-04-23 14:52:00,2025-04-23 14:52:00,20.9316349029541,248795.0,0.9225690955405051,2025-04-23,14:52:00
20.516744859533343,24.23968505859375,20.500000221030717,0.139297956965738,0.0,0.0,,20.772983078437328,24.23968505859375,21.04471298369454,22.834208207768263,21.02526968343491,21.653012109174178,20.751132915852477,21.791576382935393,20.77593245279015,20.50508574539399,20.501639820921195,7025,0,20.530957455804415,20.500567060912307,47,1410.0,23.5,2025-04-23 14:52:30,2025-04-23 14:52:30,20.923614501953125,248966.0,0.9236266196990752,2025-04-23,14:52:30
20.516500067523058,24.23968505859375,20.500000165722884,0.13883994946838796,0.0,0.0,,20.751389037212178,24.23968505859375,21.04213892108858,22.834193029729914,21.01968697452141,21.653001176805216,20.746483586375778,21.79156766185162,20.774299613566416,20.504817336753,20.501479059823925,7025,0,20.530341833127522,20.5004927345695,48,1440.0,24.0,2025-04-23 14:53:00,2025-04-23 14:53:00,20.90069007873535,249084.0,0.923708530555957,2025-04-23,14:53:00
20.516019138642314,23.98467445373535,20.500000124279637,0.13439341854979467,0.0,0.0,,20.73100012143227,23.98467445373535,21.035798702118658,22.73855484177457,21.008160126314536,21.652997139146667,20.744147649957497,21.744867866105935,20.769469785084542,20.504570423222912,20.50132721234383,7025,0,20.52954873362209,20.50044025971277,49,1470.0,24.5,2025-04-23 14:53:30,2025-04-23 14:53:30,20.85575294494629,249348.0,0.924930405998845,2025-04-23,14:53:30
20.51581438862401,23.98467445373535,20.500000093219498,0.13400596700440026,0.0,0.0,,20.711912867885367,23.98467445373535,21.029988548581603,22.7385426015606,21.002803239871614,21.65299518274091,20.742784717199402,21.74485904108898,20.767385867512886,20.50434262905897,20.501189087014897,7025,0,20.52890911000089,20.500387299907672,50,1500.0,25.0,2025-04-23 14:54:00,2025-04-23 14:54:00,20.81941795349121,248796.0,0.9247577583642824,2025-04-23,14:54:00
20.51518553525031,23.810211181640625,20.50000006993662,0.127393914529228,0.0,0.0,,20.71892574895575,23.810211181640625,21.022083367129312,22.591218694326535,20.98640291864991,21.652994060997393,20.741892773756874,21.529082472257404,20.74740740810473,20.50413295823691,20.501068528527288,7025,0,20.528105939293482,20.500343409211503,51,1530.0,25.5,2025-04-23 14:54:30,2025-04-23 14:54:30,20.74595832824707,248643.0,0.926387933704146,2025-04-23,14:54:30
20.515017706559757,23.810211181640625,20.50000005248023,0.1270034469046615,0.0,0.0,,20.7274533056223,23.810211181640625,21.014968704316967,22.591201222713554,20.97879160395962,21.65299334114945,20.741255542554654,21.529045231728343,20.73902024346753,20.503941139435714,20.500961005230785,7025,0,20.527695887046924,20.500303353652384,52,1560.0,26.0,2025-04-23 14:55:00,2025-04-23 14:55:00,20.713041305541992,248834.0,0.925747059284503,2025-04-23,14:55:00
20.514616230247313,23.77188491821289,20.500000039389704,0.12603341036089216,0.0,0.0,,20.735442827012452,23.77188491821289,21.00806580340309,22.65671949825772,20.97989909138447,21.509843953833702,20.724386861825977,21.488043556752455,20.730747330356163,20.50376506895856,20.50086335726844,7025,0,20.527383632439978,20.50027281103072,53,1590.0,26.5,2025-04-23 14:55:30,2025-04-23 14:55:30,20.73924827575684,248905.0,0.924502947911854,2025-04-23,14:55:30
20.514154370635627,23.77188491821289,20.50000002957095,0.12371428733651212,0.0,0.0,,20.74258903112439,23.77188491821289,21.001946679692928,22.65672059126006,20.978910785500492,21.38654512914649,20.70739876662611,21.488029743662263,20.72608594464541,20.503604452566258,20.500775780782206,7025,0,20.52713352689603,20.50024290485957,54,1620.0,27.0,2025-04-23 14:56:00,2025-04-23 14:56:00,20.702680587768555,248750.0,0.9260673994974874,2025-04-23,14:56:00
20.513739460798345,23.77188491821289,20.500000022204773,0.12186947072258862,0.0,0.0,,20.748891975760984,23.77188491821289,20.99654425949647,22.656719642396077,20.97768418360504,21.279884254456856,20.690831723293734,21.48802272850798,20.722856450076648,20.50345831010172,20.500697118911066,7025,0,20.526922182632713,20.50021441633401,55,1650.0,27.5,2025-04-23 14:56:30,2025-04-23 14:56:30,20.81355667114257,249437.0,0.9240721980900988,2025-04-23,14:56:30
20.513366994238126,23.77188491821289,20.500000016677717,0.12040615607038482,0.0,0.0,,20.754424483195187,23.77188491821289,20.99177669704755,22.65671844711542,20.976523020900306,21.187144553761403,20.674981558629455,21.488018118158834,20.720374606742773,20.50332548224019,20.500625965769622,7025,0,20.526737603165678,20.50018924949385,56,1680.0,28.0,2025-04-23 14:57:00,2025-04-23 14:57:00,20.67672348022461,248778.0,0.9254541825442764,2025-04-23,14:57:00
20.512472285351805,23.63093376159668,20.500000012528833,0.11017463600520915,0.0,0.0,,20.75756742438449,23.63093376159668,20.98537124869006,22.42634414962432,20.954979596465265,21.106194493113836,20.660012138550776,21.492083577262953,20.718729647600057,20.503204558144418,20.500561854982738,7025,0,20.526313585342873,20.50016790043232,57,1710.0,28.5,2025-04-23 14:57:30,2025-04-23 14:57:30,20.69956016540528,248917.0,0.9252417723578542,2025-04-23,14:57:30
20.51212157426158,23.63093376159668,20.50000000941528,0.10881105941845767,0.0,0.0,,20.76014705118374,23.63093376159668,20.97961272555639,22.426321396443566,20.945760900355445,21.035322797430922,20.646003375449848,21.4920815468086,20.71722557718373,20.50309351062284,20.500505044737334,7025,0,20.526041819531148,20.500150059256583,58,1740.0,29.0,2025-04-23 14:58:00,2025-04-23 14:58:00,20.8166732788086,249202.0,0.924689483832393,2025-04-23,14:58:00
20.51243066898023,23.731555938720703,20.500000007077013,0.11760035319183924,0.0,0.0,,20.764901830117953,23.731555938720703,20.9760704842074,22.668712680702434,20.96186240418664,20.973129112993682,20.632981592441524,21.530282620358395,20.719255595680618,20.502991963439474,20.500457195835008,7025,0,20.526166378720493,20.500132991336777,59,1770.0,29.5,2025-04-23 14:58:30,2025-04-23 14:58:30,20.77927017211914,249404.0,0.9249654927346794,2025-04-23,14:58:30
20.512222324722426,23.731555938720703,20.500000005319464,0.1172776431989189,0.0,0.0,,20.769317134189237,23.731555938720703,20.973007737473765,22.668729743325855,20.96681335072944,20.91844961729712,20.620939001387136,21.530287237644075,20.719493079177013,20.50290063240779,20.500411466946993,7025,0,20.52613277417281,20.500118193704395,60,1800.0,30.0,2025-04-23 14:59:00,2025-04-23 14:59:00,20.80600929260254,249628.0,0.9249132709471694,2025-04-23,14:59:00
20.513496997801465,23.623687744140625,20.500000004000256,0.12317808933776088,0.0,0.0,,20.77126772343504,23.623687744140625,20.968633601508447,22.64195949886905,20.966500851764803,21.462371018186904,20.660317928092965,21.57317525277235,20.72301378789937,20.502819828893596,20.500372257904917,7025,0,20.526069225569934,20.500106030482733,61,1830.0,30.5,2025-04-23 14:59:30,2025-04-23 14:59:30,20.75033187866211,248558.0,0.9253062288278792,2025-04-23,14:59:30
20.513550766396914,23.623687744140625,20.500000003008385,0.12339710509908092,0.0,0.0,,20.772797249551527,23.623687744140625,20.96468921321668,22.64195945929495,20.96653511066706,21.46240817100583,20.67545212189992,21.57318223799431,20.724204724516774,20.502748397534962,20.500336358923064,7025,0,20.525977102479416,20.50009466140793,62,1860.0,31.0,2025-04-23 15:00:00,2025-04-23 15:00:00,20.86867904663086,249420.0,0.9219869472175448,2025-04-23,15:00:00
20.514254408114063,23.74519920349121,20.500000002263278,0.13083801381127322,0.0,0.0,,20.774106526866642,23.74519920349121,20.963073192565037,22.755265157071296,20.976592967804745,21.60079193137629,20.694550588488433,21.673083761155247,20.733396829591673,20.50268573128662,20.50030220528722,7025,0,20.526200379941702,20.500084325881897,63,1890.0,31.5,2025-04-23 15:00:30,2025-04-23 15:00:30,20.86762428283692,249665.0,0.9234129358340176,2025-04-23,15:00:30
20.51431205770801,23.74519920349121,20.500000001704134,0.1311584833458847,0.0,0.0,,20.775248645622554,23.74519920349121,20.961720516615188,22.75527601442583,20.980594263398434,21.600809304047463,20.70374134706312,21.673101106675485,20.73714779985996,20.502631753581678,20.500271646945276,7025,0,20.52625353294625,20.50007727614943,64,1920.0,32.0,2025-04-23 15:01:00,2025-04-23 15:01:00,20.847631454467773,249453.0,0.9245197241564544,2025-04-23,15:01:00
20.514022739738635,23.65836334228516,20.500000001281794,0.12606511851001004,0.0,0.0,,20.779613575376963,23.65836334228516,20.95918151495779,22.602338216668333,20.969170087189035,21.63109602177187,20.711702707086495,21.628534349989515,20.735299938788618,20.502584664581786,20.5002448716479,7025,0,20.526070294966885,20.500070149843324,65,1950.0,32.5,2025-04-23 15:01:30,2025-04-23 15:01:30,20.844411849975582,249832.0,0.9246558687437958,2025-04-23,15:01:30
20.514009497075307,23.65836334228516,20.500000000963283,0.12598271446470735,0.0,0.0,,20.78378744905816,23.65836334228516,20.956868080752223,22.602326307961974,20.965057628717993,21.63110299311168,20.716384411465025,21.628530206795297,20.735090921065797,20.5025427341946,20.500220160120076,7025,0,20.526017524150937,20.500062848652135,66,1980.0,33.0,2025-04-23 15:02:00,2025-04-23 15:02:00,20.88744735717773,249972.0,0.9240910606987984,2025-04-23,15:02:00
20.514212687852332,23.653732299804688,20.500000000727354,0.12747029972899857,0.0,0.0,,20.788051640020104,23.653732299804688,20.95472713827012,22.591978574830577,20.962018259876004,21.702741585550662,20.7256544675866,21.717873858315176,20.74303444037924,20.502505806746832,20.50019792287425,7025,0,20.52615359158373,20.500056405093247,67,2010.0,33.5,2025-04-23 15:02:30,2025-04-23 15:02:30,20.83181571960449,249984.0,0.9259248841925884,2025-04-23,15:02:30
20.51422827174071,23.653732299804688,20.500000000552596,0.1275394979434935,0.0,0.0,,20.791874270755176,23.653732299804688,20.952820936349553,22.591975342250894,20.960330108809085,21.702749837407502,20.730633682674956,21.717888743471878,20.746394970418272,20.50247418019238,20.50017803447492,7025,0,20.526210293249548,20.500052262280633,68,2040.0,34.0,2025-04-23 15:03:00,2025-04-23 15:03:00,20.7088680267334,249326.0,0.9265344368417252,2025-04-23,15:03:00
20.51423477194833,23.653732299804688,20.500000000413984,0.1275769429641977,0.0,0.0,,20.795253303510187,23.653732299804688,20.951128816615917,22.59197355578724,20.959208694580283,21.702753934217046,20.733921472275085,21.717894243128367,20.74829971645055,20.502446839297207,20.50016012137442,7025,0,20.52624428918441,20.500047117083362,69,2070.0,34.5,2025-04-23 15:03:30,2025-04-23 15:03:30,20.762807846069336,249723.0,0.9262114297641788,2025-04-23,15:03:30
20.51423759640677,23.653732299804688,20.500000000306652,0.12760215521547638,0.0,0.0,,20.798231449922923,23.653732299804688,20.94962752195993,22.591972387323587,20.958390253581065,21.70275650740962,20.736334581458944,21.717897118658726,20.74961568753298,20.502422980208635,20.50014459967604,7025,0,20.52627030132216,20.50004263038835,70,2100.0,35.0,2025-04-23 15:04:00,2025-04-23 15:04:00,20.6640625,250026.0,0.9261293075520146,2025-04-23,15:04:00
20.513022218376403,23.49585533,20.50000000022715,0.11421939029855208,0.0,0.0,,20.79866855400088,23.49585533,20.945836503062957,22.370083410397722,20.93800772737284,21.493919988101883,20.72049568921894,21.48801422079521,20.730610406499714,20.50240054149324,20.500129896622045,7025,0,20.525605944511586,20.500039330707445,71,2130.0,35.5,2025-04-23 15:04:30,2025-04-23 15:04:30,20.72989845275879,250184.0,0.9251675766635756,2025-04-23,15:04:30
20.512902735081592,23.49585533,20.500000000168253,0.11366424881325703,0.0,0.0,,20.798840206711684,23.49585533,20.942372733883232,22.37006179488372,20.929498826865128,21.493904848755335,20.71439757751078,21.48797785927692,20.723364634088544,20.502376280187082,20.500116678731114,7025,0,20.52532118342911,20.500036273466815,72,2160.0,36.0,2025-04-23 15:05:00,2025-04-23 15:05:00,20.66995429992676,249895.0,0.9261591743532284,2025-04-23,15:05:00
20.5129742350022,23.436174392700195,20.500000000124633,0.11575430002422141,0.0,0.0,,20.79806919263269,23.436174392700195,20.93835968846523,22.446356883979032,20.931366349343964,21.493899370306764,20.711454091463306,21.43744166897292,20.715291888562312,20.502351292307296,20.500105143733872,7025,0,20.525090799490076,20.500033124526766,73,2190.0,36.5,2025-04-23 15:05:30,2025-04-23 15:05:30,20.633941650390625,249496.0,0.926794981182063,2025-04-23,15:05:30
20.512929428938605,23.436174392700195,20.500000000092328,0.11564317797255719,0.0,0.0,,20.79729741264619,23.436174392700195,20.934774348069862,22.446358735524516,20.93078530262153,21.493896767181347,20.709815603176708,21.437427653250893,20.711178034060826,20.502326556584844,20.50009527131846,7025,0,20.524912790537854,20.500029822559565,74,2220.0,37.0,2025-04-23 15:06:00,2025-04-23 15:06:00,20.61006164550781,249827.0,0.9262009935875626,2025-04-23,15:06:00
20.51264160784047,23.391508102416992,20.500000000068415,0.11265836260972596,0.0,0.0,,20.794582429623617,23.391508102416992,20.930910784540718,22.38501504593749,20.92441357236639,21.493895305448156,20.708796095130253,21.2695775244729,20.69390354521373,20.502301812339482,20.50008660155119,7025,0,20.524368755950057,20.50002658429679,75,2250.0,37.5,2025-04-23 15:06:30,2025-04-23 15:06:30,20.68328857421875,250251.0,0.9251087533116752,2025-04-23,15:06:30
20.512577468816364,23.391508102416992,20.500000000050633,0.11243200694306967,0.0,0.0,,20.791995276445704,23.391508102416992,20.927474735897853,22.385008350799037,20.921306862555802,21.493894388376503,20.70810250837454,21.26954601879952,20.686052715765978,20.502275905899204,20.50007800420154,7025,0,20.524063378772656,20.500024885245004,76,2280.0,38.0,2025-04-23 15:07:00,2025-04-23 15:07:00,20.651979446411133,250457.0,0.9258264642233996,2025-04-23,15:07:00
20.51200484888388,23.30354690551757,20.500000000037584,0.10698445263540106,0.0,0.0,,20.785437497306336,23.30354690551757,20.923071991718896,22.31019293128295,20.912593717219142,21.370542727309168,20.693520407812137,21.28691009597737,20.682843887480466,20.502248445516706,20.50007023637147,7025,0,20.523720309707734,20.500023230190745,77,2310.0,38.5,2025-04-23 15:07:30,2025-04-23 15:07:30,20.550657272338867,250902.0,0.9253928077496392,2025-04-23,15:07:30
20.51163459793182,23.30354690551757,20.500000000027857,0.10476743155139402,0.0,0.0,,20.77924422508108,23.30354690551757,20.919129017138058,22.310183718107055,20.908358996941665,21.26428423665526,20.67884540750338,21.286905966645055,20.68007495521669,20.502220208043646,20.500063744217844,7025,0,20.523441007610845,20.500022007357174,78,2340.0,39.0,2025-04-23 15:08:00,2025-04-23 15:08:00,20.53277969360352,249908.0,0.9277654801967125,2025-04-23,15:08:00
20.51139894327125,23.295324325561523,20.500000000020684,0.10535313378385015,0.0,0.0,,20.775654072256444,23.295324325561523,20.915513690121855,22.384026904036048,20.9121918847569,21.172355789081347,20.664540740006224,21.14057063448678,20.665034955769393,20.502191091575227,20.500058015300112,7025,0,20.523021046232543,20.50001983303056,79,2370.0,39.5,2025-04-23 15:08:30,2025-04-23 15:08:30,20.587385177612305,251141.0,0.9258369178071284,2025-04-23,15:08:30
20.511109570473135,23.295324325561523,20.500000000015376,0.10409364055491727,0.0,0.0,,20.772670938798534,23.295324325561523,20.912321450688207,22.384031008796477,20.912846484228254,21.09241963811611,20.650859629979486,21.14054345509431,20.65799938443973,20.502161076954298,20.500052192478577,7025,0,20.522741631365054,20.500018202775575,80,2400.0,40.0,2025-04-23 15:09:00,2025-04-23 15:09:00,20.59202766418457,250705.0,0.9264519056261344,2025-04-23,15:09:00
20.51078402547798,23.313627243041992,20.500000000011493,0.10137193491768187,0.0,0.0,,20.770436974351856,23.313627243041992,20.909793232066864,22.330703035055464,20.90802922275122,21.022641131839624,20.637942037910182,21.240286960560265,20.66233056923688,20.502131667288168,20.500047248309617,7025,0,20.522661718355195,20.5000173628695,81,2430.0,40.5,2025-04-23 15:09:30,2025-04-23 15:09:30,20.60411262512207,250963.0,0.9269264792021136,2025-04-23,15:09:30
20.5105509334822,23.313627243041992,20.500000000008296,0.1005055260211199,0.0,0.0,,20.768518979174083,23.313627243041992,20.90757808256472,22.330698073479837,20.90582329400335,20.961546979201604,20.625855888056975,21.240297058963854,20.662648661327296,20.502103844136883,20.50004277485522,7025,0,20.522536057568185,20.50001586845147,82,2460.0,41.0,2025-04-23 15:10:00,2025-04-23 15:10:00,20.62085151672364,250845.0,0.9264359589587196,2025-04-23,15:10:00
20.51040054917237,23.33793830871582,20.500000000006544,0.10053679828275171,0.0,0.0,,20.766877907161987,23.33793830871582,20.906005127260613,22.343257545248143,20.90551771831463,20.907931307153003,20.614623143185856,21.285793452882853,20.665986134935594,20.502077529658358,20.50003888493264,7025,0,20.522506566574442,20.500014642426848,83,2490.0,41.5,2025-04-23 15:10:30,2025-04-23 15:10:30,20.65033721923828,251862.0,0.924584383015302,2025-04-23,15:10:30
20.510220312278083,23.33793830871582,20.500000000004945,0.10004188916523553,0.0,0.0,,20.765439842548272,23.33793830871582,20.90463248765807,22.343257310122308,20.904912383925524,20.86079173353235,20.604236529330024,21.285800419155613,20.666790388369325,20.502052912217184,20.500035335831665,7025,0,20.522426572981786,20.50001323252552,84,2520.0,42.0,2025-04-23 15:11:00,2025-04-23 15:11:00,20.722211837768555,252196.0,0.9239225765872576,2025-04-23,15:11:00
20.510634263866923,23.38890647888184,20.500000000003347,0.10848670253188687,0.0,0.0,,20.76482179637261,23.38890647888184,20.904214121369353,22.549043924173056,20.92264269102551,20.819284654757123,20.594670410532977,21.431865136617283,20.679607025327755,20.50203057773625,20.500032121809827,7025,0,20.522807547975265,20.500012280034017,85,2550.0,42.5,2025-04-23 15:11:30,2025-04-23 15:11:30,20.73487091064453,252124.0,0.9230825531286192,2025-04-23,15:11:30
20.51054152949965,23.38890647888184,20.500000000002665,0.1085216053991405,0.0,0.0,,20.764339800503848,23.38890647888184,20.903875123964557,22.549062875257018,20.929537646637673,20.782693094813315,20.5858879480694,21.431889583131216,20.684620103020013,20.50201189459538,20.500029311371712,7025,0,20.522909474658025,20.500011388118992,86,2580.0,43.0,2025-04-23 15:12:00,2025-04-23 15:12:00,21.10481071472168,242304.0,0.9080728005934694,2025-04-23,15:12:00
20.519390030279432,24.725021362304688,20.500000000002665,0.19314149684502624,0.0,0.0,,20.78044065817262,23.436145782470703,20.90431116249399,22.659644950673833,20.943094773541326,22.0689450027598,20.68973577853637,21.551951381534742,20.697665239623202,20.502285536725168,20.500026125174802,6997,1,20.525837194063993,20.50001027736498,87,2610.0,43.5,2025-04-23 15:12:30,2025-04-23 15:12:30,20.78317070007324,252635.0,0.922744646426663,2025-04-23,15:12:30
20.5201098419584,24.725021362304688,20.500000000002665,0.19541336233346063,0.0,0.0,,20.796237180495908,23.436145782470703,20.90472194608999,22.659659622635175,20.94943937380714,22.069042231059424,20.73293200470624,21.551975239712185,20.703538720446833,20.502547543683278,20.500023844485614,6997,1,20.527166317552386,20.500009245541793,88,2640.0,44.0,2025-04-23 15:13:00,2025-04-23 15:13:00,20.842012405395508,252748.0,0.9198403647110956,2025-04-23,15:13:00
20.519189605285447,24.349500264602213,20.500000000002665,0.18109088099224346,0.0,0.0,,20.79741595393685,23.509737014770508,20.90623145394447,22.81056787685782,20.966763501886014,21.64837406937279,20.720250504763808,21.724293590055346,20.722018492119723,20.511901925054858,20.50002200102544,7025,0,20.527788233572004,20.500008580071203,89,2670.0,44.5,2025-04-23 15:13:30,2025-04-23 15:13:30,20.834125518798828,253531.0,0.9205636465560424,2025-04-23,15:13:30
20.51881508122527,23.98714734987365,20.500000000002665,0.17167847146933646,0.0,0.0,,20.797241128594948,23.509737014770508,20.907613083762545,22.810586494998198,20.974918555288426,21.64836008099538,20.719185994730246,21.72432718232916,20.730508864948362,20.511058894587023,20.500019844431232,7025,0,20.528044579291148,20.500007784926844,90,2700.0,45.0,2025-04-23 15:14:00,2025-04-23 15:14:00,20.84729385375977,253808.0,0.9178054868246864,2025-04-23,15:14:00
20.517895149854574,23.72801399230957,20.500000000002665,0.15715422098480852,0.0,0.0,,20.79685284871405,23.72801399230957,20.912240346510213,22.542740994861788,20.956178936144358,21.618018845351582,20.718015147630943,21.921805850804578,20.752837888583933,20.510291087790126,20.500017939343078,7025,0,20.528353824587562,20.50000715341563,91,2730.0,45.5,2025-04-23 15:14:30,2025-04-23 15:14:30,20.96952247619629,254892.0,0.9209627263703845,2025-04-23,15:14:30
20.517543366165,23.72801399230957,20.500000000002665,0.15076403240344274,0.0,0.0,,20.796444157480114,23.72801399230957,20.916476791729874,22.542721272766475,20.950152907389928,21.618017372332016,20.71882503496784,21.921845942164857,20.763439060301714,20.509592009831085,20.5000163769524,7025,0,20.52853927613458,20.500006692235573,92,2760.0,46.0,2025-04-23 15:15:00,2025-04-23 15:15:00,20.953357696533203,254980.0,0.921640177660993,2025-04-23,15:15:00
20.51754071610936,23.72799491882324,20.500000000002665,0.14782944373192694,0.0,0.0,,20.79606780547295,23.72799491882324,20.920241495528476,22.533909302055555,20.94670690443008,21.792490371326803,20.73491154475505,21.712248016865747,20.751784685329746,20.508953779660974,20.50001497523622,7025,0,20.528264821763297,20.500006144079713,93,2790.0,46.5,2025-04-23 15:15:30,2025-04-23 15:15:30,20.905506134033203,254899.0,0.9222263646581588,2025-04-23,15:15:30
20.517279916527027,23.72799491882324,20.500000000002665,0.14390214589686168,0.0,0.0,,20.795735864454127,23.72799491882324,20.923557605585327,22.533905429670916,20.945008250028,21.79250494494004,20.742600882337193,21.712223237357996,20.749246915517897,20.508369891606453,20.500013692193658,7025,0,20.528177014444683,20.500005696200738,94,2820.0,47.0,2025-04-23 15:16:00,2025-04-23 15:16:00,20.89557456970215,254734.0,0.9241355688679171,2025-04-23,15:16:00
20.51654368616084,23.839319229125977,20.500000000002665,0.13509726570207334,0.0,0.0,,20.781793608796786,23.839319229125977,20.928205926058705,22.365664360339245,20.92906665530746,21.737693421633335,20.742686977535406,21.811452367473187,20.75770673356236,20.507835493245803,20.50001242920477,7025,0,20.52799949405145,20.500005204855356,95,2850.0,47.5,2025-04-23 15:16:30,2025-04-23 15:16:30,20.960607528686523,255453.0,0.9245945560435777,2025-04-23,15:16:30
20.516252627189722,23.839319229125977,20.500000000002665,0.13217131425207773,0.0,0.0,,20.762151809221635,23.839319229125977,20.932376617269203,22.36564728391386,20.92239902892091,21.737692707667634,20.744029625371823,21.81146783709569,20.76161503397257,20.50734375869531,20.500011389463808,7025,0,20.527720023080903,20.500004747576618,96,2880.0,48.0,2025-04-23 15:17:00,2025-04-23 15:17:00,20.89136505126953,255281.0,0.9246321945228982,2025-04-23,15:17:00
20.515992988841113,23.74458885192871,20.500000000002665,0.13118835819938404,0.0,0.0,,20.74230430339946,23.74458885192871,20.934589930214557,22.474876212313752,20.928304612508278,21.70099254740366,20.742365014859697,21.54706062805116,20.74103126467445,20.506889826597106,20.500010390701004,7025,0,20.52699845920647,20.500004234574003,97,2910.0,48.5,2025-04-23 15:17:30,2025-04-23 15:17:30,20.78543281555176,254263.0,0.9264954618839548,2025-04-23,15:17:30
20.515740565368816,23.74458885192871,20.500000000002665,0.12935416061267843,0.0,0.0,,20.723205697515738,23.74458885192871,20.936470334193338,22.474882254180915,20.929698640770724,21.700990521199667,20.74236100126114,21.54702057332314,20.733570149685423,20.506469246520535,20.500009425274403,7025,0,20.5264854314021,20.500003805172767,98,2940.0,49.0,2025-04-23 15:18:00,2025-04-23 15:18:00,21.07850646972656,247897.0,0.9245527124168506,2025-04-23,15:18:00
20.51551248205827,23.74458885192871,20.500000000002665,0.12787907907373347,0.0,0.0,,20.705144364487733,23.74458885192871,20.938110264051776,22.47488375817598,20.930064403792386,21.70099017488598,20.742800485882164,21.547007650099488,20.730021843931162,20.506080533254494,20.500008562047903,7025,0,20.526040405294832,20.50000343460865,99,2970.0,49.5,2025-04-23 15:18:30,2025-04-23 15:18:30,20.98180389404297,247855.0,0.8998384261967682,2025-04-23,15:18:30
20.51530351962697,23.74458885192871,20.500000000002665,0.12669131880094686,0.0,0.0,,20.688216607091213,23.74458885192871,20.939554781560116,22.474884148771853,20.930104601379384,21.700990262001856,20.74335092183527,21.547001910846753,20.7278820348816,20.505721754213063,20.500007795146907,7025,0,20.525625387344043,20.500003159715916,100,3000.0,50.0,2025-04-23 15:19:00,2025-04-23 15:19:00,21.066455841064453,248099.0,0.9049158551626568,2025-04-23,15:19:00
20.52080723058751,24.50926780700684,20.500000000002665,0.18489428825902454,0.0,0.0,,20.67244388851407,24.50926780700684,20.9527402134172,22.64372936232438,20.94505377846337,21.700990472334897,20.743899793422234,21.986648486885507,20.764652642528304,20.505713223430792,20.500007011792157,6994,2,20.526391678063963,20.500002943853257,101,3030.0,50.5,2025-04-23 15:19:30,2025-04-23 15:19:30,21.08768653869629,247928.0,0.9011959873430996,2025-04-23,15:19:30
20.521151533732006,24.50926780700684,20.500000000002665,0.18628280003239586,0.0,0.0,,20.65781058303616,24.50926780700684,20.96491630619025,22.643745255908676,20.951019568696157,21.700990708017507,20.744407803066068,21.98671843930985,20.778911573023677,20.505716321557948,20.500006348689233,6994,2,20.526584857534747,20.500002693110034,102,3060.0,51.0,2025-04-23 15:20:00,2025-04-23 15:20:00,21.17283821105957,247312.0,0.9028787523452158,2025-04-23,15:20:00
20.52272408298768,24.660375595092773,20.500000000002665,0.20583555669705986,0.0,0.0,,20.64427996342454,24.660375595092773,20.978112579244726,23.162540376524756,21.000488327633082,21.551607010543496,20.72768452939327,22.161291199140813,20.80149488334948,20.505784661493113,20.500005891994885,6995,2,20.527429028431598,20.500002467477486,103,3090.0,51.5,2025-04-23 15:20:30,2025-04-23 15:20:30,21.256006240844727,247801.0,0.9024667853438848,2025-04-23,15:20:30
20.522439918073218,24.660375595092773,20.500000000002665,0.20378367835856415,0.0,0.0,,20.631802772398633,24.660375595092773,20.98984136123638,23.16259309053794,21.02132695866799,21.422992237995665,20.710721275127074,22.16133118636892,20.8124101394324,20.5056821826546,20.500005418927493,6995,2,20.527708839464356,20.50000225857223,104,3120.0,52.0,2025-04-23 15:21:00,2025-04-23 15:21:00,21.143239974975582,247613.0,0.9037041926312432,2025-04-23,15:21:00
20.522124691905532,24.660375595092773,20.500000000002665,0.20214760136743865,0.0,0.0,,20.620322531324813,24.660375595092773,21.000161895194083,23.162616118459315,21.03337607365812,21.311773318988323,20.694099997281782,22.161348299317588,20.819252054154443,20.50557664063516,20.50000500104628,6995,2,20.527827734760134,20.500002058754895,105,3150.0,52.5,2025-04-23 15:21:30,2025-04-23 15:21:30,21.254838943481445,247187.0,0.901768385372208,2025-04-23,15:21:30
20.521819788870026,24.660375595092773,20.500000000002665,0.20092965436648655,0.0,0.0,,20.609779065557873,24.660375595092773,21.0092193559667,23.162629391781568,21.041490767355707,21.215101480717042,20.67814360504855,22.16135833808197,20.824245354821915,20.505470541863453,20.50000457006361,6995,2,20.527879272270663,20.500001951703787,106,3180.0,53.0,2025-04-23 15:22:00,2025-04-23 15:22:00,21.325084686279297,246714.0,0.9021789273207034,2025-04-23,15:22:00
20.522422836166186,24.94725799560547,20.500000000002665,0.20964769682520723,0.0,0.0,,20.600110913236353,24.656007766723636,21.017099678670235,22.914528800569226,21.025367851722894,21.13074321491347,20.66303471821788,22.488985528607568,20.856685161356648,20.505299898381395,20.50000421582934,6991,2,20.528263281320132,20.500001868355014,107,3210.0,53.5,2025-04-23 15:22:30,2025-04-23 15:22:30,21.326967239379883,246786.0,0.90559963895845,2025-04-23,15:22:30
20.522235575755182,24.94725799560547,20.500000000002665,0.20902249885559204,0.0,0.0,,20.591256982358974,24.656007766723636,21.024017389020223,22.914511757284597,21.021050377811804,21.05690658108718,20.648866386133665,22.489044766515423,20.871346016536446,20.505277559282806,20.500003838132354,6991,2,20.528416595887254,20.500001723795023,108,3240.0,54.0,2025-04-23 15:23:00,2025-04-23 15:23:00,21.110708236694336,246613.0,0.9069556856289004,2025-04-23,15:23:00
20.52316155263302,25.018949508666992,20.500000000002665,0.22530771111674966,0.0,0.0,,20.58315768199251,24.51108741760254,21.02784200766245,22.678726554523152,20.99875811611397,20.992126124280325,20.635674204473016,21.939251326402285,20.832296918875354,20.504951851306323,20.50000353564004,6982,2,20.52723971566544,20.500001585969038,109,3270.0,54.5,2025-04-23 15:23:30,2025-04-23 15:23:30,21.191688537597656,246567.0,0.9063842814529114,2025-04-23,15:23:30
20.5230808538349,25.018949508666992,20.500000000002665,0.22548228201163412,0.0,0.0,,20.57575567773461,24.51108741760254,21.03110134120911,22.678702559823403,20.990008461732373,20.935184602220087,20.6234569493364,21.939173861472923,20.819359403967834,20.505031484636408,20.500003274130506,6982,2,20.526761097726204,20.500001463199062,110,3300.0,55.0,2025-04-23 15:24:00,2025-04-23 15:24:00,21.192325592041016,246590.0,0.9107706618273248,2025-04-23,15:24:00
20.523507106943615,24.84955406188965,20.500000000002665,0.22509886737312285,0.0,0.0,,20.568996375549926,24.508787155151367,21.033916186495492,22.9066491356111,21.00568533095119,20.885058272209353,20.612190022900826,22.432932673741377,20.856911208977834,20.508522291142118,20.50000303585164,6993,2,20.527563499737553,20.50000135585505,111,3330.0,55.5,2025-04-23 15:24:30,2025-04-23 15:24:30,21.15035820007324,247047.0,0.910097699020834,2025-04-23,15:24:30
20.523085158954707,24.84955406188965,20.500000000002665,0.21954402536451995,0.0,0.0,,20.56282820823123,24.508787155151367,21.0364001522955,22.906665337742115,21.011077905785907,20.84087757603208,20.601834329980345,22.43300474035599,20.87129873488881,20.508151732208397,20.500002801061264,6993,2,20.527762017164218,20.500001240213322,112,3360.0,56.0,2025-04-23 15:25:00,2025-04-23 15:25:00,21.188364028930664,246788.0,0.9111812947752728,2025-04-23,15:25:00
20.522682928724347,24.84955406188965,20.500000000002665,0.21532753312025185,0.0,0.0,,20.557202778471453,24.508787155151367,21.038601226306394,22.906671074643672,21.013800730162263,20.801898118525,20.59234220342283,22.433028598035296,20.87874206684253,20.50781733493168,20.500002568893915,6993,2,20.52780163725222,20.500001205477766,113,3390.0,56.5,2025-04-23 15:25:30,2025-04-23 15:25:00,21.188364028930664,246788.0,0.9111812947752728,2025-04-23,15:25:00
20.522315286245995,24.84955406188965,20.500000000002665,0.21212804558437645,0.0,0.0,,20.552074898333892,24.508787155151367,21.040554246761378,22.906673887147022,21.015486172192933,20.767478693844478,20.583661391764547,22.43303976895989,20.883613575951532,20.507513470124906,20.50000235797054,6993,2,20.527789336937047,20.50000113181804,114,3420.0,57.0,2025-04-23 15:26:00,2025-04-23 15:26:00,21.14610481262207,247121.0,0.9123098477061844,2025-04-23,15:26:00
20.521983181605997,24.84955406188965,20.500000000002665,0.2096865111046697,0.0,0.0,,20.54740255471563,24.508787155151367,21.042287632520303,22.90667557088246,21.01665962700975,20.73706425736779,20.575737753682485,22.43304667755621,20.887250368236177,20.507236203562275,20.500002170880588,6993,2,20.527756063990985,20.500001056300867,115,3450.0,57.5,2025-04-23 15:26:30,2025-04-23 15:26:30,21.207195281982425,249049.0,0.916911368345185,2025-04-23,15:26:30
20.52168438615249,24.84955406188965,20.500000000002665,0.20781100374513956,0.0,0.0,,20.54314682294975,24.508787155151367,21.043825901821613,22.906676711617934,21.017540408303503,20.710172455059737,20.5685170759392,22.433051663917137,20.890141666040506,20.506982616666964,20.500002003990037,6993,2,20.527712729045863,20.50000098571936,116,3480.0,58.0,2025-04-23 15:27:00,2025-04-23 15:27:00,21.0531005859375,248718.0,0.9173048769087884,2025-04-23,15:27:00
20.52960723602772,25.628189086914062,20.500000000002665,0.25445445203262484,0.0,0.0,,20.53927174515682,25.628189086914062,21.062622586687823,22.977563510173955,21.024544921963702,22.106103995475763,20.682257689799915,21.811097897501448,20.838368948885435,20.51888748191411,20.500001832175368,6996,2,20.526968510649287,20.500000973853858,117,3510.0,58.5,2025-04-23 15:27:30,2025-04-23 15:27:30,21.142562866210938,248406.0,0.9150067706697906,2025-04-23,15:27:30
20.52950838565619,25.628189086914062,20.500000000002665,0.24793509767659244,0.0,0.0,,20.535744185789124,25.628189086914062,21.08000144056284,22.977570856978982,21.027668338529466,22.106210581983017,20.729814499779753,21.810998792774768,20.8185540664709,20.51759226017523,20.50000169192481,6996,2,20.526866582238124,20.500000948825367,118,3540.0,59.0,2025-04-23 15:28:00,2025-04-23 15:28:00,21.11871910095215,249299.0,0.9125460290654996,2025-04-23,15:28:00
20.531125735573085,25.276952743530277,20.500000000002665,0.2591080786789308,0.0,0.0,,20.569886216078288,24.533435821533203,21.078433060195064,23.2180257527256,21.05098222266898,22.106251911451213,20.75529520383456,21.77396428793086,20.80525607084695,20.51602837564717,20.50000154911646,6989,2,20.527280753280134,20.500000946711943,119,3570.0,59.5,2025-04-23 15:28:30,2025-04-23 15:28:30,21.034868240356445,244572.0,0.9139597056286084,2025-04-23,15:28:30
20.530931281138294,25.276952743530277,20.500000000002665,0.2551683336066846,0.0,0.0,,20.603593296428894,24.533435821533203,21.076248211467114,23.21805049160489,21.061003182432472,22.106273214457588,20.771191999858914,21.773942425616667,20.797528738191858,20.514923487900614,20.500001439338206,6989,2,20.527680888023493,20.50000092800999,120,3600.0,60.0,2025-04-23 15:29:00,2025-04-23 15:29:00,20.949996948242188,248834.0,0.9185766791314692,2025-04-23,15:29:00
20.531907327583752,25.05905696686495,20.500000000002665,0.2637898515629024,0.0,0.0,,20.632075316482126,24.56702041625977,21.07463789155117,22.876988153433068,21.036558759684226,22.106286188025376,20.782218819974624,22.020075748612435,20.813570018143494,20.519708453880128,20.500001328704734,6993,2,20.52819827548622,20.500000891010142,121,3630.0,60.5,2025-04-23 15:29:30,2025-04-23 15:29:30,20.99061393737793,248466.0,0.9171612640160022,2025-04-23,15:29:30
20.53133201168014,25.059326135063532,20.500000000002665,0.25438987484359976,0.0,0.0,,20.657114873800055,24.56702041625977,21.07321242667305,22.87696231363998,21.02831663657159,22.106294948568156,20.790448064342225,22.02010827536424,20.818073024062308,20.518345173278362,20.500001238835246,6993,2,20.528630608993705,20.50000086237378,122,3660.0,61.0,2025-04-23 15:30:00,2025-04-23 15:30:00,21.255971908569336,247682.0,0.9163775274343716,2025-04-23,15:30:00
20.532411310813735,25.563047409057617,20.500000000002665,0.26883153067657145,0.0,0.0,,20.679693465536644,25.22642707824707,21.08225111274083,23.230062088056613,21.05584445818866,21.90455596469239,20.77282853379342,22.402213435625264,20.852684488389666,20.51770808007401,20.50000115416367,6996,2,20.530202509757096,20.500000853738065,123,3690.0,61.5,2025-04-23 15:30:30,2025-04-23 15:30:30,21.03013801574707,248622.0,0.916855268741302,2025-04-23,15:30:30
20.531519159094703,25.563047409057617,20.500000000002665,0.2612021118713343,0.0,0.0,,20.699589467484675,25.22642707824707,21.090722560167734,23.23009101966348,21.066368533569456,21.731285463714734,20.75418874010284,22.402278683052298,20.866474755193465,20.51662033815446,20.500001083387883,6996,2,20.53109653346372,20.50000084533281,124,3720.0,62.0,2025-04-23 15:31:00,2025-04-23 15:31:00,21.03070068359375,248591.0,0.9169476670515022,2025-04-23,15:31:00
20.53012150156205,25.137794494628903,20.500000000002665,0.24348527508678858,0.0,0.0,,20.716403005284025,24.555570602416992,21.08786106309201,22.97174698122657,21.049147234278298,21.581760242396545,20.73543429781675,22.8974492608944,20.916880481139906,20.515639888144445,20.500000996756135,6994,2,20.532229235783916,20.50000084670013,125,3750.0,62.5,2025-04-23 15:31:30,2025-04-23 15:31:30,21.008533477783203,248318.0,0.913376069193534,2025-04-23,15:31:30
20.529361290229183,25.137794494628903,20.500000000002665,0.2383574332850681,0.0,0.0,,20.73112179142999,24.555570602416992,21.08486554187911,22.97172879863747,21.04362031099116,21.45202320757367,20.717092536948478,22.89754189681452,20.939019268525247,20.5148034743468,20.500000924982558,6994,2,20.532880095294097,20.500000826852556,126,3780.0,63.0,2025-04-23 15:32:00,2025-04-23 15:32:00,21.033126831054688,248321.0,0.9152164688044908,2025-04-23,15:32:00
20.52863777585493,25.137794494628903,20.500000000002665,0.23412928397240018,0.0,0.0,,20.744059514901334,24.555570602416992,21.08211249885763,22.9717225389481,21.041120734748297,21.338986071935917,20.69948296625473,22.897577671372467,20.951911918902788,20.5140148447414,20.500000865487678,6994,2,20.533347325824398,20.500000820686076,127,3810.0,63.5,2025-04-23 15:32:30,2025-04-23 15:32:30,21.053863525390625,248161.0,0.9121626811827804,2025-04-23,15:32:30
20.527973928622142,25.137794494628903,20.500000000002665,0.23072063199888598,0.0,0.0,,20.755447292842817,24.555570602416992,21.079677903651735,22.971719630608263,21.039767757906674,21.240181688112266,20.682790609375225,22.89759701222484,20.960939466988286,20.51328771221724,20.500000807248874,6994,2,20.53372308567678,20.50000082115232,128,3840.0,64.0,2025-04-23 15:33:00,2025-04-23 15:33:00,21.06440544128418,247873.0,0.9104644818112502,2025-04-23,15:33:00
20.52737076796673,25.137794494628903,20.500000000002665,0.227995430514117,0.0,0.0,,20.765480298653024,24.555570602416992,21.077552672789444,22.9717180098227,21.038950850285364,21.153600270998798,20.66711264208565,22.8976100162295,20.967880197186574,20.51262203314361,20.50000075771883,6994,2,20.53403896425012,20.500000823584053,129,3870.0,64.5,2025-04-23 15:33:30,2025-04-23 15:33:30,21.087432861328125,249046.0,0.9219872408109344,2025-04-23,15:33:30
20.52682409207285,25.137794494628903,20.500000000002665,0.22582237621059437,0.0,0.0,,20.774326746957943,24.555570602416992,21.075703875125186,22.971716995383165,21.038416489708627,21.077578270791076,20.652488527556006,22.89761974333043,20.973456753699814,20.512013944601847,20.500000698459885,6994,2,20.534308659451792,20.500000834049253,130,3900.0,65.0,2025-04-23 15:34:00,2025-04-23 15:34:00,21.107765197753903,249126.0,0.919136175068038,2025-04-23,15:34:00
20.53231949554875,25.26663017272949,20.500000000002665,0.2690035572270614,0.0,0.0,,20.765338186213114,24.708457946777344,21.076475982893818,22.98541969571844,21.03926303717782,22.08510006125474,20.73095952518184,22.427881753503232,20.937144603334676,20.508429902835736,20.5000006370438,6969,2,20.53355000957395,20.500000846594823,131,3930.0,65.5,2025-04-23 15:34:30,2025-04-23 15:34:30,21.18123245239257,248033.0,0.9157885493059392,2025-04-23,15:34:30
20.53245530476639,25.26663017272949,20.500000000002665,0.26841734309611354,0.0,0.0,,20.748411646049142,24.708457946777344,21.077282156774043,22.985420500281844,21.039482205602216,22.085172972921992,20.762988129043645,22.427810699218718,20.9244959461473,20.508334269874048,20.50000059859941,6969,2,20.53317014455171,20.50000085835851,132,3960.0,66.0,2025-04-23 15:35:00,2025-04-23 15:35:00,21.15478134155273,248179.0,0.9205662797819316,2025-04-23,15:35:00
20.532008438181574,25.465967178344727,20.500000000002665,0.26423044429482667,0.0,0.0,,20.73053180049088,24.671985626220703,21.07745739410677,22.996972311854613,21.040577286781488,22.085200599920768,20.779747320310612,21.94600953768922,20.876882692501923,20.517652906723974,20.500000573587354,6995,2,20.532030398503185,20.500000860874202,133,3990.0,66.5,2025-04-23 15:35:30,2025-04-23 15:35:30,21.216779708862305,248311.0,0.9212904885405802,2025-04-23,15:35:30
20.531381943479918,25.465967178344727,20.500000000002665,0.25674329541146473,0.0,0.0,,20.712987590882317,24.671985626220703,21.0775905609042,22.996973430818286,21.041010238305816,22.0852145093066,20.78997827229317,21.945920981544532,20.85677608460071,20.516539524329954,20.50000054752337,6995,2,20.531436959276963,20.500000861529692,134,4020.0,67.0,2025-04-23 15:36:00,2025-04-23 15:36:00,21.11865234375,246836.0,0.9082786116085174,2025-04-23,15:36:00
20.53512169808358,25.503725051879883,20.500000000002665,0.29475545007338794,0.0,0.0,,20.725819083113795,24.751691818237305,21.07894111055845,22.91933532361654,21.03433224892701,22.254012900742858,20.811271311135012,21.952332187558515,20.846080228515163,20.511383641079945,20.500000501227458,6969,2,20.53138159116108,20.500000860927507,135,4050.0,67.5,2025-04-23 15:36:30,2025-04-23 15:36:30,21.18768310546875,246638.0,0.9079989574801935,2025-04-23,15:36:30
20.535071401877456,25.503725051879883,20.500000000002665,0.29134530666436814,0.0,0.0,,20.73994371681958,24.751691818237305,21.080185138216432,22.919328211730967,21.031679576537808,22.254031742885623,20.822562590568793,21.952315958484565,20.83864268040852,20.511057649872733,20.500000467375905,6969,2,20.53146390590035,20.500000859671708,136,4080.0,68.0,2025-04-23 15:37:00,2025-04-23 15:37:00,21.219825744628903,245986.0,0.9112535876025464,2025-04-23,15:37:00
20.536804652954167,25.045983142708376,20.500000000002665,0.29389265635920614,0.0,0.0,,20.752944056727962,24.92892837524414,21.084051029726915,22.834253717857546,21.022634581181343,22.188523413069962,20.824383818383257,21.99728379047476,20.836891736774717,20.527824615347257,20.50000045665226,6995,2,20.531638963075167,20.500000862586127,137,4110.0,68.5,2025-04-23 15:37:30,2025-04-23 15:37:30,21.069318771362305,246045.0,0.9142704459550084,2025-04-23,15:37:30
20.535819619242766,25.03526496887207,20.500000000002665,0.27949876832329823,0.0,0.0,,20.76455538124937,24.92892837524414,21.08758334370699,22.8342440327659,21.018603061582265,22.188523948934915,20.827373795984716,21.997283030204926,20.83395169616149,20.525662550173465,20.500000428201105,6995,2,20.531823533163514,20.50000086619753,138,4140.0,69.0,2025-04-23 15:38:00,2025-04-23 15:38:00,20.97907829284668,247681.0,0.9179930535648676,2025-04-23,15:38:00
20.536106823721877,24.75829506,20.500000000002665,0.2796419048670504,0.0,0.0,,20.774825627383233,24.443035125732425,21.08315011502383,22.713133272937366,21.005404101693237,22.18852588687778,20.83023585176598,22.062907312865192,20.83683064001191,20.525879824887475,20.500000405730134,6992,2,20.531874111431822,20.500000876668096,139,4170.0,69.5,2025-04-23 15:38:30,2025-04-23 15:38:30,20.920944213867188,248523.0,0.9190570389863312,2025-04-23,15:38:30
20.535083772792422,24.75829506,20.500000000002665,0.267395553850625,0.0,0.0,,20.78387987843492,24.443035125732425,21.07888619536922,22.713119158543286,20.999367067138103,22.18852777665275,20.83276481271556,22.06291431919434,20.836653557769065,20.523966650026672,20.50000038022219,6992,2,20.53192524148762,20.500000880078677,140,4200.0,70.0,2025-04-23 15:39:00,2025-04-23 15:39:00,21.00586700439453,248348.0,0.9170443918412872,2025-04-23,15:39:00
20.53414173725474,24.75829506,20.500000000002665,0.2576040352142515,0.0,0.0,,20.774375874512252,24.443035125732425,21.07504805734542,22.71311251559072,20.995660836148414,22.188529403520544,20.834952114938684,22.062914841384597,20.83578280902601,20.52224034057966,20.500000356859797,6992,2,20.53173284527719,20.50000088668071,141,4230.0,70.5,2025-04-23 15:39:30,2025-04-23 15:39:30,20.935121536254883,248519.0,0.9192531556943332,2025-04-23,15:39:30
20.533277589912554,24.75829506,20.500000000002665,0.2497029528748719,0.0,0.0,,20.756609645679998,24.443035125732425,21.071664052640397,22.713108468435294,20.99305500348294,22.188530764645378,20.836832048891,22.062913977133505,20.83482443809022,20.520674087487695,20.500000337247272,6992,2,20.531419248521185,20.50000089397468,142,4260.0,71.0,2025-04-23 15:40:00,2025-04-23 15:40:00,20.883485794067383,248566.0,0.919337130279282,2025-04-23,15:40:00
20.532532423970444,25.013961791992188,20.500000000002665,0.24523348276005888,0.0,0.0,,20.76282917918499,24.44445419311523,21.068722391552303,22.715364148445495,20.99128167173194,21.97819803199994,20.814182931296372,22.85033500454437,20.902479677349216,20.519464775717502,20.500000321241668,6994,2,20.53284595926633,20.50000090422965,143,4290.0,71.5,2025-04-23 15:40:30,2025-04-23 15:40:30,20.95004653930664,248591.0,0.9200677518494234,2025-04-23,15:40:30
20.5313313567857,25.013961791992188,20.500000000002665,0.23690819151063996,0.0,0.0,,20.77052090206479,24.44445419311523,21.06615061120193,22.715362274095472,20.989796172106953,21.797170164793137,20.791074595810077,22.85046337052619,20.92927415468697,20.518191639514534,20.50000031001798,6994,2,20.53344903734302,20.50000091574664,144,4320.0,72.0,2025-04-23 15:41:00,2025-04-23 15:41:00,21.0196590423584,248557.0,0.917727372393455,2025-04-23,15:41:00
20.530014081332094,25.02904891967773,20.500000000002665,0.23073843780703351,0.0,0.0,,20.777740029747264,24.486270904541016,21.064551088114275,22.779019551409526,20.994226125822063,21.64067392444726,20.768345881828985,21.866396148035523,20.85777591150166,20.516854322210477,20.500000293288878,6993,2,20.53209310918705,20.500000926594378,145,4350.0,72.5,2025-04-23 15:41:30,2025-04-23 15:41:30,20.99786376953125,248535.0,0.9180414730319674,2025-04-23,15:41:30
20.52886855404457,25.02904891967773,20.500000000002665,0.2240623016360776,0.0,0.0,,20.78423736284547,24.486270904541016,21.063182364038745,22.77902432904928,20.99548163529201,21.50468230513717,20.74646677432558,21.866256264235233,20.832625586746893,20.515813578306908,20.500000279593447,6993,2,20.531661453014518,20.500000936537752,146,4380.0,73.0,2025-04-23 15:42:00,2025-04-23 15:42:00,21.053773880004883,248496.0,0.917782693182184,2025-04-23,15:42:00
20.528190188176623,25.115562438964844,20.500000000002665,0.22313990495194497,0.0,0.0,,20.790006672576332,24.524831771850582,21.06258924095692,22.747448976006634,20.99308042558289,21.3860399003842,20.725706869050832,22.191442487136573,20.849300530553556,20.51483762026929,20.500000271957038,6993,2,20.53205070475812,20.500000945391527,147,4410.0,73.5,2025-04-23 15:42:30,2025-04-23 15:42:30,21.04236602783203,248610.0,0.918016798399099,2025-04-23,15:42:30
20.52733062527801,25.115562438964844,20.500000000002665,0.21927157289857113,0.0,0.0,,20.795105161152275,24.524831771850582,21.062097222341905,22.747446575556694,20.992041738846197,21.282216553601376,20.7062074829342,22.191477595709706,20.853769267884562,20.51393936746184,20.50000026036415,6993,2,20.532183332742175,20.500000953030902,148,4440.0,74.0,2025-04-23 15:43:00,2025-04-23 15:43:00,21.0242862701416,248158.0,0.9184759558426486,2025-04-23,15:43:00
20.53330787493345,25.55036735534668,20.500000000002665,0.27453078169645356,0.0,0.0,,20.783432375731195,24.51830673217773,21.061566708123472,22.753344299965402,20.991896972559978,22.14013442025231,20.76956703206963,22.208792180233594,20.85655671047512,20.509295248310718,20.500000243470875,6965,2,20.53206540007921,20.500000959401838,149,4470.0,74.5,2025-04-23 15:43:30,2025-04-23 15:43:30,21.127227783203125,247901.0,0.9130138517997104,2025-04-23,15:43:30
20.53340654270925,25.55036735534668,20.500000000002665,0.27446178320325726,0.0,0.0,,20.764450856400824,24.51830673217773,21.061091683603703,22.753344237092936,20.991603250211718,22.140193333253652,20.794566425194926,22.208797310124886,20.857543855850917,20.509154509456884,20.500000233950697,6965,2,20.53181452709757,20.50000096596606,150,4500.0,75.0,2025-04-23 15:44:00,2025-04-23 15:44:00,21.121959686279297,248410.0,0.9178217211464916,2025-04-23,15:44:00
20.53912289661509,25.643524169921875,20.500000000002665,0.3030672590077242,0.0,0.0,,20.744834740538995,25.643524169921875,21.07819665621415,23.029420577902712,21.01588533522779,22.23945776065012,20.815557111813682,21.869665584969017,20.828452701672678,20.52274404106405,20.500000228917365,6968,2,20.531642959055677,20.500000975639495,151,4530.0,75.5,2025-04-23 15:44:30,2025-04-23 15:44:30,21.109712600708008,248954.0,0.9216798083180026,2025-04-23,15:44:30
20.538646510615656,25.643524169921875,20.500000000002665,0.294801140983988,0.0,0.0,,20.72578846456133,25.643524169921875,21.09413674533523,23.029446464104943,21.025574378434698,22.239476139822283,20.826539559473943,21.869610579557044,20.816803309273496,20.521163469157678,20.500000221588735,6968,2,20.531744777133223,20.50000098537869,152,4560.0,76.0,2025-04-23 15:45:00,2025-04-23 15:45:00,21.00839614868164,248564.0,0.9191947295263996,2025-04-23,15:45:00
20.538148984459415,25.643524169921875,20.500000000002665,0.2885682654243331,0.0,0.0,,20.707686764364826,25.643524169921875,21.108469351751065,23.029457261643135,21.030942026603764,22.239485326360654,20.83336473562151,21.869591329013787,20.810549862544825,20.519794504972772,20.500000217356693,6968,2,20.531895186761574,20.500000995171227,153,4590.0,76.5,2025-04-23 15:45:30,2025-04-23 15:45:30,20.97134017944336,247060.0,0.916027483202461,2025-04-23,15:45:30
20.537675682215212,25.643524169921875,20.500000000002665,0.28379383138651715,0.0,0.0,,20.690665575953897,25.643524169921875,21.121255700353565,23.02946326004432,21.034439298890995,22.23949088558359,20.838091183697646,21.86958183380374,20.80638074175073,20.518587088394536,20.500000215570033,6968,2,20.532038682924476,20.500001000984213,154,4620.0,77.0,2025-04-23 15:46:00,2025-04-23 15:46:00,21.01744842529297,247220.0,0.9161050253822506,2025-04-23,15:46:00
20.537234511891466,25.643524169921875,20.500000000002665,0.28011602988544837,0.0,0.0,,20.674768620370156,25.643524169921875,21.13266671078106,23.029467153591018,21.03694261389049,22.23949463117935,20.841613429201633,21.86957579226825,20.80325233766713,20.517512231814298,20.50000020973704,6968,2,20.53216415068178,20.500001003231965,155,4650.0,77.5,2025-04-23 15:46:30,2025-04-23 15:46:30,21.500732421875,240534.0,0.9018992637215528,2025-04-23,15:46:30
20.53682648876849,25.643524169921875,20.500000000002665,0.2772732959623791,0.0,0.0,,20.65999421687288,25.643524169921875,21.142879437454695,23.029469918304578,21.0388481185025,22.239497328842734,20.84437013923683,21.86957139147806,20.800767635750912,20.51655049932241,20.500000208052967,6968,2,20.532271232118795,20.500001005713663,156,4680.0,78.0,2025-04-23 15:47:00,2025-04-23 15:47:00,21.623027801513672,233258.0,0.8831221088880125,2025-04-23,15:47:00
20.54435638214076,27.19177627563477,20.500000000002665,0.33548656728133547,0.0,0.0,,20.7344565913017,24.557239532470703,21.13513258502293,22.336839157951513,20.978714621917835,22.540214735313366,20.872115048986863,22.996689269356825,20.89685417665437,20.53061666198781,20.50000022158446,6968,2,20.534711757287496,20.500001006299165,157,4710.0,78.5,2025-04-23 15:47:30,2025-04-23 15:47:30,20.905839920043945,249848.0,0.9263647297556916,2025-04-23,15:47:30
20.543916826477272,27.19177627563477,20.500000000002665,0.3278655425222282,0.0,0.0,,20.80862317049326,24.557239532470703,21.127692684489173,22.336775281694294,20.954984168820932,22.54024005914939,20.884925113571413,22.99687175867164,20.934652121531695,20.528579029783305,20.500000228595198,6968,2,20.53640063614399,20.5000010113152,158,4740.0,79.0,2025-04-23 15:48:00,2025-04-23 15:48:00,21.004913330078125,249950.0,0.9274174834966994,2025-04-23,15:48:00
20.544872752519296,26.482706675224065,20.500000000002665,0.3281887387221997,0.0,0.0,,20.87552666064955,24.220773696899418,21.11589813378357,22.592722152879478,20.96474583160837,22.188329859459255,20.862649165155563,21.851052048394674,20.854756371809863,20.537909443256613,20.500000301677876,6981,2,20.551798274498882,20.500001853912217,159,4770.0,79.5,2025-04-23 15:48:30,2025-04-23 15:48:30,21.248729705810547,238934.0,0.8936631690132003,2025-04-23,15:48:30
20.543299272997352,25.994524002075195,20.500000000002665,0.3092689785580795,0.0,0.0,,20.934808446274467,24.220773696899418,21.105410700444153,22.592731912247302,20.965553552028666,22.18830801393088,20.854981916375053,21.850894309964655,20.827622548421342,20.534974823885737,20.50000035860462,6981,2,20.553260571849,20.500002753632522,160,4800.0,80.0,2025-04-23 15:49:00,2025-04-23 15:49:00,20.793127059936523,254099.0,0.9282898840609368,2025-04-23,15:49:00
20.54403158080094,25.219295029793233,20.500000000002665,0.2944856941700544,0.0,0.0,,20.98703805765712,23.889196395874023,21.09111462813034,22.444799127131475,20.951587878405,22.18830089677373,20.85175368762521,21.75198025215584,20.807045301231213,20.54885563855472,20.500000426428187,6996,1,20.55155102738728,20.50000413177989,161,4830.0,80.5,2025-04-23 15:49:30,2025-04-23 15:49:30,20.93583106994629,247516.0,0.911693082467396,2025-04-23,15:49:30
20.542017201019238,24.615759473310785,20.500000000002665,0.27169499615751275,0.0,0.0,,21.032975346063807,23.889196395874023,21.078405895468194,22.44478430209509,20.94514557091511,22.18829788078057,20.8502447872954,21.751944889953574,20.79675986681063,20.544633219782266,20.5000005014237,6996,1,20.5501521485729,20.500005960308098,162,4860.0,81.0,2025-04-23 15:50:00,2025-04-23 15:50:00,20.71126174926757,251916.0,0.9282986441909208,2025-04-23,15:50:00
20.54104640488337,24.80237389,20.500000000002665,0.2681412810011328,0.0,0.0,,21.027486257854324,24.80237389,21.081477630118755,22.09978162514159,20.91032988552676,22.188296377884832,20.849487832598278,21.580701952316495,20.775343989843254,20.537266221412875,20.50000054375947,6986,2,20.547975445691765,20.500006859260708,163,4890.0,81.5,2025-04-23 15:50:30,2025-04-23 15:50:30,20.81441116333008,248867.0,0.9227332018708788,2025-04-23,15:50:30
20.539354946245503,24.80237389,20.500000000002665,0.25477084381118437,0.0,0.0,,20.99809402229202,24.80237389,21.08490532723991,22.099744578030116,20.894888831208196,22.188295541853144,20.849086850983653,21.580664117573278,20.76461012099906,20.534130335501406,20.50000061236505,6986,2,20.546023182289577,20.50000846603766,164,4920.0,82.0,2025-04-23 15:51:00,2025-04-23 15:51:00,20.865678787231445,251666.0,0.9207213752552988,2025-04-23,15:51:00
20.54179146727723,24.27149351048128,20.500000000002665,0.2634859552459154,0.0,0.0,,20.964567586057232,23.776857376098636,21.07212207380924,22.54890906968298,20.925518825854788,21.978564896189415,20.824871169095005,21.462937118132825,20.747439652950614,20.545215086703134,20.50000077620124,6996,2,20.54411570342933,20.500009619724864,165,4950.0,82.5,2025-04-23 15:51:30,2025-04-23 15:51:30,20.75978660583496,251278.0,0.9204096160427891,2025-04-23,15:51:30
20.539506731574004,24.174943923950195,20.500000000002665,0.24612532977454796,0.0,0.0,,20.930722506440397,23.776857376098636,21.060107546787062,22.548941412724886,20.935174915190085,21.797937474189098,20.800419943718556,21.462907644875255,20.73817954002789,20.541454979411903,20.500000872102873,6996,2,20.54220735526589,20.50001173177424,166,4980.0,83.0,2025-04-23 15:52:00,2025-04-23 15:52:00,20.771453857421875,251748.0,0.9216403903903904,2025-04-23,15:52:00
20.537332086784513,24.174943923950195,20.500000000002665,0.23159058419572706,0.0,0.0,,20.897832473495928,23.776857376098636,21.049305450758048,22.548952336748894,20.939346999965448,21.64169957019526,20.776533271895662,21.46289357725646,20.731891831050692,20.53800601686576,20.500000981894367,6996,2,20.540413836548563,20.500012094390005,167,5010.0,83.5,2025-04-23 15:52:30,2025-04-23 15:52:30,20.7503719329834,250604.0,0.9266939199893058,2025-04-23,15:52:30
20.53532794030004,24.174943923950195,20.500000000002665,0.2195721483742988,0.0,0.0,,20.86643483587901,23.776857376098636,21.03971654364821,22.5489572152624,20.94145320256919,21.50586603772123,20.753651474809686,21.462884600766152,20.727091644359135,20.534869082726964,20.500001089378785,6996,2,20.538744110031462,20.500014296293273,168,5040.0,84.0,2025-04-23 15:53:00,2025-04-23 15:53:00,20.75349235534668,249947.0,0.9234287668985826,2025-04-23,15:53:00
20.5334976926935,24.174943923950195,20.500000000002665,0.20969624996440211,0.0,0.0,,20.83678203410904,23.776857376098636,21.031228625638988,22.54895979429025,20.942614669513926,21.38731061103357,20.732020452914863,21.46287797934644,20.723231316074983,20.53202339648982,20.500001157093106,6996,2,20.537194447384618,20.50001468985564,169,5070.0,84.5,2025-04-23 15:53:30,2025-04-23 15:53:30,20.832773208618164,246229.0,0.9158654773605058,2025-04-23,15:53:30
20.531831455477583,24.174943923950195,20.500000000002665,0.20161439455195565,0.0,0.0,,20.808984974721206,23.776857376098636,21.023708313572108,22.548961316301504,20.943297058793032,21.28352373532781,20.711762242355935,21.46287278448947,20.720052323096514,20.529442812285925,20.500001219911503,6996,2,20.53575900980377,20.500014986348802,170,5100.0,85.0,2025-04-23 15:54:00,2025-04-23 15:54:00,20.69539260864257,251395.0,0.924065899779232,2025-04-23,15:54:00
20.53140040359242,24.56942749023437,20.500000000002665,0.20925525505186682,0.0,0.0,,20.783072066595697,24.56942749023437,21.02937225894034,22.023457408026243,20.89694945272495,21.19245207805566,20.69291966304429,21.921889566681624,20.757360079871503,20.529545083012184,20.500001270963196,6994,2,20.535049426913226,20.500015157306223,171,5130.0,85.5,2025-04-23 15:54:30,2025-04-23 15:54:30,20.8195743560791,250862.0,0.9222759300930392,2025-04-23,15:54:30
20.529883384520446,24.56942749023437,20.500000000002665,0.20028810124222363,0.0,0.0,,20.759019929385392,24.56942749023437,21.03487317575634,22.023408376226183,20.878284574869625,21.1123893394499,20.67548497760621,21.92196157193326,20.771213469496562,20.527181843502667,20.500001328674735,6994,2,20.53426595343056,20.500015329964057,172,5160.0,86.0,2025-04-23 15:55:00,2025-04-23 15:55:00,20.780174255371094,250302.0,0.9227168580354932,2025-04-23,15:55:00
20.528840918814808,24.454784393310547,20.500000000002665,0.19566592474611258,0.0,0.0,,20.736771997677188,24.454784393310547,21.037978306359083,22.18282176755145,20.88200500438433,21.041899900668962,20.659418543837912,21.513936000873194,20.742473896542194,20.52492699545147,20.500001383641838,6991,2,20.532877377069227,20.50001543791427,173,5190.0,86.5,2025-04-23 15:55:30,2025-04-23 15:55:30,20.845645904541016,249389.0,0.919872856761926,2025-04-23,15:55:30
20.527515573392854,24.454784393310547,20.500000000002665,0.18895858241901733,0.0,0.0,,20.716250740115782,24.454784393310547,21.040544319905653,22.182825431429233,20.880841404169953,20.979763937026068,20.64466110954141,21.513879790547712,20.73236924468514,20.52297058763658,20.50000145547748,6991,2,20.5318903118124,20.500015646235482,174,5220.0,87.0,2025-04-23 15:56:00,2025-04-23 15:56:00,20.89955139160156,250488.0,0.9238333023937274,2025-04-23,15:56:00
20.527372915422724,24.73172187805176,20.500000000002665,0.19276802236632848,0.0,0.0,,20.78088134093007,24.73172187805176,21.04698453974466,22.16319933002347,20.877322668521806,20.92493688362024,20.631142003292393,22.51866759158016,20.81512477756642,20.522781783915793,20.50000157797494,6997,1,20.534086107679133,20.500015621744417,175,5250.0,87.5,2025-04-23 15:56:30,2025-04-23 15:56:30,21.71799087524414,252789.0,0.9102631666132625,2025-04-23,15:56:30
20.526454988072654,24.73172187805176,20.500000000002665,0.1882796215306393,0.0,0.0,,20.845937859565808,24.73172187805176,21.052746568129916,22.16319571756926,20.874902858858132,20.876518729975107,20.61878463242475,22.51882547928856,20.847474599398765,20.5210502850167,20.500001628878085,6997,1,20.53534497324242,20.500015630770662,176,5280.0,88.0,2025-04-23 15:57:00,2025-04-23 15:57:00,20.85344314575196,249899.0,0.915909089772268,2025-04-23,15:57:00
20.52811735439542,24.56409454345703,20.500000000002665,0.2135498229836488,0.0,0.0,,20.904740393143722,24.15204429626465,21.04873881030978,22.328360042993104,20.887671480492052,20.833730214121836,20.607510185576416,21.762762782712144,20.798579804332388,20.517398335604586,20.50000163494296,6976,2,20.534935954823652,20.500015618761417,177,5310.0,88.5,2025-04-23 15:57:30,2025-04-23 15:57:30,21.010990142822266,249718.0,0.9246551359934004,2025-04-23,15:57:30
20.52761966394942,24.56409454345703,20.500000000002665,0.21254475012690546,0.0,0.0,,20.956872857215103,24.15204429626465,21.044698851656964,22.328373748136848,20.89201670210516,20.79589398125529,20.597240119720986,21.76266458175511,20.78316824087131,20.516313945267438,20.500001705500104,6976,2,20.53513519270041,20.50001546406633,178,5340.0,89.0,2025-04-23 15:58:00,2025-04-23 15:58:00,20.91045379638672,248937.0,0.9228179469102624,2025-04-23,15:58:00
20.52964751249441,24.78215980529785,20.500000000002665,0.21627594660406527,0.0,0.0,,21.00280681501037,24.78215980529785,21.050778818093693,22.39090739315552,20.89956985977525,21.86981613582858,20.681611599711932,21.63128004799423,20.76568512534239,20.521100203961247,20.500001801819028,6997,2,20.53548256815295,20.500015309210774,179,5370.0,89.5,2025-04-23 15:58:30,2025-04-23 15:58:30,20.90851211547852,249098.0,0.9263412391910012,2025-04-23,15:58:30
20.529141352670248,24.78215980529785,20.500000000002665,0.21174605038958663,0.0,0.0,,21.043202410795608,24.78215980529785,21.056519280084107,22.390915726931794,20.902873546966767,21.86989572728718,20.71595015105163,21.63124847520514,20.758044306953753,20.519595791518384,20.50000187848246,6997,2,20.535950850286714,20.50001515860759,180,5400.0,90.0,2025-04-23 15:59:00,2025-04-23 15:59:00,20.8660888671875,249426.0,0.9258996781610578,2025-04-23,15:59:00
20.528533702350487,24.78215980529785,20.500000000002665,0.20764855953644368,0.0,0.0,,21.034807341095327,24.78215980529785,21.061625694231818,22.39091958054397,20.904745274011336,21.869925996210778,20.733818966733388,21.63123605014393,20.753691070993238,20.51824131779329,20.50000190491265,6997,2,20.535832729442607,20.500015072079087,181,5430.0,90.5,2025-04-23 15:59:30,2025-04-23 15:59:30,20.87223243713379,246517.0,0.9172489878994148,2025-04-23,15:59:30
20.527911726691162,24.78215980529785,20.500000000002665,0.20415623496715543,0.0,0.0,,21.00387729462932,24.78215980529785,21.066080381932924,22.390921826633246,20.905953120601175,21.86994127906234,20.74464916291438,21.63122936598327,20.75071713037425,20.517012450834667,20.50000197829072,6997,2,20.53540433388619,20.50001500803262,182,5460.0,91.0,2025-04-23 16:00:00,2025-04-23 16:00:00,20.929582595825195,246103.0,0.9179500681625172,2025-04-23,16:00:00
20.53114777075779,24.125337600708008,20.500000000002665,0.22953199890952913,0.0,0.0,,20.969270587612844,23.439741134643555,21.0490343078771,22.048449175098504,20.876318552324427,21.869950404105,20.751972010945305,21.395528257651954,20.7279580949001,20.51925422069964,20.50000191600086,6969,2,20.533788573121615,20.500014935725616,183,5490.0,91.5,2025-04-23 16:00:30,2025-04-23 16:00:30,20.679407119750977,252316.0,0.9277006561216888,2025-04-23,16:00:30
20.530583743862127,24.125337600708008,20.500000000002665,0.22337964487919051,0.0,0.0,,20.934601840410032,23.439741134643555,21.03297971220984,22.04841784468028,20.864603384751366,21.86995645800931,20.75732567563256,21.395486274852225,20.71792717510912,20.51807526938237,20.50000192333378,6969,2,20.532624055328405,20.500014855378307,184,5520.0,92.0,2025-04-23 16:01:00,2025-04-23 16:01:00,20.90586471557617,248040.0,0.9181764407958394,2025-04-23,16:01:00
20.531246540119163,24.318470001220703,20.500000000002665,0.23218848466549555,0.0,0.0,,20.901063217470817,23.85992813110352,21.02512763788249,22.098284172905302,20.86258445776279,21.698294822016912,20.74109383479501,21.52637376772183,20.72343472975725,20.519373526314304,20.50000197815913,6978,2,20.532023616677765,20.50001467532896,185,5550.0,92.5,2025-04-23 16:01:30,2025-04-23 16:01:30,20.77792930603028,251589.0,0.9324512150769708,2025-04-23,16:01:30
20.530107115821007,24.318470001220703,20.500000000002665,0.2242077765207724,0.0,0.0,,20.869146856163272,23.85992813110352,21.018484797169428,22.098281833673358,20.860181578388556,21.550781165457376,20.72415860927503,21.526386509034683,20.723865332984825,20.518104802611536,20.500001994831948,6978,2,20.53133909830437,20.500014392524307,186,5580.0,93.0,2025-04-23 16:02:00,2025-04-23 16:02:00,20.698156356811523,251167.0,0.9297535354963032,2025-04-23,16:02:00
20.530813827539728,24.75861358642578,20.500000000002665,0.24082570241585696,0.0,0.0,,20.839075155475197,24.538549423217773,21.023285848079748,22.03310146817722,20.85238464543303,21.42342530397891,20.70726483426856,21.72629535731248,20.740523360805383,20.516617875267713,20.500002000864903,6975,2,20.531192599360846,20.50001428761212,187,5610.0,93.5,2025-04-23 16:02:30,2025-04-23 16:02:30,20.88276100158692,250061.0,0.9169197090909816,2025-04-23,16:02:30
20.529911527097784,24.75861358642578,20.500000000002665,0.23618888944947097,0.0,0.0,,20.810937277914924,24.538549423217773,21.028027260061727,22.033093204676508,20.84841127998531,21.312879390626712,20.690840790402074,21.726327508392036,20.746580836354717,20.515735292426154,20.500002044047832,6975,2,20.530913358807314,20.500014178407937,188,5640.0,94.0,2025-04-23 16:03:00,2025-04-23 16:03:00,20.795413970947266,249152.0,0.9278692700640572,2025-04-23,16:03:00
20.52772170846145,24.528430938720703,20.500000000002665,0.21726071016771673,0.0,0.0,,20.784745260219115,23.1287899,21.010342223179354,21.76694208978031,20.822061819241906,21.216528519125923,20.675141614278264,21.925856563910166,20.766820073386494,20.521898824666213,20.500002178033803,6996,1,20.53031723735043,20.500014062475547,189,5670.0,94.5,2025-04-23 16:03:30,2025-04-23 16:03:30,20.516307830810547,255457.0,0.9359688592404984,2025-04-23,16:03:30
20.5262675173011,24.528430938720703,20.500000000002665,0.2055442577525205,0.0,0.0,,20.76046314036868,23.1287899,20.993712070704067,21.766914114181397,20.810472781658135,21.13228209926501,20.660310828671996,21.925894004710564,20.775526689593026,20.520263191260337,20.50000218948638,6996,1,20.529670527427406,20.50001393841661,190,5700.0,95.0,2025-04-23 16:04:00,2025-04-23 16:04:00,20.6394157409668,248218.0,0.9196641787662458,2025-04-23,16:04:00
20.536539094539645,26.58621025085449,20.500000000002665,0.2840853338890991,0.0,0.0,,20.88388672449526,23.22405433654785,20.98028303645758,22.761330901746113,20.891997490229752,22.54079278594075,20.77336205049559,21.99636905628038,20.786618732956217,20.52046395982505,20.50000216102606,6973,2,20.53012450945062,20.500013806147074,191,5730.0,95.5,2025-04-23 16:04:30,2025-04-23 16:04:30,21.242042541503903,239373.0,0.9070368864700696,2025-04-23,16:04:30
20.536570295652478,26.58621025085449,20.500000000002665,0.2808830499701762,0.0,0.0,,20.935618835342424,23.22405433654785,20.96848424638663,22.761417385517113,20.922975213957205,22.540897658718272,20.820508950488374,21.996388208134633,20.792500136334663,20.519204028303665,20.500002227915797,6973,2,20.53000210386203,20.500013441461107,192,5760.0,96.0,2025-04-23 16:05:00,2025-04-23 16:05:00,20.59365463256836,255524.0,0.9356736060017846,2025-04-23,16:05:00
20.53629253068318,26.58621025085449,20.500000000002665,0.2777802060488968,0.0,0.0,,20.95980662489679,23.22405433654785,20.95812407387911,22.76145181979758,20.939474613944665,22.54093808517265,20.84572044413229,21.996397308140793,20.79642341309643,20.518038285143692,20.50000224572559,6973,2,20.529768474536073,20.500013196086957,193,5790.0,96.5,2025-04-23 16:05:30,2025-04-23 16:05:30,20.64891624450684,255755.0,0.934866681492053,2025-04-23,16:05:30
20.53591902047031,26.58621025085449,20.500000000002665,0.27512084347028193,0.0,0.0,,20.973848381483783,23.22405433654785,20.949020460844817,22.761470226535398,20.94989962582889,22.54095880205147,20.861430467344398,21.99640304808823,20.799377924613527,20.516962456345876,20.500002247614205,6973,2,20.529505456916255,20.50001305629491,194,5820.0,97.0,2025-04-23 16:06:00,2025-04-23 16:06:00,20.592205047607425,255204.0,0.9357681746759456,2025-04-23,16:06:00
20.531716258885282,26.025472282966092,20.500000000002665,0.23793553212602023,0.0,0.0,,20.95642932094916,23.227344512939453,20.941061552363603,21.826506792566654,20.873969607088494,22.540971364161127,20.872322194957583,21.33322539669624,20.744001048647686,20.535043748723837,20.500002491036515,7025,0,20.527198427818554,20.500012907671728,195,5850.0,97.5,2025-04-23 16:06:30,2025-04-23 16:06:30,20.65660858154297,255148.0,0.936122306955179,2025-04-23,16:06:30
20.52999060467714,25.475887709901635,20.500000000002665,0.21860364782772918,0.0,0.0,,20.937231090366456,23.227344512939453,20.934050718064153,21.826426461019064,20.84571344406798,22.54097982609133,20.88045129850011,21.333119670875814,20.722695521897606,20.532061476846632,20.500002497964864,7025,0,20.52614299479044,20.500012755309807,196,5880.0,98.0,2025-04-23 16:07:00,2025-04-23 16:07:00,20.610782623291016,255379.0,0.9371487451004192,2025-04-23,16:07:00
20.52777730488606,24.953062316302457,20.500000000002665,0.1970876975432264,0.0,0.0,,20.916885690126048,23.15261459350586,20.92670094070516,21.846647236307994,20.83281628118956,22.285290061650834,20.856559792994705,21.27575934454058,20.70679153704301,20.529337846203724,20.500002535003567,7025,0,20.525305517601414,20.500012428644588,197,5910.0,98.5,2025-04-23 16:07:30,2025-04-23 16:07:30,20.69996833801269,255191.0,0.9369813321198632,2025-04-23,16:07:30
20.525782877090816,24.466091173819983,20.500000000002665,0.17859266092891754,0.0,0.0,,20.89586950197025,23.15261459350586,20.92015580526932,21.846632841352555,20.824462743104693,22.06554267248971,20.831596573879878,21.2757329881096,20.697769920185777,20.52685349076532,20.500002526954255,7025,0,20.52463386176561,20.50001235701844,198,5940.0,99.0,2025-04-23 16:08:00,2025-04-23 16:08:00,20.72348403930664,255579.0,0.9384326861753116,2025-04-23,16:08:00
20.5236075517222,24.01970855553791,20.500000000002665,0.1595704859097607,0.0,0.0,,20.874574354993154,23.274858474731445,20.91626271059508,21.81610829179069,20.815930526877462,21.70288254337455,20.796838514850783,21.442938156311275,20.706104513903828,20.52459209009334,20.500002526838703,7025,0,20.52434330208014,20.500011706315867,199,5970.0,99.5,2025-04-23 16:08:30,2025-04-23 16:08:30,20.71970558166504,255559.0,0.938757353976968,2025-04-23,16:08:30
20.52239009284256,23.615423752117472,20.500000000002665,0.14883550222335873,0.0,0.0,,20.853316866379192,23.274858474731445,20.91290072865618,21.81609897690287,20.81051836592785,21.702848153958293,20.781913772550617,21.44295656636218,20.707216813163612,20.52253188194423,20.50000252812451,7025,0,20.523929921161375,20.50001065076107,200,6000.0,100.0,2025-04-23 16:09:00,2025-04-23 16:09:00,20.778827667236328,255623.0,0.9388740938804412,2025-04-23,16:09:00
20.521133181840508,23.252548724402658,20.500000000002665,0.13846847083685887,0.0,0.0,,20.83234792795733,23.16687012,20.908255773288484,21.768340828556614,20.802295309872328,21.702834295641242,20.773725780143085,21.346885281922788,20.698213142512678,20.520654196324944,20.500002538942642,7025,0,20.523249812794454,20.500009983708196,201,6030.0,100.5,2025-04-23 16:09:30,2025-04-23 16:09:30,20.643674850463867,255824.0,0.9418809415848396,2025-04-23,16:09:30
20.520144423806517,23.16687012,20.500000000002665,0.13078706806760307,0.0,0.0,,20.811862022749995,23.16687012,20.904064022975046,21.76833201266432,20.79746421273599,21.702826889382106,20.76852307557133,21.34686904616793,20.693846613012052,20.518942056079553,20.500002537313332,7025,0,20.52271094645062,20.50000933954667,202,6060.0,101.0,2025-04-23 16:10:00,2025-04-23 16:10:00,20.58826065063477,255229.0,0.9412809183125742,2025-04-23,16:10:00
20.51888159610335,23.02667808532715,20.500000000002665,0.12112603556004156,0.0,0.0,,20.792006003660347,23.02667808532715,20.898146055753372,21.635487820148207,20.78214829512818,21.702822255703893,20.76486669181562,21.26915906732076,20.684274448722356,20.517380704821214,20.500002520934416,7025,0,20.521928961352238,20.50000909250508,203,6090.0,101.5,2025-04-23 16:10:30,2025-04-23 16:10:30,20.4660873413086,255389.0,0.9409496395694412,2025-04-23,16:10:30
20.518040441854854,23.02667808532715,20.500000000002665,0.11545638945367502,0.0,0.0,,20.772887075431086,23.02667808532715,20.892806155656647,21.635471583837667,20.77462383864568,21.70281907365811,20.762115531779735,21.269142354889066,20.67944564190523,20.515956035004894,20.500002530570143,7025,0,20.521346693512616,20.50000880390114,204,6120.0,102.0,2025-04-23 16:11:00,2025-04-23 16:11:00,20.51824951171875,255415.0,0.9409184562378874,2025-04-23,16:11:00
20.51672870208197,23.062868118286133,20.500000000002665,0.10647629928536942,0.0,0.0,,20.754579850922525,23.062868118286133,20.888625785795764,21.632570338903104,20.76944167115759,21.55409586006031,20.743118920231137,21.01800473958079,20.654428209295695,20.51465365542707,20.500002524861866,7025,0,20.52039321230546,20.500008143181986,205,6150.0,102.5,2025-04-23 16:11:30,2025-04-23 16:11:30,20.4573974609375,255305.0,0.941771667711169,2025-04-23,16:11:30
20.51565459688975,23.062868118286133,20.500000000002665,0.09936355415388602,0.0,0.0,,20.737132455918662,23.062868118286133,20.884953513837914,21.63256487131514,20.765696838126942,21.42586061592786,20.724209825815535,21.017959029992014,20.643257647512243,20.513462215454254,20.50000250465182,7025,0,20.51975519966792,20.500007365162652,206,6180.0,103.0,2025-04-23 16:12:00,2025-04-23 16:12:00,20.47924041748047,255490.0,0.9409258924028338,2025-04-23,16:12:00
20.514689828304117,23.062868118286133,20.500000000002665,0.0933662426068634,0.0,0.0,,20.720571724545742,23.062868118286133,20.881713323226105,21.632561007350468,20.76277505164933,21.314829992869186,20.705912694882322,21.017941275354264,20.63661918848316,20.512373379368874,20.500002482578346,7025,0,20.519229667392445,20.50000717536894,207,6210.0,103.5,2025-04-23 16:12:30,2025-04-23 16:12:30,20.5048942565918,255602.0,0.9407193605683836,2025-04-23,16:12:30
20.51381833296055,23.062868118286133,20.500000000002665,0.0883155767727037,0.0,0.0,,20.704907565352464,23.062868118286133,20.878847896377778,21.632558067814802,20.76040213319658,21.21821698962046,20.688506542775205,21.017931555492158,20.631892025094537,20.511378943709353,20.500002460036065,7025,0,20.518761288188074,20.500006940255908,208,6240.0,104.0,2025-04-23 16:13:00,2025-04-23 16:13:00,20.511070251464844,255643.0,0.9416651712544448,2025-04-23,16:13:00
20.513610302399105,23.09744453430176,20.500000000002665,0.0910922778864216,0.0,0.0,,20.690136594686734,23.09744453430176,20.87684843273099,21.855303440804718,20.7782532782371,21.133830348686875,20.672139092303308,21.104613676099362,20.63575936826576,20.510471540458905,20.500002417164957,7025,0,20.518695447763537,20.500006679362016,209,6270.0,104.5,2025-04-23 16:13:30,2025-04-23 16:13:30,20.498443603515625,255857.0,0.9417291079587424,2025-04-23,16:13:30
20.51294698930269,23.09744453430176,20.500000000002665,0.08809960702462719,0.0,0.0,,20.676245136895382,23.09744453430176,20.87509735565977,21.85532262033312,20.78461508956461,21.05990738598741,20.656875108427844,21.10462291229524,20.63581361128844,20.509644908875224,20.50000240367353,7025,0,20.518434131913487,20.50000639697363,210,6300.0,105.0,2025-04-23 16:14:00,2025-04-23 16:14:00,20.488534927368164,255641.0,0.9417021208452478,2025-04-23,16:14:00
20.512094141129868,23.18675994873047,20.500000000002665,0.08242102162008323,0.0,0.0,,20.663211685836448,23.18675994873047,20.874935597818688,21.75370760939815,20.778666797333653,20.995003106589994,20.642726905157435,21.09717575766351,20.634334643901678,20.508891441441875,20.500002386230783,7025,0,20.518064043736025,20.500006301769965,211,6330.0,105.5,2025-04-23 16:14:30,2025-04-23 16:14:30,20.60383415222168,255812.0,0.940599321963004,2025-04-23,16:14:30
20.511510671744823,23.18675994873047,20.500000000002665,0.08012263703857628,0.0,0.0,,20.651008913160826,23.18675994873047,20.87484248046676,21.753701696885962,20.776769739394094,20.937914678032588,20.62967385954871,21.09717380944401,20.6331042639742,20.508203962212775,20.500002378290446,7025,0,20.517764221019707,20.500006299545575,212,6360.0,106.0,2025-04-23 16:15:00,2025-04-23 16:15:00,20.651611328125,255844.0,0.9400906289574896,2025-04-23,16:15:00
20.511245080612916,23.176929473876957,20.500000000002665,0.0811058117353009,0.0,0.0,,20.639605298276496,23.176929473876957,20.874604159112767,21.814103378164756,20.78119621404507,20.88762854453461,20.617675054237264,21.301138895897168,20.649804071094895,20.50757758695017,20.5000023676767,7025,0,20.517908695225948,20.500006268864578,213,6390.0,106.5,2025-04-23 16:15:30,2025-04-23 16:15:30,20.54043197631836,255142.0,0.9408197812394666,2025-04-23,16:15:30
20.510799530454207,23.176929473876957,20.500000000002665,0.0797723548920449,0.0,0.0,,20.628966444318902,23.176929473876957,20.874370340076315,21.814108250721674,20.78276440085076,20.843282348501152,20.606677561289793,21.301171177601724,20.65603942402509,20.50700843808914,20.500002339150846,7025,0,20.517814735174333,20.500006157716403,214,6420.0,107.0,2025-04-23 16:16:00,2025-04-23 16:16:00,20.56170082092285,255248.0,0.9411402709325832,2025-04-23,16:16:00
20.51025985149642,23.18923568725586,20.500000000002665,0.07707031973844095,0.0,0.0,,20.619056134588995,23.18923568725586,20.87433578965171,21.77755891017506,20.78029092479989,20.804136759719086,20.596621918442775,21.230052518534336,20.652912215709705,20.5064901000969,20.500002295335733,7025,0,20.51750604002226,20.500006136498357,215,6450.0,107.5,2025-04-23 16:16:30,2025-04-23 16:16:30,20.628395080566406,255181.0,0.9403053004534035,2025-04-23,16:16:30
20.509868422978762,23.18923568725586,20.500000000002665,0.07605788056903126,0.0,0.0,,20.60983717513357,23.18923568725586,20.874297080981,21.77755647230659,20.779432563330325,20.769554095870483,20.5874457683355,21.23004579265703,20.65231442227615,20.50601688843451,20.50000226701349,7025,0,20.51728331484487,20.50000606951581,216,6480.0,108.0,2025-04-23 16:17:00,2025-04-23 16:17:00,20.6928825378418,255030.0,0.9397687281888404,2025-04-23,16:17:00
20.509849580355528,23.34639549255371,20.500000000002665,0.0798849493283749,0.0,0.0,,20.601272061526046,23.34639549255371,20.876697510803492,21.870033501129875,20.787220436716275,20.738981715563728,20.579086277233763,21.39938371726783,20.66705964217872,20.505585800620555,20.50000223759464,7025,0,20.517520831068317,20.50000603048414,217,6510.0,108.5,2025-04-23 16:17:30,2025-04-23 16:17:30,20.70111846923828,254915.0,0.9404996518447326,2025-04-23,16:17:30
20.509568775743357,23.34639549255371,20.500000000002665,0.07950207225853485,0.0,0.0,,20.593323501422574,23.34639549255371,20.878913415792088,21.87004186061817,20.790271481291764,20.71193885003679,20.57148173110856,21.399411570338124,20.67312478169638,20.505194694766576,20.500002182882398,7025,0,20.517531984514303,20.50000610053091,218,6540.0,109.0,2025-04-23 16:18:00,2025-04-23 16:18:00,20.692773818969727,254849.0,0.9408098030598512,2025-04-23,16:18:00
20.509303613519254,23.34639549255371,20.500000000002665,0.07913952473103342,0.0,0.0,,20.585954819023282,23.34639549255371,20.880876902408396,21.870045319896864,20.791944236488934,20.688005973605122,20.56457257013815,21.399421625499876,20.676463534662588,20.50483927900704,20.500002130868186,7025,0,20.517483601575847,20.500005986878378,219,6570.0,109.5,2025-04-23 16:18:30,2025-04-23 16:18:30,20.7238826751709,254864.0,0.9403992791253374,2025-04-23,16:18:30
20.50905911195825,23.34639549255371,20.500000000002665,0.07883178870359289,0.0,0.0,,20.579130263036408,23.34639549255371,20.882594400997746,21.87004723678817,20.793026691893488,20.666816092299886,20.5583020358512,21.399426746418353,20.678722445503645,20.504515823013346,20.500002104974865,7025,0,20.517416642453192,20.50000584112125,220,6600.0,110.0,2025-04-23 16:19:00,2025-04-23 16:19:00,20.737462997436523,254977.0,0.9407132800213353,2025-04-23,16:19:00
20.51159025127836,23.37693214416504,20.500000000002665,0.0970929320876895,0.0,0.0,,20.572815235991108,23.37693214416504,20.88456647857228,21.89882178085744,20.79635794256384,21.68155424070037,20.640042238703593,21.435956759930427,20.6836068528008,20.504222409112696,20.50000202502358,7025,0,20.517447463043922,20.50000580943489,221,6630.0,110.5,2025-04-23 16:19:30,2025-04-23 16:19:30,20.72245216369629,255008.0,0.9413195492886498,2025-04-23,16:19:30
20.51167505594886,23.37693214416504,20.500000000002665,0.09773313207941933,0.0,0.0,,20.566976459643634,23.37693214416504,20.886311038497915,21.898825383178853,20.797978229984057,21.681631142387676,20.67391082874036,21.435965202362848,20.686241351059195,20.50395872372569,20.500001995316516,7025,0,20.517425792458262,20.50000565205309,222,6660.0,111.0,2025-04-23 16:20:00,2025-04-23 16:20:00,20.730318069458008,255058.0,0.9428762281520282,2025-04-23,16:20:00
20.511767413634768,23.39928436279297,20.500000000002665,0.09925610165875226,0.0,0.0,,20.561582088649214,23.39928436279297,20.888188452188412,21.934770471230824,20.80222137783768,21.68166078856675,20.691874754937967,21.453841099511845,20.689590724229735,20.503721693011183,20.50000196920664,7025,0,20.517463080881935,20.50000557683921,223,6690.0,111.5,2025-04-23 16:20:30,2025-04-23 16:20:30,20.629846572875977,255037.0,0.9436396116053748,2025-04-23,16:20:30
20.511737926257755,23.39928436279297,20.500000000002665,0.09946060713459971,0.0,0.0,,20.556601782535516,23.39928436279297,20.88984894085012,21.93477502507923,20.80427698899909,21.681675972709815,20.702968955644593,21.453846598675778,20.691589243429917,20.503507894945283,20.500001888638664,7025,0,20.517457156050174,20.500005423767035,224,6720.0,112.0,2025-04-23 16:21:00,2025-04-23 16:21:00,20.694808959960938,255299.0,0.943431892604358,2025-04-23,16:21:00
20.51169234414438,23.39928436279297,20.500000000002665,0.09957980634507146,0.0,0.0,,20.552006744247343,23.39928436279297,20.891306563245724,21.934777284569993,20.805595821725937,21.681685162084843,20.710595310368277,21.453849528272876,20.693031570759327,20.50331453289051,20.500001824974955,7025,0,20.517440522602985,20.500005254596836,225,6750.0,112.5,2025-04-23 16:21:30,2025-04-23 16:21:30,20.608945846557617,254946.0,0.943776145242522,2025-04-23,16:21:30
20.51164136504651,23.39928436279297,20.500000000002665,0.09965905469164806,0.0,0.0,,20.54776973208306,23.39928436279297,20.892583758605973,21.934778717836,20.80655317764407,21.68169133142235,20.716245110476244,21.453851530795305,20.69416709550717,20.50313937467854,20.5000017865109,7025,0,20.51742058604892,20.500005224539606,226,6780.0,113.0,2025-04-23 16:22:00,2025-04-23 16:22:00,20.57805633544922,255229.0,0.9435524690571996,2025-04-23,16:22:00
20.51053963445247,23.21782875061035,20.500000000002665,0.08866708475576393,0.0,0.0,,20.543865050651643,23.21782875061035,20.89087720877176,21.76883915372185,20.792525913470733,21.53336628130339,20.702971639464543,21.068169303321277,20.661521203468098,20.50297673200214,20.50000175664171,7025,0,20.51650517234115,20.500005125373917,227,6810.0,113.5,2025-04-23 16:22:30,2025-04-23 16:22:30,20.44714736938477,254961.0,0.9434518906813198,2025-04-23,16:22:30
20.510044821468043,23.21782875061035,20.500000000002665,0.08497503447617098,0.0,0.0,,20.54026852549182,23.21782875061035,20.88923772771211,21.768824239299455,20.787142444432657,21.40595689547451,20.688988657896513,21.068107147043786,20.64878290739123,20.502823244036012,20.50000168795927,7025,0,20.516107919103547,20.500004735151492,228,6840.0,114.0,2025-04-23 16:23:00,2025-04-23 16:23:00,20.48027801513672,255143.0,0.942930839274446,2025-04-23,16:23:00
20.50979221898108,23.13107681274414,20.500000000002665,0.08387997162803112,0.0,0.0,,20.5369574651733,23.13107681274414,20.886412924070147,21.81791982057971,20.7886406128404,21.29599607477588,20.674956057820083,21.18204908248511,20.652075458418352,20.502680518169182,20.500001643606115,7025,0,20.516083906592392,20.50000464483016,229,6870.0,114.5,2025-04-23 16:23:30,2025-04-23 16:23:30,20.55768585205078,255443.0,0.9429192618314066,2025-04-23,16:23:30
20.509433096692526,23.13107681274414,20.500000000002665,0.08170407362626252,0.0,0.0,,20.533910614014523,23.13107681274414,20.88386191444253,21.817921244355617,20.7886003425662,21.200578203901397,20.661256729295392,21.182057551506755,20.651758558500504,20.502549650718308,20.500001590048758,7025,0,20.515965994443345,20.500004508995954,230,6900.0,115.0,2025-04-23 16:24:00,2025-04-23 16:24:00,20.447572708129883,255002.0,0.9425312105395252,2025-04-23,16:24:00
20.509190294752702,23.103809356689453,20.500000000002665,0.08143139772590897,0.0,0.0,,20.531108097976112,23.103809356689453,20.88118495531992,21.8679585440604,20.79278945428454,21.117435247860584,20.64812157514384,21.12768966816484,20.64599613859266,20.502429286679153,20.500001545893344,7025,0,20.515774523537452,20.50000429766544,231,6930.0,115.5,2025-04-23 16:24:30,2025-04-23 16:24:30,20.515361785888672,255249.0,0.9420901869351104,2025-04-23,16:24:30
20.50889858039317,23.103809356689453,20.500000000002665,0.08008288158489195,0.0,0.0,,20.528531365809222,23.103809356689453,20.878815691252147,21.867962963296502,20.79431267000302,21.044755050876944,20.635683252233566,21.127679427233435,20.643028711421238,20.50231813262752,20.50000150930506,7025,0,20.515617235648236,20.500004186566365,232,6960.0,116.0,2025-04-23 16:25:00,2025-04-23 16:25:00,20.55940055847168,255349.0,0.9422349411981248,2025-04-23,16:25:00
20.50877637172546,23.240137100219727,20.500000000002665,0.08088236068673127,0.0,0.0,,20.526163127144542,23.240137100219727,20.878857414353853,21.89876962064054,20.797813109408562,20.981061175123045,20.624010333916914,21.22301761126502,20.649355256131784,20.502216084750685,20.50000144897381,7025,0,20.51571748447165,20.500003887782636,233,6990.0,116.5,2025-04-23 16:25:30,2025-04-23 16:25:30,20.52180290222168,255382.0,0.942678639254137,2025-04-23,16:25:30
20.50855584111717,23.240137100219727,20.500000000002665,0.0801419328031824,0.0,0.0,,20.523987288893196,23.240137100219727,20.879001000080493,21.898773368274867,20.79936882085863,20.92513136396561,20.61312937306309,21.223030453134488,20.651197785499264,20.50212326121633,20.50000142017092,7025,0,20.515706573792166,20.50000370960523,234,7020.0,117.0,2025-04-23 16:26:00,2025-04-23 16:26:00,20.522565841674805,255106.0,0.9439922154908156,2025-04-23,16:26:00
20.50883760387851,23.150089263916016,20.500000000002665,0.08541721907097564,0.0,0.0,,20.521988891072983,23.150089263916016,20.877751190761572,22.006040778664012,20.809830703535884,20.875940706186917,20.603039377998364,21.64000013592548,20.688089912167015,20.502040547527095,20.500001370192862,7025,0,20.516488380906722,20.50000361310271,235,7050.0,117.5,2025-04-23 16:26:30,2025-04-23 16:26:30,20.61969947814941,255347.0,0.942798182473262,2025-04-23,16:26:30
20.50870822389954,23.150089263916016,20.500000000002665,0.0852240021742604,0.0,0.0,,20.52015404295186,23.150089263916016,20.876586695964455,22.006051931979776,20.814314264088612,20.832620925536514,20.593721454779093,21.640069777449177,20.702903606298488,20.501969620543385,20.50000132927772,7025,0,20.5167492323714,20.500003483259377,236,7080.0,118.0,2025-04-23 16:27:00,2025-04-23 16:27:00,20.634531021118164,255164.0,0.9433036816518005,2025-04-23,16:27:00
20.5085517232026,23.27726554870605,20.500000000002665,0.08449272208078328,0.0,0.0,,20.518469860211823,23.27726554870605,20.877523107406823,21.96508585187998,20.813295331499038,20.794430433797405,20.585145317630566,21.74826671047589,20.720257404075628,20.501907680946182,20.500001283001474,7025,0,20.51705723491792,20.500003295647957,237,7110.0,118.5,2025-04-23 16:27:30,2025-04-23 16:27:30,20.661027908325195,255002.0,0.9429109869726512,2025-04-23,16:27:30
20.50842871809505,23.27726554870605,20.500000000002665,0.08430928422178456,0.0,0.0,,20.516924403674103,23.27726554870605,20.878435251551952,21.965084867798332,20.813606041601897,20.760731739128005,20.57727373455902,21.74829666898959,20.729313070803144,20.501853162797953,20.50000121633534,7025,0,20.517217171447292,20.500003048978446,238,7140.0,119.0,2025-04-23 16:28:00,2025-04-23 16:28:00,20.68510055541992,254799.0,0.9428512768888416,2025-04-23,16:28:00
20.50815886149916,23.32497978210449,20.500000000002665,0.08177765109972761,0.0,0.0,,20.51550661998295,23.32497978210449,20.879999077733608,21.893589332355063,20.807734254929912,20.730974003960487,20.57006558770228,21.76317851808783,20.736579236560374,20.501804359199728,20.50000117891675,7025,0,20.51729746734807,20.500002966152174,239,7170.0,119.5,2025-04-23 16:28:30,2025-04-23 16:28:30,20.6698055267334,254473.0,0.9426925327048448,2025-04-23,16:28:30
20.508043426101487,23.32497978210449,20.500000000002665,0.08158767143587821,0.0,0.0,,20.514206284514458,23.32497978210449,20.88140900169116,21.8935830749525,20.805639964696145,20.7046792971528,20.563477988596766,21.763189689309083,20.741569743174956,20.501760165299505,20.500001141157057,7025,0,20.517375351718538,20.500002797816226,240,7200.0,120.0,2025-04-23 16:29:00,2025-04-23 16:29:00,20.719655990600582,254631.0,0.942235406333086,2025-04-23,16:29:00
20.510261806639395,23.326440811157227,20.500000000002665,0.09612693973744595,0.0,0.0,,20.51301394667995,23.326440811157227,20.882673737406105,21.925603565241925,20.80747616619814,21.63259052634302,20.6381766497078,21.402878924995367,20.714033746958396,20.501719321463202,20.50000110882671,7025,0,20.5168225908396,20.5000025582248,241,7230.0,120.5,2025-04-23 16:29:30,2025-04-23 16:29:30,20.70183563232422,254636.0,0.94200066467428,2025-04-23,16:29:30
20.510415610677537,23.326440811157227,20.500000000002665,0.09668170695303983,0.0,0.0,,20.511920877736944,23.326440811157227,20.883781296040375,21.925605421709097,20.808056423614538,21.632660556623396,20.66914935965526,21.40282503956798,20.704497847014604,20.501681076083514,20.50000106109777,7025,0,20.51663488783612,20.500002321544095,242,7260.0,121.0,2025-04-23 16:30:00,2025-04-23 16:30:00,20.70954322814941,254827.0,0.9430121955287312,2025-04-23,16:30:00
20.510338978561187,23.33394432067871,20.500000000002665,0.09502596033413817,0.0,0.0,,20.51091902118015,23.33394432067871,20.88486598672867,21.855171749498023,20.802078290579505,21.6459778547644,20.68673536615891,21.36551589131815,20.69699631193431,20.501646510854137,20.50000098462034,7025,0,20.516426201856106,20.500002131159995,243,7290.0,121.5,2025-04-23 16:30:30,2025-04-23 16:30:30,20.678232192993164,254925.0,0.9437939467490438,2025-04-23,16:30:30
20.51036855210413,23.33394432067871,20.500000000002665,0.09513716384852891,0.0,0.0,,20.510000945742018,23.33394432067871,20.885820435498577,21.855165365726695,20.799726822772207,21.645992720342466,20.69740918005519,21.365502786329426,20.693272196882667,20.501614917257516,20.500000928315142,7025,0,20.516337035014644,20.50000205357224,244,7320.0,122.0,2025-04-23 16:31:00,2025-04-23 16:31:00,20.685178756713867,254920.0,0.9449324175231444,2025-04-23,16:31:00
20.510118671764562,23.18944549560547,20.500000000002665,0.09207046794674281,0.0,0.0,,20.509159800991,23.18944549560547,20.88440731850794,21.778067355786014,20.7915738794252,21.64600149944991,20.70469806530077,21.243052836995616,20.68028452823114,20.50158551898925,20.500000890175535,7025,0,20.5159551275763,20.500001906879717,245,7350.0,122.5,2025-04-23 16:31:30,2025-04-23 16:31:30,20.56319808959961,254776.0,0.9463081662911734,2025-04-23,16:31:30
20.510100336406634,23.18944549560547,20.500000000002665,0.0919830880299479,0.0,0.0,,20.5083892754824,23.18944549560547,20.883054259593425,21.77805860594514,20.78795872837478,21.646007336838228,20.710083116260858,21.24302910547822,20.6743237822298,20.50155715421579,20.50000085994537,7025,0,20.515770891474418,20.500001743831287,246,7380.0,123.0,2025-04-23 16:32:00,2025-04-23 16:32:00,20.47732353210449,254743.0,0.9457987437338808,2025-04-23,16:32:00
20.51026123617482,23.081130981445312,20.500000000002665,0.09320743577457301,0.0,0.0,,20.50768355739678,23.081130981445312,20.880152080558943,21.790654463995345,20.78692055744366,21.64601150849395,20.7142753797357,21.50896808278277,20.693877023050227,20.50153159949838,20.500000822525468,7025,0,20.51610873212268,20.50000164841488,247,7410.0,123.5,2025-04-23 16:32:30,2025-04-23 16:32:30,20.452747344970703,254914.0,0.9458315476003673,2025-04-23,16:32:30
20.510275823262276,23.081130981445312,20.500000000002665,0.0932589221104454,0.0,0.0,,20.507037297590713,23.081130981445312,20.87751730526902,21.790653262168405,20.785889254480566,21.64601463182635,20.717652173849146,21.50900636142186,20.700623075927552,20.501510618855246,20.500000775628383,7025,0,20.516181201069998,20.500001558844474,248,7440.0,124.0,2025-04-23 16:33:00,2025-04-23 16:33:00,20.467090606689453,255077.0,0.9462274504365348,2025-04-23,16:33:00
20.509480886301024,23.00548744,20.500000000002665,0.08621142628769235,0.0,0.0,,20.506445574975828,23.00548744,20.874008736162814,21.769424271584736,20.783148851188983,21.502689538176053,20.703707223240784,20.916060780805896,20.652029863770238,20.501488105579224,20.500000762528025,7025,0,20.515076035464535,20.500001450043747,249,7470.0,124.5,2025-04-23 16:33:30,2025-04-23 16:33:30,20.37320137023925,254731.0,0.9463075141031126,2025-04-23,16:33:30
20.509063034685585,23.00548744,20.500000000002665,0.08273601022371,0.0,0.0,,20.505903864131664,23.00548744,20.870870814276973,21.769421348355813,20.781685289172522,21.37945531828772,20.68924148980818,20.915968161315174,20.63300163689323,20.501460461170808,20.500000721656917,7025,0,20.514606854342638,20.50000136963816,250,7500.0,125.0,2025-04-23 16:34:00,2025-04-23 16:34:00,20.356285095214844,254968.0,0.9467986546350916,2025-04-23,16:34:00
20.508043506070567,22.908491134643555,20.500000000002665,0.07082127798098639,0.0,0.0,,20.505408005051827,22.908491134643555,20.866595136545204,21.489106408661367,20.755725392231295,21.27301113276534,20.674861732287322,20.938081076104147,20.624937007515825,20.50143074023523,20.500000699970887,7025,0,20.514090557999747,20.50000128274221,251,7530.0,125.5,2025-04-23 16:34:30,2025-04-23 16:34:30,20.41569900512696,255227.0,0.946029110850341,2025-04-23,16:34:30
20.507672165949785,22.908491134643555,20.500000000002665,0.0679754455626189,0.0,0.0,,20.50495417492827,22.908491134643555,20.862767393562006,21.489078833869385,20.744847966919668,21.18058116712547,20.66091532291037,20.938069445509647,20.61914775858302,20.50140006639227,20.500000670723345,7025,0,20.513791149614907,20.500001210382393,252,7560.0,126.0,2025-04-23 16:35:00,2025-04-23 16:35:00,20.355710983276367,255131.0,0.9459730981338998,2025-04-23,16:35:00
20.50734907235997,22.94233512878418,20.500000000002665,0.06527825410782874,0.0,0.0,,20.504538861885084,22.94233512878418,20.859917483827946,21.45866784221376,20.735834733942202,21.099994371600843,20.647607719789985,21.042469397948317,20.623767288034458,20.501369725449162,20.500000645037805,7025,0,20.513732103707767,20.500001161585935,253,7590.0,126.5,2025-04-23 16:35:30,2025-04-23 16:35:30,20.44636917114257,255538.0,0.9456416462522208,2025-04-23,16:35:30
20.507078134165294,22.94233512878418,20.500000000002665,0.06352537777203249,0.0,0.0,,20.504158840577066,22.94233512878418,20.857439311169593,21.458658076297564,20.73046660071162,21.02951288224398,20.63505299023589,21.042480279992567,20.623838482342165,20.501340919778794,20.500000613246318,7025,0,20.51361367344426,20.500001063762525,254,7620.0,127.0,2025-04-23 16:36:00,2025-04-23 16:36:00,20.447311401367188,255614.0,0.9469396482587026,2025-04-23,16:36:00
20.507131031508756,23.032974243164062,20.500000000002665,0.06609779839704391,0.0,0.0,,20.503811149565976,23.032974243164062,20.856681086820885,21.55757584444317,20.735498491457037,20.96771844210328,20.6233058953128,21.129208237388085,20.63041895497773,20.501313903850026,20.50000058854047,7025,0,20.51375923725171,20.50000103258748,255,7650.0,127.5,2025-04-23 16:36:30,2025-04-23 16:36:30,20.48365592956543,255249.0,0.9465551897362968,2025-04-23,16:36:30
20.50694574219671,23.032974243164062,20.500000000002665,0.06522398944740797,0.0,0.0,,20.503493070380244,23.032974243164062,20.85608429367442,21.55758116708665,20.736194945458255,20.91343523916205,20.612382581504644,21.1292215315813,20.63233339436127,20.5012894142495,20.50000056608887,7025,0,20.513757119263563,20.500000992541906,256,7680.0,128.0,2025-04-23 16:37:00,2025-04-23 16:37:00,20.55468940734864,255266.0,0.946027624125422,2025-04-23,16:37:00
20.506771825758587,23.032974243164062,20.500000000002665,0.06448339086840449,0.0,0.0,,20.50320210816063,23.032974243164062,20.855573044892182,21.55758209960825,20.735915856281206,20.8656760453216,20.60227413049903,21.129225250301644,20.632917317188692,20.501266879719864,20.500000545886103,7025,0,20.513720760849967,20.50000096046335,257,7710.0,128.5,2025-04-23 16:37:30,2025-04-23 16:37:30,20.56748580932617,255246.0,0.946115524337306,2025-04-23,16:37:30
20.506612995565924,23.032974243164062,20.500000000002665,0.06387961971666253,0.0,0.0,,20.502935973797435,23.032974243164062,20.855120412192335,21.557581970475482,20.735367068780135,20.823603576955396,20.59295556116993,21.12922649687783,20.633078655900636,20.50124586372192,20.500000522356256,7025,0,20.51367622770161,20.500000896836976,258,7740.0,129.0,2025-04-23 16:38:00,2025-04-23 16:38:00,20.558406829833984,255313.0,0.9467005327774144,2025-04-23,16:38:00
20.507353476759953,23.10226249694824,20.500000000002665,0.07534083073847599,0.0,0.0,,20.502692567467566,23.10226249694824,20.85579386664626,21.796331143461657,20.756009530871033,20.786502024233158,20.584391887086984,21.668564769696424,20.68003962387146,20.50122888817944,20.500000492188196,7025,0,20.514834113459024,20.500000854291855,259,7770.0,129.5,2025-04-23 16:38:30,2025-04-23 16:38:30,20.578554153442383,255190.0,0.9464403973509934,2025-04-23,16:38:30
20.507321050844197,23.10226249694824,20.500000000002665,0.07554423941602628,0.0,0.0,,20.50246996347985,23.10226249694824,20.856430091280046,21.796353233838374,20.764026487429117,20.753755536343313,20.576542234716012,21.668653609138715,20.69888539436335,20.501219660863562,20.50000047297661,7025,0,20.515265960371845,20.50000082870899,260,7800.0,130.0,2025-04-23 16:39:00,2025-04-23 16:39:00,20.61397933959961,255008.0,0.9450605471200904,2025-04-23,16:39:00
20.507093026682963,23.16314125061035,20.500000000002665,0.07410381363982295,0.0,0.0,,20.502266396329805,23.16314125061035,20.857942077830277,21.813692579337285,20.76986931926063,20.72483158241951,20.56936266236946,21.29419824949153,20.67639126997665,20.501212985796077,20.50000045175446,7025,0,20.514850031043164,20.50000079473307,261,7830.0,130.5,2025-04-23 16:39:30,2025-04-23 16:39:30,20.61206245422364,254920.0,0.9458838189431978,2025-04-23,16:39:30
20.507000026270816,23.16314125061035,20.500000000002665,0.07395197133764073,0.0,0.0,,20.502080247859517,23.16314125061035,20.85931156627831,21.813699128752184,20.773207626019392,20.69926781491219,20.56280809435935,21.294152231184334,20.669986816072036,20.501204564457783,20.500000423669263,7025,0,20.51475179554678,20.50000075892352,262,7860.0,131.0,2025-04-23 16:40:00,2025-04-23 16:40:00,20.646318435668945,254971.0,0.9456055786736532,2025-04-23,16:40:00
20.50692093200998,23.16314125061035,20.500000000002665,0.07385862321247327,0.0,0.0,,20.501910035417822,23.16314125061035,20.860518641228776,21.813702938484678,20.775446452926932,20.676661509996567,20.556833643475812,21.294140418340113,20.667939405686806,20.50119563593224,20.500000401281266,7025,0,20.514733282752893,20.50000072599316,263,7890.0,131.5,2025-04-23 16:40:30,2025-04-23 16:40:30,20.74180603027344,255407.0,0.9454236277784086,2025-04-23,16:40:30
20.50685036370243,23.16314125061035,20.500000000002665,0.07379072425240323,0.0,0.0,,20.50175440093044,23.16314125061035,20.86157387909231,21.813705499231542,20.777081307517655,20.65666094791136,20.551395505035902,21.29413683533162,20.667194453070483,20.50118698244356,20.50000038120625,7025,0,20.51473536869511,20.500000686234024,264,7920.0,132.0,2025-04-23 16:41:00,2025-04-23 16:41:00,20.76454734802246,255308.0,0.9452170270810158,2025-04-23,16:41:00
20.50707970674356,23.211204528808597,20.500000000002665,0.07800591347975411,0.0,0.0,,20.501612100805215,23.211204528808597,20.863243133544344,21.90535042592258,20.786498668251348,20.638958284920232,20.54645154764644,21.416989018867667,20.677582028531162,20.501179507702517,20.50000035958173,7025,0,20.51505865970635,20.5000006597476,265,7950.0,132.5,2025-04-23 16:41:30,2025-04-23 16:41:30,20.7019157409668,255374.0,0.9454114357765472,2025-04-23,16:41:30
20.507052427811118,23.211204528808597,20.500000000002665,0.07814711625274211,0.0,0.0,,20.50148199660772,23.211204528808597,20.864741233498084,21.90536050395612,20.790811190807727,20.62328359446829,20.541961687610613,21.41700862124914,20.681745793517788,20.501174262333752,20.5000003490723,7025,0,20.5151938316163,20.500000620373413,266,7980.0,133.0,2025-04-23 16:42:00,2025-04-23 16:42:00,20.6527156829834,255368.0,0.9461481812521536,2025-04-23,16:42:00
20.510172198780104,23.19908142089844,20.500000000002665,0.10015266060653924,0.0,0.0,,20.501363046449573,23.19908142089844,20.865873763305856,21.846707522000887,20.78827786769205,21.902150027288574,20.647420389957773,21.351897914401043,20.678327243145052,20.50117115454673,20.500000334608856,7025,0,20.515107046650815,20.500000605708188,267,8010.0,133.5,2025-04-23 16:42:30,2025-04-23 16:42:30,20.752830505371094,255481.0,0.9461868617431434,2025-04-23,16:42:30
20.510448376054313,23.19908142089844,20.500000000002665,0.10110700031415679,0.0,0.0,,20.501254297032432,23.19908142089844,20.866858200846245,21.846704909721574,20.788084016151085,21.90224873207413,20.691874415670917,21.351890567473095,20.67755978756448,20.501171863923883,20.50000032090942,7025,0,20.51511221351939,20.500000601069218,268,8040.0,134.0,2025-04-23 16:43:00,2025-04-23 16:43:00,20.63308334350586,255444.0,0.9473390571906172,2025-04-23,16:43:00
20.510695132102242,23.26160049438477,20.500000000002665,0.10280454615152528,0.0,0.0,,20.50115487629628,23.26160049438477,20.86869235004303,21.884671973865572,20.7917480246527,21.902287249519382,20.71589568583975,21.344671227180108,20.67684824319751,20.501175737128076,20.50000030185578,7025,0,20.515178911261085,20.500000592032535,269,8070.0,134.5,2025-04-23 16:43:30,2025-04-23 16:43:30,20.64823341369629,255620.0,0.9463078128667554,2025-04-23,16:43:30
20.510804225284687,23.26160049438477,20.500000000002665,0.10316046450161212,0.0,0.0,,20.50106398662988,23.26160049438477,20.87034982606236,21.88467580201259,20.79351191060794,21.902307234145002,20.731003062071906,21.34466974220701,20.676691420390217,20.50118136597132,20.50000028939536,7025,0,20.515236404827828,20.500000585115735,270,8100.0,135.0,2025-04-23 16:44:00,2025-04-23 16:44:00,20.5420036315918,255358.0,0.9469056677292272,2025-04-23,16:44:00
20.510036587631802,23.156408309936523,20.500000000002665,0.09437577213054199,0.0,0.0,,20.500980898607402,23.156408309936523,20.87017902581548,21.579499998890395,20.76752365398194,21.902319478317303,20.74155386918338,21.15001781343212,20.659747917733018,20.501186864602012,20.500000280846134,7025,0,20.514640158621923,20.500000579813445,271,8130.0,135.5,2025-04-23 16:44:30,2025-04-23 16:44:30,20.542978286743164,255622.0,0.94733330611215,2025-04-23,16:44:30
20.510017742399768,23.156408309936523,20.500000000002665,0.09420569033585706,0.0,0.0,,20.500904945217734,23.156408309936523,20.869950547613982,21.57947234936191,20.75740984159125,21.90232778864945,20.749469370662478,21.149985737286134,20.652976986473405,20.501189724224567,20.500000270677987,7025,0,20.514435916695643,20.50000057641722,272,8160.0,136.0,2025-04-23 16:45:00,2025-04-23 16:45:00,20.52670669555664,255704.0,0.946029332255264,2025-04-23,16:45:00
20.50938689709326,23.083187103271484,20.500000000002665,0.08682604630634143,0.0,0.0,,20.500835516553362,23.083187103271484,20.868590501382453,21.541592846093316,20.7485587052642,21.726024135051507,20.73460756358123,21.07839167524025,20.64313349104268,20.50118840613957,20.50000025739122,7025,0,20.514151464244097,20.500000571331114,273,8190.0,136.5,2025-04-23 16:45:30,2025-04-23 16:45:30,20.50859260559082,255706.0,0.9458131359842944,2025-04-23,16:45:30
20.508936312390592,23.083187103271484,20.500000000002665,0.08181455162560425,0.0,0.0,,20.50077205493122,23.083187103271484,20.86733815961595,21.541583130535155,20.743687749722977,21.57463569885656,20.71878166922505,21.078374351474473,20.638236162512367,20.501184588054823,20.50000025126589,7025,0,20.514004522889344,20.500000566462134,274,8220.0,137.0,2025-04-23 16:46:00,2025-04-23 16:46:00,20.34324836730957,255503.0,0.9476338095834492,2025-04-23,16:46:00
20.508100046388073,22.91340446472168,20.500000000002665,0.0724746889108652,0.0,0.0,,20.500714050417123,22.91340446472168,20.863584006237296,21.366359222136616,20.724852047581617,21.44402094274778,20.702794724420524,21.06638287835086,20.634061697524846,20.501179028403435,20.500000243632034,7025,0,20.513677750120486,20.500000560994337,275,8250.0,137.5,2025-04-23 16:46:30,2025-04-23 16:46:30,20.468955993652344,255755.0,0.9470780752086958,2025-04-23,16:46:30
20.507707361634704,22.91340446472168,20.500000000002665,0.0686732885411326,0.0,0.0,,20.50066103671887,22.91340446472168,20.860159027167953,21.366339059344487,20.71616762359639,21.33071247449001,20.68711670542507,21.06637629818832,20.631334470511046,20.501171569947775,20.500000236057932,7025,0,20.51349173216873,20.500000556908685,276,8280.0,138.0,2025-04-23 16:47:00,2025-04-23 16:47:00,20.528949737548828,255763.0,0.9463383826042078,2025-04-23,16:47:00
20.507996542387712,23.08999824523925,20.500000000002665,0.07343295395069356,0.0,0.0,,20.500612587409293,23.08999824523925,20.859874472620287,21.590678131925838,20.73074794289883,21.232005228320386,20.67203427383881,21.20430510721113,20.641296746132518,20.501163476601818,20.500000231960115,7025,0,20.513846584364885,20.50000055382095,277,8310.0,138.5,2025-04-23 16:47:30,2025-04-23 16:47:30,20.572689056396484,255937.0,0.9462644249366056,2025-04-23,16:47:30
20.507756865072267,23.08999824523925,20.500000000002665,0.07156634319638519,0.0,0.0,,20.50056831244724,23.08999824523925,20.859760494026617,21.590693450675698,20.735012225276638,21.145738996164294,20.65771527725099,21.20432490681143,20.644497971685638,20.5011568134595,20.50000022018163,7025,0,20.513936380486196,20.500000551149025,278,8340.0,139.0,2025-04-23 16:48:00,2025-04-23 16:48:00,20.51546287536621,255899.0,0.9469269980539196,2025-04-23,16:48:00
20.507336450239368,23.075817108154297,20.500000000002665,0.06747873241473827,0.0,0.0,,20.50052785497428,23.075817108154297,20.859477866487914,21.521068288216938,20.730449347578976,21.070154635869613,20.644249791271736,21.16307789387633,20.642172690811453,20.501150723118034,20.50000021097415,7025,0,20.513820930916744,20.50000054744195,279,8370.0,139.5,2025-04-23 16:48:30,2025-04-23 16:48:30,20.53992080688477,255789.0,0.9467135876640512,2025-04-23,16:48:30
20.50710679484575,23.075817108154297,20.500000000002665,0.06603690647981095,0.0,0.0,,20.500490888369708,23.075817108154297,20.859227025279015,21.5210636367425,20.728621458847144,21.003796520379844,20.631676659189154,21.16307329255348,20.641353932066355,20.50114416875434,20.50000020517346,7025,0,20.513770805528413,20.500000535210454,280,8400.0,140.0,2025-04-23 16:49:00,2025-04-23 16:49:00,20.70486068725586,255915.0,0.9449702537952054,2025-04-23,16:49:00
20.50736765079329,23.22740173339844,20.500000000002665,0.07110349550940404,0.0,0.0,,20.500457113555107,23.22740173339844,20.861363399764294,21.652951606172774,20.739218286383778,20.945444557264626,20.620000933195072,21.39801240837229,20.66140020891622,20.501138453679367,20.500000196371815,7025,0,20.51431874378803,20.5000005333754,281,8430.0,140.5,2025-04-23 16:49:30,2025-04-23 16:49:30,20.679662704467773,255656.0,0.9461295769510591,2025-04-23,16:49:30
20.50723743924927,23.22740173339844,20.500000000002665,0.07057699775880134,0.0,0.0,,20.50042625655851,23.22740173339844,20.86335193795638,21.652962952223785,20.743118039283416,20.894065510931693,20.609205515286362,21.398050477090955,20.669361444742155,20.501135611729747,20.500000191021382,7025,0,20.514535258762578,20.500000529311826,282,8460.0,141.0,2025-04-23 16:50:00,2025-04-23 16:50:00,20.598262786865234,255349.0,0.9472166647411974,2025-04-23,16:50:00
20.506941170502103,23.112348556518555,20.500000000002665,0.06755381676045537,0.0,0.0,,20.50039806634735,23.112348556518555,20.86333106233745,21.596918832764036,20.74011745842104,20.848777207761792,20.599259036853844,21.36291623482922,20.67052572437972,20.501134087481734,20.500000186546828,7025,0,20.5145104759213,20.500000525149837,283,8490.0,141.5,2025-04-23 16:50:30,2025-04-23 16:50:30,20.63899803161621,255504.0,0.9478715352792912,2025-04-23,16:50:30
20.506800822050906,23.112348556518555,20.500000000002665,0.06699998065766821,0.0,0.0,,20.500372312918707,23.112348556518555,20.863224593985773,21.596915857364177,20.739293589933958,20.808821543475368,20.590121255813045,21.362916974360758,20.672079866598015,20.501132493052697,20.50000018446949,7025,0,20.5145221829049,20.50000051726127,284,8520.0,142.0,2025-04-23 16:51:00,2025-04-23 16:51:00,20.606380462646484,255296.0,0.947619258625282,2025-04-23,16:51:00
20.50650850038879,23.12596321105957,20.500000000002665,0.0643111059543041,0.0,0.0,,20.500348785610203,23.12596321105957,20.86331656335957,21.54180609114712,20.73404889123384,20.7735436518766,20.58174678613726,21.294852732218526,20.667563955918304,20.501130273282914,20.500000175819753,7025,0,20.51436877188523,20.500000514959822,285,8550.0,142.5,2025-04-23 16:51:30,2025-04-23 16:51:30,20.62652587890625,255390.0,0.9468882762637536,2025-04-23,16:51:30
20.506381241202536,23.12596321105957,20.500000000002665,0.06388056432423854,0.0,0.0,,20.500327291594214,23.12596321105957,20.86340038570155,21.541800594275273,20.73188160325204,20.74237549265192,20.574087687913828,21.29484351429783,20.666372518666606,20.501126912991985,20.500000170259867,7025,0,20.51431886760671,20.500000512722686,286,8580.0,143.0,2025-04-23 16:52:00,2025-04-23 16:52:00,20.62162208557129,255434.0,0.9481433437796064,2025-04-23,16:52:00
20.506297490024032,23.148168563842773,20.500000000002665,0.06395792342913341,0.0,0.0,,20.500307654517947,23.148168563842773,20.863821183507522,21.54884437030034,20.731277355621387,20.71482268501947,20.567095266385017,21.30560397663158,20.667021829039847,20.501122938590896,20.50000016462484,7025,0,20.51432673796615,20.500000510997435,287,8610.0,143.5,2025-04-23 16:52:30,2025-04-23 16:52:30,20.602481842041016,255816.0,0.9488052447853144,2025-04-23,16:52:30
20.50620447117681,23.148168563842773,20.500000000002665,0.06374667273073446,0.0,0.0,,20.500289713248602,23.148168563842773,20.86420875351173,21.548843740863727,20.730712534718137,20.69045378029886,20.560721314140324,21.305605144031897,20.66737428830783,20.501118784520656,20.500000158664108,7025,0,20.514326008519344,20.500000509809347,288,8640.0,144.0,2025-04-23 16:53:00,2025-04-23 16:53:00,20.603715896606445,255733.0,0.9484241132352884,2025-04-23,16:53:00
20.506118360805267,23.11608123779297,20.500000000002665,0.063482659450963,0.0,0.0,,20.500273320683426,23.11608123779297,20.86405428234579,21.549639839980582,20.73032983091751,20.66889140623551,20.554918956706345,21.303715956671745,20.6674673189107,20.501114539880476,20.50000015071315,7025,0,20.514311089008757,20.50000050916107,289,8670.0,144.5,2025-04-23 16:53:30,2025-04-23 16:53:30,20.528125762939453,255206.0,0.948427997872307,2025-04-23,16:53:30
20.506042433021868,23.11608123779297,20.500000000002665,0.06333712264509496,0.0,0.0,,20.500258342605587,23.11608123779297,20.86389503372788,21.549639467972995,20.729991870138836,20.649804875700575,20.549643213126192,21.303715958554182,20.667612544897107,20.501110213179377,20.500000147838566,7025,0,20.51429731581307,20.500000507911658,290,8700.0,145.0,2025-04-23 16:54:00,2025-04-23 16:54:00,20.59306907653809,255566.0,0.9484820579615442,2025-04-23,16:54:00
20.505974266120745,23.11608123779297,20.500000000002665,0.06322214642857749,0.0,0.0,,20.500244656588034,23.11608123779297,20.863749298469475,21.549639145009046,20.72970546390677,20.632903960876014,20.54485135050826,21.30371609497314,20.667756487003754,20.5011058396227,20.500000144185847,7025,0,20.514284202266616,20.500000505874972,291,8730.0,145.5,2025-04-23 16:54:30,2025-04-23 16:54:30,20.52384757995605,255299.0,0.9485368748996276,2025-04-23,16:54:30
20.505913038117455,23.11608123779297,20.500000000002665,0.06313133073021451,0.0,0.0,,20.50023215096017,23.11608123779297,20.86362058079859,21.54963887699949,20.729462134034925,20.617933609112775,20.54050308926027,21.303716246444875,20.667886617924303,20.501101454937803,20.50000013822213,7025,0,20.514271609246812,20.5000004997345,292,8760.0,146.0,2025-04-23 16:55:00,2025-04-23 16:55:00,20.548315048217773,255294.0,0.9480706557929288,2025-04-23,16:55:00
20.50565792504746,23.08840751647949,20.500000000002665,0.060268912661943536,0.0,0.0,,20.500220723848727,23.08840751647949,20.86307633639003,21.486698347376596,20.72364500896445,20.604669429622728,20.536560700246866,21.220437383448306,20.660742226186624,20.50109664581147,20.500000132278586,7025,0,20.514045479496453,20.500000496802855,293,8790.0,146.5,2025-04-23 16:55:30,2025-04-23 16:55:30,20.57383155822754,255256.0,0.948828088272166,2025-04-23,16:55:30
20.505588006309026,23.08840751647949,20.500000000002665,0.06008591177296789,0.0,0.0,,20.50021028229626,23.08840751647949,20.86257890946092,21.48669222544354,20.72120071395456,20.592913818266233,20.53298902416506,21.220423859621235,20.657929741441688,20.501090763711392,20.5000001295836,7025,0,20.51394844347045,20.50000048821031,294,8820.0,147.0,2025-04-23 16:56:00,2025-04-23 16:56:00,20.711254119873047,255637.0,0.946912516576239,2025-04-23,16:56:00
20.506319977656467,23.11880874633789,20.500000000002665,0.0720598728323127,0.0,0.0,,20.500200741453458,23.11880874633789,20.86261212020126,21.804425291311535,20.74808584671824,20.58249261562298,20.529755435566667,21.278418052104843,20.66150243299662,20.50108487550055,20.500000125992752,7025,0,20.51428293058385,20.500000488966723,295,8850.0,147.5,2025-04-23 16:56:30,2025-04-23 16:56:30,20.59756088256836,255217.0,0.9482052895183316,2025-04-23,16:56:30
20.506337718445614,23.11880874633789,20.500000000002665,0.07240594173718705,0.0,0.0,,20.500192023840594,23.11880874633789,20.86266352374864,21.80445372518504,20.758543658314185,20.57325221437938,20.526829768226527,21.27842526174088,20.662558042109378,20.501080659511214,20.500000122928,7025,0,20.514378324056192,20.500000489673475,296,8880.0,148.0,2025-04-23 16:57:00,2025-04-23 16:57:00,20.614057540893555,255458.0,0.9478312604224568,2025-04-23,16:57:00
20.50633365679086,23.11880874633789,20.500000000002665,0.07255908756823667,0.0,0.0,,20.50018405867515,23.11880874633789,20.862715055423763,21.80446532759718,20.764254367835907,20.565057047897227,20.52418421432614,21.278427170803308,20.662929848953173,20.501077737659834,20.50000011863097,7025,0,20.514419250300637,20.500000490246038,297,8910.0,148.5,2025-04-23 16:57:30,2025-04-23 16:57:30,20.62353706359864,255611.0,0.9481532118140455,2025-04-23,16:57:30
20.506322389691235,23.11880874633789,20.500000000002665,0.07264389187403837,0.0,0.0,,20.500176781260645,23.11880874633789,20.862761606269537,21.804471669436886,20.76794013650154,20.557787404047538,20.52179320676956,21.278427793900523,20.66309172717429,20.50107552364977,20.500000114016174,7025,0,20.514442457996562,20.500000490602947,298,8940.0,149.0,2025-04-23 16:58:00,2025-04-23 16:58:00,20.634462356567383,255682.0,0.9478456759764082,2025-04-23,16:58:00
20.505884278561112,23.096874237060547,20.500000000002665,0.06568620937110903,0.0,0.0,,20.500170132433734,23.096874237060547,20.86245991151119,21.603975489068585,20.75269371729006,20.55133751796972,20.519633291577502,21.368850483615198,20.6710601551899,20.50107401836774,20.50000011110128,7025,0,20.51443718219536,20.500000490668093,299,8970.0,149.5,2025-04-23 16:58:30,2025-04-23 16:58:30,20.57575798034668,255656.0,0.9482029196459304,2025-04-23,16:58:30
20.50583985577336,23.096874237060547,20.500000000002665,0.06549745015855508,0.0,0.0,,20.50016405806743,23.096874237060547,20.862178221581203,21.603959448966954,20.747464410190688,20.545613905021888,20.517682995512153,21.36886544093644,20.67427715770511,20.501073000051132,20.500000107206255,7025,0,20.514449839244904,20.50000049037265,300,9000.0,150.0,2025-04-23 16:59:00,2025-04-23 16:59:00,20.56987762451172,255797.0,0.9485736614385626,2025-04-23,16:59:00
20.50564369258583,23.090408325195312,20.500000000002665,0.06316340242220803,0.0,0.0,,20.5001585086295,23.090408325195312,20.861825293358333,21.55679413314166,20.740771626624827,20.54053390130786,20.51592269272054,21.27781589486565,20.66808314896755,20.501071525523283,20.50000010390385,7025,0,20.514250363274222,20.50000047303329,301,9030.0,150.5,2025-04-23 16:59:30,2025-04-23 16:59:30,20.537113189697266,255607.0,0.9493947251053376,2025-04-23,16:59:30
20.5056015313301,23.090408325195312,20.500000000002665,0.06301776263548074,0.0,0.0,,20.500153438791823,23.090408325195312,20.861509659873693,21.556786872193875,20.737670743395576,20.536024384141445,20.51433447314423,21.277803627538084,20.666065688852647,20.5010688870549,20.50000010062288,7025,0,20.51417534683554,20.500000470315584,302,9060.0,151.0,2025-04-23 17:00:00,2025-04-23 17:00:00,20.565895080566406,255856.0,0.9495762508989432,2025-04-23,17:00:00
20.50557058654203,23.090408325195312,20.500000000002665,0.06294215219794312,0.0,0.0,,20.500148807082276,23.090408325195312,20.861231325155888,21.556783386442103,20.735835489652285,20.53202064889829,20.51290201464882,21.277800064750977,20.665226325219983,20.501065662051534,20.500000097812613,7025,0,20.51413447570546,20.500000470946894,303,9090.0,151.5,2025-04-23 17:00:30,2025-04-23 17:00:30,20.55046272277832,256063.0,0.9497426536633564,2025-04-23,17:00:30
20.50554550568896,23.090408325195312,20.500000000002665,0.06289491030129452,0.0,0.0,,20.500144575568612,23.090408325195312,20.86098691421715,21.556781303734688,20.734606802835447,20.52846542209333,20.511610460220457,21.277798693193496,20.66477685371765,20.501062239402742,20.500000094212147,7025,0,20.514105892508617,20.500000469506887,304,9120.0,152.0,2025-04-23 17:01:00,2025-04-23 17:01:00,20.57031440734864,256048.0,0.94945753579407,2025-04-23,17:01:00
20.505473152453252,23.100994110107425,20.500000000002665,0.06225010533844186,0.0,0.0,,20.500140709565883,23.100994110107425,20.860937623458533,21.545565611859324,20.732717758780623,20.52530799335197,20.5104463011155,21.23346493914315,20.66062116086323,20.501058575467287,20.500000091021278,7025,0,20.51399623335229,20.50000046656524,305,9150.0,152.5,2025-04-23 17:01:30,2025-04-23 17:01:30,20.52362823486328,255922.0,0.9503679343706284,2025-04-23,17:01:30
20.505448792821046,23.100994110107425,20.500000000002665,0.06219876674142234,0.0,0.0,,20.50013717736248,23.100994110107425,20.860902105366726,21.545563543317378,20.731633520315533,20.52250345132387,20.50939726649981,21.23345722685521,20.65885895852766,20.501054475768626,20.500000088075268,7025,0,20.513944731199768,20.50000046347681,306,9180.0,153.0,2025-04-23 17:02:00,2025-04-23 17:02:00,20.599788665771484,256150.0,0.9495886199492484,2025-04-23,17:02:00
20.505357356368986,23.080251693725582,20.500000000002665,0.06092337225083405,0.0,0.0,,20.50013394996452,23.080251693725582,20.860548951340157,21.505891109309456,20.727329469818297,20.520012010601313,20.508452219850525,21.27539482468385,20.661515445932213,20.50105042787046,20.500000084947246,7025,0,20.513945802648266,20.500000458871448,307,9210.0,153.5,2025-04-23 17:02:30,2025-04-23 17:02:30,20.53493309020996,255636.0,0.9499201256865232,2025-04-23,17:02:30
20.50533630024784,23.080251693725582,20.500000000002665,0.06086228984314779,0.0,0.0,,20.500131000859785,23.080251693725582,20.86022343299585,21.505886521007344,20.725308800189005,20.51779841841743,20.507601062197647,21.275400184620942,20.66229354023421,20.501046730231955,20.50000008170495,7025,0,20.513933076976368,20.5000004442426,308,9240.0,154.0,2025-04-23 17:03:00,2025-04-23 17:03:00,20.6589412689209,255851.0,0.9494212451778574,2025-04-23,17:03:00
20.505540883040627,23.097070693969727,20.500000000002665,0.06403181493461432,0.0,0.0,,20.50012830580271,23.097070693969727,20.86019556450371,21.584496794484135,20.731032965017363,20.515831431363065,20.506834642138248,21.334133896795088,20.66767810716434,20.50104357574652,20.50000007832871,7025,0,20.51409757746551,20.50000043831223,309,9270.0,154.5,2025-04-23 17:03:30,2025-04-23 17:03:30,20.601694107055664,256044.0,0.950088229464467,2025-04-23,17:03:30
20.50554703008587,23.097070693969727,20.500000000002665,0.06413183619279249,0.0,0.0,,20.50012584262133,23.097070693969727,20.860182287319745,21.584502821936777,20.73293602417625,20.514083353616304,20.506144672452155,21.33414398340617,20.669839528694627,20.501041492641466,20.50000007561647,7025,0,20.51415132841349,20.500000438114004,310,9300.0,155.0,2025-04-23 17:04:00,2025-04-23 17:04:00,20.613100051879883,255787.0,0.949941748407855,2025-04-23,17:04:00
20.505599975972043,23.190149307250977,20.500000000002665,0.06501797437135702,0.0,0.0,,20.5001235910446,23.190149307250977,20.861626046870207,21.58992914378653,20.734295655114586,20.51252962926002,20.50552365307501,21.387092728848167,20.675612873458956,20.501040340747593,20.50000007323748,7025,0,20.514303511024217,20.50000043886963,311,9330.0,155.5,2025-04-23 17:04:30,2025-04-23 17:04:30,20.631237030029297,255835.0,0.9495509190493872,2025-04-23,17:04:30
20.505606246724106,23.190149307250977,20.500000000002665,0.06510861967670556,0.0,0.0,,20.500121532546355,23.190149307250977,20.862962544884756,21.58993066642385,20.734966587955878,20.51114848219635,20.504964800135443,21.387103185577793,20.67823180870193,20.501040196081703,20.5000000698935,7025,0,20.514383183130867,20.500000434356235,312,9360.0,156.0,2025-04-23 17:05:00,2025-04-23 17:05:00,20.67292594909668,255984.0,0.949747286451497,2025-04-23,17:05:00
20.505609201537474,23.190149307250977,20.500000000002665,0.06516788380172366,0.0,0.0,,20.500119650201796,23.190149307250977,20.864152829452273,21.589931447739538,20.735362464906803,20.509920597975086,20.504461980732334,21.38710737696461,20.679801285900247,20.501040633379503,20.500000067039856,7025,0,20.514438267411705,20.50000043405915,313,9390.0,156.5,2025-04-23 17:05:30,2025-04-23 17:05:30,20.640281677246094,255770.0,0.9492541516792432,2025-04-23,17:05:30
20.50561080794619,23.190149307250977,20.500000000002665,0.06521150778212466,0.0,0.0,,20.5001179285547,23.190149307250977,20.865199388682367,21.589931922085473,20.735620866234186,20.508828842555175,20.504009653111222,21.387109715802172,20.68091864320572,20.50104140319962,20.500000064290038,7025,0,20.514481893647798,20.500000430511633,314,9420.0,157.0,2025-04-23 17:06:00,2025-04-23 17:06:00,20.6364688873291,255605.0,0.949273842941257,2025-04-23,17:06:00
20.505611770160225,23.190149307250977,20.500000000002665,0.06524548923768679,0.0,0.0,,20.50011635349916,23.190149307250977,20.866116133654753,21.589932239464726,20.735802293561907,20.507858013628955,20.50360281189268,21.387111317166603,20.681784953012922,20.50104238157587,20.500000062444677,7025,0,20.514518529757876,20.50000041414295,315,9450.0,157.5,2025-04-23 17:06:30,2025-04-23 17:06:30,20.624755859375,256007.0,0.949942958102708,2025-04-23,17:06:30
20.505612388135983,23.190149307250977,20.500000000002665,0.06527276989995968,0.0,0.0,,20.50011491218167,23.190149307250977,20.866918933958345,21.58993246569523,20.73593708143047,20.506994620670277,20.503236938006985,21.387112525801705,20.68248398727243,20.50104349428056,20.500000060744014,7025,0,20.514550103145158,20.500000399388078,316,9480.0,158.0,2025-04-23 17:07:00,2025-04-23 17:07:00,20.59253120422364,255839.0,0.9492388890083217,2025-04-23,17:07:00
20.505420060934245,23.085712432861328,20.500000000002665,0.06234445702374987,0.0,0.0,,20.500113592926294,23.085712432861328,20.86599278148686,21.526397687094807,20.730379658116117,20.50622669033245,20.502907952996324,21.33307489608561,20.678349213242537,20.501044368189294,20.500000058882193,7025,0,20.514393812724094,20.500000389541025,317,9510.0,158.5,2025-04-23 17:07:30,2025-04-23 17:07:30,20.587486267089844,256227.0,0.9492422124717536,2025-04-23,17:07:30
20.50540006796145,23.085712432861328,20.500000000002665,0.06221595626445503,0.0,0.0,,20.500112385176617,23.085712432861328,20.865102371235494,21.52639182349141,20.728176731957166,20.50554359422791,20.5026121773574,21.33306680820109,20.676938405336703,20.50104438359204,20.50000005598349,7025,0,20.514332874793148,20.500000382104126,318,9540.0,159.0,2025-04-23 17:08:00,2025-04-23 17:08:00,20.577600479125977,256416.0,0.9496078881583052,2025-04-23,17:08:00
20.505321440868027,23.128625869750977,20.500000000002665,0.061248217572667726,0.0,0.0,,20.500111279440766,23.128625869750977,20.864971360773595,21.495086963600563,20.724168229432294,20.5049358964766,20.502346292611225,21.33927242411942,20.676862612185552,20.501043849212092,20.500000053706547,7025,0,20.51429340960338,20.500000376567225,319,9570.0,159.5,2025-04-23 17:08:30,2025-04-23 17:08:30,20.585329055786133,256327.0,0.9506834775501606,2025-04-23,17:08:30
20.505307934477866,23.128625869750977,20.500000000002665,0.0611863070959139,0.0,0.0,,20.50011026722696,23.128625869750977,20.864886668783708,21.495082672973087,20.722247301981284,20.504395218721555,20.502107306802788,21.339272406627636,20.67673792591288,20.50104299574961,20.500000051944273,7025,0,20.514274675940545,20.500000377010522,320,9600.0,160.0,2025-04-23 17:09:00,2025-04-23 17:09:00,20.462305068969727,256004.0,0.950410747976594,2025-04-23,17:09:00
20.505201364881426,23.02459144592285,20.500000000002665,0.05991629179067332,0.0,0.0,,20.50010934096121,23.02459144592285,20.863199898703254,21.496532856029607,20.7211731778873,20.503914120583254,20.501892523150428,21.184808491180608,20.663167153532083,20.50104119507871,20.50000004984634,7025,0,20.513954551868082,20.500000370459144,321,9630.0,160.5,2025-04-23 17:09:30,2025-04-23 17:09:30,20.556039810180664,256251.0,0.9496478794229096,2025-04-23,17:09:30
20.50517670699419,23.02459144592285,20.500000000002665,0.059784779549959775,0.0,0.0,,20.5001084938816,23.02459144592285,20.861646563364463,21.496531680917993,20.720371973650572,20.503485993764258,20.501699511581972,21.184782989128667,20.657681432766523,20.501037583645786,20.500000048033428,7025,0,20.51380610862575,20.5000003544407,322,9660.0,161.0,2025-04-23 17:10:00,2025-04-23 17:10:00,20.484769821166992,256447.0,0.950913163831123,2025-04-23,17:10:00
20.50497348853672,23.03061294555664,20.500000000002665,0.05690287856740586,0.0,0.0,,20.500107719910744,23.03061294555664,20.86035910532152,21.411762286736135,20.712197855713303,20.503104968226342,20.501526082912513,21.209391107885782,20.65685127473179,20.50103315498359,20.50000004633629,7025,0,20.513682460827173,20.50000035495936,323,9690.0,161.5,2025-04-23 17:10:30,2025-04-23 17:10:30,20.49150848388672,256424.0,0.9499208342432846,2025-04-23,17:10:30
20.504945774400696,23.03061294555664,20.500000000002665,0.05674980748066235,0.0,0.0,,20.500107013520356,23.03061294555664,20.859231541032983,21.41175363709997,20.708649950752243,20.502765829046957,20.501370265435387,21.209390596019013,20.655718257323386,20.501028359911317,20.500000045156757,7025,0,20.51360500303084,20.50000035226916,324,9720.0,162.0,2025-04-23 17:11:00,2025-04-23 17:11:00,20.565092086791992,256471.0,0.9504006422753448,2025-04-23,17:11:00
20.505205568258926,23.10774040222168,20.500000000002665,0.060735461107777305,0.0,0.0,,20.50010636960686,23.10774040222168,20.8594483990747,21.507843121063477,20.715086580488546,20.502463942726575,20.501230283715202,21.28522370478147,20.661294316627558,20.50102380605158,20.500000043658915,7025,0,20.513787516337423,20.500000333940587,325,9750.0,162.5,2025-04-23 17:11:30,2025-04-23 17:11:30,20.58245086669922,256619.0,0.9502837864694352,2025-04-23,17:11:30
20.505217619237506,23.10774040222168,20.500000000002665,0.06085312256183447,0.0,0.0,,20.500105783385624,23.10774040222168,20.85969782678607,21.50784988098099,20.717066523825125,20.50219519186008,20.50110453938749,21.28523470993772,20.66306706885863,20.501020437672256,20.50000004206396,7025,0,20.51383818452689,20.500000316920904,326,9780.0,163.0,2025-04-23 17:12:00,2025-04-23 17:12:00,20.58701705932617,256688.0,0.950540089038054,2025-04-23,17:12:00
20.505221610496317,23.10774040222168,20.500000000002665,0.06090313621440893,0.0,0.0,,20.50010525030356,23.10774040222168,20.859932083909797,21.507852126445066,20.717900028164053,20.501955917213113,20.500991593784935,21.28523789340176,20.663758994811648,20.501017870228804,20.50000004062204,7025,0,20.513856591803233,20.500000310960914,327,9810.0,163.5,2025-04-23 17:12:30,2025-04-23 17:12:30,20.56377410888672,256419.0,0.9502788892398768,2025-04-23,17:12:30
20.505222829138877,23.10774040222168,20.500000000002665,0.06092996657151014,0.0,0.0,,20.500104765970036,23.10774040222168,20.86013935723061,21.507853108150037,20.71830633259054,20.501742866355617,20.500890152224425,21.285239080714796,20.66409543165025,20.50101577144216,20.500000039207155,7025,0,20.51386499354309,20.500000303263157,328,9840.0,164.0,2025-04-23 17:13:00,2025-04-23 17:13:00,20.61330986022949,256477.0,0.9493689370781786,2025-04-23,17:13:00
20.50522292796668,23.10774040222168,20.500000000002665,0.060946509620474744,0.0,0.0,,20.500104326113007,23.10774040222168,20.8603191242479,21.507853614334223,20.718519836332984,20.50155314810237,20.50079904980329,21.285239656389656,20.6642925136077,20.50101399544005,20.500000037634155,7025,0,20.51386963817236,20.500000289757928,329,9870.0,164.5,2025-04-23 17:13:30,2025-04-23 17:13:30,20.56292152404785,256629.0,0.9495794512701214,2025-04-23,17:13:30
20.505222545886397,23.10774040222168,20.500000000002665,0.060957622426115216,0.0,0.0,,20.50010392656923,23.10774040222168,20.86047417575559,21.507853904802644,20.718637264333427,20.50138419209832,20.500717238565727,21.285239998030573,20.66442368121914,20.50101247246176,20.500000036391036,7025,0,20.513872624542955,20.500000278000087,330,9900.0,165.0,2025-04-23 17:14:00,2025-04-23 17:14:00,20.548967361450195,256528.0,0.9499547807646728,2025-04-23,17:14:00
20.505215796278893,23.071866989135746,20.500000000002665,0.06070891882801749,0.0,0.0,,20.500103563311242,23.071866989135746,20.860048077792232,21.4978843428524,20.717815630806275,20.501233712961852,20.500643775912152,21.321932668981965,20.667716214707184,20.501011319916238,20.50000003551828,7025,0,20.513921838707287,20.500000269200708,331,9930.0,165.5,2025-04-23 17:14:30,2025-04-23 17:14:30,20.5683822631836,256696.0,0.9499587425398136,2025-04-23,17:14:30
20.505215523834146,23.071866989135746,20.500000000002665,0.06070318309193025,0.0,0.0,,20.500103232501573,23.071866989135746,20.859645681168896,21.49788352008856,20.717495963749293,20.501099678467146,20.500577814135088,21.321938847000247,20.669070248415704,20.50101065336874,20.500000034352862,7025,0,20.513937375209746,20.500000257495422,332,9960.0,166.0,2025-04-23 17:15:00,2025-04-23 17:15:00,20.54801368713379,256350.0,0.9510210649502632,2025-04-23,17:15:00
20.505149840779527,23.052398681640625,20.500000000002665,0.059820413754148094,0.0,0.0,,20.50010293055661,23.052398681640625,20.858980549378142,21.48381578608622,20.71606378718401,20.50098028130702,20.500518590975318,21.270822740025842,20.6653608178395,20.501009963026853,20.50000003342233,7025,0,20.513832721944393,20.500000242568834,333,9990.0,166.5,2025-04-23 17:15:30,2025-04-23 17:15:30,20.55398941040039,256500.0,0.9511368786549708,2025-04-23,17:15:30
20.505141048593885,23.052398681640625,20.500000000002665,0.05976651477961202,0.0,0.0,,20.5001026542023,23.052398681640625,20.858380460712123,21.483814293233248,20.71543822955949,20.50087391402926,20.500465421101765,21.270815508909727,20.66407788695176,20.501008767972856,20.50000003200717,7025,0,20.513789028161074,20.500000233924375,334,10020.0,167.0,2025-04-23 17:16:00,2025-04-23 17:16:00,20.563459396362305,256491.0,0.9511250516587326,2025-04-23,17:16:00
20.505124225924956,23.05737877,20.500000000002665,0.059615490366995386,0.0,0.0,,20.500102400509505,23.05737877,20.857927639610576,21.48201255717444,20.714904589677392,20.500779146787274,20.50041768842684,21.258067522812837,20.66238430164867,20.50100725644266,20.50000003083967,7025,0,20.51373961142537,20.500000232710953,335,10050.0,167.5,2025-04-23 17:16:30,2025-04-23 17:16:30,20.56977081298828,256197.0,0.950401265920366,2025-04-23,17:16:30
20.5051184814436,23.05737877,20.500000000002665,0.059589106176679923,0.0,0.0,,20.500102166903584,23.05737877,20.857533494925445,21.482011998645593,20.714582085183544,20.500694707585787,20.500374839177717,21.25806451341653,20.661597988788344,20.501005524122206,20.500000030056267,7025,0,20.513711666424243,20.50000023122834,336,10080.0,168.0,2025-04-23 17:17:00,2025-04-23 17:17:00,20.52290153503418,256334.0,0.9510803044075308,2025-04-23,17:17:00
20.50505973617231,23.055007934570312,20.500000000002665,0.05872439282460118,0.0,0.0,,20.500101951146576,23.055007934570312,20.85715171417497,21.455172837735553,20.71196061552824,20.50061946473995,20.5003363756507,21.274325510351076,20.662539355875353,20.50100378163062,20.500000029012117,7025,0,20.51369623407252,20.500000231487306,337,10110.0,168.5,2025-04-23 17:17:30,2025-04-23 17:17:30,20.529083251953125,255845.0,0.9507666384920558,2025-04-23,17:17:30
20.505052426988215,23.055007934570312,20.500000000002665,0.05868487864684152,0.0,0.0,,20.500101751298516,23.055007934570312,20.856814994806268,21.45517007325896,20.7108180104361,20.500552411297708,20.500301850583266,21.27432746591358,20.66276849570056,20.501002122021962,20.50000002855991,7025,0,20.513682971941744,20.50000022698479,338,10140.0,169.0,2025-04-23 17:18:00,2025-04-23 17:18:00,20.54166984558105,256277.0,0.9515460809982949,2025-04-23,17:18:00
20.50505435333755,23.03556251525879,20.500000000002665,0.05864275945745229,0.0,0.0,,20.500101565666586,23.03556251525879,20.85621509874235,21.450104865584684,20.70968079133401,20.500492651203935,20.500270862083543,21.31097654632285,20.66600633526128,20.501000672508482,20.500000027604788,7025,0,20.51372660515513,20.50000021768319,339,10170.0,169.5,2025-04-23 17:18:30,2025-04-23 17:18:30,20.53009033203125,256336.0,0.9512982350313652,2025-04-23,17:18:30
20.50505202804854,23.03556251525879,20.500000000002665,0.058628003314398464,0.0,0.0,,20.500101392752818,23.03556251525879,20.85567330510486,21.450103651424186,20.70902142736073,20.50043938700989,20.500243049063453,21.310982650684416,20.667280500154984,20.50099961473965,20.50000002686374,7025,0,20.513735000983214,20.50000021622294,340,10200.0,170.0,2025-04-23 17:19:00,2025-04-23 17:19:00,20.47492790222168,256514.0,0.952235063193432,2025-04-23,17:19:00
20.505049518604693,23.03556251525879,20.500000000002665,0.05861308969293169,0.0,0.0,,20.500101231209385,23.03556251525879,20.855193142962033,21.450102946764147,20.708559200915214,20.500391908954363,20.50021808712607,21.3109847766985,20.6679501887469,20.500998734847652,20.50000002575212,7025,0,20.51373394283585,20.50000020466233,341,10230.0,170.5,2025-04-23 17:19:30,2025-04-23 17:19:30,20.55414390563965,256109.0,0.9506842667575134,2025-04-23,17:19:30
20.50504720098845,23.03556251525879,20.500000000002665,0.058600189748460645,0.0,0.0,,20.500101079805965,23.03556251525879,20.85477017573826,21.450102461876426,20.70820659357298,20.500349585262068,20.50019568486313,21.31098581170613,20.668387943743898,20.500997921969706,20.500000025066274,7025,0,20.51373020270669,20.50000019761464,342,10260.0,171.0,2025-04-23 17:20:00,2025-04-23 17:20:00,20.55793190002441,256352.0,0.9499255418331044,2025-04-23,17:20:00
20.50726377290419,23.07459259033203,20.500000000002665,0.0923840753835637,0.0,0.0,,20.555521276802935,23.07459259033203,20.855007244043776,22.31906676524977,20.785363112308584,20.500311853522675,20.50017558052244,21.32141395638549,20.669620534109935,20.501128036891565,20.500000028604333,7025,1,20.515835316564107,20.500000357091245,343,10290.0,171.5,2025-04-23 17:20:30,2025-04-23 17:20:30,21.24660873413086,238850.0,0.9082287523550344,2025-04-23,17:20:30
20.50763645598222,23.07459259033203,20.500000000002665,0.09367825408507231,0.0,0.0,,20.60961976759165,23.07459259033203,20.855243509834523,22.3191484477933,20.816404850616976,20.50027821302903,20.50015753900878,21.32141613205494,20.67023959570904,20.501373588103814,20.500000030339752,7025,1,20.517841858340084,20.500000405709336,344,10320.0,172.0,2025-04-23 17:21:00,2025-04-23 17:21:00,21.2365665435791,242553.0,0.9167860349078346,2025-04-23,17:21:00
20.51944987225692,25.85633087158203,20.500000000002665,0.21189846830464756,0.0,0.0,,20.645510415481706,23.524356842041016,20.862476516068796,22.497008584320376,20.849665704018275,22.55905458190199,20.67507113102588,22.05824140020653,20.734865411611658,20.501646778971008,20.50000003061465,6998,1,20.520757183222123,20.500000453935904,345,10350.0,172.5,2025-04-23 17:21:30,2025-04-23 17:21:30,20.936681747436523,253530.0,0.9409926833116397,2025-04-23,17:21:30
20.52060759914685,25.85633087158203,20.500000000002665,0.21535624525105487,0.0,0.0,,20.67612058736611,23.524356842041016,20.86915930383396,22.497044579237805,20.86754335295283,22.559216764400766,20.750058432535806,22.058362736403353,20.760930902516577,20.501879833319094,20.50000003278832,6998,1,20.522097418059097,20.500000465405993,346,10380.0,173.0,2025-04-23 17:22:00,2025-04-23 17:22:00,21.35390281677246,247809.0,0.9276946912743282,2025-04-23,17:22:00
20.53289855220518,26.27225685119629,20.500000000002665,0.30623650834810007,0.0,0.0,,20.71547647099615,23.433183670043945,20.873687876751205,22.6153441211179,20.889985425456185,22.559281017713452,20.79141177295451,22.654474096912576,20.827006128071044,20.512498929378697,20.50000003853395,6970,2,20.52416102510143,20.50000050857407,347,10410.0,173.5,2025-04-23 17:22:30,2025-04-23 17:22:30,20.8863525390625,245910.0,0.933543077243707,2025-04-23,17:22:30
20.533640075828544,26.27225685119629,20.500000000002665,0.30179926763206244,0.0,0.0,,20.75559429970763,23.433183670043945,20.87760885408421,22.615368231850844,20.902993182659543,22.559314856387523,20.817911636998577,22.654593246003152,20.857309657654525,20.51205987120454,20.50000004222031,6970,2,20.52538136960262,20.50000052200697,348,10440.0,174.0,2025-04-23 17:23:00,2025-04-23 17:23:00,20.637008666992188,255451.0,0.951667345205147,2025-04-23,17:23:00
20.529140653815546,25.700009158788365,20.500000000002665,0.25656682482397514,0.0,0.0,,20.780509827953377,23.16958808898925,20.876917421940192,21.565237466292878,20.8186208783945,22.55933587119054,20.83670948779193,21.55648745311931,20.779933875480246,20.53238969834059,20.50000005086335,7025,0,20.523305143865727,20.50000056722295,349,10470.0,174.5,2025-04-23 17:23:30,2025-04-23 17:23:30,20.635406494140625,255681.0,0.9523315919055384,2025-04-23,17:23:30
20.52757659396933,25.15579462999985,20.500000000002665,0.2315184745543349,0.0,0.0,,20.802214568395712,23.16958808898925,20.87611221713014,21.565148215456837,20.787917394401465,22.55935030100059,20.850981867125522,21.556334623330514,20.7546804228089,20.52954281455491,20.50000005416803,7025,0,20.52288971551083,20.50000067802458,350,10500.0,175.0,2025-04-23 17:24:00,2025-04-23 17:24:00,21.853599548339844,233549.0,0.9036897101892964,2025-04-23,17:24:00
20.537066411292933,27.45793342590332,20.500000000002665,0.31717679065445553,0.0,0.0,,20.800439139941183,23.199586868286133,20.875829953916007,22.82313856917128,20.884452978248856,22.29928895570023,20.83100760511677,22.57830826323223,20.833308339118297,20.527377736829735,20.500000089743423,6997,1,20.525556044477806,20.50000072135857,351,10530.0,175.5,2025-04-23 17:24:30,2025-04-23 17:24:30,20.647686004638672,255911.0,0.9516653250544136,2025-04-23,17:24:30
20.536110889772264,27.45793342590332,20.500000000002665,0.30653421301950545,0.0,0.0,,20.78760306173436,23.199586868286133,20.87560950269392,22.823239568664413,20.920373175406247,22.07663127941353,20.80942464788854,22.578458421913393,20.863518739892868,20.525364924675685,20.500000105999074,6997,1,20.526330901877184,20.500000751523686,352,10560.0,176.0,2025-04-23 17:25:00,2025-04-23 17:25:00,20.657676696777344,256124.0,0.9519089752424608,2025-04-23,17:25:00
20.534982672371356,27.45793342590332,20.500000000002665,0.2974647827957728,0.0,0.0,,20.772424418862403,23.199586868286133,20.875440463965607,22.823278874636415,20.939628643449023,21.884614441934787,20.787385254600185,22.578508603571812,20.879244792504455,20.52351536412451,20.500000125851724,6997,1,20.526614594704725,20.500000775837762,353,10590.0,176.5,2025-04-23 17:25:30,2025-04-23 17:25:30,20.65682411193848,255878.0,0.9518118742134924,2025-04-23,17:25:30
20.533870263965255,27.45793342590332,20.500000000002665,0.29016903006403966,0.0,0.0,,20.756623354283402,23.199586868286133,20.875313521454245,22.823299763366308,20.95200824582714,21.718107258733973,20.765612885202618,22.57853233016093,20.88956827430335,20.521835737289074,20.500000140694585,6997,1,20.52671833050753,20.500000877143606,354,10620.0,177.0,2025-04-23 17:26:00,2025-04-23 17:26:00,20.6680850982666,255923.0,0.9520218850005666,2025-04-23,17:26:00
20.532821393999633,27.45793342590332,20.500000000002665,0.28441732946420445,0.0,0.0,,20.740827280680964,23.199586868286133,20.875220505286237,22.82331300091295,20.96083169536258,21.57310966629626,20.744555603294245,22.57854708593171,20.897278706505986,20.520315189404457,20.500000162507583,6997,1,20.52673308629731,20.500001077948575,355,10650.0,177.5,2025-04-23 17:26:30,2025-04-23 17:26:30,20.643695831298828,255762.0,0.9518093847991492,2025-04-23,17:26:30
20.53184763346288,27.45793342590332,20.500000000002665,0.2799174420504092,0.0,0.0,,20.7253433990029,23.199586868286133,20.87515451011556,22.823322294136428,20.967546783365105,21.446429627495082,20.724482289667467,22.578557753522592,20.903403638647656,20.518937838859454,20.50000017355433,6997,1,20.526693364898517,20.500001349868455,356,10680.0,178.0,2025-04-23 17:27:00,2025-04-23 17:27:00,20.692785263061523,255653.0,0.9512433601405028,2025-04-23,17:27:00
20.526298486485107,26.674263538904437,20.500000000002665,0.22826001746114727,0.0,0.0,,20.710350258231262,23.28136825561523,20.87638609270329,21.593246846752315,20.86326730896664,21.335469538217968,20.70554395233287,21.67828490654835,20.829943670427927,20.532646541612312,20.50000019764945,7025,0,20.52392473885393,20.500001634400476,357,10710.0,178.5,2025-04-23 17:27:30,2025-04-23 17:27:30,20.63818359375,255774.0,0.9521157472026084,2025-04-23,17:27:30
20.52407253163531,25.94574477083913,20.500000000002665,0.20036715731525823,0.0,0.0,,20.695958371940236,23.28136825561523,20.877538865941183,21.593136221682492,20.823371748183384,21.238081358618313,20.687813446520295,21.67814398488207,20.802624828194958,20.529490275073915,20.50000020723075,7025,0,20.522840439864773,20.500001976816783,358,10740.0,179.0,2025-04-23 17:28:00,2025-04-23 17:28:00,20.590707778930664,255293.0,0.9527777274543368,2025-04-23,17:28:00
20.521868296328933,25.282093518789328,20.500000000002665,0.17559823153342236,0.0,0.0,,20.68223531485731,23.13685607910156,20.8763202078136,21.494890334320438,20.793350082115154,21.152465691392383,20.671311639324966,21.583653637248965,20.780918867488715,20.526647021346882,20.500000230740557,7025,0,20.521890866239062,20.500002457968705,359,10770.0,179.5,2025-04-23 17:28:30,2025-04-23 17:28:30,20.66381072998047,255614.0,0.951703728571205,2025-04-23,17:28:30
20.520164035542727,24.68436234926203,20.500000000002665,0.15601608680859572,0.0,0.0,,20.66921906381602,23.13685607910156,20.87515298847388,21.494857109111642,20.776429396522218,21.077099545502882,20.656024924123173,21.583616765177368,20.769234101277604,20.524087521356233,20.50000024214066,7025,0,20.521257875169837,20.50000297149025,360,10800.0,180.0,2025-04-23 17:29:00,2025-04-23 17:29:00,20.92340850830078,249131.0,0.9255059963432892,2025-04-23,17:29:00
20.524360152033545,24.56660842895508,20.500000000002665,0.19428891865294273,0.0,0.0,,20.65692638850126,23.566978454589844,20.88081834141949,21.801370952938502,20.792453168495673,21.010683242842113,20.64191711851884,22.438529341906026,20.835966505027276,20.521743245009336,20.500000254298364,6996,1,20.522682786741477,20.500003309182205,361,10830.0,180.5,2025-04-23 17:29:30,2025-04-23 17:29:30,21.09103775024414,254762.0,0.9426701440952732,2025-04-23,17:29:30
20.523534377244996,24.56660842895508,20.500000000002665,0.18667990248243593,0.0,0.0,,20.645358641548686,23.566978454589844,20.886109760473378,21.801387178599608,20.795253624585808,20.95210040202233,20.628937649607675,22.438657791547026,20.860044415692155,20.519876938719626,20.500000277976056,6996,1,20.52305222586542,20.50000381998388,362,10860.0,181.0,2025-04-23 17:30:00,2025-04-23 17:30:00,21.08877182006836,255241.0,0.9410535655517728,2025-04-23,17:30:00
20.522372235312044,24.170404811696812,20.500000000002665,0.17085770154702218,0.0,0.0,,20.634505955582625,23.741411209106445,20.893563381071843,21.965846141034376,20.809774581414324,20.900387073720246,20.617027240469966,22.418544746723114,20.86980159515751,20.52635333122998,20.500000334165538,7025,0,20.52329885005178,20.50000400301538,363,10890.0,181.5,2025-04-23 17:30:30,2025-04-23 17:30:30,21.034500122070312,255321.0,0.9417362726724398,2025-04-23,17:30:30
20.52099186550694,23.792497607463776,20.500000000002665,0.1559375701749184,0.0,0.0,,20.624350370268978,23.741411209106445,20.90025142326927,21.965861532348786,20.814718996543665,20.854707437703574,20.606121885347818,22.418559430438613,20.876121008161082,20.52390567837852,20.500000360362833,7025,0,20.52337254738599,20.500003903411724,364,10920.0,182.0,2025-04-23 17:31:00,2025-04-23 17:31:00,21.28742218017578,241193.0,0.9185740905623296,2025-04-23,17:31:00
20.527150334375,26.54604721069336,20.500000000002665,0.24085802955522365,0.0,0.0,,20.61486819993266,23.37100982666016,20.90037194964164,22.21778652031983,20.839303918810447,20.814334317732797,20.596155633655144,22.154018165159478,20.85767903228517,20.522294539228746,20.500000434628284,6996,2,20.52346416827167,20.50000432084653,365,10950.0,182.5,2025-04-23 17:31:30,2025-04-23 17:31:30,20.993803024291992,247161.0,0.925521661487856,2025-04-23,17:31:30
20.526609027592354,26.54604721069336,20.500000000002665,0.23733245159869257,0.0,0.0,,20.606031842689973,23.37100982666016,20.90020268862828,22.21781280049607,20.84937394493483,20.778633315068618,20.587062532827225,22.15398144869844,20.852026653727872,20.520785337921165,20.500000512574594,6996,2,20.523865731703086,20.500004919463127,366,10980.0,183.0,2025-04-23 17:32:00,2025-04-23 17:32:00,21.16120338439941,253739.0,0.9375153947560289,2025-04-23,17:32:00
20.525980546788688,26.54604721069336,20.500000000002665,0.234123798049165,0.0,0.0,,20.597811168756145,23.37100982666016,20.89997847452818,22.21782410647391,20.85495751608814,20.74704971778715,20.57877796990451,22.15397121739415,20.849943938859646,20.519378026577822,20.500000592948187,6996,2,20.524325456831875,20.50000541362028,367,11010.0,183.5,2025-04-23 17:32:30,2025-04-23 17:32:30,21.18111991882324,246503.0,0.9269818724315728,2025-04-23,17:32:30
20.525367950272464,26.54604721069336,20.500000000002665,0.23156981535865043,0.0,0.0,,20.59017458614751,23.37100982666016,20.899769298665348,22.217830444825374,20.858552767191004,20.71909758067462,20.571239579208907,22.153967617760134,20.849000931517278,20.518102760856472,20.500000649202875,6996,2,20.52476348919953,20.50000588269223,368,11040.0,184.0,2025-04-23 17:33:00,2025-04-23 17:33:00,21.4112548828125,243425.0,0.9288928828181164,2025-04-23,17:33:00
20.524794219244846,26.54604721069336,20.500000000002665,0.2296215619669701,0.0,0.0,,20.583089856042555,23.37100982666016,20.899591857350007,22.217834548216224,20.861088467446343,20.69435053176834,20.564387834804744,22.153965983092668,20.84848569665117,20.51695558080506,20.500000701010222,6996,2,20.52515224973791,20.50000637844388,369,11070.0,184.5,2025-04-23 17:33:30,2025-04-23 17:33:30,21.15068244934082,253974.0,0.9266473881184688,2025-04-23,17:33:30
20.524263385719024,26.54604721069336,20.500000000002665,0.22815630162721312,0.0,0.0,,20.57652471225648,23.37100982666016,20.899445762118344,22.217837441062766,20.86299269965832,20.67243397323225,20.558166413173417,22.153965064649704,20.848162369989687,20.51592340634933,20.500000766623426,6996,2,20.525485131165777,20.500006836304465,370,11100.0,185.0,2025-04-23 17:34:00,2025-04-23 17:34:00,21.16773223876953,254179.0,0.9225786133984318,2025-04-23,17:34:00
20.5222068539338,25.820917662229213,20.500000000002665,0.19777383915902252,0.0,0.0,,20.64449981106658,23.91482162475586,20.907812809781355,21.98746442237118,20.84395797522913,20.653018423001633,20.552522388380158,22.05599286778628,20.839401253184494,20.5276600911542,20.500000892501642,7025,0,20.526340196907565,20.500007465081282,371,11130.0,185.5,2025-04-23 17:34:30,2025-04-23 17:34:30,21.2246322631836,254786.0,0.9360631323934596,2025-04-23,17:34:30
20.52080047084217,25.15274503699489,20.500000000002665,0.17592696490726004,0.0,0.0,,20.711295578099786,23.91482162475586,20.915566650244134,21.98744435360285,20.836878495700503,20.6358138002646,20.547406305615343,22.055976398156243,20.835815191914858,20.524912076778975,20.500000992463953,7025,0,20.52710898026762,20.50000771309429,372,11160.0,186.0,2025-04-23 17:35:00,2025-04-23 17:35:00,21.078218460083008,255052.0,0.939844007300472,2025-04-23,17:35:00
20.527735410689456,26.46124839782715,20.500000000002665,0.255828919970602,0.0,0.0,,20.774817963844352,23.782020568847656,20.920407818624163,22.514151814576604,20.88015210961859,20.62056449934881,20.542772167194087,23.588088459124855,20.96739273316095,20.521282419776522,20.50000103475061,6996,1,20.530963946822293,20.500008526837668,373,11190.0,186.5,2025-04-23 17:35:30,2025-04-23 17:35:30,21.510887145996094,245324.0,0.9238319783225448,2025-04-23,17:35:30
20.527371628490126,26.46124839782715,20.500000000002665,0.25063308880357266,0.0,0.0,,20.831278763315915,23.782020568847656,20.924575497349835,22.514197409446083,20.896864577343106,20.607045127553448,20.53857735648239,23.588336511107563,21.019643856026484,20.519400102715025,20.50000113190214,6996,1,20.53274654998304,20.500010011267292,374,11220.0,187.0,2025-04-23 17:36:00,2025-04-23 17:36:00,20.78781509399414,249944.0,0.9342206404234548,2025-04-23,17:36:00
20.532735375692443,25.87052950252202,20.500000000002665,0.2755267598205507,0.0,0.0,,20.86722841585431,23.398054122924805,20.922209884724996,22.0776379780241,20.86710944225916,20.59505680597993,20.534782518848505,21.746230897025733,20.88694441333922,20.5291334031808,20.50000117281069,6968,2,20.529899765263753,20.500010462460565,375,11250.0,187.5,2025-04-23 17:36:30,2025-04-23 17:36:30,21.063840866088867,246142.0,0.922370648853101,2025-04-23,17:36:30
20.531775442417395,25.30870130212858,20.500000000002665,0.2611254697912888,0.0,0.0,,20.897445057543266,23.398054122924805,20.919837175262263,22.07760685452167,20.857344606831298,20.58442395056029,20.531351413979415,21.745971508895728,20.841005599748815,20.526688973615844,20.500001356811048,6968,2,20.529069850411556,20.500010942304332,376,11280.0,188.0,2025-04-23 17:37:00,2025-04-23 17:37:00,21.20024681091309,246639.0,0.9269089261025224,2025-04-23,17:37:00
20.541875448065955,26.854522705078125,20.500000000002665,0.35024736231125997,0.0,0.0,,20.928327397187132,24.12533569335937,20.9290293252107,22.731133402231972,20.911001267861643,20.574991464695056,20.528250750315735,22.17544230718871,20.857551351836307,20.534170573360747,20.50000172068202,6966,2,20.530410192880662,20.500011313117945,377,11310.0,188.5,2025-04-23 17:37:30,2025-04-23 17:37:30,21.62555885314941,244834.0,0.928657018633033,2025-04-23,17:37:30
20.54111478478116,26.854522705078125,20.500000000002665,0.34064234254996045,0.0,0.0,,20.95580255401331,24.12533569335937,20.93762970046698,22.731189879748325,20.931925764613847,20.56662228619711,20.52545000963791,22.175479401248094,20.860347761448196,20.53138034588214,20.50000192499713,6966,2,20.53107099106899,20.50001170913728,378,11340.0,189.0,2025-04-23 17:38:00,2025-04-23 17:38:00,20.978553771972656,255125.0,0.939999203821656,2025-04-23,17:38:00
20.535800123669873,25.978291688521836,20.500000000002665,0.2867894860275055,0.0,0.0,,20.982249786132805,23.52688407897949,20.9359880515952,21.934647519096433,20.872532630861816,20.559195240313706,20.522921267762204,21.75871725017218,20.82365364828294,20.55395141966859,20.50000244926081,7025,0,20.529968907485628,20.500011795223923,379,11370.0,189.5,2025-04-23 17:38:30,2025-04-23 17:38:30,20.99904441833496,254850.0,0.9375169830292328,2025-04-23,17:38:30
20.53280117490031,25.191301275054435,20.500000000002665,0.25115818916274346,0.0,0.0,,21.00572642892799,23.52688407897949,20.93413449198053,21.93458508098257,20.851482889562824,20.55260315797546,20.52063901571702,21.758648756815717,20.808068896602215,20.548396326532124,20.500002695979727,7025,0,20.529745140572885,20.50001207487547,380,11400.0,190.0,2025-04-23 17:39:00,2025-04-23 17:39:00,20.79756736755371,254567.0,0.9455301182989154,2025-04-23,17:39:00
20.53018695971017,24.497398063563576,20.500000000002665,0.2220276161419185,0.0,0.0,,21.026415718034844,23.52688407897949,20.93239286045351,21.9345616542321,20.840852383071873,20.546751224478857,20.518579984552034,21.75862325943225,20.79917821188086,20.543454800130156,20.500002895567114,7025,0,20.529736975437213,20.500012454800057,381,11430.0,190.5,2025-04-23 17:39:30,2025-04-23 17:39:30,20.69720458984375,254613.0,0.9471979288174602,2025-04-23,17:39:30
20.52788078297008,24.06328921875781,20.500000000002665,0.19799923171632094,0.0,0.0,,21.04462885285605,23.52688407897949,20.930843214803716,21.934549747992662,20.834415416112996,20.541555528828102,20.51672297600186,21.75860983412748,20.79301271889409,20.539058694636793,20.5000030710185,7025,0,20.529797606664502,20.50001262016764,382,11460.0,191.0,2025-04-23 17:40:00,2025-04-23 17:40:00,20.69876289367676,254890.0,0.9472499166307036,2025-04-23,17:40:00
20.525174012046197,23.67199643429844,20.500000000002665,0.1734652930250655,0.0,0.0,,21.054922649403814,23.144132614135746,20.9235161644784,21.67049779734083,20.8065390892272,20.536941788151257,20.51504870051698,21.777983410935235,20.789979937120336,20.535146344040236,20.50000335711526,7025,0,20.529496331276665,20.50001253914227,383,11490.0,191.5,2025-04-23 17:40:30,2025-04-23 17:40:30,20.875612258911133,254301.0,0.9453119777350464,2025-04-23,17:40:30
20.523290034471756,23.317313098929084,20.500000000002665,0.15623760833980607,0.0,0.0,,21.063440167080707,23.144132614135746,20.916812585848554,21.670468014523763,20.793875566442114,20.53284422512814,20.513539623633203,21.77797994738528,20.786869837294404,20.53166168762633,20.50000360193727,7025,0,20.52934626597774,20.50001245127885,384,11520.0,192.0,2025-04-23 17:41:00,2025-04-23 17:41:00,20.84287071228028,254409.0,0.9445019510905668,2025-04-23,17:41:00
20.521664295142596,23.292848587036133,20.500000000002665,0.14232493403144977,0.0,0.0,,21.066368157014207,23.292848587036133,20.913186614311158,21.69294737088245,20.788104213512966,20.529204579346096,20.512179821236675,21.73139882665668,20.78006797060203,20.52855601306996,20.500003725091947,7025,0,20.5291590842636,20.500012188272812,385,11550.0,192.5,2025-04-23 17:41:30,2025-04-23 17:41:30,20.800933837890625,254792.0,0.9472657476490628,2025-04-23,17:41:30
20.520189006198997,23.292848587036133,20.500000000002665,0.13047514766632598,0.0,0.0,,21.068508632662194,23.292848587036133,20.9101111688395,21.692940924125953,20.78344190728017,20.525971236031722,20.510954843971046,21.731387570487044,20.776103093623124,20.525786491412084,20.500003916794398,7025,0,20.529027854971027,20.500011907214446,386,11580.0,193.0,2025-04-23 17:42:00,2025-04-23 17:42:00,20.747249603271484,254407.0,0.946948197180109,2025-04-23,17:42:00
20.52096186799948,23.26118278503418,20.500000000002665,0.14212426375670748,0.0,0.0,,21.06587401712391,23.26118278503418,20.906955261766345,22.432793234037035,20.845682287528724,20.52309845777013,20.50985159080272,22.326156747693837,20.825092416074867,20.52331910615112,20.500004072378566,7025,0,20.530583129193193,20.50001176059761,387,11610.0,193.5,2025-04-23 17:42:30,2025-04-23 17:42:30,21.467079162597656,254798.0,0.9321299985674928,2025-04-23,17:42:30
20.51998044159373,23.26118278503418,20.500000000002665,0.13617887745293605,0.0,0.0,,21.063134076125046,23.26118278503418,20.904173261393577,22.432859088557294,20.86931780685951,20.52054570667772,20.508858191592324,22.32625035132696,20.84363537646844,20.521125893902347,20.50000424136652,7025,0,20.53106602798276,20.500011636910287,388,11640.0,194.0,2025-04-23 17:43:00,2025-04-23 17:43:00,21.231958389282227,253566.0,0.920924433875204,2025-04-23,17:43:00
20.525892825691734,26.904260635375977,20.500000000002665,0.24334933345255103,0.0,0.0,,21.081764501496483,23.82795524597168,20.91057113236654,22.557902638985542,20.89297592956763,20.518277046090756,20.507963898399748,22.445411244026708,20.8633722779715,20.51696903672323,20.500004182106228,6996,1,20.532053429821364,20.500011180373917,389,11670.0,194.5,2025-04-23 17:43:30,2025-04-23 17:43:30,21.53352737426757,249295.0,0.9228535720732466,2025-04-23,17:43:30
20.52569709258856,26.904260635375977,20.500000000002665,0.2440712909874311,0.0,0.0,,21.100197138809374,23.82795524597168,20.916602318973098,22.55792844548117,20.905309444569493,20.51626061221064,20.50715898516707,22.445445454198627,20.87347005998752,20.515800149216687,20.50000421101884,6996,1,20.532750845776807,20.500010991746848,390,11700.0,195.0,2025-04-23 17:44:00,2025-04-23 17:44:00,20.95567321777344,255450.0,0.9418283299080056,2025-04-23,17:44:00
20.522638815501864,26.030108685957757,20.500000000002665,0.20307212520574805,0.0,0.0,,21.11678782363244,23.40546989440918,20.91540490609519,22.070545525368424,20.869829124171194,20.514468147339034,20.506434655368317,22.071722991566283,20.8474459817843,20.527621486412123,20.500004625303394,7025,0,20.53210208705815,20.500010307796206,391,11730.0,195.5,2025-04-23 17:44:30,2025-04-23 17:44:30,21.068254470825195,255069.0,0.9376817522905568,2025-04-23,17:44:30
20.521049225360326,25.251117244469928,20.500000000002665,0.17832239523007598,0.0,0.0,,21.131505618282514,23.40546989440918,20.914048680994412,22.07050841144323,20.857980361456974,20.512874587371844,20.50578295718244,22.071671478406284,20.839224767169053,20.524664260152203,20.500004703578266,7025,0,20.532085212625297,20.50001014221153,392,11760.0,196.0,2025-04-23 17:45:00,2025-04-23 17:45:00,20.693756103515625,255574.0,0.94759932543999,2025-04-23,17:45:00
20.519687370758035,24.563079126474587,20.500000000002665,0.1591997467832857,0.0,0.0,,21.14449454365146,23.40546989440918,20.912762625552077,22.070495319922284,20.852444381897907,20.511457697120687,20.50519670572965,22.0716568582653,20.836002498855397,20.52206594213482,20.50000478604345,7025,0,20.532206997527545,20.50000960280765,393,11790.0,196.5,2025-04-23 17:45:30,2025-04-23 17:45:30,20.75867080688477,255451.0,0.9482920648186932,2025-04-23,17:45:30
20.51850300236054,23.961012994858432,20.500000000002665,0.144399555511331,0.0,0.0,,21.155939528047377,23.40546989440918,20.911606415299982,22.07048916062448,20.84936571954697,20.51019774781515,20.504669411906523,22.071651504385777,20.834403193145388,20.519783067770692,20.500005051139823,7025,0,20.53235823992767,20.500009373839642,394,11820.0,197.0,2025-04-23 17:46:00,2025-04-23 17:46:00,20.7959041595459,250972.0,0.9324087323486284,2025-04-23,17:46:00
20.517467346289898,23.438621815932063,20.500000000002665,0.13300083597183163,0.0,0.0,,21.166021808347697,23.40546989440918,20.910585987326844,22.070485705177287,20.847456236284028,20.509077231823333,20.50419521736042,22.071648926150964,20.83343452544623,20.51777694943538,20.500005110709086,7025,0,20.532509163429783,20.500009172619762,395,11850.0,197.5,2025-04-23 17:46:30,2025-04-23 17:46:30,20.93342018127441,250351.0,0.9279094026986112,2025-04-23,17:46:30
20.516559393170386,23.40546989440918,20.500000000002665,0.12429021703628619,0.0,0.0,,21.174906392273943,23.40546989440918,20.909690655031763,22.070483529953542,20.84617115313912,20.508080610226248,20.503768835154734,22.071647383729278,20.832764711845293,20.516013473537086,20.50000522080469,7025,0,20.532650702246205,20.500008233459592,396,11880.0,198.0,2025-04-23 17:47:00,2025-04-23 17:47:00,21.07570457458496,255345.0,0.9376081257710156,2025-04-23,17:47:00
20.51926028853629,24.04843521118164,20.500000000002665,0.1621014065443768,0.0,0.0,,21.17630099362487,23.30743789672852,20.90737589850122,22.111801870580546,20.848929481982015,20.50719408940483,20.503385495693664,21.915894891657267,20.81868866160203,20.51299525086632,20.50000513488873,6996,1,20.532420046214952,20.500007626357284,397,11910.0,198.5,2025-04-23 17:47:30,2025-04-23 17:47:30,20.816490173339844,250914.0,0.9342820149533306,2025-04-23,17:47:30
20.51884937361013,24.04843521118164,20.500000000002665,0.1597643645207057,0.0,0.0,,21.17692644191328,23.30743789672852,20.905271612851223,22.111804696628305,20.849716351519422,20.50640542325733,20.50304089749556,21.915868591892426,20.812851955506193,20.511909370279792,20.500005177086535,6996,1,20.532321301723798,20.5000071099832,398,11940.0,199.0,2025-04-23 17:48:00,2025-04-23 17:48:00,20.98886108398437,250557.0,0.9284764170428286,2025-04-23,17:48:00
20.529654482278715,26.491777420043945,20.500000000002665,0.26373429288120004,0.0,0.0,,21.208194946788346,23.98652648925781,20.91400308782806,21.812522693532692,20.823330440842497,22.414309785622418,20.664851378400556,22.09804491307711,20.82548490354273,20.50939351038581,20.500004755494537,6968,2,20.536899433501713,20.500006688941852,399,11970.0,199.5,2025-04-23 17:48:30,2025-04-23 17:48:30,21.29867172241211,251903.0,0.9221820998558968,2025-04-23,17:48:30
20.530172706389624,26.491777420043945,20.500000000002665,0.2651519105506817,0.0,0.0,,21.238665971078046,23.98652648925781,20.922166792222274,21.812494760615373,20.812664410323205,22.41445989669143,20.734137263970293,22.098069838372798,20.829643006947084,20.509013837284773,20.500004854116096,6968,2,20.53854259234757,20.500006363891572,400,12000.0,200.0,2025-04-23 17:49:00,2025-04-23 17:49:00,21.498714447021484,248739.0,0.9283974617973056,2025-04-23,17:49:00
20.539496876317603,27.295469284057617,20.500000000002665,0.342883014814492,0.0,0.0,,21.26606704961615,24.231922149658203,20.933290912484836,22.42323494590149,20.861057168423955,22.41451932076033,20.77229882706294,22.289947645501105,20.848121516225774,20.528788339260355,20.500005132941336,6993,2,20.539641709919845,20.500006194342138,401,12030.0,200.5,2025-04-23 17:49:30,2025-04-23 17:49:30,21.375560760498047,247453.0,0.9307304063802015,2025-04-23,17:49:30
20.53891581230649,27.295469284057617,20.500000000002665,0.33082049657905765,0.0,0.0,,21.29034287587191,24.231922149658203,20.94325445523438,22.423285904850786,20.87902446223305,22.41455059059691,20.796724682144774,22.28998194357981,20.855783236942433,20.526230317238223,20.500005217934664,6993,2,20.540133965595363,20.50000566926726,402,12060.0,201.0,2025-04-23 17:50:00,2025-04-23 17:50:00,21.39192008972168,246502.0,0.9323164720773056,2025-04-23,17:50:00
20.53856965041354,27.085521697998047,20.500000000002665,0.3231023341865674,0.0,0.0,,21.311749371470974,24.237558364868164,20.952123869502174,22.445168344168057,20.89042449705116,22.41456999503,20.814034109778415,22.34119097158186,20.864484348694667,20.523683036469013,20.500005172397124,6991,2,20.540570355999144,20.500005392777812,403,12090.0,201.5,2025-04-23 17:50:30,2025-04-23 17:50:30,21.46639633178711,248034.0,0.9289682185708412,2025-04-23,17:50:30
20.537858139166406,27.085521697998047,20.500000000002665,0.315996413494807,0.0,0.0,,21.33060043578421,24.237558364868164,20.959907217667404,22.445180897416655,20.89713657402407,22.414583309781648,20.827166111156167,22.341205816510712,20.86914382963361,20.52169321952283,20.50000530743769,6991,2,20.54086723227619,20.50000527574946,404,12120.0,202.0,2025-04-23 17:51:00,2025-04-23 17:51:00,21.18416786193848,252477.0,0.9283193370089156,2025-04-23,17:51:00
20.533402824483403,25.954633712768555,20.500000000002665,0.2654527714840087,0.0,0.0,,21.299654955519504,23.84427833557129,20.96059209152419,22.08444605491735,20.869551073347168,22.172833193228,20.808492674892445,21.96368580503222,20.839366602772785,20.521356069267902,20.5000052958634,6997,2,20.53933931846097,20.500004956295495,405,12150.0,202.5,2025-04-23 17:51:30,2025-04-23 17:51:30,21.17436790466309,250936.0,0.9292705610195428,2025-04-23,17:51:30
20.531521240313886,25.954633712768555,20.500000000002665,0.25142984664928314,0.0,0.0,,21.247046833216007,23.84427833557129,20.960896865996855,22.084417046562784,20.859929461315822,21.965847845583827,20.78833719694435,21.963628480693053,20.828529678508392,20.519591713740827,20.500005377310753,6997,2,20.53809034620755,20.50000467483999,406,12180.0,203.0,2025-04-23 17:52:00,2025-04-23 17:52:00,21.26572608947754,246536.0,0.934920698701204,2025-04-23,17:52:00
20.52993301019185,25.954633712768555,20.500000000002665,0.24145506193689173,0.0,0.0,,21.192272296750392,23.84427833557129,20.96109153231984,22.08440635881948,20.855230729154314,21.787342552643683,20.76776885750541,21.963609986046357,20.823303663910135,20.518034136802676,20.500005289265093,6997,2,20.536946116709768,20.500004435813672,407,12210.0,203.5,2025-04-23 17:52:30,2025-04-23 17:52:30,21.12571144104004,254856.0,0.9309515103627146,2025-04-23,17:52:30
20.528546018615767,25.954633712768555,20.500000000002665,0.23402102874100408,0.0,0.0,,21.138889606805048,23.84427833557129,20.96125968058541,22.084401094348046,20.852500204965807,21.632548725511384,20.747458587293366,21.963601745490916,20.820100911939942,20.516637488478068,20.500005306524795,6997,2,20.5358595212736,20.5000042123461,408,12240.0,204.0,2025-04-23 17:53:00,2025-04-23 17:53:00,21.3571834564209,248461.0,0.9356872154986094,2025-04-23,17:53:00
20.527319686057602,25.954633712768555,20.500000000002665,0.22836333178263923,0.0,0.0,,21.088026527752927,23.84427833557129,20.961424297919812,22.08439801061889,20.85073214739359,21.49774883537822,20.727821581057338,21.963596910277936,20.817821395070666,20.515380293573195,20.50000529894379,6997,2,20.53481984747853,20.500003988855845,409,12270.0,204.5,2025-04-23 17:53:30,2025-04-23 17:53:30,21.17627143859864,254463.0,0.933829955140826,2025-04-23,17:53:30
20.526229585163833,25.954633712768555,20.500000000002665,0.22400868675901453,0.0,0.0,,21.040108239459354,23.84427833557129,20.961588806467162,22.08439599440147,20.84949384740407,21.379976206146193,20.70910667636746,21.96359356221911,20.816067277556247,20.5142484170046,20.500005344833067,6997,2,20.533825700364243,20.500003865943825,410,12300.0,205.0,2025-04-23 17:54:00,2025-04-23 17:54:00,21.20953750610352,251304.0,0.934458427342979,2025-04-23,17:54:00
20.5299132991831,25.975934982299805,20.500000000002665,0.26328288416154527,0.0,0.0,,21.073200601047443,23.855365753173828,20.961924181771852,22.198502471193855,20.85874149639334,21.276816549498562,20.69145330410239,21.982074419437332,20.816274407586363,20.519290852316008,20.500005405074138,6991,2,20.534077771574406,20.50000388989914,411,12330.0,205.5,2025-04-23 17:54:30,2025-04-23 17:54:30,21.24584197998047,251050.0,0.9346463602867956,2025-04-23,17:54:30
20.528764608702478,25.975934982299805,20.500000000002665,0.25223620889994336,0.0,0.0,,21.10963120586093,23.855365753173828,20.96224161760435,22.198512183323825,20.862131000006,21.186273355197386,20.674928380543513,21.982075478075874,20.815773460848302,20.517433618605455,20.500005425174656,6991,2,20.53434881975202,20.50000392666925,412,12360.0,206.0,2025-04-23 17:55:00,2025-04-23 17:55:00,21.64134979248047,251823.0,0.9228092499493692,2025-04-23,17:55:00
20.542336120450685,27.57948303222656,20.500000000002665,0.3617955374793313,0.0,0.0,,21.14314494244594,24.520170211791992,20.972909380413135,22.755508284400165,20.913502868525768,22.795428277987472,20.804262475542096,22.453518174413468,20.856264838539758,20.523967989418537,20.50000548677394,6982,2,20.53630234615228,20.500004009009658,413,12390.0,206.5,2025-04-23 17:55:30,2025-04-23 17:55:30,21.66847038269043,249637.0,0.926317325256272,2025-04-23,17:55:30
20.541974262568548,27.57948303222656,20.500000000002665,0.3529128855414352,0.0,0.0,,21.173031425943172,24.520170211791992,20.982776197772324,22.75556273534766,20.934602419943932,22.795547638323644,20.857995106436135,22.45359468981461,20.87219144492412,20.52152762598304,20.50000552788105,6982,2,20.53748387531284,20.500004260627396,414,12420.0,207.0,2025-04-23 17:56:00,2025-04-23 17:56:00,21.28681373596192,249592.0,0.93255111091301,2025-04-23,17:56:00
20.540370134771138,26.623668551781137,20.500000000002665,0.334148664216527,0.0,0.0,,21.195120042415898,24.128440856933597,20.985457927263354,22.24458675503933,20.901061490269946,22.795593647848914,20.88676879107142,22.06437694839792,20.846657312946498,20.53198997920118,20.500005833429686,6995,2,20.537046057997618,20.50000428309374,415,12450.0,207.5,2025-04-23 17:56:30,2025-04-23 17:56:30,21.1850643157959,249841.0,0.9340244770674148,2025-04-23,17:56:30
20.53860392084303,26.32434050273045,20.500000000002665,0.3105317447302727,0.0,0.0,,21.214140632442426,24.128440856933597,20.9875453865521,22.244551776661236,20.890649504730767,22.79561723583971,20.90473486457775,22.064326071377145,20.838555135541984,20.52849287540586,20.500005897892382,6995,2,20.53716578985763,20.500004766869537,416,12480.0,208.0,2025-04-23 17:57:00,2025-04-23 17:57:00,21.23371315002441,250617.0,0.9313973737815072,2025-04-23,17:57:00
20.537014869753175,26.323938531229782,20.500000000002665,0.2919777578651409,0.0,0.0,,21.230776626482843,24.128440856933597,20.98929961689142,22.244540175844158,20.886099681560097,22.79563154829258,20.917217602580994,22.0643116835447,20.835310713103762,20.525440535839575,20.500006039378643,6995,2,20.53737589992108,20.500005119368197,417,12510.0,208.5,2025-04-23 17:57:30,2025-04-23 17:57:30,21.25141143798828,250773.0,0.932633173228378,2025-04-23,17:57:30
20.53562499368497,26.32358100790053,20.500000000002665,0.2777385681283994,0.0,0.0,,21.245377874613308,24.128440856933597,20.990824072393057,22.244535030215005,20.883728041937868,22.795641196516993,20.926552951968098,22.064306367704177,20.833639801354153,20.522786662405142,20.50000616101454,6995,2,20.537584320999375,20.50000540044997,418,12540.0,209.0,2025-04-23 17:58:00,2025-04-23 17:58:00,21.20204734802246,254145.0,0.9332460922898346,2025-04-23,17:58:00
20.53228657470892,25.16142515135757,20.500000000002665,0.2420197769634844,0.0,0.0,,21.23574832223362,24.022104263305664,20.99050828843771,22.162862749363015,20.87507425007564,22.507409964645074,20.899757543763908,21.946601054955998,20.82232718894735,20.53274199784328,20.50000656075286,7025,0,20.537150687152916,20.500005619359044,419,12570.0,209.5,2025-04-23 17:58:30,2025-04-23 17:58:30,21.085613250732425,251475.0,0.9343520727706532,2025-04-23,17:58:30
20.529569548024746,24.326007258872092,20.500000000002665,0.21400252111572948,0.0,0.0,,21.225115784839428,24.022104263305664,20.990164064702917,22.162853408699707,20.871270587703833,22.26029574526615,20.87181574691961,21.946580153106716,20.817458125414742,20.52887521742386,20.500006626624728,7025,0,20.536863016670274,20.500005966738875,420,12600.0,210.0,2025-04-23 17:59:00,2025-04-23 17:59:00,21.142635345458984,250628.0,0.9337585859321385,2025-04-23,17:59:00
20.529581726370733,25.42396354675293,20.500000000002665,0.23681306771375077,0.0,0.0,,21.22996494606413,23.601259231567383,20.98328674033883,21.88170847823312,20.843980065825246,22.04693479944515,20.843901846848638,21.898496014889865,20.810472857003436,20.515711645180627,20.500006250075316,6989,2,20.53636238261455,20.500006097048733,421,12630.0,210.5,2025-04-23 17:59:30,2025-04-23 17:59:30,21.13814163208008,250249.0,0.9376860022417672,2025-04-23,17:59:30
20.528296477738433,25.42396354675293,20.500000000002665,0.23017525358077337,0.0,0.0,,21.23555161780892,23.601259231567383,20.97694726308058,21.88167939553923,20.832352373644234,21.86172701703768,20.81673613622564,21.898483909980826,20.806852384001303,20.514371735677663,20.50000626276175,6989,2,20.53611633816113,20.500006007960103,422,12660.0,211.0,2025-04-23 18:00:00,2025-04-23 18:00:00,21.145830154418945,251209.0,0.9351298993069516,2025-04-23,18:00:00
20.52714986664323,25.42396354675293,20.500000000002665,0.22479033713978677,0.0,0.0,,21.240743232488153,23.601259231567383,20.971314947564437,21.88166648225628,20.825550699540592,21.700296766318456,20.790749178796112,21.89847831557521,20.80446326549719,20.513190935156395,20.50000634228678,6989,2,20.53593698436753,20.500006172827845,423,12690.0,211.5,2025-04-23 18:00:30,2025-04-23 18:00:30,20.87698745727539,255043.0,0.9385082245935,2025-04-23,18:00:30
20.526137649781063,25.42396354675293,20.500000000002665,0.22056459990147478,0.0,0.0,,21.245406788967372,23.601259231567383,20.96637125913454,21.88165894236274,20.82093088406428,21.559144674286788,20.76618460261973,21.89847484106902,20.80267069875146,20.512157525895912,20.500006397388077,6989,2,20.53578467378014,20.50000646753929,424,12720.0,212.0,2025-04-23 18:01:00,2025-04-23 18:01:00,21.161191940307617,254906.0,0.9336898945101332,2025-04-23,18:01:00
20.52424007461188,24.729229829744025,20.500000000002665,0.19441095138887132,0.0,0.0,,21.25453414944102,23.61870574951172,20.962319113389455,21.966757838156248,20.825101505445154,21.435417248603365,20.743164406000698,21.9083626310889,20.80210595596549,20.524730403468894,20.500006952995864,7025,0,20.535813702855286,20.50000674596072,425,12750.0,212.5,2025-04-23 18:01:30,2025-04-23 18:01:30,20.98366928100586,247884.0,0.924127565716222,2025-04-23,18:01:30
20.522420445181982,24.14883667611813,20.500000000002665,0.17269567273743286,0.0,0.0,,21.263068526505286,23.61870574951172,20.958788751504784,21.966762165974288,20.825503854236494,21.32675046976368,20.72173110055045,21.90836229617206,20.8012845809814,20.521872679655086,20.50000703022365,7025,0,20.53579347714028,20.50000668065523,426,12780.0,213.0,2025-04-23 18:02:00,2025-04-23 18:02:00,20.70272254943848,256119.0,0.9450417823355548,2025-04-23,18:02:00
20.52049372702986,23.64059042187237,20.500000000002665,0.15241774842175576,0.0,0.0,,21.230442359728723,22.90950965881348,20.94463363091812,21.96676272098619,20.825079829058193,21.231160696872582,20.701875333158377,21.57189835708171,20.771175748233013,20.51938874376616,20.500007103157927,7025,0,20.534404912876607,20.500006866951864,427,12810.0,213.5,2025-04-23 18:02:30,2025-04-23 18:02:30,20.71937370300293,256496.0,0.9436805301057326,2025-04-23,18:02:30
20.518982070402636,23.19699071202304,20.500000000002665,0.1375753841911154,0.0,0.0,,21.197898960858343,22.90950965881348,20.93168622561595,21.966762390664933,20.824443401434127,21.146966468601796,20.683554259895168,21.57184222762998,20.758725091880105,20.51722165458578,20.500006992904666,7025,0,20.533379664789518,20.500007047456183,428,12840.0,214.0,2025-04-23 18:03:00,2025-04-23 18:03:00,20.713621139526367,255751.0,0.943771725232746,2025-04-23,18:03:00
20.516339648264065,22.86090660095215,20.500000000002665,0.11399683205163082,0.0,0.0,,21.18029816189419,22.86090660095215,20.919426517763224,21.431206987817575,20.776050949959117,21.072730933427568,20.666703930731806,21.452136208585458,20.741366622321305,20.515330248858763,20.50000700255798,7025,0,20.531967897344906,20.500006944568838,429,12870.0,214.5,2025-04-23 18:03:30,2025-04-23 18:03:30,20.6657772064209,255856.0,0.9441217667359764,2025-04-23,18:03:30
20.515089429774484,22.86090660095215,20.500000000002665,0.10327133873833975,0.0,0.0,,21.16577049591582,22.86090660095215,20.908606204392267,21.43115589805493,20.756144892754836,21.00721838306227,20.651247728041376,21.45210621063551,20.73245006337933,20.513678194526985,20.500006995409418,7025,0,20.531109835348946,20.500007253502012,430,12900.0,215.0,2025-04-23 18:04:00,2025-04-23 18:04:00,20.67603302001953,255692.0,0.9438447917807362,2025-04-23,18:04:00
20.5138940431218,22.81817626953125,20.500000000002665,0.09359605327803226,0.0,0.0,,21.15318847202624,22.81817626953125,20.898435862274138,21.36653372443927,20.738960877706194,20.949360664994636,20.637102159764098,21.492930053287736,20.730154878934588,20.512235287450018,20.500006984359352,7025,0,20.530435153834695,20.500007050983236,431,12930.0,215.5,2025-04-23 18:04:30,2025-04-23 18:04:30,20.69087791442871,255818.0,0.944977300756788,2025-04-23,18:04:30
20.51296581769675,22.81817626953125,20.500000000002665,0.08676463299883444,0.0,0.0,,21.142192468784263,22.81817626953125,20.889478971037015,21.366515193685114,20.72894744951867,20.89823068659149,20.624180849618895,21.492928309020403,20.727196285179883,20.51097512377816,20.500006956824535,7025,0,20.529850418548083,20.50000697614691,432,12960.0,216.0,2025-04-23 18:05:00,2025-04-23 18:05:00,20.678926467895508,255387.0,0.944114777279188,2025-04-23,18:05:00
20.51210787354304,22.831228256225582,20.500000000002665,0.08069494900785242,0.0,0.0,,21.104878608910226,22.831228256225582,20.88180961784659,21.35313260136483,20.720792782966544,20.853021133108626,20.612397279557996,21.530950448493154,20.727787033303805,20.509872725718925,20.500006891733452,7025,0,20.52901303906558,20.500006976936447,433,12990.0,216.5,2025-04-23 18:05:30,2025-04-23 18:05:30,20.693613052368164,255497.0,0.944660492588954,2025-04-23,18:05:30
20.51136042204504,22.831228256225582,20.500000000002665,0.07589070339739001,0.0,0.0,,21.069395442046385,22.831228256225582,20.875076619348764,21.353123921185208,20.715048794225517,20.813027107572925,20.60166665704123,21.530953114495436,20.7267692282966,20.508904972322885,20.500006857363235,7025,0,20.52818546495404,20.50000713169124,434,13020.0,217.0,2025-04-23 18:06:00,2025-04-23 18:06:00,20.60376739501953,255691.0,0.9451697190163126,2025-04-23,18:06:00
20.510716180170682,22.71074485778809,20.500000000002665,0.07215838237717317,0.0,0.0,,21.058521468224065,22.71074485778809,20.86727412891177,21.353117888127073,20.710601801020452,20.777631783884935,20.591907161668104,21.520562865687264,20.72458823699981,20.508055616571422,20.500006817309544,7025,0,20.52764563190719,20.500007166560785,435,13050.0,217.5,2025-04-23 18:06:30,2025-04-23 18:06:30,20.62118148803711,255534.0,0.9440958077007364,2025-04-23,18:06:30
20.510165354783286,22.71074485778809,20.500000000002665,0.06953419497774248,0.0,0.0,,21.050829860794558,22.71074485778809,20.86031784980032,21.35311332274893,20.707004926630844,20.74629442003437,20.583040748070538,21.520559706475865,20.723017538599716,20.507311953304587,20.500006687297724,7025,0,20.527190541350368,20.500007264597123,436,13080.0,218.0,2025-04-23 18:07:00,2025-04-23 18:07:00,20.73186111450196,249942.0,0.9187217684502804,2025-04-23,18:07:00
20.514071231689467,23.92765235900879,20.500000000002665,0.1322606428987075,0.0,0.0,,21.047471715217558,22.709917068481445,20.8541546434034,21.42052698120915,20.710029070901378,20.7185402518654,20.574993629982583,21.663942416643888,20.734250485881134,20.506664274950403,20.500006391059785,6997,1,20.52714673526337,20.50000701578281,437,13110.0,218.5,2025-04-23 18:07:30,2025-04-23 18:07:30,20.671287536621094,256099.0,0.944657022284351,2025-04-23,18:07:30
20.513961821666303,23.92765235900879,20.500000000002665,0.13286720520813167,0.0,0.0,,21.044901725595285,22.709917068481445,20.848718103664332,21.420530435949313,20.709940710132,20.69395190797142,20.56769653495088,21.663964355944284,20.738206611729677,20.506254293623694,20.5000063686766,6997,1,20.526948705276737,20.500006654025455,438,13140.0,219.0,2025-04-23 18:08:00,2025-04-23 18:08:00,20.607759475708008,256145.0,0.9454180005465654,2025-04-23,18:08:00
20.513461456232807,23.59601180212889,20.500000000002665,0.12204414736223569,0.0,0.0,,21.04874215398534,22.62059593200684,20.84253027283008,21.420530736810324,20.709165674787013,20.6721620711027,20.56108479454035,22.13429257783839,20.781005899278355,20.5133956373305,20.50000667408324,7025,0,20.52763313611921,20.50000630236633,439,13170.0,219.5,2025-04-23 18:08:30,2025-04-23 18:08:30,21.13995742797852,254681.0,0.9264924184568146,2025-04-23,18:08:30
20.512818479466738,23.283274010505174,20.500000000002665,0.11196880501818492,0.0,0.0,,21.05269963754579,22.62059593200684,20.837011210195904,21.420530271627328,20.708233427940858,20.652847172498564,20.555098317512815,22.134372704102322,20.79849096867082,20.512232707154645,20.5000065064075,7025,0,20.527817897063322,20.500006266512475,440,13200.0,220.0,2025-04-23 18:09:00,2025-04-23 18:09:00,20.99734306335449,255984.0,0.9378311364186824,2025-04-23,18:09:00
20.51230613857508,22.991647252481446,20.500000000002665,0.1043190895844693,0.0,0.0,,21.05260795472632,22.89225959777832,20.83636767804982,21.487897317852987,20.71331081769553,20.635721950317333,20.549681480993737,21.95035460054815,20.792009236554158,20.511195084041674,20.500006429497123,7025,0,20.527619205741534,20.500006420057186,441,13230.0,220.5,2025-04-23 18:09:30,2025-04-23 18:09:30,20.766571044921875,255090.0,0.9411773785722686,2025-04-23,18:09:30
20.511773721893377,22.89225959777832,20.500000000002665,0.09772972821189799,0.0,0.0,,21.052174960455524,22.89225959777832,20.83598003340205,21.487902998713853,20.71487278965169,20.620534736771447,20.544782965578516,21.950339085900836,20.792001584075084,20.510266518011164,20.500006360116885,7025,0,20.52752858950274,20.50000654916863,442,13260.0,221.0,2025-04-23 18:10:00,2025-04-23 18:10:00,20.656658172607425,255584.0,0.945194999491361,2025-04-23,18:10:00
20.511026281851304,22.66571807861328,20.500000000002665,0.08919255326610391,0.0,0.0,,21.043044311095894,22.66571807861328,20.832135599674064,21.487905047618725,20.715457461693035,20.60706336398814,20.54035555365624,21.54902217366063,20.758386483300264,20.50943311541909,20.500006377342732,7025,0,20.526560319763632,20.50000663066266,443,13290.0,221.5,2025-04-23 18:10:30,2025-04-23 18:10:30,20.678998947143555,255782.0,0.9451824454027258,2025-04-23,18:10:30
20.510539914262093,22.66571807861328,20.500000000002665,0.08433863545990598,0.0,0.0,,21.034133250592134,22.66571807861328,20.828580496901836,21.48790598444714,20.715664251542847,20.595111598250448,20.536355905265648,21.548958034481075,20.745872062939895,20.508681257705824,20.50000620814361,7025,0,20.526038735481002,20.500006613180012,444,13320.0,222.0,2025-04-23 18:11:00,2025-04-23 18:11:00,20.966110229492188,257219.0,0.9436361257333246,2025-04-23,18:11:00
20.51008375893713,22.61979866027832,20.500000000002665,0.08006989276182189,0.0,0.0,,21.02322049942665,22.61979866027832,20.824676783276615,21.487906468003082,20.715702930075036,20.584506027670983,20.532744322075786,21.513400665672734,20.736600013069452,20.508003790228514,20.50000608506049,7025,0,20.52554679689464,20.50000666889467,445,13350.0,222.5,2025-04-23 18:11:30,2025-04-23 18:11:30,20.61642265319824,255401.0,0.945603739315821,2025-04-23,18:11:30
20.50969518905721,22.61979866027832,20.500000000002665,0.07683029379056681,0.0,0.0,,21.013280449624794,22.61979866027832,20.821186608780476,21.48790673299371,20.715663718125835,20.575093340595526,20.529484507275715,21.51338514271867,20.73151297521066,20.507393440385922,20.5000059627209,7025,0,20.52515952633065,20.500006686576434,446,13380.0,223.0,2025-04-23 18:12:00,2025-04-23 18:12:00,20.98810577392578,239235.0,0.9207174692248208,2025-04-23,18:12:00
20.51681187515654,25.26168632507324,20.500000000002665,0.18248692748291687,0.0,0.0,,21.02201174284758,22.82157516479492,20.821245579053908,21.993163706452076,20.760615921633512,20.566737941891848,20.526543327028683,22.22739978986619,20.7903197464673,20.5070089820487,20.500005747050697,6997,1,20.526863880487788,20.50000654217622,447,13410.0,223.5,2025-04-23 18:12:30,2025-04-23 18:12:30,21.121315002441406,253847.0,0.9331286414651344,2025-04-23,18:12:30
20.517073015142316,25.26168632507324,20.500000000002665,0.1839271718395505,0.0,0.0,,21.03135841922209,22.82157516479492,20.8214315838486,21.993211445904926,20.77871224228488,20.559319862305188,20.52389057752991,22.227511739575128,20.81270780113907,20.506727293226,20.50000555645796,6997,1,20.527540923407614,20.500006311472344,448,13440.0,224.0,2025-04-23 18:13:00,2025-04-23 18:13:00,20.95491981506348,253993.0,0.936173068745989,2025-04-23,18:13:00
20.51544095535441,24.6640001067616,20.500000000002665,0.15671205563594623,0.0,0.0,,21.036684576335933,22.468839645385746,20.816115729839506,21.821790521023324,20.773581866399866,20.552732922661722,20.52149876047869,21.76164558887768,20.783504538529584,20.516484632144667,20.500005536352663,7025,0,20.526802106744654,20.50000616314707,449,13470.0,224.5,2025-04-23 18:13:30,2025-04-23 18:13:30,20.509552001953125,256292.0,0.9454021804231112,2025-04-23,18:13:30
20.514527390591123,24.12387687627791,20.500000000002665,0.1391000555526506,0.0,0.0,,21.041133134659677,22.468839645385746,20.811180963986665,21.821785650171133,20.774093333069107,20.54688312017594,20.51934286884361,21.761586848930335,20.774525571922446,20.514801373851295,20.500005384497708,7025,0,20.52657389423853,20.500005967018545,450,13500.0,225.0,2025-04-23 18:14:00,2025-04-23 18:14:00,20.784996032714844,254269.0,0.9366682037527184,2025-04-23,18:14:00
20.513736511754715,23.64040971345287,20.500000000002665,0.12538794910023587,0.0,0.0,,21.044990188575987,22.468839645385746,20.806766843508697,21.82178623075304,20.775443197499047,20.541687208696008,20.517400184094047,21.761570702776893,20.77110714480741,20.51331651704004,20.500005298548118,7025,0,20.5264761249629,20.500005715736762,451,13530.0,225.5,2025-04-23 18:14:30,2025-04-23 18:14:30,21.33988380432129,233470.0,0.9027670177110548,2025-04-23,18:14:30
20.51304312250581,23.211576599889398,20.500000000002665,0.11468233996728637,0.0,0.0,,21.048353781667622,22.468839645385746,20.802867194157024,21.821787690340077,20.776842487093553,20.537071448572412,20.51565008554023,21.76156501146994,20.7694470631549,20.512007207484114,20.500005173412756,7025,0,20.526418613989684,20.500005579810818,452,13560.0,226.0,2025-04-23 18:15:00,2025-04-23 18:15:00,20.4642333984375,256213.0,0.9445315640697388,2025-04-23,18:15:00
20.515770939135095,24.10713195800781,20.500000000002665,0.1530344735538049,0.0,0.0,,21.045117171954363,22.42976760864257,20.798825379056105,21.764276853534035,20.77300105770642,20.532970505098707,20.514073872027573,21.24437265569975,20.72337219170461,20.50980455274106,20.500004807329404,6996,1,20.525296369734694,20.500005443876198,453,13590.0,226.5,2025-04-23 18:15:30,2025-04-23 18:15:30,20.87925720214844,247834.0,0.9228387877571278,2025-04-23,18:15:30
20.515495724477727,24.10713195800781,20.500000000002665,0.14996392129075184,0.0,0.0,,21.041660714392485,22.42976760864257,20.795242209628434,21.764272746107455,20.772068483065123,20.529326477249015,20.512654595938105,21.244286332242776,20.704600320339303,20.50902303671812,20.500004586007684,6996,1,20.524775273279026,20.50000530687258,454,13620.0,227.0,2025-04-23 18:16:00,2025-04-23 18:16:00,20.698789596557617,254725.0,0.9370225856315636,2025-04-23,18:16:00
20.518651578490527,23.98374366760254,20.500000000002665,0.1739817864734314,0.0,0.0,,21.034812959624862,22.911550521850582,20.830576331832912,21.631621232396604,20.76007607158179,20.526088040811988,20.511376909239264,21.78208290383123,20.741220666795513,20.516244716324262,20.500004494027962,6997,1,20.525380407994568,20.50000519901453,455,13650.0,227.5,2025-04-23 18:16:30,2025-04-23 18:16:30,20.80742454528809,244530.0,0.9179391332351858,2025-04-23,18:16:30
20.518189283021705,23.98374366760254,20.500000000002665,0.16608144537006364,0.0,0.0,,21.028397496058545,22.911550521850582,20.859667573457994,21.63160839382921,20.75539573994425,20.523209692059613,20.51022692117151,21.782155423701873,20.753121221094002,20.514824795713174,20.500004388341953,6997,1,20.525551024193057,20.500005095226612,456,13680.0,228.0,2025-04-23 18:17:00,2025-04-23 18:17:00,20.87415313720703,242424.0,0.9241609612703364,2025-04-23,18:17:00
20.520989188186622,24.11259078979492,20.500000000002665,0.18511590428845975,0.0,0.0,,21.023827697679593,22.911550521850582,20.871247041841027,21.631603085500522,20.752898770029034,20.520651079843873,20.509192067065232,21.733978324395192,20.753851147898445,20.520910470167994,20.500004183506775,6994,1,20.525604501035524,20.50000492880416,457,13710.0,228.5,2025-04-23 18:17:30,2025-04-23 18:17:30,20.75886344909668,247340.0,0.925405691558179,2025-04-23,18:17:30
20.520335644440035,24.11259078979492,20.500000000002665,0.17549409337189723,0.0,0.0,,21.019898732412084,22.911550521850582,20.88333879301189,21.631600201883057,20.751341456810426,20.518376415534025,20.50826098771385,21.733978484876452,20.754793980005484,20.51912008988238,20.50000408599123,6994,1,20.525737709706323,20.500004714988023,458,13740.0,229.0,2025-04-23 18:18:00,2025-04-23 18:18:00,20.793346405029297,247928.0,0.928690486754219,2025-04-23,18:18:00
20.519665853453144,24.11259078979492,20.500000000002665,0.16769289217024191,0.0,0.0,,21.016459978364537,22.911550521850582,20.894221843647845,21.631598379754642,20.750272330772592,20.516353951520546,20.507423418691285,21.733979821235167,20.755584369939616,20.51751214211622,20.500003939436944,6994,1,20.52588218157755,20.50000454779685,459,13770.0,229.5,2025-04-23 18:18:30,2025-04-23 18:18:30,21.15256690979004,241746.0,0.921751355244761,2025-04-23,18:18:30
20.51903770262389,24.11259078979492,20.500000000002665,0.16149216231044583,0.0,0.0,,21.01343970189307,22.911550521850582,20.903729860039792,21.6315971192347,20.74948713364609,20.51455552015464,20.506670088986432,21.733981042114316,20.756210662736496,20.51606966175766,20.50000380341217,6994,1,20.52602063107218,20.500004356490194,460,13800.0,230.0,2025-04-23 18:19:00,2025-04-23 18:19:00,20.97343063354492,248049.0,0.9263019856963745,2025-04-23,18:19:00
20.523996100186668,26.04867172241211,20.500000000002665,0.2237090344821573,0.0,0.0,,21.01051937749094,22.316259384155277,20.902293068547362,21.79498484219814,20.763441849879722,20.51295612598573,20.505992628325856,21.233519358629415,20.713086475905108,20.522756535305362,20.50000365864022,6996,1,20.525206514541345,20.500004193497517,461,13830.0,230.5,2025-04-23 18:19:30,2025-04-23 18:19:30,20.40214157104492,257113.0,0.9468126003936012,2025-04-23,18:19:30
20.523483507322712,26.04867172241211,20.500000000002665,0.21815153510997143,0.0,0.0,,21.007922358866978,22.316259384155277,20.899655724638563,21.794999549324068,20.768837933274796,20.511533585026335,20.505383482566874,21.233438100647497,20.695986256966822,20.52108503282667,20.500003486819242,6996,1,20.524823106711036,20.5000040099209,462,13860.0,231.0,2025-04-23 18:20:00,2025-04-23 18:20:00,21.30976295471192,239108.0,0.9074702252747712,2025-04-23,18:20:00
20.52559541627655,25.489877914057544,20.500000000002665,0.22008124809476912,0.0,0.0,,20.998248362759625,22.562896728515625,20.90006641314126,21.795005494786555,20.771752003046103,20.5102682055302,20.504835836560165,21.551591264134778,20.714615994854668,20.528953963830176,20.50000340188886,6996,1,20.52511558135137,20.500003855987018,463,13890.0,231.5,2025-04-23 18:20:30,2025-04-23 18:20:30,20.601036071777344,248529.0,0.9248558518321806,2025-04-23,18:20:30
20.524485823549217,24.956146617388207,20.500000000002665,0.20329605409853796,0.0,0.0,,20.98901992990326,22.562896728515625,20.899566620554847,21.79500870352396,20.773610504655327,20.509142505431623,20.504343543905453,21.55162952664832,20.71971530261787,20.526499591723233,20.500003280281955,6996,1,20.525103000877785,20.500003639229814,464,13920.0,232.0,2025-04-23 18:21:00,2025-04-23 18:21:00,20.467023849487305,256681.0,0.9486486266026702,2025-04-23,18:21:00
20.52340785344433,24.45634836495694,20.500000000002665,0.18966683137309598,0.0,0.0,,20.980757201489574,22.562896728515625,20.89817341129754,21.79501073945465,20.774918550225202,20.508140962173695,20.503901063052666,21.55163913880436,20.721209004156037,20.52428307810151,20.500003117304885,6996,1,20.52501010048984,20.500003431424922,465,13950.0,232.5,2025-04-23 18:21:30,2025-04-23 18:21:30,20.51255226135254,256490.0,0.9482720452064408,2025-04-23,18:21:30
20.522412555457954,23.99628295044282,20.500000000002665,0.17867306856475332,0.0,0.0,,20.973447075934033,22.562896728515625,20.895995033903557,21.795012161492707,20.775901920511437,20.507249791160177,20.503503399231533,21.551641900249844,20.72164630181926,20.52228452957393,20.500002994756883,6996,1,20.52489323703667,20.5000032121812,466,13980.0,233.0,2025-04-23 18:22:00,2025-04-23 18:22:00,20.591264724731445,256458.0,0.94796412814184,2025-04-23,18:22:00
20.520468672476547,23.57864043285577,20.500000000002665,0.15784363831095335,0.0,0.0,,20.95729241671981,22.402145385742188,20.890654088716865,21.642404757528404,20.758174005642708,20.506456749513717,20.503146051724478,21.393750246325517,20.707981655062017,20.528044980780678,20.500002939198335,7025,0,20.52414463502193,20.50000303473309,467,14010.0,233.5,2025-04-23 18:22:30,2025-04-23 18:22:30,20.57864761352539,256281.0,0.9477614415426816,2025-04-23,18:22:30
20.51878581522234,23.21111519874661,20.500000000002665,0.14043961819276352,0.0,0.0,,20.942138598148958,22.402145385742188,20.88497703530591,21.509980961492438,20.74025088438518,20.505750962212037,20.502824966030236,21.39372469050577,20.702440308702602,20.525544709309976,20.50000281375695,7025,0,20.523564957974937,20.500002877730314,468,14040.0,234.0,2025-04-23 18:23:00,2025-04-23 18:23:00,20.53619384765625,256789.0,0.9489018707966462,2025-04-23,18:23:00
20.517247694695595,22.927191133362378,20.500000000002665,0.12532030264742344,0.0,0.0,,20.928620036891065,22.35809326171875,20.87846225597111,21.39443723382194,20.722617826523596,20.505122768019955,20.50253649049724,21.370174753639404,20.69735176627943,20.523279285142547,20.50000270382152,7025,0,20.522995318045734,20.50000272114496,469,14070.0,234.5,2025-04-23 18:23:30,2025-04-23 18:23:30,20.535961151123047,256828.0,0.9483010638442848,2025-04-23,18:23:30
20.515869217178484,22.665198061784526,20.500000000002665,0.11232904085999687,0.0,0.0,,20.91667443922603,22.35809326171875,20.871950800093085,21.29319796214558,20.70558743952031,20.504563582937212,20.50227733703678,21.370166387706185,20.694468121214598,20.52122659010186,20.50000256108197,7025,0,20.522490922522447,20.500002571845695,470,14100.0,235.0,2025-04-23 18:24:00,2025-04-23 18:24:00,20.55492782592773,256572.0,0.9479699533659168,2025-04-23,18:24:00
20.51462969118378,22.425807402194284,20.500000000002665,0.10114844435323087,0.0,0.0,,20.90614887612382,22.38895606994629,20.866011138232455,21.20420121888089,20.689348929993926,20.504065779148196,20.502044545553854,21.37772272056559,20.693117834376974,20.519366680298305,20.500002450266283,7025,0,20.522048778810845,20.50000242288158,471,14130.0,235.5,2025-04-23 18:24:30,2025-04-23 18:24:30,20.56016540527344,256943.0,0.9495412163398108,2025-04-23,18:24:30
20.513502269031076,22.38895606994629,20.500000000002665,0.09140341459363917,0.0,0.0,,20.896880506007374,22.38895606994629,20.860176354464976,21.125764023118897,20.67400862847063,20.503622577694923,20.501835451762517,21.377721142367832,20.69183135196314,20.51768142030555,20.500002340706427,7025,0,20.521629740203092,20.500002307494228,472,14160.0,236.0,2025-04-23 18:25:00,2025-04-23 18:25:00,20.57366943359375,256750.0,0.9490505111976631,2025-04-23,18:25:00
20.512506437485555,22.41621398925781,20.500000000002665,0.0832136889478518,0.0,0.0,,20.874308384201303,22.41621398925781,20.854893873427287,21.0564906251819,20.659617320555714,20.503227953301348,20.5016476580779,21.456064750214345,20.697548968154116,20.516153079517395,20.500002274502904,7025,0,20.521185987113302,20.50000220172171,473,14190.0,236.5,2025-04-23 18:25:30,2025-04-23 18:25:30,20.56825256347656,256908.0,0.9497306063843868,2025-04-23,18:25:30
20.511555037887913,22.41621398925781,20.500000000002665,0.07571439973912841,0.0,0.0,,20.846669059725595,22.41621398925781,20.8497329037577,20.99520829801606,20.646188561685047,20.5028765499595,20.501479007304017,21.456076143502223,20.699348100375968,20.51476413288359,20.500002213449886,7025,0,20.520581419492952,20.500002081831916,474,14220.0,237.0,2025-04-23 18:26:00,2025-04-23 18:26:00,20.565614700317383,256911.0,0.9502229127985956,2025-04-23,18:26:00
20.510685287538617,22.41621398925781,20.500000000002665,0.06919286009773963,0.0,0.0,,20.819496048565625,22.41621398925781,20.844705960619095,20.940921228351975,20.63371106351641,20.502563606048348,20.501327558859263,21.45607946451795,20.70003037089229,20.513501426230125,20.5000021425066,7025,0,20.519954927302987,20.500001966154585,475,14250.0,237.5,2025-04-23 18:26:30,2025-04-23 18:26:30,20.51786994934082,257016.0,0.9517848596974507,2025-04-23,18:26:30
20.50989256112033,22.41621398925781,20.500000000002665,0.0635496396675488,0.0,0.0,,20.793682136911997,22.41621398925781,20.839832936467868,20.892776582437257,20.622157168692272,20.502284887898806,20.501191567304446,21.45608070955571,20.700344583654598,20.51235316491517,20.500002083966166,7025,0,20.51933811962732,20.500001853883862,476,14280.0,238.0,2025-04-23 18:27:00,2025-04-23 18:27:00,20.463010787963867,256803.0,0.9521351848498656,2025-04-23,18:27:00
20.50907703892382,22.333755493164062,20.500000000002665,0.057424314913380466,0.0,0.0,,20.76946576858049,22.333755493164062,20.833845405721892,20.85003893870513,20.611488712554536,20.502036630843545,20.501069462957837,21.309450601777936,20.687734457364122,20.511307957050118,20.500002012135237,7025,0,20.518453295532407,20.50000174598843,477,14310.0,238.5,2025-04-23 18:27:30,2025-04-23 18:27:30,20.54634094238281,257190.0,0.952709268925697,2025-04-23,18:27:30
20.508403828756126,22.333755493164062,20.500000000002665,0.053039995437529075,0.0,0.0,,20.746899664973398,22.333755493164062,20.8281409818213,20.812070596995774,20.60166111335827,20.501815486900426,20.500959834400675,21.309426920367464,20.682710888010934,20.51035530068407,20.500001991456255,7025,0,20.517754199524806,20.500001642525415,478,14340.0,239.0,2025-04-23 18:28:00,2025-04-23 18:28:00,20.585731506347656,257093.0,0.9530227145429864,2025-04-23,18:28:00
20.50788741536649,22.46808624267578,20.500000000002665,0.05081986448277724,0.0,0.0,,20.725965454774784,22.46808624267578,20.824860209676373,20.778316106428267,20.592626243209697,20.50161847833682,20.500861412693993,21.4438674586194,20.691734864117986,20.509488062909206,20.50000195057053,7025,0,20.517412757308236,20.500001543518742,479,14370.0,239.5,2025-04-23 18:28:30,2025-04-23 18:28:30,20.54834747314453,257130.0,0.953582696495936,2025-04-23,18:28:30
20.50735167331171,22.46808624267578,20.500000000002665,0.04786997144123773,0.0,0.0,,20.706610470825627,22.46808624267578,20.82175436377162,20.74828988794305,20.584334447519925,20.501442956447526,20.500773057143668,21.443885442521925,20.69463809536113,20.50869982204921,20.500001917594943,7025,0,20.516970843506755,20.50000145236077,480,14400.0,240.0,2025-04-23 18:29:00,2025-04-23 18:29:00,20.57161521911621,257096.0,0.9531439010136292,2025-04-23,18:29:00
20.506838098801996,22.464784622192383,20.500000000002665,0.04496883956998091,0.0,0.0,,20.688763357160326,22.464784622192383,20.818708083493853,20.721566175107757,20.576735961847692,20.50128656495673,20.50069374246525,21.404898969336454,20.69242080137611,20.507982811003302,20.500001854285,7025,0,20.5164504635127,20.500001394540256,481,14430.0,240.5,2025-04-23 18:29:30,2025-04-23 18:29:30,20.559797286987305,257180.0,0.953716268761179,2025-04-23,18:29:30
20.506387046267957,22.464784622192383,20.500000000002665,0.04279197980389872,0.0,0.0,,20.672342467648072,22.464784622192383,20.815767193282003,20.6977707265436,20.569781897277853,20.50114720752029,20.50062254721386,21.404894561451577,20.691672080397847,20.50733007042064,20.50000183152678,7025,0,20.51598882937906,20.50000130354728,482,14460.0,241.0,2025-04-23 18:30:00,2025-04-23 18:30:00,20.51779556274414,257432.0,0.9549462333742504,2025-04-23,18:30:00
20.505965905776687,22.40256118774414,20.500000000002665,0.040632446433580154,0.0,0.0,,20.657261076531746,22.40256118774414,20.811967223812758,20.676573917635753,20.563424913916204,20.501023018865585,20.500558643357188,21.3963097722471,20.690577039275237,20.506735838604808,20.50000172589653,7025,0,20.515529226786562,20.500001224597845,483,14490.0,241.5,2025-04-23 18:30:30,2025-04-23 18:30:30,20.506086349487305,257307.0,0.9552869359364494,2025-04-23,18:30:30
20.505590874307178,22.40256118774414,20.500000000002665,0.03906256195060427,0.0,0.0,,20.643430828182186,22.40256118774414,20.80835945117572,20.657684924521472,20.557619667328336,20.50091233915854,20.500501286880862,21.39630787360427,20.690061866038292,20.50619481035212,20.500001701425067,7025,0,20.515109403080153,20.500001151194525,484,14520.0,242.0,2025-04-23 18:31:00,2025-04-23 18:31:00,20.43985939025879,257068.0,0.9559112277685282,2025-04-23,18:31:00
20.50518530276651,22.355506896972656,20.500000000002665,0.03645801936796098,0.0,0.0,,20.630764072088645,22.355506896972656,20.804240917882478,20.64084678645084,20.55232308894532,20.500813691234033,20.500449809326568,21.293037939576315,20.68073980072066,20.505701733325605,20.500001648930766,7025,0,20.51452091414068,20.50000108743926,485,14550.0,242.5,2025-04-23 18:31:30,2025-04-23 18:31:30,20.55817031860352,257435.0,0.9559698928855828,2025-04-23,18:31:30
20.50486449439396,22.355506896972656,20.500000000002665,0.035226498548074144,0.0,0.0,,20.619175440449073,22.355506896972656,20.80040268786403,20.625832184207226,20.54749454488873,20.500725760367192,20.500403610172164,21.293020577907235,20.67689275914768,20.505251640741964,20.50000158655972,7025,0,20.514073452666565,20.50000103057947,486,14580.0,243.0,2025-04-23 18:32:00,2025-04-23 18:32:00,20.554418563842773,257181.0,0.955141332855071,2025-04-23,18:32:00
20.504653997638396,22.458086013793945,20.500000000002665,0.03601219294340747,0.0,0.0,,20.608582892670814,22.458086013793945,20.798457063150583,20.61243980930704,20.543095905947844,20.50064737630035,20.50036214997169,21.409374031483914,20.68490159779781,20.504841738303774,20.500001542319477,7025,0,20.513925797876553,20.500000971812106,487,14610.0,243.5,2025-04-23 18:32:30,2025-04-23 18:32:30,20.574302673339844,257333.0,0.9557309983562154,2025-04-23,18:32:30
20.50440635614642,22.458086013793945,20.500000000002665,0.035390259184392786,0.0,0.0,,20.598908377916008,22.458086013793945,20.796671333170718,20.60049122572834,20.539091553029383,20.500577497271752,20.50032494418062,21.409389901294563,20.687516985771495,20.504469514739,20.500001503951722,7025,0,20.513687741645104,20.500000910758295,488,14640.0,244.0,2025-04-23 18:33:00,2025-04-23 18:33:00,20.531681060791016,257267.0,0.9557441174927216,2025-04-23,18:33:00
20.504178321053566,22.458086013793945,20.500000000002665,0.03484838444735973,0.0,0.0,,20.59007822175521,22.458086013793945,20.79498488689922,20.589828145976902,20.535448336274552,20.500515195821713,20.50029155759912,21.40939454557088,20.688605159821044,20.504131187983948,20.50000146454343,7025,0,20.513439719123202,20.500000843496604,489,14670.0,244.5,2025-04-23 18:33:30,2025-04-23 18:33:30,20.54652214050293,257244.0,0.9554394976170484,2025-04-23,18:33:30
20.503970086170355,22.458086013793945,20.500000000002665,0.03439472119963272,0.0,0.0,,20.582023313281372,22.458086013793945,20.793381048172606,20.580310058422427,20.532135501522994,20.500459646176928,20.50026159937244,21.4093963489787,20.689185301228452,20.50382345572648,20.50000141193296,7025,0,20.513201253374827,20.500000781763724,490,14700.0,245.0,2025-04-23 18:34:00,2025-04-23 18:34:00,20.64713478088379,257484.0,0.9550993338421028,2025-04-23,18:34:00
20.503864255683542,22.56441307067871,20.500000000002665,0.03614081435999089,0.0,0.0,,20.574679148586988,22.56441307067871,20.79351570129521,20.57181215442263,20.52912459443735,20.500410113036082,20.500234718493346,21.534670099209393,20.700477675781723,20.50354408321661,20.50000137877303,7025,0,20.5132337977148,20.500000762522284,491,14730.0,245.5,2025-04-23 18:34:30,2025-04-23 18:34:30,20.61341667175293,257575.0,0.9559926113753276,2025-04-23,18:34:30
20.503706547474653,22.56441307067871,20.500000000002665,0.03602621303991047,0.0,0.0,,20.567985771998092,22.56441307067871,20.793605490918555,20.564223512753948,20.52638935006863,20.500365941600347,20.500210599757317,21.534691219340928,20.705127059593618,20.503291335659476,20.500001334906074,7025,0,20.513143469319616,20.50000073760559,492,14760.0,246.0,2025-04-23 18:35:00,2025-04-23 18:35:00,20.56658363342285,257244.0,0.955762695145465,2025-04-23,18:35:00
20.503505946426806,22.47728538513184,20.500000000002665,0.03445944968188053,0.0,0.0,,20.561887645920258,22.47728538513184,20.792247477437765,20.55744550596244,20.523905573721382,20.50032654870906,20.500188960125534,21.458109931659116,20.70101739866225,20.503061841356757,20.5000012823162,7025,0,20.512861884326806,20.500000708965622,493,14790.0,246.5,2025-04-23 18:35:30,2025-04-23 18:35:30,20.652603149414062,257564.0,0.956097137507571,2025-04-23,18:35:30
20.50336127117428,22.47728538513184,20.500000000002665,0.03420887465118327,0.0,0.0,,20.55633347236005,22.47728538513184,20.790905608280994,20.55139039890996,20.52165101751096,20.500291414957783,20.50016954545543,21.458101289414543,20.70007745039417,20.50285259660878,20.50000123374215,7025,0,20.512661676645134,20.500000684855536,494,14820.0,247.0,2025-04-23 18:36:00,2025-04-23 18:36:00,20.649093627929688,257550.0,0.9557672053970104,2025-04-23,18:36:00
20.503272837027225,22.50953483581543,20.500000000002665,0.03505770948821535,0.0,0.0,,20.551275983357552,22.50953483581543,20.790133416170193,20.54598011436462,20.51960525588034,20.500260077688846,20.50015212756186,21.523828436789465,20.70567659665577,20.502662268140917,20.500001202519268,7025,0,20.512619776168094,20.500000664992324,495,14850.0,247.5,2025-04-23 18:36:30,2025-04-23 18:36:30,20.63197326660156,257316.0,0.9559471622440888,2025-04-23,18:36:30
20.503162238413747,22.50953483581543,20.500000000002665,0.03499884934256366,0.0,0.0,,20.546671713175392,22.50953483581543,20.78940364569617,20.541145144218618,20.51774956247896,20.50023212475711,20.500136501575824,21.523838875867533,20.708056651762565,20.502489702232577,20.500001176679746,7025,0,20.512523097994908,20.500000640261092,496,14880.0,248.0,2025-04-23 18:37:00,2025-04-23 18:37:00,20.637357711791992,257378.0,0.9559871570219676,2025-04-23,18:37:00
20.503081923424137,22.51581382751465,20.500000000002665,0.03546538277829448,0.0,0.0,,20.542480761755773,22.51581382751465,20.7888025668859,20.536823587994892,20.516066790139146,20.500207188984763,20.50012248357092,21.56063993456562,20.71263262050459,20.50233319452277,20.500001128616596,7025,0,20.51248567816429,20.50000062508823,497,14910.0,248.5,2025-04-23 18:37:30,2025-04-23 18:37:30,20.6406192779541,257617.0,0.956000756452408,2025-04-23,18:37:30
20.502991919462687,22.51581382751465,20.500000000002665,0.03544417886570181,0.0,0.0,,20.538666556409467,22.51581382751465,20.788223057912198,20.532960302865625,20.51454125517212,20.50018494322862,20.500109908430318,21.56064798725765,20.714878122268047,20.502191342322007,20.500001081531583,7025,0,20.512410562193715,20.50000059479119,498,14940.0,249.0,2025-04-23 18:38:00,2025-04-23 18:38:00,20.56422996520996,257103.0,0.9565027197271132,2025-04-23,18:38:00
20.502777654720795,22.389610290527344,20.500000000002665,0.03208470550720596,0.0,0.0,,20.535195616759342,22.389610290527344,20.78569370960041,20.529506151551285,20.51315862681008,20.500165095991463,20.50009862793019,21.357349583730304,20.69859207921959,20.502061572322503,20.500001028645936,7025,0,20.511925703287044,20.50000056207898,499,14970.0,249.5,2025-04-23 18:38:30,2025-04-23 18:38:30,20.533203125,257333.0,0.9570213376247896,2025-04-23,18:38:30
20.502678843485327,22.389610290527344,20.500000000002665,0.031771768439514216,0.0,0.0,,20.532037326492826,22.389610290527344,20.78333243564924,20.52641733628277,20.51190582231791,20.500147387517323,20.500088509017505,21.357318335158066,20.692544523121065,20.501941299437785,20.500000979651745,7025,0,20.511665632627224,20.500000556520604,500,15000.0,250.0,2025-04-23 18:39:00,2025-04-23 18:39:00,20.52975273132324,257487.0,0.9562942133971812,2025-04-23,18:39:00
20.502611659537447,22.401952743530277,20.500000000002665,0.031997248911957196,0.0,0.0,,20.52916371436325,22.401952743530277,20.781385082813294,20.523654808546073,20.510770908066696,20.500131586317032,20.500079432262787,21.384717856836943,20.691944577475248,20.501830688981237,20.50000095778198,7025,0,20.511530969020146,20.500000523257885,501,15030.0,250.5,2025-04-23 18:39:30,2025-04-23 18:39:30,20.579805374145508,257562.0,0.9569889361590608,2025-04-23,18:39:30
20.502539641643637,22.401952743530277,20.500000000002665,0.031896424604029486,0.0,0.0,,20.526549246027436,22.401952743530277,20.779642363000097,20.521183745645594,20.509743006686094,20.500117486076157,20.50007129047021,21.38471765448344,20.691034217757498,20.50172959582843,20.50000092517317,7025,0,20.511398510265305,20.50000049881727,502,15060.0,251.0,2025-04-23 18:40:00,2025-04-23 18:40:00,20.5535945892334,257597.0,0.9566475201574552,2025-04-23,18:40:00
20.502481189147257,22.454822540283203,20.500000000002665,0.03211627490974446,0.0,0.0,,20.52417062765532,22.454822540283203,20.77890636469226,20.51897308624846,20.50881221028143,20.50010490290314,20.50006398742933,21.3872804415527,20.690427284793962,20.50163728839936,20.50000089551427,7025,0,20.511296303697403,20.500000471505707,503,15090.0,251.5,2025-04-23 18:40:30,2025-04-23 18:40:30,20.56190490722656,257613.0,0.9563385169808976,2025-04-23,18:40:30
20.50242353216303,22.454822540283203,20.500000000002665,0.03208019641146735,0.0,0.0,,20.52200662175491,22.454822540283203,20.778269674340752,20.51699511804444,20.507969499605398,20.500093672879753,20.50005743679356,21.3872796778711,20.689817803392945,20.501553073217753,20.500000862266806,7025,0,20.511201207460548,20.500000455738814,504,15120.0,252.0,2025-04-23 18:41:00,2025-04-23 18:41:00,20.62519073486328,257936.0,0.9572456927299796,2025-04-23,18:41:00
20.502383245501857,22.44475555419922,20.500000000002665,0.03229264482667148,0.0,0.0,,20.52003787529847,22.44475555419922,20.77753535786223,20.515225111496907,20.507206669003246,20.500083649880814,20.50005156107319,21.410074934630103,20.69127270610881,20.501476381735586,20.500000814561403,7025,0,20.511152301093336,20.50000043281326,505,15150.0,252.5,2025-04-23 18:41:30,2025-04-23 18:41:30,20.560665130615234,257649.0,0.9571009153926466,2025-04-23,18:41:30
20.502337417413546,22.44475555419922,20.500000000002665,0.0322809688082923,0.0,0.0,,20.518246759988813,22.44475555419922,20.776857875314832,20.5136409943884,20.506516256902884,20.500074703633107,20.500046290730047,21.410077937361585,20.691619883363867,20.501406708306373,20.500000787632636,7025,0,20.51108638731621,20.50000040731367,506,15180.0,253.0,2025-04-23 18:42:00,2025-04-23 18:42:00,20.633174896240234,258083.0,0.956930280181182,2025-04-23,18:42:00
20.50231696525477,22.373722076416016,20.500000000002665,0.032583172735029566,0.0,0.0,,20.516617224331174,22.373722076416016,20.77512680568678,20.51222306249976,20.505891481587778,20.500066717987163,20.5000415633648,21.460833157523147,20.696095216098936,20.50134356318466,20.500000753932742,7025,0,20.511091544618274,20.500000382036667,507,15210.0,253.5,2025-04-23 18:42:30,2025-04-23 18:42:30,20.519981384277344,257712.0,0.9580236368504376,2025-04-23,18:42:30
20.50228080890539,22.373722076416016,20.500000000002665,0.03257085586155127,0.0,0.0,,20.515134657050925,22.373722076416016,20.77353010316233,20.510953722314394,20.50532618197123,20.500059589378477,20.500037322987122,21.46084162683777,20.697838926103348,20.501286559406505,20.500000717340203,7025,0,20.511046824747133,20.500000370414117,508,15240.0,254.0,2025-04-23 18:43:00,2025-04-23 18:43:00,20.550800323486328,257632.0,0.9578000306638926,2025-04-23,18:43:00
20.502207631246687,22.43279457092285,20.500000000002665,0.031802023516548164,0.0,0.0,,20.5137857613061,22.43279457092285,20.773014965341698,20.509817262123054,20.50481476308019,20.500053225457325,20.50003351936044,21.382986943505035,20.69195632229381,20.501234477770744,20.500000680901962,7025,0,20.510868693060758,20.500000351986532,509,15270.0,254.5,2025-04-23 18:43:30,2025-04-23 18:43:30,20.617938995361328,257955.0,0.9567271302165108,2025-04-23,18:43:30
20.50217050680239,22.43279457092285,20.500000000002665,0.0317339095347167,0.0,0.0,,20.512558439080735,22.43279457092285,20.772584918713257,20.508799648328292,20.504352145953696,20.50004754386847,20.50003010741391,21.38297560132351,20.689816738606698,20.501186282707923,20.50000065786421,7025,0,20.510774134549127,20.50000033675625,510,15300.0,255.0,2025-04-23 18:44:00,2025-04-23 18:44:00,20.64761734008789,258069.0,0.9581806973135092,2025-04-23,18:44:00
20.5022048487743,22.489154815673828,20.500000000002665,0.03337565665378846,0.0,0.0,,20.51144168511165,22.489154815673828,20.773081308407306,20.507888344119376,20.503933721663852,20.500042471164345,20.50002704671419,21.486797380290874,20.69782621239456,20.50114248104944,20.500000637197292,7025,0,20.510909523577347,20.500000316231173,511,15330.0,255.5,2025-04-23 18:44:30,2025-04-23 18:44:30,20.65262031555176,257781.0,0.9574401332914372,2025-04-23,18:44:30
20.502187937319853,22.489154815673828,20.500000000002665,0.03348935109159935,0.0,0.0,,20.510425489692818,22.489154815673828,20.77354521445444,20.50707214801433,20.50355530917381,20.50003794183706,20.50002430099126,21.486812789780025,20.700810438585282,20.501103579655503,20.50000061551439,7025,0,20.510942556137124,20.500000292229956,512,15360.0,256.0,2025-04-23 18:45:00,2025-04-23 18:45:00,20.65030860900879,257658.0,0.95725183673707,2025-04-23,18:45:00
20.50207577548273,22.361961364746097,20.500000000002665,0.03105395091559425,0.0,0.0,,20.50950074971834,22.361961364746097,20.771963062595255,20.50634105005423,20.50321311675688,20.5000338974561,20.50002183771228,21.347667731750587,20.690171370588512,20.501068059310693,20.50000059532391,7025,0,20.51066008074723,20.500000276924222,513,15390.0,256.5,2025-04-23 18:45:30,2025-04-23 18:45:30,20.52764320373535,257615.0,0.9585560696193932,2025-04-23,18:45:30
20.502041643182054,22.361961364746097,20.500000000002665,0.030878370208315412,0.0,0.0,,20.508659187356418,22.361961364746097,20.770467004148575,20.50568610368663,20.502903706712214,20.500030285900124,20.500019627698983,21.347647244823555,20.686247899343943,20.50103440401668,20.500000556600636,7025,0,20.510522489904414,20.500000269247693,514,15420.0,257.0,2025-04-23 18:46:00,2025-04-23 18:46:00,20.65810203552246,257905.0,0.9577521277214478,2025-04-23,18:46:00
20.502125829325376,22.500755310058597,20.500000000002665,0.03372835356536795,0.0,0.0,,20.507893275782294,22.500755310058597,20.771281634106526,20.505099311598993,20.502623963125952,20.500027060672686,20.500017644783597,21.5150081950004,20.69890008996782,20.501003792117295,20.500000530964964,7025,0,20.51077165098764,20.50000025697799,515,15450.0,257.5,2025-04-23 18:46:30,2025-04-23 18:46:30,20.65300750732422,257666.0,0.957300160382045,2025-04-23,18:46:30
20.502121783293322,22.500755310058597,20.500000000002665,0.033905440042506035,0.0,0.0,,20.507196171423608,22.500755310058597,20.772083489134886,20.50457352395968,20.50237106244002,20.500024180292424,20.500015865499915,21.51503261955334,20.703537755926458,20.50097742879736,20.500000504353174,7025,0,20.510855081835402,20.500000238942995,516,15480.0,258.0,2025-04-23 18:47:00,2025-04-23 18:47:00,20.542356491088867,257395.0,0.9586965680180268,2025-04-23,18:47:00
20.50202914760787,22.448972702026367,20.500000000002665,0.03189945410616813,0.0,0.0,,20.50656165219181,22.448972702026367,20.771996303453165,20.504102347697856,20.502142446604857,20.50002160774971,20.50001426880565,21.37826390844314,20.693888659485925,20.500953643505078,20.500000485699385,7025,0,20.510630171539564,20.500000225566843,517,15510.0,258.5,2025-04-23 18:47:30,2025-04-23 18:47:30,20.58870506286621,257358.0,0.957753401875986,2025-04-23,18:47:30
20.502006299819477,22.448972702026367,20.500000000002665,0.03179692717242707,0.0,0.0,,20.505984061191434,22.448972702026367,20.771877495768045,20.503680065607913,20.501935798607,20.500019310022424,20.500012835833278,21.378245033427397,20.690524143425424,20.50093091985915,20.500000457649797,7025,0,20.51053873860125,20.500000210981128,518,15540.0,259.0,2025-04-23 18:48:00,2025-04-23 18:48:00,20.648117065429688,257572.0,0.9580003358284286,2025-04-23,18:48:00
20.502064475265666,22.47445678710937,20.500000000002665,0.03356909447337771,0.0,0.0,,20.50545825543366,22.47445678710937,20.77215189551263,20.503301564199326,20.501749020175723,20.50001725764468,20.500011549666187,21.504201629356494,20.69995067581758,20.500910259633084,20.50000043736314,7025,0,20.510720225371067,20.500000195138742,519,15570.0,259.5,2025-04-23 18:48:30,2025-04-23 18:48:30,20.623682022094727,257550.0,0.9575015166957872,2025-04-23,18:48:30
20.5020620633949,22.47445678710937,20.500000000002665,0.03368284175134358,0.0,0.0,,20.504979559131474,22.47445678710937,20.77240090328349,20.502962269334397,20.501580211487063,20.500015424321827,20.500010395137743,21.504219822973216,20.703431714117237,20.500892589786265,20.50000041425562,7025,0,20.510778455497352,20.500000184423513,520,15600.0,260.0,2025-04-23 18:49:00,2025-04-23 18:49:00,20.67305564880371,257866.0,0.9577253786850536,2025-04-23,18:49:00
20.502082344666377,22.48327255249023,20.500000000002665,0.03437520115797849,0.0,0.0,,20.50454372119847,22.48327255249023,20.77275444819983,20.502658088801944,20.50142765269647,20.5000137865882,20.500009358650843,21.546903398799117,20.708876640687524,20.500877352905242,20.5000003901202,7025,0,20.510881979062628,20.500000174318785,521,15630.0,260.5,2025-04-23 18:49:30,2025-04-23 18:49:30,20.669321060180664,257795.0,0.9576717328691402,2025-04-23,18:49:30
20.502080663102582,22.48327255249023,20.500000000002665,0.03445483647479843,0.0,0.0,,20.50414687659304,22.48327255249023,20.773066025520542,20.502385361070324,20.501289787143946,20.500012323500915,20.500008428016162,21.54691306501926,20.711456668735014,20.500864275748974,20.500000372337514,7025,0,20.510927438218914,20.500000163367595,522,15660.0,261.0,2025-04-23 18:50:00,2025-04-23 18:50:00,20.57998847961425,257637.0,0.9584193312684124,2025-04-23,18:50:00
20.501993458510242,22.422412872314453,20.500000000002665,0.03236480675533782,0.0,0.0,,20.503785511164903,22.422412872314453,20.772385911729856,20.50214080954654,20.501165206087386,20.500011016368067,20.500007592307078,21.41289504777932,20.701370311954253,20.500852168474754,20.500000354637443,7025,0,20.510694727492915,20.500000155696465,523,15690.0,261.5,2025-04-23 18:50:30,2025-04-23 18:50:30,20.674360275268555,258084.0,0.9575077784752252,2025-04-23,18:50:30
20.501975718277734,22.422412872314453,20.500000000002665,0.0322287582934627,0.0,0.0,,20.503456429687542,22.422412872314453,20.771739040662105,20.501921501743013,20.50105263483107,20.500009848505393,20.50000684172917,21.41287543817628,20.697838781065585,20.50083988588456,20.50000033900753,7025,0,20.51060080425428,20.500000148149688,524,15720.0,262.0,2025-04-23 18:51:00,2025-04-23 18:51:00,20.561298370361328,257765.0,0.9584939891955851,2025-04-23,18:51:00
20.501958179862488,22.42360496520996,20.500000000002665,0.032054521486462505,0.0,0.0,,20.503156726790593,22.42360496520996,20.771173795072848,20.501724812819184,20.50095092012709,20.500008805020133,20.500006167503177,21.404192453972257,20.695460237186172,20.50082795641472,20.50000032164168,7025,0,20.510531844479196,20.50000014187578,525,15750.0,262.5,2025-04-23 18:51:30,2025-04-23 18:51:30,20.54880714416504,257758.0,0.9584817687520852,2025-04-23,18:51:30
20.501947020611386,22.42360496520996,20.500000000002665,0.0320055904519597,0.0,0.0,,20.502883760534452,22.42360496520996,20.770673046675284,20.501548393023874,20.50085901873704,20.500007872617655,20.500005561760133,21.404188438105777,20.69420299726833,20.500816637361705,20.5000003052023,7025,0,20.51048714437081,20.500000138449685,526,15780.0,263.0,2025-04-23 18:52:00,2025-04-23 18:52:00,20.622089385986328,258143.0,0.9588266605137462,2025-04-23,18:52:00
20.50195558856625,22.395654678344727,20.500000000002665,0.03231493335109139,0.0,0.0,,20.50263512838985,22.395654678344727,20.76979508641137,20.501390138616646,20.500775987050982,20.500007039429285,20.500005017447194,21.440513174941778,20.696545145090955,20.500806226155248,20.500000285395174,7025,0,20.510509986043623,20.500000131751094,527,15810.0,263.5,2025-04-23 18:52:30,2025-04-23 18:52:30,20.556406021118164,257879.0,0.9587764513589708,2025-04-23,18:52:30
20.501949709328404,22.395654678344727,20.500000000002665,0.032307995345975976,0.0,0.0,,20.502408645401385,22.395654678344727,20.76900187726523,20.50124816589208,20.50070097166876,20.500006294859183,20.50000452824346,21.440517892809773,20.697206044574102,20.500796927610384,20.500000270116338,7025,0,20.510499483021402,20.500000127133056,528,15840.0,264.0,2025-04-23 18:53:00,2025-04-23 18:53:00,20.634746551513672,258333.0,0.9585764788083596,2025-04-23,18:53:00
20.5019554054352,22.389692306518555,20.500000000002665,0.0325568137844974,0.0,0.0,,20.50220232433435,22.389692306518555,20.76820525262103,20.50112078797251,20.500633200857248,20.500005629446747,20.500004088483923,21.46224654324008,20.699305966036945,20.50078859480473,20.500000257938975,7025,0,20.510519328038622,20.500000123956983,529,15870.0,264.5,2025-04-23 18:53:30,2025-04-23 18:53:30,20.53211212158203,257961.0,0.9587825897131736,2025-04-23,18:53:30
20.501951272907643,22.389692306518555,20.500000000002665,0.03255681989568493,0.0,0.0,,20.502014357626592,22.389692306518555,20.767498605793595,20.501006494071017,20.500571976804345,20.50000503474488,20.500003693091085,21.4622504641682,20.700135704808055,20.500781184863094,20.500000246251034,7025,0,20.510514946392306,20.500000119124255,530,15900.0,265.0,2025-04-23 18:54:00,2025-04-23 18:54:00,20.58722877502441,258148.0,0.9587077955281468,2025-04-23,18:54:00
20.50194680042562,22.389692306518555,20.500000000002665,0.03254793322217946,0.0,0.0,,20.501843100988108,22.389692306518555,20.766875180901646,20.500903930959073,20.500516668597044,20.50000450321108,20.500003337513473,21.462251845493046,20.700569758351033,20.500774476841247,20.500000235149844,7025,0,20.510504623624538,20.50000011456803,531,15930.0,265.5,2025-04-23 18:54:30,2025-04-23 18:54:30,20.533634185791016,257898.0,0.9590887191835532,2025-04-23,18:54:30
20.50194248035444,22.389692306518555,20.500000000002665,0.032537824636388095,0.0,0.0,,20.501687058504988,22.389692306518555,20.766325745159584,20.500811886401987,20.500466705857672,20.50000402811003,20.500003017670632,21.46225251934438,20.70085100349449,20.500768339039055,20.500000220760647,7025,0,20.51049310016762,20.500000106927615,532,15960.0,266.0,2025-04-23 18:55:00,2025-04-23 18:55:00,20.409500122070312,257616.0,0.9596723539104716,2025-04-23,18:55:00
20.50172800385928,22.26884651184082,20.500000000002665,0.02764868553170873,0.0,0.0,,20.501544869113523,22.26884651184082,20.763955312164196,20.50072927435128,20.500421572977878,20.50000360342699,20.500002729904015,21.120968657632602,20.671310221042578,20.500761055879476,20.500000208585302,7025,0,20.509831145261522,20.50000010390542,533,15990.0,266.5,2025-04-23 18:55:30,2025-04-23 18:55:30,20.39810371398925,257513.0,0.9593431933533452,2025-04-23,18:55:30
20.50168897850816,22.26884651184082,20.500000000002665,0.027240236014123863,0.0,0.0,,20.50141529432151,22.26884651184082,20.761782583888625,20.50065512170585,20.50038080389541,20.500003223790543,20.5000024709333,21.120913027302134,20.65953768756964,20.50075054396352,20.5000001997966,7025,0,20.509542831056464,20.500000101179335,534,16020.0,267.0,2025-04-23 18:56:00,2025-04-23 18:56:00,20.39901351928711,257530.0,0.9588637124800994,2025-04-23,18:56:00
20.501658215751306,22.23121833801269,20.500000000002665,0.026791247535530225,0.0,0.0,,20.501297207063864,22.23121833801269,20.759262602997527,20.500588556473737,20.500343977363517,20.50000288440338,20.5000022378173,21.119388648786884,20.653107078848393,20.5007387407725,20.50000019015391,7025,0,20.509354569547483,20.500000098723227,535,16050.0,267.5,2025-04-23 18:56:30,2025-04-23 18:56:30,20.35348129272461,257441.0,0.9587588758200908,2025-04-23,18:56:30
20.501636580994465,22.23121833801269,20.500000000002665,0.026612011089904783,0.0,0.0,,20.50118958158834,22.23121833801269,20.757016854278746,20.500528797185453,20.50031071266737,20.500002580980805,20.500002027919138,21.119378792376303,20.64887002512527,20.500726727262485,20.50000018121311,7025,0,20.509213844560282,20.500000095939285,536,16080.0,268.0,2025-04-23 18:57:00,2025-04-23 18:57:00,20.459423065185547,257596.0,0.9566185397871084,2025-04-23,18:57:00
20.501618285446572,22.23121833801269,20.500000000002665,0.026475516259562487,0.0,0.0,,20.50109148427326,22.23121833801269,20.75503737626925,20.50047514342505,20.50028066574587,20.500002309695805,20.500001838874688,21.119372604360443,20.645711404404405,20.50071495647997,20.50000016990303,7025,0,20.509098514493864,20.500000094061875,537,16110.0,268.5,2025-04-23 18:57:30,2025-04-23 18:57:30,20.305084228515625,257338.0,0.9573609173538304,2025-04-23,18:57:30
20.50160235762478,22.23121833801269,20.500000000002665,0.026366918831787826,0.0,0.0,,20.50100206528094,22.23121833801269,20.753297973130366,20.50042696735978,20.50025352568127,20.50000206713002,20.500001668564387,21.11936812787896,20.64321218562072,20.50070362495734,20.50000015895193,7025,0,20.50900019227393,20.5000000924025,538,16140.0,269.0,2025-04-23 18:58:00,2025-04-23 18:58:00,20.37854766845703,257482.0,0.956649396851042,2025-04-23,18:58:00
20.50158830971507,22.23121833801269,20.500000000002665,0.02627855432886105,0.0,0.0,,20.500920550959854,22.23121833801269,20.751769825605347,20.50038370616225,20.50022901152206,20.500001850229904,20.50000151508708,21.119364670165844,20.64117663848419,20.500692830117174,20.500000150591685,7025,0,20.508914858014037,20.50000008798793,539,16170.0,269.5,2025-04-23 18:58:30,2025-04-23 18:58:30,20.2750244140625,257201.0,0.9576974817360742,2025-04-23,18:58:30
20.501575838994356,22.23121833801269,20.500000000002665,0.026205675083919876,0.0,0.0,,20.50084623692508,22.23121833801269,20.750426133560765,20.500344855229937,20.50020686940797,20.50000165626771,20.50000137673687,21.119361915022814,20.63949325258278,20.500682624440657,20.50000014312439,7025,0,20.508840136756035,20.500000085107786,540,16200.0,270.0,2025-04-23 18:59:00,2025-04-23 18:59:00,20.2610092163086,257027.0,0.957516379602143,2025-04-23,18:59:00
20.502238136752492,22.14290237426757,20.500000000002665,0.02808511893513294,0.0,0.0,,20.500778481763554,22.14290237426757,20.74786498290068,20.848125406541833,20.531180063028376,20.50000148280655,20.500001251981427,20.87708898893021,20.61697170510251,20.50067211718628,20.50000013457358,7025,0,20.508620095438488,20.50000008281772,541,16230.0,270.5,2025-04-23 18:59:30,2025-04-23 18:59:30,20.259660720825195,257124.0,0.9569167624375788,2025-04-23,18:59:30
20.50226904728099,22.14290237426757,20.500000000002665,0.028031069057687506,0.0,0.0,,20.50071670132061,22.14290237426757,20.74554713200385,20.848158195511136,20.543681691925116,20.500001327669427,20.50000113944391,20.87704745816857,20.607321092409435,20.50066088148997,20.50000012522655,7025,0,20.508464967926628,20.500000081641033,542,16260.0,271.0,2025-04-23 19:00:00,2025-04-23 19:00:00,20.268085479736328,257825.0,0.9586140065936196,2025-04-23,19:00:00
20.502282190447787,22.14290237426757,20.500000000002665,0.027985270771815035,0.0,0.0,,20.500660363526055,22.14290237426757,20.743491002038084,20.848172013575383,20.550716809783378,20.50000118891126,20.500001037886758,20.877031949189746,20.60176292542371,20.500650069089424,20.500000117131474,7025,0,20.50835005980022,20.50000008019498,543,16290.0,271.5,2025-04-23 19:00:30,2025-04-23 19:00:30,20.417957305908203,258253.0,0.9586746088138376,2025-04-23,19:00:30
20.50228784776231,22.14290237426757,20.500000000002665,0.02794258238053839,0.0,0.0,,20.500608983714837,22.14290237426757,20.741678815823995,20.84817977140063,20.555366324013143,20.5000010647942,20.500000946198014,20.87702375100134,20.597875891728854,20.500639953135334,20.50000011047976,7025,0,20.508256165004962,20.500000079045883,544,16320.0,272.0,2025-04-23 19:01:00,2025-04-23 19:01:00,20.240631103515625,257722.0,0.9603609945988312,2025-04-23,19:01:00
20.502289845559073,22.14290237426757,20.500000000002665,0.027903921914263885,0.0,0.0,,20.50056212039257,22.14290237426757,20.740084219867263,20.848184855255717,20.558735175740214,20.500000953765433,20.50000086337925,20.87701827777627,20.59487769038921,20.5006305838564,20.500000103934813,7025,0,20.508175902419225,20.500000076379703,545,16350.0,272.5,2025-04-23 19:01:30,2025-04-23 19:01:30,20.388256072998047,257830.0,0.9596655863359578,2025-04-23,19:01:30
20.50228998192429,22.14290237426757,20.500000000002665,0.027869923589661717,0.0,0.0,,20.500519371393075,22.14290237426757,20.73868078674392,20.848188494857702,20.56132495068204,20.500000854437538,20.50000078853377,20.877014178326245,20.59245799635717,20.500621953442206,20.500000098189172,7025,0,20.508106082012063,20.500000074045843,546,16380.0,273.0,2025-04-23 19:02:00,2025-04-23 19:02:00,20.433395385742188,257809.0,0.9598657581775656,2025-04-23,19:02:00
20.50242772258707,22.130674362182617,20.500000000002665,0.03067168304175221,0.0,0.0,,20.50048037037911,22.130674362182617,20.737253695119286,20.806599854194285,20.558110945109057,20.50000076557061,20.500000720857297,21.30323912581249,20.627613159611876,20.500615497290603,20.500000093115077,7025,0,20.50876542256768,20.500000073040958,547,16410.0,273.5,2025-04-23 19:02:30,2025-04-23 19:02:30,20.56161117553711,258129.0,0.9594339216050888,2025-04-23,19:02:30
20.5023696381826,22.130674362182617,20.500000000002665,0.030192796328849525,0.0,0.0,,20.500444783650064,22.130674362182617,20.735986982740005,20.77061217765387,20.55464071410658,20.500000686056616,20.500000659627734,21.30330636624317,20.64085169046274,20.500613894509666,20.500000087910422,7025,0,20.50897010029811,20.50000007017824,548,16440.0,274.0,2025-04-23 19:03:00,2025-04-23 19:03:00,20.466154098510746,258201.0,0.9602719877149972,2025-04-23,19:03:00
20.50226007271811,22.10012626647949,20.500000000002665,0.028687987604920567,0.0,0.0,,20.500412307233105,22.10012626647949,20.734390640208655,20.73928937521958,20.551073972637724,20.500000614905357,20.50000060419632,21.230568793120558,20.641140000828095,20.500614228022485,20.50000008395763,7025,0,20.508905276702762,20.500000067849243,549,16470.0,274.5,2025-04-23 19:03:30,2025-04-23 19:03:30,20.50067901611328,258211.0,0.9604578474580866,2025-04-23,19:03:30
20.502190548743634,22.10012626647949,20.500000000002665,0.028177475413687366,0.0,0.0,,20.50038266423858,22.10012626647949,20.732960859068967,20.71190558668139,20.54752016558497,20.5000005512319,20.500000553980396,21.23056733204707,20.64277338692615,20.500614596778473,20.50000007895799,7025,0,20.50887562904017,20.5000000668397,550,16500.0,275.0,2025-04-23 19:04:00,2025-04-23 19:04:00,20.49558448791504,258431.0,0.9610320307935194,2025-04-23,19:04:00
20.502124138812803,22.06640625,20.500000000002665,0.02760252606829682,0.0,0.0,,20.500355602459297,22.06640625,20.731168355199667,20.687882067549083,20.544051238903275,20.500000494245338,20.50000050845575,21.229803687028976,20.644354626791994,20.500614804622984,20.500000074129876,7025,0,20.50884031573889,20.500000065366038,551,16530.0,275.5,2025-04-23 19:04:30,2025-04-23 19:04:30,20.43288993835449,258054.0,0.9608660517759848,2025-04-23,19:04:30
20.50206650956274,22.06640625,20.500000000002665,0.02725982284743135,0.0,0.0,,20.500330892191364,22.06640625,20.7295638305008,20.66674829471697,20.540713382618375,20.50000044323865,20.500000467152027,21.229805935694543,20.64575215765006,20.500614805015225,20.500000069504537,7025,0,20.508806503031604,20.500000063123935,552,16560.0,276.0,2025-04-23 19:05:00,2025-04-23 19:05:00,20.40484046936035,258092.0,0.96025617802954,2025-04-23,19:05:00
20.502008271958186,22.05899238586425,20.500000000002665,0.02683622280393241,0.0,0.0,,20.50030832425205,22.05899238586425,20.72802850126586,20.648115528946025,20.53753507299669,20.50000039757985,20.500000429647923,21.22091389952585,20.64615349209853,20.50061452664529,20.500000064808674,7025,0,20.508755052466064,20.500000060784842,553,16590.0,276.5,2025-04-23 19:05:30,2025-04-23 19:05:30,20.48950958251953,258339.0,0.9608504353775466,2025-04-23,19:05:30
20.501959731757562,22.05899238586425,20.500000000002665,0.02660045642901164,0.0,0.0,,20.500287708171218,22.05899238586425,20.726669806220457,20.63165832345809,20.53453252571178,20.50000035670391,20.5000003955676,21.220914103901407,20.646823245281677,20.500613900267666,20.500000060936017,7025,0,20.508714084549013,20.50000005835258,554,16620.0,277.0,2025-04-23 19:06:00,2025-04-23 19:06:00,20.36945152282715,258225.0,0.9609450334011036,2025-04-23,19:06:00
20.50187408887692,21.95009994506836,20.500000000002665,0.025211774407870518,0.0,0.0,,20.500268870536264,21.95009994506836,20.723772110373055,20.617101261850266,20.53171343145515,20.500000320105862,20.50000036457706,21.168697459224184,20.64292181124484,20.500612712514226,20.500000057231826,7025,0,20.50855159328925,20.50000005671309,555,16650.0,277.5,2025-04-23 19:06:30,2025-04-23 19:06:30,20.39436721801757,258209.0,0.9603206607825444,2025-04-23,19:06:30
20.501826154535042,21.95009994506836,20.500000000002665,0.024936070010803956,0.0,0.0,,20.500251653473555,21.95009994506836,20.721143353763093,20.604209214805433,20.5290795502296,20.500000287334565,20.50000033637998,21.168689756688075,20.64166722875418,20.500610621471715,20.50000005411148,7025,0,20.508450387091983,20.50000005609962,556,16680.0,278.0,2025-04-23 19:07:00,2025-04-23 19:07:00,20.46512031555176,258393.0,0.9607424543234532,2025-04-23,19:07:00
20.50182820922194,21.973949432373047,20.500000000002665,0.025775610486758496,0.0,0.0,,20.500235913255487,21.973949432373047,20.71918290418802,20.592780015570327,20.526628537501,20.500000257986283,20.500000310713858,21.24047415021378,20.6474292598945,20.50060827590217,20.50000005088237,7025,0,20.50850714736471,20.50000005535471,557,16710.0,278.5,2025-04-23 19:07:30,2025-04-23 19:07:30,20.427244186401367,257928.0,0.9601880175863032,2025-04-23,19:07:30
20.50179791502575,21.973949432373047,20.500000000002665,0.02569923859975182,0.0,0.0,,20.500221519025228,21.973949432373047,20.71747220361437,20.582638834001514,20.524355245139827,20.500000231700444,20.500000287344914,21.240485047357954,20.649697587246013,20.500606307347784,20.500000047484324,7025,0,20.508496352432843,20.500000052573977,558,16740.0,279.0,2025-04-23 19:08:00,2025-04-23 19:08:00,20.600811004638672,258140.0,0.9589788365809252,2025-04-23,19:08:00
20.501841475155356,22.01012420654297,20.500000000002665,0.027447591909498602,0.0,0.0,,20.500208351631102,22.01012420654297,20.716536338008044,20.573633769244566,20.522252657310574,20.500000208153942,20.50000026606478,21.359721106666253,20.661301413225043,20.5006049856721,20.500000044382002,7025,0,20.508694767288805,20.500000050792114,559,16770.0,279.5,2025-04-23 19:08:30,2025-04-23 19:08:30,20.51380920410156,257727.0,0.959745801759226,2025-04-23,19:08:30
20.501826423131114,22.01012420654297,20.500000000002665,0.027516039564847446,0.0,0.0,,20.50019630255884,22.01012420654297,20.715739067152246,20.565632335389516,20.520312568542845,20.500000187058486,20.500000246685826,21.359742450034194,20.666280283920862,20.500604856768028,20.500000041771244,7025,0,20.50875951489151,20.500000048429634,560,16800.0,280.0,2025-04-23 19:09:00,2025-04-23 19:09:00,20.49115562438965,257889.0,0.9605214719317224,2025-04-23,19:09:00
20.501800691653255,21.97234916687012,20.500000000002665,0.02724100136464334,0.0,0.0,,20.50018527294988,21.97234916687012,20.71445215328422,20.558518615007415,20.518526076989815,20.500000168156543,20.500000229038825,21.352029870002447,20.668464666673632,20.500605146577342,20.50000003964342,7025,0,20.50876037270913,20.500000046753037,561,16830.0,280.5,2025-04-23 19:09:30,2025-04-23 19:09:30,20.596168518066406,257815.0,0.9589754887225336,2025-04-23,19:09:30
20.50178190919343,21.97234916687012,20.500000000002665,0.02720973587677865,0.0,0.0,,20.5001751727039,21.97234916687012,20.713290133823612,20.552190922037635,20.516883943431115,20.500000151217023,20.500000212970043,21.3520328602687,20.670182244028457,20.500605389176187,20.50000003747909,7025,0,20.50875628484617,20.500000045082118,562,16860.0,281.0,2025-04-23 19:10:00,2025-04-23 19:10:00,20.49661636352539,257749.0,0.9602346299112704,2025-04-23,19:10:00
20.501834341486077,21.98052215576172,20.500000000002665,0.029002292282616204,0.0,0.0,,20.500165919670767,21.98052215576172,20.712384282975883,20.546559860253993,20.51537685162439,20.500000136034224,20.50000019833994,21.4711228130085,20.68194224986435,20.500606037752828,20.500000035427334,7025,0,20.50896655563934,20.50000004213682,563,16890.0,281.5,2025-04-23 19:10:30,2025-04-23 19:10:30,20.618581771850582,258107.0,0.9593390531833696,2025-04-23,19:10:30
20.501829592897167,21.98052215576172,20.500000000002665,0.029111004787138916,0.0,0.0,,20.50015743893638,21.98052215576172,20.711587862254454,20.541546694127167,20.51399559548718,20.500000122423483,20.500000185020937,21.47114422210597,20.687235550268877,20.500607748982073,20.500000032856033,7025,0,20.50904572224064,20.500000041256605,564,16920.0,282.0,2025-04-23 19:11:00,2025-04-23 19:11:00,20.60118103027344,257893.0,0.9584020189574746,2025-04-23,19:11:00
20.501804781404385,21.96588516235352,20.500000000002665,0.028682879043690993,0.0,0.0,,20.500149662197277,21.96588516235352,20.710656482794466,20.53708197014767,20.51273121161943,20.50000011021977,20.500000172897124,21.444504791095166,20.688091656397102,20.500609686631407,20.50000003065438,7025,0,20.50903320133742,20.500000039738822,565,16950.0,282.5,2025-04-23 19:11:30,2025-04-23 19:11:30,20.483198165893555,257515.0,0.9586171557967496,2025-04-23,19:11:30
20.50179350520634,21.96588516235352,20.500000000002665,0.028670098001688054,0.0,0.0,,20.500142527208283,21.96588516235352,20.709823453330646,20.533104341681245,20.511575070796148,20.500000099275514,20.500000161863582,21.444505073942345,20.68943833932727,20.50061129583101,20.500000029090618,7025,0,20.509034798126084,20.500000039120224,566,16980.0,283.0,2025-04-23 19:12:00,2025-04-23 19:12:00,20.3682861328125,257447.0,0.9585235626167716,2025-04-23,19:12:00
20.501610987168156,21.84044838,20.500000000002665,0.024142377599801687,0.0,0.0,,20.500135977283954,21.84044838,20.707127095736617,20.529559561202795,20.510518938585182,20.500000089459956,20.50000015182562,21.169671535765076,20.666760368364326,20.5006112554446,20.50000002748861,7025,0,20.50850581228484,20.500000037929063,567,17010.0,283.5,2025-04-23 19:12:30,2025-04-23 19:12:30,20.392906188964844,257396.0,0.9574583642519696,2025-04-23,19:12:30
20.501572475105693,21.84044838,20.500000000002665,0.023767359518384226,0.0,0.0,,20.50012996083902,21.84044838,20.704662230980517,20.526399611619603,20.509555012732378,20.50000008065465,20.500000142697512,21.169628152666586,20.658259858635404,20.50060794573607,20.50000002552065,7025,0,20.508276774275913,20.500000037127826,568,17040.0,284.0,2025-04-23 19:13:00,2025-04-23 19:13:00,20.33269500732422,257421.0,0.9580417997171948,2025-04-23,19:13:00
20.502223484913895,21.810617446899418,20.500000000002665,0.027242534323843506,0.0,0.0,,20.50012443096087,21.810617446899418,20.702004945401043,20.81476409096426,20.534627104006148,20.500000072754073,20.500000134402708,21.15658980916254,20.65289112539726,20.50060318007756,20.500000023810184,7025,0,20.508362503370602,20.500000036538026,569,17070.0,284.5,2025-04-23 19:13:30,2025-04-23 19:13:30,20.34676170349121,257476.0,0.9568828745203436,2025-04-23,19:13:30
20.502260059210744,21.810617446899418,20.500000000002665,0.02725857304760659,0.0,0.0,,20.50011934500986,21.810617446899418,20.699642998367317,20.814790693308325,20.544524448699928,20.500000065663407,20.50000012687234,21.156580993665123,20.649779905062704,20.500598572239806,20.500000022354367,7025,0,20.5083280341682,20.500000035768693,570,17100.0,285.0,2025-04-23 19:14:00,2025-04-23 19:14:00,20.42642974853516,257849.0,0.9568415041361416,2025-04-23,19:14:00
20.502276674538475,21.810617446899418,20.500000000002665,0.02723763555861011,0.0,0.0,,20.500114664242314,21.810617446899418,20.69756187621184,20.81480172254389,20.549982961020778,20.50000005929936,20.500000120043946,21.156576214031325,20.647620406971242,20.500594431744478,20.500000021169622,7025,0,20.508278449850028,20.500000035096257,571,17130.0,285.5,2025-04-23 19:14:30,2025-04-23 19:14:30,20.338319778442383,257710.0,0.9565050104768926,2025-04-23,19:14:30
20.502285270207025,21.810617446899418,20.500000000002665,0.027207906465903355,0.0,0.0,,20.500110353447106,21.810617446899418,20.69573240787921,20.814807821618054,20.553529506180528,20.500000053586298,20.500000113860985,21.15657301247191,20.645975345582293,20.50059057810242,20.50000001969584,7025,0,20.508229593618445,20.500000033964994,572,17160.0,286.0,2025-04-23 19:15:00,2025-04-23 19:15:00,20.42768859863281,257826.0,0.9567683243738024,2025-04-23,19:15:00
20.5023113817445,21.84422874450684,20.500000000002665,0.027668503330125965,0.0,0.0,,20.500106380589727,21.84422874450684,20.694648610614742,20.814811767949386,20.556063659785305,20.500000048456137,20.500000108271884,21.18735403475968,20.64734759640936,20.500587083142857,20.500000018258074,7025,0,20.508249743914096,20.500000033636795,573,17190.0,286.5,2025-04-23 19:15:30,2025-04-23 19:15:30,20.3281478881836,257787.0,0.9565415197430436,2025-04-23,19:15:30
20.5023179238009,21.84422874450684,20.500000000002665,0.02768365442776823,0.0,0.0,,20.500102716467598,21.84422874450684,20.69371875362119,20.81481456426456,20.557990639461256,20.500000043848164,20.50000010322786,21.18735722710346,20.647355306215715,20.50058413208623,20.500000017263567,7025,0,20.508240112062353,20.5000000328835,574,17220.0,287.0,2025-04-23 19:16:00,2025-04-23 19:16:00,20.299184799194336,257735.0,0.9568595771819892,2025-04-23,19:16:00
20.502120740376537,21.722970962524418,20.500000000002665,0.024504689153842105,0.0,0.0,,20.500099334390608,21.722970962524418,20.691012128655426,20.77731069834264,20.554782746772275,20.50000003970904,20.500000098682314,21.028093435165932,20.633171039572176,20.500580283681774,20.500000016400246,7025,0,20.50786112831907,20.50000003096294,575,17250.0,287.5,2025-04-23 19:16:30,2025-04-23 19:16:30,20.31319236755371,257926.0,0.9580385944030458,2025-04-23,19:16:30
20.502018865399542,21.722970962524418,20.500000000002665,0.023520614258280004,0.0,0.0,,20.500096209901464,21.722970962524418,20.688542130330813,20.744841065260736,20.551382054184405,20.50000003599063,20.500000094589616,21.028067022492444,20.627254729156974,20.50057470477044,20.500000015127156,7025,0,20.507657287328907,20.500000029060836,576,17280.0,288.0,2025-04-23 19:17:00,2025-04-23 19:17:00,20.400341033935547,258182.0,0.9581856258375876,2025-04-23,19:17:00
20.501931101913993,21.722970962524418,20.500000000002665,0.022761622672323966,0.0,0.0,,20.5000933205462,21.722970962524418,20.68634491534143,20.716567298495104,20.547927465734297,20.50000003264896,20.500000090905083,21.028057405302313,20.623930128506665,20.500568273658434,20.500000014136784,7025,0,20.507509507680417,20.500000028773506,577,17310.0,288.5,2025-04-23 19:17:30,2025-04-23 19:17:30,20.39468002319336,258304.0,0.9582492310417184,2025-04-23,19:17:30
20.501853185250354,21.722970962524418,20.500000000002665,0.02215518519557827,0.0,0.0,,20.50009064569647,21.722970962524418,20.68440680670195,20.69183872862599,20.544513189318533,20.500000029646145,20.50000008758586,21.02805244597488,20.621641565769682,20.5005615249214,20.500000013293977,7025,0,20.50738666001037,20.500000028531854,578,17340.0,289.0,2025-04-23 19:18:00,2025-04-23 19:18:00,20.31183624267578,258109.0,0.9592918471459732,2025-04-23,19:18:00
20.501783309803553,21.722970962524418,20.500000000002665,0.021665093957862373,0.0,0.0,,20.500088166415203,21.722970962524418,20.682701290397993,20.670136212309743,20.541200320209008,20.500000026948356,20.50000008459228,21.028049187826475,20.619891952003695,20.500554697421634,20.50000001255111,7025,0,20.507279064881757,20.50000002833103,579,17370.0,289.5,2025-04-23 19:18:30,2025-04-23 19:18:30,20.34405517578125,258064.0,0.9584064539222829,2025-04-23,19:18:30
20.501720405355687,21.722970962524418,20.500000000002665,0.02126750822912023,0.0,0.0,,20.500085865345238,21.722970962524418,20.68120052700303,20.651037404111165,20.53802730294566,20.500000024522695,20.500000081886586,21.028046769221696,20.618487312569364,20.500547911047374,20.50000001183459,7025,0,20.50718294818107,20.500000028168586,580,17400.0,290.0,2025-04-23 19:19:00,2025-04-23 19:19:00,20.50545692443848,257910.0,0.9565040857275794,2025-04-23,19:19:00
20.501823505661623,21.825729370117188,20.500000000002665,0.024821578020863017,0.0,0.0,,20.500083726599687,21.825729370117188,20.681482549470335,20.634193145103616,20.535017077737642,20.50000002234187,20.500000079435463,21.285234848165373,20.639750010786063,20.5005424782918,20.500000011151435,7025,0,20.507590039211625,20.500000028025745,581,17430.0,290.5,2025-04-23 19:19:30,2025-04-23 19:19:30,20.47864151000977,257723.0,0.9575810923937716,2025-04-23,19:19:30
20.501799262975933,21.825729370117188,20.500000000002665,0.02489623567260476,0.0,0.0,,20.50008173564631,21.825729370117188,20.681801287836105,20.619310945460935,20.532181915723207,20.50000002038097,20.500000077207726,21.28527547054398,20.647782301640834,20.500539992286193,20.500000010423335,7025,0,20.50772410815055,20.50000002775034,582,17460.0,291.0,2025-04-23 19:20:00,2025-04-23 19:20:00,20.540817260742188,257869.0,0.9576295885701654,2025-04-23,19:20:00
20.501770276643533,21.825729370117188,20.500000000002665,0.024876006568034955,0.0,0.0,,20.50007987919168,21.825729370117188,20.682095123551747,20.60614313564509,20.52952672328133,20.50000001861869,20.500000075175084,21.285289089996347,20.65182180138039,20.500538994114276,20.50000000976113,7025,0,20.50778024883056,20.500000027513348,583,17490.0,291.5,2025-04-23 19:20:30,2025-04-23 19:20:30,20.494007110595703,257628.0,0.9576863855054576,2025-04-23,19:20:30
20.501741744183374,21.825729370117188,20.500000000002665,0.024837334949436938,0.0,0.0,,20.500078145076017,21.825729370117188,20.682350015895768,20.59447815898668,20.52705133032965,20.50000001703333,20.500000073311888,21.28529544209016,20.654376610197378,20.500538639321295,20.50000000903351,7025,0,20.507809293750014,20.500000027485378,584,17520.0,292.0,2025-04-23 19:21:00,2025-04-23 19:21:00,20.48369789123535,257445.0,0.9581514983782944,2025-04-23,19:21:00
20.501715008452862,21.825729370117188,20.500000000002665,0.024799730380116753,0.0,0.0,,20.500076522188095,21.825729370117188,20.682566573858693,20.58413402359453,20.5247520957764,20.500000015606503,20.50000007159466,21.285299299067983,20.656227941378567,20.500538574375998,20.50000000865447,7025,0,20.507826582189065,20.50000002749829,585,17550.0,292.5,2025-04-23 19:21:30,2025-04-23 19:21:30,20.556331634521484,257687.0,0.9573654884608072,2025-04-23,19:21:30
20.5016903672558,21.825729370117188,20.500000000002665,0.024767699061671804,0.0,0.0,,20.500075000407765,21.825729370117188,20.682749467697437,20.57495327070228,20.522623046841304,20.500000014324087,20.500000070003054,21.285302020987192,20.657665526249165,20.500538640379006,20.500000008078196,7025,0,20.507837602592033,20.500000027521757,586,17580.0,293.0,2025-04-23 19:22:00,2025-04-23 19:22:00,20.631406784057617,257959.0,0.957346661678794,2025-04-23,19:22:00
20.5018010327823,21.87371635437012,20.500000000002665,0.02837831405436527,0.0,0.0,,20.50007357057737,21.87371635437012,20.68365281188433,20.566799031083708,20.520656694996816,20.500000013170258,20.50000006851849,21.50661501898741,20.678111068540023,20.500539810860595,20.50000000750294,7025,0,20.508257874133395,20.50000002754514,587,17610.0,293.5,2025-04-23 19:22:30,2025-04-23 19:22:30,20.525775909423828,257954.0,0.9584763659412144,2025-04-23,19:22:30
20.501802369531788,21.87371635437012,20.500000000002665,0.028620557799003216,0.0,0.0,,20.500072224491603,21.87371635437012,20.684476467148826,20.559551878901576,20.518844624013145,20.50000001213245,20.500000067126816,21.506652912575834,20.68679588846493,20.500543327001786,20.50000000704411,7025,0,20.508434130681227,20.500000027559544,588,17640.0,294.0,2025-04-23 19:23:00,2025-04-23 19:23:00,20.48006820678711,257805.0,0.9590754155272396,2025-04-23,19:23:00
20.50169364700818,21.855396270751957,20.500000000002665,0.025914003980950895,0.0,0.0,,20.500070954887804,21.855396270751957,20.684918871140262,20.553107282116603,20.517177915037255,20.500000011198576,20.500000065816998,21.33101684804451,20.676438343322967,20.500547016182296,20.50000000664539,7025,0,20.508213749486217,20.500000027562653,589,17670.0,294.5,2025-04-23 19:23:30,2025-04-23 19:23:30,20.525672912597656,257949.0,0.958572903461537,2025-04-23,19:23:30
20.501670099130177,21.855396270751957,20.500000000002665,0.025784479175653012,0.0,0.0,,20.500069755421038,21.855396270751957,20.68529191127224,20.547373507991196,20.515647453609773,20.50000001035745,20.500000064582558,21.33099546661256,20.673731924547543,20.50054909904516,20.50000000620063,7025,0,20.50815494302645,20.500000027556897,590,17700.0,295.0,2025-04-23 19:24:00,2025-04-23 19:24:00,20.50275611877441,257934.0,0.9594766732962696,2025-04-23,19:24:00
20.50169151242611,21.872220993041992,20.500000000002665,0.02678894382648934,0.0,0.0,,20.500068620616364,21.872220993041992,20.68587544912539,20.54226988216186,20.514244150195267,20.500000009599262,20.50000006342067,21.3948429241955,20.67862265100829,20.50055059997699,20.50000000599265,7025,0,20.508257625288575,20.500000027537254,591,17730.0,295.5,2025-04-23 19:24:30,2025-04-23 19:24:30,20.51261329650879,257915.0,0.9584765087334974,2025-04-23,19:24:30
20.50168336610105,21.872220993041992,20.500000000002665,0.026849154708376018,0.0,0.0,,20.50006754580171,21.872220993041992,20.68639709055438,20.5377253270457,20.512959096785234,20.500000008916906,20.500000062329924,21.39485201074087,20.680763238447106,20.500552351471523,20.50000000580076,7025,0,20.50830225918221,20.500000027502303,592,17760.0,296.0,2025-04-23 19:25:00,2025-04-23 19:25:00,20.5041618347168,258038.0,0.9590351639099668,2025-04-23,19:25:00
20.501678958414526,21.88084983825684,20.500000000002665,0.02700994110623576,0.0,0.0,,20.500066527029055,21.88084983825684,20.686991311110862,20.53367712430141,20.511783675930666,20.50000000830127,20.500000061311283,21.400859647369543,20.682572106390268,20.50055418995728,20.500000005633197,7025,0,20.50834268518242,20.500000027450955,593,17790.0,296.5,2025-04-23 19:25:30,2025-04-23 19:25:30,20.50922966003418,258031.0,0.9595448923772724,2025-04-23,19:25:30
20.501671335338607,21.88084983825684,20.500000000002665,0.027041290857285245,0.0,0.0,,20.500065560988183,21.88084983825684,20.687518969972153,20.530069859450784,20.510709634223705,20.500000007745722,20.500000060367313,21.40086243309927,20.683717031951833,20.500556013952224,20.50000000543568,7025,0,20.508369226074638,20.500000027386207,594,17820.0,297.0,2025-04-23 19:26:00,2025-04-23 19:26:00,20.54133415222168,258288.0,0.9599424261870472,2025-04-23,19:26:00
20.501679634916435,21.88463020324707,20.500000000002665,0.027487584593082245,0.0,0.0,,20.500064644915394,21.88463020324707,20.688042180786805,20.526854516378226,20.50972912916368,20.500000007244868,20.500000059501275,21.42707562790639,20.68685700560422,20.500557863440207,20.500000005330506,7025,0,20.508437962049232,20.500000027310676,595,17850.0,297.5,2025-04-23 19:26:30,2025-04-23 19:26:30,20.51445198059082,258156.0,0.9600408159213808,2025-04-23,19:26:30
20.50167540950406,21.88463020324707,20.500000000002665,0.027536193958779914,0.0,0.0,,20.500063776499918,21.88463020324707,20.68850410199812,20.523987696439143,20.508834756115586,20.500000006793424,20.500000058715617,21.427081050351205,20.688460283678026,20.500559855370145,20.500000005242928,7025,0,20.508474401881248,20.50000002722669,596,17880.0,298.0,2025-04-23 19:27:00,2025-04-23 19:27:00,20.394886016845703,257993.0,0.9610565378711824,2025-04-23,19:27:00
20.501565890409186,21.776086807250977,20.500000000002665,0.0246459451665665,0.0,0.0,,20.50006295379265,21.776086807250977,20.687216147521067,20.521430942112,20.50801956043823,20.500000006386436,20.500000058013704,21.26590681855829,20.675473923830747,20.500561040789375,20.500000005042818,7025,0,20.508177540817773,20.500000027137684,597,17910.0,298.5,2025-04-23 19:27:30,2025-04-23 19:27:30,20.53570556640625,257993.0,0.960028590892001,2025-04-23,19:27:30
20.501543079674363,21.776086807250977,20.500000000002665,0.02442796711737364,0.0,0.0,,20.500062175122824,21.776086807250977,20.68600527639907,20.51915014904896,20.507277038647977,20.500000006018578,20.50000005739633,21.265881869659058,20.67064454273073,20.500560326568017,20.500000004887188,7025,0,20.50805242747292,20.500000027049495,598,17940.0,299.0,2025-04-23 19:28:00,2025-04-23 19:28:00,20.51532936096192,257985.0,0.9596953311239026,2025-04-23,19:28:00
20.501620497541676,21.889259338378903,20.500000000002665,0.026954909541883253,0.0,0.0,,20.500061439025295,21.889259338378903,20.686688191151568,20.517115053378575,20.506601131575433,20.500000005686037,20.50000005686379,21.407027703502884,20.680561775356214,20.50055928782331,20.500000004768733,7025,0,20.508265692469088,20.50000002696588,599,17970.0,299.5,2025-04-23 19:28:30,2025-04-23 19:28:30,20.40116500854492,257904.0,0.9609537366617036,2025-04-23,19:28:30
20.501623657193747,21.889259338378903,20.500000000002665,0.027094970301783972,0.0,0.0,,20.500060744179155,21.889259338378903,20.68736913930775,20.515298783441533,20.50598621178269,20.500000005385353,20.500000056414546,21.407047051712702,20.68400942746057,20.50055935195589,20.50000000459435,7025,0,20.508343064751124,20.500000026888692,600,18000.0,300.0,2025-04-23 19:29:00,2025-04-23 19:29:00,20.495264053344727,257956.0,0.9599458095566684,2025-04-23,19:29:00
20.501594778278708,21.765108108520508,20.500000000002665,0.026223824305625854,0.0,0.0,,20.500060089353934,21.765108108520508,20.686052966673138,20.513677466970385,20.50542706698182,20.50000000511298,20.50000005604689,21.380879431449916,20.683318753916534,20.500559813912847,20.500000004374826,7025,0,20.508299279711824,20.500000026828744,601,18030.0,300.5,2025-04-23 19:29:30,2025-04-23 19:29:30,20.4108829498291,257855.0,0.9605672883015648,2025-04-23,19:29:30
20.50158695931431,21.765108108520508,20.500000000002665,0.02617046607775566,0.0,0.0,,20.500059473355737,21.765108108520508,20.684810930772294,20.512229886183015,20.50491888078904,20.5000000048661,20.500000055757088,21.380877602910626,20.683353500603754,20.500560067623912,20.500000004210776,7025,0,20.508272919603474,20.50000002678349,602,18060.0,301.0,2025-04-23 19:30:00,2025-04-23 19:30:00,20.527687072753903,258139.0,0.9596146601249714,2025-04-23,19:30:00
20.50163614045048,21.894386291503903,20.500000000002665,0.027827617013439762,0.0,0.0,,20.500058894969754,21.894386291503903,20.685714523662103,20.51093717443401,20.504457211834822,20.500000004643784,20.50000005554119,21.453791839663502,20.68988677750827,20.500560453579354,20.500000004055273,7025,0,20.50842067652238,20.500000026756375,603,18090.0,301.5,2025-04-23 19:30:30,2025-04-23 19:30:30,20.511394500732425,257711.0,0.9593982576413114,2025-04-23,19:30:30
20.501640809641422,21.894386291503903,20.500000000002665,0.027945293370321745,0.0,0.0,,20.500058352910134,21.894386291503903,20.686599047499886,20.509782549025427,20.50403797200579,20.50000000444293,20.500000055394178,21.453803981044096,20.692624810801863,20.50056152487456,20.500000003907296,7025,0,20.50848927624506,20.50000002674944,604,18120.0,302.0,2025-04-23 19:31:00,2025-04-23 19:31:00,20.498868942260746,257614.0,0.959982340342528,2025-04-23,19:31:00
20.501707343462712,21.96076774597168,20.500000000002665,0.02987654787429204,0.0,0.0,,20.500057845791723,21.96076774597168,20.68843670519215,20.508751075565677,20.503657404403757,20.50000000426066,20.50000005531024,21.552719151087338,20.702789741246477,20.500563405129274,20.500000003811188,7025,0,20.5087304700106,20.50000002676511,605,18150.0,302.5,2025-04-23 19:31:30,2025-04-23 19:31:30,20.58170509338379,257812.0,0.9590621630296496,2025-04-23,19:31:30
20.501719852682044,21.96076774597168,20.500000000002665,0.03006429221166231,0.0,0.0,,20.500057372123262,21.96076774597168,20.690103729259253,20.507829459918472,20.503312061458363,20.50000000409614,20.500000055282992,21.552737660729445,20.707312613978115,20.50056649605131,20.500000003731,7025,0,20.508852357468715,20.500000026803058,606,18180.0,303.0,2025-04-23 19:32:00,2025-04-23 19:32:00,20.42741775512696,257412.0,0.9598660780188958,2025-04-23,19:32:00
20.501672149111005,21.82353973388672,20.500000000002665,0.028466944922669022,0.0,0.0,,20.500056930311857,21.82353973388672,20.689436998506192,20.507005864329788,20.502998783513707,20.50000000394814,20.50000005530526,21.481259204024703,20.70375936273632,20.500569784932022,20.500000003658286,7025,0,20.508766367525894,20.50000002686322,607,18210.0,303.5,2025-04-23 19:32:30,2025-04-23 19:32:30,20.52173042297364,257529.0,0.9587432386255528,2025-04-23,19:32:30
20.50166768964187,21.82353973388672,20.500000000002665,0.028398964408045402,0.0,0.0,,20.500056518677326,21.82353973388672,20.68874977140853,20.50626974478041,20.5027146781187,20.500000003814367,20.50000005537075,21.481251449871355,20.70315739891819,20.50057237890635,20.500000003561855,7025,0,20.508742998477512,20.500000026944623,608,18240.0,304.0,2025-04-23 19:33:00,2025-04-23 19:33:00,20.50746726989746,257514.0,0.9589300241928594,2025-04-23,19:33:00
20.5016531418468,21.89249038696289,20.500000000002665,0.028122450274434628,0.0,0.0,,20.500056135486552,21.89249038696289,20.68919406441507,20.50561170700163,20.502457100180127,20.50000000369341,20.500000055474242,21.447858785108647,20.700370965015296,20.500574331792567,20.500000003489035,7025,0,20.508695079758102,20.500000027045907,609,18270.0,304.5,2025-04-23 19:33:30,2025-04-23 19:33:30,20.52067375183105,257607.0,0.9587158200281825,2025-04-23,19:33:30
20.501650292804733,21.89249038696289,20.500000000002665,0.028102191785979946,0.0,0.0,,20.500055779013035,21.89249038696289,20.689629801839114,20.505023378923234,20.502223633082668,20.500000003585235,20.5000000556101,21.447853290467084,20.69949274571316,20.500575659341973,20.500000003386003,7025,0,20.508686489161917,20.500000027180505,610,18300.0,305.0,2025-04-23 19:34:00,2025-04-23 19:34:00,20.45329475402832,257487.0,0.959697661920796,2025-04-23,19:34:00
20.501648760986452,21.89249038696289,20.500000000002665,0.028101733392679268,0.0,0.0,,20.500055447609935,21.89249038696289,20.69002674760813,20.504497297607557,20.50201207083811,20.50000000348847,20.50000005577524,21.447851653310828,20.699169156814218,20.500576648942072,20.50000000326858,7025,0,20.508688161707997,20.50000002734231,611,18330.0,305.5,2025-04-23 19:34:30,2025-04-23 19:34:30,20.44551086425781,257599.0,0.9595037369127986,2025-04-23,19:34:30
20.501647697273295,21.89249038696289,20.500000000002665,0.02810621190859998,0.0,0.0,,20.50005513977074,21.89249038696289,20.690379610257356,20.504026808966646,20.501820401293052,20.50000000340274,20.500000055967526,21.44785103480921,20.69903106626381,20.500577451966123,20.500000003147164,7025,0,20.50869252678359,20.50000002752093,612,18360.0,306.0,2025-04-23 19:35:00,2025-04-23 19:35:00,20.520341873168945,257746.0,0.9590548325677216,2025-04-23,19:35:00
20.50166869184446,21.929107666015625,20.500000000002665,0.02875501687812724,0.0,0.0,,20.50005485415365,21.929107666015625,20.69126208589353,20.50360597877172,20.501646790400475,20.50000000332586,20.50000005618537,21.47885320716616,20.701667609200694,20.500578291384592,20.50000000303604,7025,0,20.508763887150646,20.50000002771411,613,18390.0,306.5,2025-04-23 19:35:30,2025-04-23 19:35:30,20.51994705200196,258195.0,0.959857072658262,2025-04-23,19:35:30
20.501671975716366,21.929107666015625,20.500000000002665,0.028813420014688083,0.0,0.0,,20.500054589568716,21.929107666015625,20.692064315939607,20.50322951364569,20.501489567541732,20.500000003257345,20.500000056428437,21.47885812421197,20.702718828818266,20.500579408038202,20.500000002983263,7025,0,20.508800722505615,20.50000002791922,614,18420.0,307.0,2025-04-23 19:36:00,2025-04-23 19:36:00,20.529935836791992,258214.0,0.9602183169773908,2025-04-23,19:36:00
20.501656685971806,21.93246459960937,20.500000000002665,0.028381966304885625,0.0,0.0,,20.50005434494571,21.93246459960937,20.69282823889348,20.50289269088777,20.501347211872297,20.500000003196554,20.50000005669678,21.448133562466076,20.700608768965537,20.500580505556353,20.500000002855188,7025,0,20.508771841384025,20.5000000281332,615,18450.0,307.5,2025-04-23 19:36:30,2025-04-23 19:36:30,20.53177261352539,258117.0,0.959719332705711,2025-04-23,19:36:30
20.501655622865144,21.93246459960937,20.500000000002665,0.02837563989613197,0.0,0.0,,20.500054119301687,21.93246459960937,20.693502761496955,20.502591296118517,20.501218339654564,20.50000000314329,20.50000005699021,21.448129351266722,20.699917725285086,20.500581321217865,20.500000002834046,7025,0,20.50877122800083,20.500000028334547,616,18480.0,308.0,2025-04-23 19:37:00,2025-04-23 19:37:00,20.511608123779297,258186.0,0.959590905393786,2025-04-23,19:37:00
20.501653271556012,21.907848358154297,20.500000000002665,0.028289426403318975,0.0,0.0,,20.500053911718112,21.907848358154297,20.693711472050186,20.502321567852356,20.50110169253512,20.5000000030965,20.500000057307158,21.448947209119744,20.699701853989527,20.500582000417328,20.5000000027754,7025,0,20.50877177867657,20.500000028544953,617,18510.0,308.5,2025-04-23 19:37:30,2025-04-23 19:37:30,20.49732780456543,257965.0,0.9603396415211366,2025-04-23,19:37:30
20.501652631065408,21.907848358154297,20.500000000002665,0.028286484284910807,0.0,0.0,,20.500053721330218,21.907848358154297,20.69387672787244,20.502080148211444,20.500996126718608,20.500000003055074,20.500000057645668,21.4489468473811,20.699578793133163,20.500582611866317,20.500000002672557,7025,0,20.50877334989488,20.50000002876395,618,18540.0,309.0,2025-04-23 19:38:00,2025-04-23 19:38:00,20.493144989013672,257831.0,0.9598496689692084,2025-04-23,19:38:00
20.50162456569815,21.937650680541992,20.500000000002665,0.027597525489524904,0.0,0.0,,20.50005354732749,21.937650680541992,20.694482758088284,20.501864039085476,20.50090060298874,20.500000003019004,20.500000058003486,21.395881466319242,20.694873079283884,20.500582923011887,20.500000002568264,7025,0,20.50868806093325,20.50000002899081,619,18570.0,309.5,2025-04-23 19:38:30,2025-04-23 19:38:30,20.498624801635746,258113.0,0.9603720681445724,2025-04-23,19:38:30
20.50162016746649,21.937650680541992,20.500000000002665,0.02755366828968705,0.0,0.0,,20.500053388960627,21.937650680541992,20.695037087446963,20.501670563124115,20.5008141775254,20.50000000298895,20.500000058377662,21.395872628382914,20.692960374745674,20.500582661762984,20.50000000252552,7025,0,20.50865988482987,20.500000029224,620,18600.0,310.0,2025-04-23 19:39:00,2025-04-23 19:39:00,20.51202964782715,257854.0,0.9602575488454708,2025-04-23,19:39:00
20.501705768117514,22.00475692749023,20.500000000002665,0.030006361299960996,0.0,0.0,,20.50005324554789,22.00475692749023,20.696578163963235,20.501497329019454,20.50073599346705,20.500000002963343,20.50000005876462,21.535657718886643,20.704102311675307,20.500582834430908,20.50000000249499,7025,0,20.508919510281675,20.50000002946447,621,18630.0,310.5,2025-04-23 19:39:30,2025-04-23 19:39:30,20.603099822998047,258318.0,0.9604307360501396,2025-04-23,19:39:30
20.501719053899176,22.00475692749023,20.500000000002665,0.03018791745294074,0.0,0.0,,20.500053116475023,22.00475692749023,20.69798321814716,20.501342200597684,20.500665273168398,20.50000000294116,20.50000005916168,21.535679030109854,20.708290447623394,20.50058447417165,20.500000002434096,7025,0,20.50903160226353,20.500000029709618,622,18660.0,311.0,2025-04-23 19:40:00,2025-04-23 19:40:00,20.61026382446289,257999.0,0.9600280064070016,2025-04-23,19:40:00
20.501743822346235,22.026865005493164,20.500000000002665,0.030763318450271773,0.0,0.0,,20.500053001184675,22.026865005493164,20.699575615671645,20.50120326929544,20.500601311104514,20.50000000292318,20.500000059565505,21.559958487624947,20.712513702155313,20.500586967396767,20.500000002348937,7025,0,20.509149598555183,20.500000029959764,623,18690.0,311.5,2025-04-23 19:40:30,2025-04-23 19:40:30,20.60099220275879,257836.0,0.9600161900394047,2025-04-23,19:40:30
20.501753156070254,22.026865005493164,20.500000000002665,0.030864598290618255,0.0,0.0,,20.50005289916005,22.026865005493164,20.700992616227342,20.501078829643728,20.500543467374886,20.500000002909577,20.500000059972596,21.55996572373907,20.714703008256322,20.500590027157244,20.500000002311367,7025,0,20.509223471930078,20.50000003021386,624,18720.0,312.0,2025-04-23 19:41:00,2025-04-23 19:41:00,20.60277938842773,257871.0,0.95963837054186,2025-04-23,19:41:00
20.501771192260197,22.01344871520996,20.500000000002665,0.031212497705205212,0.0,0.0,,20.500052809910876,22.01344871520996,20.70203149504622,20.50096735742599,20.50049116176213,20.500000002899586,20.500000060380522,21.58092695940776,20.717965743336283,20.500593422836637,20.50000000225502,7025,0,20.509313858564653,20.50000003047048,625,18750.0,312.5,2025-04-23 19:41:30,2025-04-23 19:41:30,20.59201431274414,257876.0,0.959409088573578,2025-04-23,19:41:30
20.501778915650117,22.01344871520996,20.500000000002665,0.03128193993974591,0.0,0.0,,20.5000527329694,22.01344871520996,20.70293432036108,20.50086749021377,20.5004438683034,20.500000002891337,20.50000006078606,21.58093248998613,20.719769381909977,20.500597088456725,20.500000002228294,7025,0,20.509372252947305,20.50000003034087,626,18780.0,313.0,2025-04-23 19:42:00,2025-04-23 19:42:00,20.614652633666992,257647.0,0.958417670300838,2025-04-23,19:42:00
20.50178520282949,22.037904739379883,20.500000000002665,0.03136154715554617,0.0,0.0,,20.500052667901816,22.037904739379883,20.704106578641024,20.500778010017566,20.50040111033413,20.50000000288555,20.50000006118601,21.576592011596222,20.720634159833796,20.50060078647401,20.500000002159748,7025,0,20.509416915590275,20.500000030041498,627,18810.0,313.5,2025-04-23 19:42:30,2025-04-23 19:42:30,20.609474182128903,257801.0,0.958706097435619,2025-04-23,19:42:30
20.50179086654126,22.037904739379883,20.500000000002665,0.03140520652836386,0.0,0.0,,20.50005261433069,22.037904739379883,20.70515465443966,20.500697827820048,20.500362455966428,20.500000002883176,20.50000006157841,21.57659307031777,20.721437910338967,20.500604386520198,20.50000000210772,7025,0,20.509458508248365,20.500000029517587,628,18840.0,314.0,2025-04-23 19:43:00,2025-04-23 19:43:00,20.57106208801269,257662.0,0.9596863453865916,2025-04-23,19:43:00
20.501747480103894,21.97521209716797,20.500000000002665,0.030040123166098286,0.0,0.0,,20.50005257195895,21.97521209716797,20.70510308135513,20.500625969784206,20.500327513967136,20.500000002883034,20.500000061961924,21.50436362996422,20.715831052455993,20.500607507221684,20.50000000206204,7025,0,20.509347329775043,20.500000029598112,629,18870.0,314.5,2025-04-23 19:43:30,2025-04-23 19:43:30,20.59921646118164,257675.0,0.9589513194916076,2025-04-23,19:43:30
20.50174341659732,21.97521209716797,20.500000000002665,0.02995766556902066,0.0,0.0,,20.500052540584928,21.97521209716797,20.70501469178426,20.50056156495284,20.500295930002185,20.500000002885024,20.50000006233569,21.50435270411191,20.713886295088276,20.500609669904065,20.50000000203274,7025,0,20.50931162862117,20.50000002983119,630,18900.0,315.0,2025-04-23 19:44:00,2025-04-23 19:44:00,20.599510192871094,257767.0,0.959131029670206,2025-04-23,19:44:00
20.50179440747934,22.02514076,20.500000000002665,0.031425432241448774,0.0,0.0,,20.500052520101992,22.02514076,20.705706960102347,20.500503834275978,20.500267383217256,20.500000002889443,20.500000062700927,21.5862377027262,20.720152259604763,20.50061166426325,20.50000000201176,7025,0,20.50945911977611,20.500000030060185,631,18930.0,315.5,2025-04-23 19:44:30,2025-04-23 19:44:30,20.62342643737793,257843.0,0.95885656436281,2025-04-23,19:44:30
20.501802587065143,22.02514076,20.500000000002665,0.0315214528890407,0.0,0.0,,20.500052510482128,22.02514076,20.706352576629158,20.500452080821166,20.50024158312589,20.5000000028952,20.500000063060277,21.586249677071258,20.722520154830434,20.500614228242597,20.500000001971934,7025,0,20.509523686084897,20.500000030285406,632,18960.0,316.0,2025-04-23 19:45:00,2025-04-23 19:45:00,20.65659141540528,257561.0,0.9577487226326968,2025-04-23,19:45:00
20.501781224316037,22.00299072265625,20.500000000002665,0.030808984751107944,0.0,0.0,,20.500052511748972,22.00299072265625,20.706586709713516,20.500405681037527,20.50021826677915,20.500000002901754,20.5000000634155,21.544149307225233,20.72006083230094,20.500616790837277,20.500000001941977,7025,0,20.50948111571178,20.500000030506584,633,18990.0,316.5,2025-04-23 19:45:30,2025-04-23 19:45:30,20.59202003479004,257941.0,0.9590497439336902,2025-04-23,19:45:30
20.501780856272077,22.00299072265625,20.500000000002665,0.030781993688174816,0.0,0.0,,20.500052523941367,22.00299072265625,20.706780916592102,20.500364076958583,20.500197196192374,20.50000000291026,20.50000006376915,21.544144225472692,20.719373716558007,20.500618871559777,20.50000000189916,7025,0,20.509474918465905,20.500000030721623,634,19020.0,317.0,2025-04-23 19:46:00,2025-04-23 19:46:00,20.628721237182617,257897.0,0.9583377763215548,2025-04-23,19:46:00
20.50178144020758,22.00299072265625,20.500000000002665,0.030774897967055344,0.0,0.0,,20.500052547069604,22.00299072265625,20.7069497808869,20.500326769242136,20.500178156006765,20.500000002920512,20.500000064123697,21.544142905521795,20.71916363597827,20.50062062840572,20.500000001863484,7025,0,20.509477590034475,20.500000030931673,635,19050.0,317.5,2025-04-23 19:46:30,2025-04-23 19:46:30,20.570924758911133,258128.0,0.9596985313487882,2025-04-23,19:46:30
20.501782236936574,22.00299072265625,20.500000000002665,0.030773389332077274,0.0,0.0,,20.500052581072325,22.00299072265625,20.70709935617549,20.50029331095612,20.500160951365235,20.50000000293085,20.50000006448085,21.544142496933627,20.719096627258,20.50062217318236,20.50000000180061,7025,0,20.509482384209875,20.500000031137038,636,19080.0,318.0,2025-04-23 19:47:00,2025-04-23 19:47:00,20.639204025268555,258045.0,0.9589387267724622,2025-04-23,19:47:00
20.501767086497203,22.026439666748047,20.500000000002665,0.03037340589254358,0.0,0.0,,20.500052625785067,22.026439666748047,20.70759873177896,20.500263302029545,20.50014540598362,20.500000002941423,20.50000006484175,21.512261713875382,20.71629903820299,20.50062340820707,20.500000001746532,7025,0,20.50943668435184,20.500000031337947,637,19110.0,318.5,2025-04-23 19:47:30,2025-04-23 19:47:30,20.62790298461914,258437.0,0.9593352901287354,2025-04-23,19:47:30
20.50176564445592,22.026439666748047,20.500000000002665,0.03035036811455113,0.0,0.0,,20.500052680924625,22.026439666748047,20.708056655684032,20.500236384296663,20.50013136039994,20.500000002953414,20.500000065207047,21.512256422349644,20.715183645947025,20.500624197944717,20.50000000169555,7025,0,20.509424922442435,20.500000031534974,638,19140.0,319.0,2025-04-23 19:48:00,2025-04-23 19:48:00,20.634370803833008,258293.0,0.959585323160132,2025-04-23,19:48:00
20.501777306383687,21.946308135986328,20.500000000002665,0.030568781439259642,0.0,0.0,,20.50005274608704,21.946308135986328,20.70721456321262,20.50021223707019,20.500118670385675,20.50000000296622,20.500000065576337,21.547802136359334,20.717688268838593,20.500624914731162,20.500000001673982,7025,0,20.509463581000706,20.500000031728838,639,19170.0,319.5,2025-04-23 19:48:30,2025-04-23 19:48:30,20.513477325439453,258052.0,0.9593552123215476,2025-04-23,19:48:30
20.501778038740618,21.946308135986328,20.500000000002665,0.030568036709531028,0.0,0.0,,20.500052820754306,21.946308135986328,20.706418421485118,20.50019057318667,20.50010720550463,20.500000002979686,20.500000065948715,21.547807032235216,20.718540318124973,20.500625815494793,20.50000000162726,7025,0,20.50946811800133,20.50000003192119,640,19200.0,320.0,2025-04-23 19:49:00,2025-04-23 19:49:00,20.58618927001953,258316.0,0.9604283730972916,2025-04-23,19:49:00
20.501718629103557,21.974578857421875,20.500000000002665,0.028997831169917974,0.0,0.0,,20.50005290430647,21.974578857421875,20.706146836246976,20.500171135472762,20.500096847806063,20.50000000299361,20.500000066323665,21.440380906977264,20.709556735826332,20.5006262025712,20.500000001571554,7025,0,20.509278532372555,20.50000003211086,641,19230.0,320.5,2025-04-23 19:49:30,2025-04-23 19:49:30,20.53205108642578,257742.0,0.9590779005749936,2025-04-23,19:49:30
20.501709116632043,21.974578857421875,20.500000000002665,0.028875325427559145,0.0,0.0,,20.500052996039056,21.974578857421875,20.705928379981476,20.50015369358751,20.500087490639675,20.500000003007862,20.50000006669982,21.440363895234764,20.70601987537004,20.50062538885964,20.500000001547527,7025,0,20.509203085038518,20.500000032299845,642,19260.0,321.0,2025-04-23 19:50:00,2025-04-23 19:50:00,20.60186004638672,258255.0,0.9591892581944202,2025-04-23,19:50:00
20.501739953064387,22.039905548095703,20.500000000002665,0.02988768716528741,0.0,0.0,,20.500053095183574,22.039905548095703,20.706763727957174,20.500138041200135,20.50007903758174,20.500000003022645,20.500000067075423,21.491470645331717,20.708602661412726,20.50062425088356,20.500000001505363,7025,0,20.50927222813397,20.500000032488284,643,19290.0,321.5,2025-04-23 19:50:30,2025-04-23 19:50:30,20.59883499145508,258024.0,0.9587471150939448,2025-04-23,19:50:30
20.50174250212343,22.039905548095703,20.500000000002665,0.02994336977847697,0.0,0.0,,20.500053200924484,22.039905548095703,20.707548566605876,20.500123993467106,20.50007140146175,20.500000003037055,20.5000000674491,21.491476155261516,20.709154436960098,20.500623501628485,20.500000001470493,7025,0,20.509297167833452,20.50000003267611,644,19320.0,322.0,2025-04-23 19:51:00,2025-04-23 19:51:00,20.61261558532715,257878.0,0.9587740496475078,2025-04-23,19:51:00
20.50178403367635,22.034900665283203,20.500000000002665,0.03105105321547765,0.0,0.0,,20.50005331240557,22.034900665283203,20.70817317752957,20.500111384776837,20.5000645034808,20.500000003051674,20.500000067819208,21.561913380024873,20.715335633393696,20.50062335734052,20.500000001426926,7025,0,20.509435924028494,20.500000032864165,645,19350.0,322.5,2025-04-23 19:51:30,2025-04-23 19:51:30,20.623655319213867,257717.0,0.9577277352677548,2025-04-23,19:51:30
20.501791276599075,22.034900665283203,20.500000000002665,0.03114583814756528,0.0,0.0,,20.500053428727945,22.034900665283203,20.70872007148013,20.500100066733033,20.50005827241287,20.500000003067235,20.50000006818343,21.56192508120568,20.717712768021727,20.50062411611359,20.500000001389967,7025,0,20.509494402658433,20.500000033050895,646,19380.0,323.0,2025-04-23 19:52:00,2025-04-23 19:52:00,20.652862548828125,258323.0,0.9599500915520492,2025-04-23,19:52:00
20.501752728239595,21.99445915222168,20.500000000002665,0.029973807666817818,0.0,0.0,,20.500053548950273,21.99445915222168,20.708567404105512,20.500089906351278,20.500052643881492,20.500000003082953,20.50000006854018,21.494963752188937,20.71309195196444,20.50062498977146,20.500000001360018,7025,0,20.509396249052482,20.500000033237747,647,19410.0,323.5,2025-04-23 19:52:30,2025-04-23 19:52:30,20.601179122924805,258160.0,0.9598609510574836,2025-04-23,19:52:30
20.501748715703087,21.99445915222168,20.500000000002665,0.029908938635404444,0.0,0.0,,20.50005367210303,21.99445915222168,20.708402396316135,20.500080784446098,20.500047559704914,20.50000000309861,20.500000068887203,21.494954675054267,20.711528442951455,20.500625302746915,20.500000001323276,7025,0,20.509362278133604,20.50000003342404,648,19440.0,324.0,2025-04-23 19:53:00,2025-04-23 19:53:00,20.50711250305176,257715.0,0.9600098461478764,2025-04-23,19:53:00
20.501746684725084,21.99445915222168,20.500000000002665,0.029880360808946085,0.0,0.0,,20.50005379722194,21.99445915222168,20.708249527429825,20.50007259418839,20.500042967303266,20.500000003114444,20.500000069222168,21.494951970012572,20.710834504701293,20.500625321790825,20.500000001296705,7025,0,20.50934609799507,20.500000033608206,649,19470.0,324.5,2025-04-23 19:53:30,2025-04-23 19:53:30,20.35370826721192,257637.0,0.9600224225363592,2025-04-23,19:53:30
20.501745342848942,21.99445915222168,20.500000000002665,0.029863740437260707,0.0,0.0,,20.500053923393914,21.99445915222168,20.708114503857775,20.500065239814738,20.50003881916181,20.500000003130378,20.500000069542732,21.49495087664627,20.7104350607202,20.500625215285847,20.500000001263363,7025,0,20.509335959910462,20.500000033789952,650,19500.0,325.0,2025-04-23 19:54:00,2025-04-23 19:54:00,20.387157440185547,257573.0,0.9592550582747416,2025-04-23,19:54:00
20.50151527954273,21.685510635375977,20.500000000002665,0.023547092491685184,0.0,0.0,,20.500054049802337,21.685510635375977,20.70317565592394,20.500058635472705,20.500035072345383,20.5000000031469,20.500000069847246,21.15611000339309,20.68062616321069,20.50062338655905,20.50000000121386,7025,0,20.508628229086096,20.50000003396885,651,19530.0,325.5,2025-04-23 19:54:30,2025-04-23 19:54:30,20.271015167236328,257338.0,0.959341410907056,2025-04-23,19:54:30
20.50147349275244,21.685510635375977,20.500000000002665,0.022956077414342316,0.0,0.0,,20.500054175756784,21.685510635375977,20.698612833659567,20.500052704187553,20.500031688058954,20.500000003163763,20.500000070133442,21.156054077230134,20.668569475458014,20.500617682798822,20.500000001207294,7025,0,20.508296068794355,20.500000034144342,652,19560.0,326.0,2025-04-23 19:55:00,2025-04-23 19:55:00,20.319067001342773,257182.0,0.9582573090262928,2025-04-23,19:55:00
20.501384344121593,21.765289306640625,20.500000000002665,0.021453177329001077,0.0,0.0,,20.5000543007,21.765289306640625,20.695795179223868,20.500047376937466,20.50002863125001,20.500000003179434,20.500000070400887,21.03646659607652,20.651598256289102,20.500609460179245,20.500000001183427,7025,0,20.507888864209598,20.500000034315413,653,19590.0,326.5,2025-04-23 19:55:30,2025-04-23 19:55:30,20.22587203979492,257464.0,0.9602378269389118,2025-04-23,19:55:30
20.501353206193933,21.765289306640625,20.500000000002665,0.021134521968973318,0.0,0.0,,20.500054424192662,21.765289306640625,20.69337380513482,20.500042591826123,20.500025870248876,20.500000003195595,20.500000070649556,21.036437052390013,20.64302125727787,20.500599252187474,20.500000001168836,7025,0,20.50765936630641,20.5000000344808,654,19620.0,327.0,2025-04-23 19:56:00,2025-04-23 19:56:00,20.28248405456543,257546.0,0.9584367331467,2025-04-23,19:56:00
20.501289919941012,21.689184188842773,20.500000000002665,0.019883738759991575,0.0,0.0,,20.500054545876022,21.689184188842773,20.690080643434,20.500038293341706,20.50002337644344,20.500000003212158,20.50000007087969,20.981767982612087,20.63269667966048,20.500588044983076,20.500000001126196,7025,0,20.507373584349853,20.500000034638248,655,19650.0,327.5,2025-04-23 19:56:30,2025-04-23 19:56:30,20.256458282470703,257581.0,0.9595231694107872,2025-04-23,19:56:30
20.501262934250597,21.689184188842773,20.500000000002665,0.01962319842082993,0.0,0.0,,20.500054665403212,21.689184188842773,20.687140565493884,20.50003443169375,20.500021123984798,20.500000003228937,20.50000007109165,20.981750928557823,20.626652289787486,20.5005761396033,20.500000001106933,7025,0,20.507180497935227,20.500000034789736,656,19680.0,328.0,2025-04-23 19:57:00,2025-04-23 19:57:00,20.30133819580078,257464.0,0.9580985108597708,2025-04-23,19:57:00
20.50126590428481,21.648605346679688,20.500000000002665,0.019841351196620057,0.0,0.0,,20.500054782334107,21.648605346679688,20.683912987902893,20.500030962219363,20.500019089521352,20.50000000324646,20.5000000712854,21.032479326150145,20.626769907372125,20.50056439113102,20.500000001088633,7025,0,20.507107316678717,20.50000003493348,657,19710.0,328.5,2025-04-23 19:57:30,2025-04-23 19:57:30,20.233198165893555,257646.0,0.9594586055091094,2025-04-23,19:57:30
20.501250321898645,21.648605346679688,20.500000000002665,0.01971620594170642,0.0,0.0,,20.500054896016138,21.648605346679688,20.68104558343709,20.50002784485143,20.5000172519582,20.500000003263946,20.500000071459443,21.032481583904655,20.62518330274082,20.500553402998257,20.500000001080142,7025,0,20.507003737046514,20.50000003506738,658,19740.0,329.0,2025-04-23 19:58:00,2025-04-23 19:58:00,20.242843627929688,257722.0,0.9586383292850436,2025-04-23,19:58:00
20.501207437186387,21.6682243347168,20.500000000002665,0.019060983888795412,0.0,0.0,,20.50005500549201,21.6682243347168,20.678824245059854,20.50002504364259,20.500015592239507,20.500000003280626,20.500000071610284,20.980706290482534,20.61889525947577,20.500542788942084,20.50000000105645,7025,0,20.50681454681357,20.500000035192205,659,19770.0,329.5,2025-04-23 19:58:30,2025-04-23 19:58:30,20.25003433227539,257635.0,0.959434252915947,2025-04-23,19:58:30
20.501189561090573,21.6682243347168,20.500000000002665,0.018921581502260202,0.0,0.0,,20.50005510945985,21.6682243347168,20.676884234733492,20.500022526338537,20.500014093151968,20.50000000329641,20.50000007173123,20.980695621089446,20.61546147375495,20.500532192097833,20.500000001039243,7025,0,20.50669010831436,20.500000035310393,660,19800.0,330.0,2025-04-23 19:59:00,2025-04-23 19:59:00,20.277517318725582,257772.0,0.9592429913838586,2025-04-23,19:59:00
20.501174881575103,21.6682243347168,20.500000000002665,0.01882154602014491,0.0,0.0,,20.500055206288273,21.6682243347168,20.67518088332081,20.500020263996362,20.50001273914701,20.50000000331201,20.500000071813474,20.980690604309025,20.613073673682734,20.50052191542478,20.500000001011646,7025,0,20.50659151516061,20.50000003541549,661,19830.0,330.5,2025-04-23 19:59:30,2025-04-23 19:59:30,20.3154239654541,258020.0,0.960681887547477,2025-04-23,19:59:30
20.501162164112653,21.6682243347168,20.500000000002665,0.018742240044086696,0.0,0.0,,20.500055294071835,21.6682243347168,20.6736812399272,20.500018230642105,20.50001151618004,20.500000003326658,20.500000071847065,20.980687372381862,20.611211587415575,20.500512140880527,20.500000001012808,7025,0,20.506507805385475,20.500000035510354,662,19860.0,331.0,2025-04-23 20:00:00,2025-04-23 20:00:00,20.35976791381836,257918.0,0.9594132752463962,2025-04-23,20:00:00
20.501241638196973,21.721927642822266,20.500000000002665,0.02085899787093707,0.0,0.0,,20.500055370712264,21.721927642822266,20.673196838452373,20.500016402964096,20.500010411565405,20.500000003340485,20.500000071821113,21.127483285795957,20.62248428099726,20.500503649013346,20.500000000997815,7025,0,20.50671530282364,20.50000003559142,663,19890.0,331.5,2025-04-23 20:00:30,2025-04-23 20:00:30,20.39378929138184,257746.0,0.959109270851924,2025-04-23,20:00:30
20.50124689139598,21.721927642822266,20.500000000002665,0.0209788759870233,0.0,0.0,,20.500055434015238,21.721927642822266,20.672804664617775,20.500014760038518,20.50000941384489,20.500000003353733,20.500000071726213,21.12750540609017,20.62634710722847,20.500497339527893,20.50000000096581,7025,0,20.50677115669474,20.500000035655702,664,19920.0,332.0,2025-04-23 20:01:00,2025-04-23 20:01:00,20.398515701293945,257418.0,0.9584774933182606,2025-04-23,20:01:00
20.50131519730444,21.75706672668457,20.500000000002665,0.02277754741694234,0.0,0.0,,20.500055481795993,21.75706672668457,20.673012079930576,20.500013283083074,20.500008512669314,20.500000003367468,20.500000071553863,21.23765439667219,20.637642723211616,20.500492885522796,20.500000000950855,7025,0,20.50699481550427,20.500000035702264,665,19950.0,332.5,2025-04-23 20:01:30,2025-04-23 20:01:30,20.53567886352539,257891.0,0.9578067260005196,2025-04-23,20:01:30
20.501325936360598,21.75706672668457,20.500000000002665,0.02293082761086517,0.0,0.0,,20.500055511986837,21.75706672668457,20.673214774273426,20.50001195523644,20.500007698691117,20.50000000338138,20.500000071297983,21.23767534389933,20.642433313054656,20.500490429592716,20.500000000945068,7025,0,20.507085543781486,20.500000035727584,666,19980.0,333.0,2025-04-23 20:02:00,2025-04-23 20:02:00,20.481164932250977,258022.0,0.9587676874452566,2025-04-23,20:02:00
20.50135703480009,21.79261589050293,20.500000000002665,0.023722299822963314,0.0,0.0,,20.5000555227394,21.79261589050293,20.6739468400616,20.50001076136045,20.50000696346771,20.500000003393914,20.500000070954933,21.27419096491503,20.64830412422223,20.500489274728388,20.500000000927486,7025,0,20.507211721644495,20.500000035583227,667,20010.0,333.5,2025-04-23 20:02:30,2025-04-23 20:02:30,20.48507308959961,258175.0,0.9593854096058876,2025-04-23,20:02:30
20.50136587677422,21.79261589050293,20.500000000002665,0.023831468173848163,0.0,0.0,,20.500055512516134,21.79261589050293,20.674609649370534,20.50000968786306,20.50000629937384,20.500000003404455,20.500000070524433,21.27420114538889,20.65140710045797,20.50048916264541,20.500000000911562,7025,0,20.507281740207983,20.500000035501785,668,20040.0,334.0,2025-04-23 20:03:00,2025-04-23 20:03:00,20.51618194580078,257964.0,0.9574232620636988,2025-04-23,20:03:00
20.50140091381767,21.852758407592773,20.500000000002665,0.024758284415460113,0.0,0.0,,20.500055480168857,21.852758407592773,20.676130095723973,20.500008722539178,20.50000569952238,20.50000000341382,20.500000070007495,21.312511917268516,20.65680712100452,20.500489844429993,20.500000000899504,7025,0,20.5074175688185,20.500000035462676,669,20070.0,334.5,2025-04-23 20:03:30,2025-04-23 20:03:30,20.4940185546875,258235.0,0.9587985507386684,2025-04-23,20:03:30
20.501411561261023,21.852758407592773,20.500000000002665,0.024882271075878603,0.0,0.0,,20.500055425001285,21.852758407592773,20.677504373448002,20.500007854428272,20.500005157693018,20.500000003421658,20.50000006940841,21.312521267864163,20.659690904874644,20.500491335190688,20.50000000087519,7025,0,20.507500361524908,20.50000003499454,670,20100.0,335.0,2025-04-23 20:04:00,2025-04-23 20:04:00,20.42142868041992,257807.0,0.959116764187939,2025-04-23,20:04:00
20.501366036407575,21.769437789916992,20.500000000002665,0.023427997614948726,0.0,0.0,,20.50005534681192,21.769437789916992,20.677416546389267,20.500007073686938,20.5000046682678,20.500000003427438,20.500000068733392,21.23490621058892,20.65487073048098,20.50049290947093,20.50000000085877,7025,0,20.507398788281368,20.500000034909853,671,20130.0,335.5,2025-04-23 20:04:30,2025-04-23 20:04:30,20.42920112609864,257726.0,0.9589131844478244,2025-04-23,20:04:30
20.501363221251285,21.769437789916992,20.500000000002665,0.0233665034216742,0.0,0.0,,20.500055245914652,21.769437789916992,20.677274926593014,20.50000637147395,20.500004226172383,20.500000003430777,20.500000067991678,21.234896318072646,20.653633852170792,20.500493843530528,20.500000000832816,7025,0,20.507372241784246,20.500000033755327,672,20160.0,336.0,2025-04-23 20:05:00,2025-04-23 20:05:00,20.54119300842285,258013.0,0.9586255707076776,2025-04-23,20:05:00
20.501362545229263,21.769437789916992,20.500000000002665,0.023344532258091525,0.0,0.0,,20.50005512313615,21.769437789916992,20.677130703827757,20.50000573984783,20.500003826823853,20.500000003432184,20.500000067195053,21.234893909601766,20.653354221577366,20.50049444612771,20.5000000008189,7025,0,20.507365325257013,20.500000033623344,673,20190.0,336.5,2025-04-23 20:05:30,2025-04-23 20:05:30,20.517520904541016,258037.0,0.958976692296066,2025-04-23,20:05:30
20.501362479342255,21.769437789916992,20.500000000002665,0.023334604603194142,0.0,0.0,,20.500054979793315,21.769437789916992,20.676998716918977,20.50000517167464,20.50000346608293,20.500000003431552,20.5000000663569,21.23489330668191,20.65334819074017,20.500494897786783,20.50000000081314,7025,0,20.507364080971463,20.500000032432943,674,20220.0,337.0,2025-04-23 20:06:00,2025-04-23 20:06:00,20.47618865966797,257812.0,0.9588967687694908,2025-04-23,20:06:00
20.50136259130694,21.769437789916992,20.500000000002665,0.023329196652730477,0.0,0.0,,20.500054817651613,21.769437789916992,20.67688205292495,20.50000466054528,20.50000314021099,20.50000000342776,20.500000065491562,21.23489318998574,20.653421473131804,20.500495258669165,20.500000000794373,7025,0,20.507364553399615,20.500000031983262,675,20250.0,337.5,2025-04-23 20:06:30,2025-04-23 20:06:30,20.4066104888916,257153.0,0.958437134215817,2025-04-23,20:06:30
20.501362744956417,21.769437789916992,20.500000000002665,0.02332586328377539,0.0,0.0,,20.50005463886066,21.769437789916992,20.676780030610946,20.500004200701518,20.500002845831357,20.500000003421693,20.50000006461391,21.23489321663125,20.65351413061395,20.500495548607397,20.50000000077814,7025,0,20.50736549083206,20.500000031312794,676,20280.0,338.0,2025-04-23 20:07:00,2025-04-23 20:07:00,20.54624366760254,257868.0,0.9591752127057254,2025-04-23,20:07:00
20.501432493016374,21.813308715820312,20.500000000002665,0.025213886503003675,0.0,0.0,,20.500054445861903,21.813308715820312,20.677375608913664,20.50000378696935,20.500002579894222,20.50000000341266,20.500000063737765,21.34705268168841,20.663382487496825,20.50049631810353,20.500000000766846,7025,0,20.50758146856925,20.500000029652337,677,20310.0,338.5,2025-04-23 20:07:30,2025-04-23 20:07:30,20.466672897338867,257826.0,0.9601059677844748,2025-04-23,20:07:30
20.501444347602398,21.813308715820312,20.500000000002665,0.025354607530596387,0.0,0.0,,20.50005424127342,21.813308715820312,20.677931193403456,20.500003414699524,20.50000233964482,20.500000003401674,20.50000006287563,21.347071143055228,20.667389778582425,20.500498247705334,20.50000000075391,7025,0,20.50767465107756,20.500000028883655,678,20340.0,339.0,2025-04-23 20:08:00,2025-04-23 20:08:00,20.523653030395508,257956.0,0.9599988709314768,2025-04-23,20:08:00
20.501439208355734,21.65702247619629,20.500000000002665,0.024872534993745605,0.0,0.0,,20.500054027766794,21.65702247619629,20.675988228498344,20.500003079713906,20.500002122595234,20.500000003388987,20.500000062039085,21.353798241589367,20.6701651977215,20.500500698815046,20.50000000073586,7025,0,20.507697712105795,20.500000027768156,679,20370.0,339.5,2025-04-23 20:08:30,2025-04-23 20:08:30,20.43328666687012,257852.0,0.9603534076718429,2025-04-23,20:08:30
20.501440770859055,21.65702247619629,20.500000000002665,0.024847288879080238,0.0,0.0,,20.500053807952682,21.65702247619629,20.674167861474363,20.50000277825744,20.500001926498364,20.50000000337332,20.50000006123625,21.353802634146007,20.671878285708146,20.500503205819424,20.50000000073128,7025,0,20.507701698597778,20.50000002677269,680,20400.0,340.0,2025-04-23 20:09:00,2025-04-23 20:09:00,20.36230659484864,257806.0,0.9606173707167404,2025-04-23,20:09:00
20.501342938104735,21.58888053894043,20.500000000002665,0.022101424915701353,0.0,0.0,,20.500053584289084,21.58888053894043,20.671475928079545,20.50000250695513,20.500001749324817,20.500000003356234,20.50000006047348,21.19607259684151,20.659373997092423,20.500504748195176,20.500000000729564,7025,0,20.507395381008784,20.5000000259577,681,20430.0,340.5,2025-04-23 20:09:30,2025-04-23 20:09:30,20.357236862182617,257760.0,0.9610758311995656,2025-04-23,20:09:30
20.501326586762893,21.58888053894043,20.500000000002665,0.02185730868857708,0.0,0.0,,20.500053359019685,21.58888053894043,20.669057330866433,20.500002262773446,20.500001589241535,20.500000003337135,20.500000059755024,21.196048495191057,20.65483459739415,20.500504274763266,20.500000000724885,7025,0,20.507259479210692,20.50000002436058,682,20460.0,341.0,2025-04-23 20:10:00,2025-04-23 20:10:00,20.40057373046875,257605.0,0.9601936588963724,2025-04-23,20:10:00
20.501345854675034,21.60267639160156,20.500000000002665,0.02252533960744426,0.0,0.0,,20.50005313414068,21.60267639160156,20.667138098449097,20.50000204298539,20.500001444592957,20.50000000331627,20.500000059082794,21.245132235769056,20.65693554889896,20.500502906796463,20.50000000070487,7025,0,20.507267637998496,20.500000023833287,683,20490.0,341.5,2025-04-23 20:10:30,2025-04-23 20:10:30,20.372482299804688,257797.0,0.9598531620810172,2025-04-23,20:10:30
20.501342507266443,21.60267639160156,20.500000000002665,0.022495387985004556,0.0,0.0,,20.50005291137989,21.60267639160156,20.665463851472694,20.500001845139575,20.500001313884045,20.500000003292957,20.500000058458827,21.24513681700483,20.657325510545295,20.500501475484604,20.500000000693458,7025,0,20.50724257237387,20.50000002311844,684,20520.0,342.0,2025-04-23 20:11:00,2025-04-23 20:11:00,20.362525939941406,257836.0,0.96024780529096,2025-04-23,20:11:00
20.501321247721773,21.581396102905277,20.500000000002665,0.021966619567981654,0.0,0.0,,20.50005269216889,21.581396102905277,20.663666593750165,20.500001667032052,20.500001195764824,20.50000000326796,20.50000005788404,21.21911460600146,20.65504316040592,20.500499821090813,20.500000000686324,7025,0,20.507159085176774,20.500000021963096,685,20550.0,342.5,2025-04-23 20:11:30,2025-04-23 20:11:30,20.31719398498535,257777.0,0.9610194809855028,2025-04-23,20:11:30
20.501314357447086,21.581396102905277,20.500000000002665,0.021889652294185238,0.0,0.0,,20.500052477600295,21.581396102905277,20.662074254199478,20.50000150668143,20.500001089016013,20.5000000032412,20.500000057359507,21.219110351300497,20.654031271654432,20.500497752183467,20.500000000673136,7025,0,20.50710519822962,20.500000021453182,686,20580.0,343.0,2025-04-23 20:12:00,2025-04-23 20:12:00,20.437442779541016,258127.0,0.9609981835491832,2025-04-23,20:12:00
20.501308738223898,21.581396102905277,20.500000000002665,0.021835421502147873,0.0,0.0,,20.500052268379914,21.581396102905277,20.660671356270964,20.50000136230611,20.500000992536638,20.50000000321393,20.500000056885835,21.219108698181063,20.653430656019857,20.500495439331285,20.500000000657245,7025,0,20.507062509692556,20.50000002104804,687,20610.0,343.5,2025-04-23 20:12:30,2025-04-23 20:12:30,20.425439834594727,258092.0,0.9609145551779984,2025-04-23,20:12:30
20.50130383579487,21.581396102905277,20.500000000002665,0.021792951416250685,0.0,0.0,,20.50005206479239,21.581396102905277,20.65943687449927,20.500001232304218,20.500000905332733,20.500000003184052,20.50000005646304,21.219107789299418,20.653003906496057,20.50049300790722,20.500000000646565,7025,0,20.50702597308938,20.50000001998617,688,20640.0,344.0,2025-04-23 20:13:00,2025-04-23 20:13:00,20.44061088562012,258043.0,0.9613640580252129,2025-04-23,20:13:00
20.501299456563185,21.581396102905277,20.500000000002665,0.021758264781543312,0.0,0.0,,20.500051866697852,21.581396102905277,20.658350254595955,20.500001115235243,20.500000826506405,20.500000003154316,20.5000000560894,21.21910716918415,20.6526731338536,20.50049053245747,20.500000000635964,7025,0,20.506993827582797,20.500000019268803,689,20670.0,344.5,2025-04-23 20:13:30,2025-04-23 20:13:30,20.444923400878903,258063.0,0.9607230114351922,2025-04-23,20:13:30
20.50129550934948,21.581396102905277,20.500000000002665,0.02172939558380461,0.0,0.0,,20.500051673564986,21.581396102905277,20.657392992863617,20.5000010098038,20.50000075524742,20.50000000312492,20.500000055762754,21.219106701301108,20.65240642905228,20.500488062036435,20.500000000624105,7025,0,20.50696524585771,20.500000018677138,690,20700.0,345.0,2025-04-23 20:14:00,2025-04-23 20:14:00,20.43027305603028,258174.0,0.9613802125698172,2025-04-23,20:14:00
20.501342182800833,21.59047508239746,20.500000000002665,0.023084786337689334,0.0,0.0,,20.50005148453505,21.59047508239746,20.656690568849136,20.500000914845025,20.50000069082375,20.50000000309608,20.50000005547958,21.30422929197407,20.659606739211643,20.50048603762812,20.500000000612356,7025,0,20.507095937395647,20.50000001818632,691,20730.0,345.5,2025-04-23 20:14:30,2025-04-23 20:14:30,20.410852432250977,258102.0,0.9615536565970044,2025-04-23,20:14:30
20.501347086730785,21.59047508239746,20.500000000002665,0.023165184689817365,0.0,0.0,,20.50005129850576,21.59047508239746,20.656076632965394,20.500000829311155,20.500000632574817,20.50000000306714,20.500000055236008,21.304242945294924,20.66240120704756,20.500484974442085,20.5000000006045,7025,0,20.507136673292607,20.500000017424725,692,20760.0,346.0,2025-04-23 20:15:00,2025-04-23 20:15:00,20.421037673950195,257914.0,0.9606004811681412,2025-04-23,20:15:00
20.501365995266426,21.60766602,20.500000000002665,0.023684728290855984,0.0,0.0,,20.5000511142242,21.60766602,20.655803554550012,20.50000075225997,20.500000579904093,20.500000003038597,20.500000055027165,21.330200163587225,20.666114759080646,20.500484512090747,20.50000000059261,7025,0,20.507203932783515,20.500000016413587,693,20790.0,346.5,2025-04-23 20:15:30,2025-04-23 20:15:30,20.438232421875,257861.0,0.9604776774114736,2025-04-23,20:15:30
20.50136998723357,21.60766602,20.500000000002665,0.02373790210906918,0.0,0.0,,20.500050930379153,21.60766602,20.655572670137577,20.500000682843925,20.50000053227288,20.500000003010804,20.500000054848492,21.330206660351447,20.66796476445892,20.50048453547822,20.500000000584794,7025,0,20.507234205218715,20.500000016099943,694,20820.0,347.0,2025-04-23 20:16:00,2025-04-23 20:16:00,20.457883834838867,257913.0,0.9603815046158976,2025-04-23,20:16:00
20.501375076438503,21.586727142333984,20.500000000002665,0.023818431030327217,0.0,0.0,,20.500050745685783,21.586727142333984,20.655042314724348,20.500000620300646,20.500000489194807,20.500000002983715,20.500000054694734,21.338433065702727,20.669865607303908,20.500484820421715,20.500000000575717,7025,0,20.507261058572848,20.500000015250624,695,20850.0,347.5,2025-04-23 20:16:30,2025-04-23 20:16:30,20.416858673095703,257831.0,0.9615428808017656,2025-04-23,20:16:30
20.501377077119447,21.586727142333984,20.500000000002665,0.023837597209178298,0.0,0.0,,20.5000505589585,21.586727142333984,20.654557673204224,20.50000056394436,20.500000450230672,20.50000000295758,20.500000054561614,21.338436157336385,20.671025524979523,20.50048526246177,20.500000000567056,7025,0,20.507274107242164,20.500000014688645,696,20880.0,348.0,2025-04-23 20:17:00,2025-04-23 20:17:00,20.44226455688477,257737.0,0.960711767227833,2025-04-23,20:17:00
20.501403999514256,21.626766204833984,20.500000000002665,0.024608024380889576,0.0,0.0,,20.50005036916955,21.626766204833984,20.654749142688743,20.500000513158163,20.500000414984424,20.500000002932715,20.500000054445508,21.375231276298432,20.675074712733128,20.500485925526707,20.500000000557208,7025,0,20.507360005746875,20.50000001395775,697,20910.0,348.5,2025-04-23 20:17:30,2025-04-23 20:17:30,20.44601058959961,257743.0,0.9604932287200816,2025-04-23,20:17:30
20.501409667734602,21.626766204833984,20.500000000002665,0.024676174804382923,0.0,0.0,,20.500050175493453,21.626766204833984,20.654942628716615,20.500000467386965,20.500000383097216,20.50000000290907,20.50000005434376,21.375238495728574,20.677023480501237,20.500486992558272,20.500000000552294,7025,0,20.507402710994164,20.500000013094695,698,20940.0,349.0,2025-04-23 20:18:00,2025-04-23 20:18:00,20.43107795715332,257927.0,0.960539525233884,2025-04-23,20:18:00
20.501404186764958,21.613380432128903,20.500000000002665,0.024435917126895763,0.0,0.0,,20.500049977336534,21.613380432128903,20.654908191784525,20.500000426131344,20.500000354246026,20.50000000288576,20.500000054254233,21.36134899789585,20.677045039087705,20.500488165697345,20.500000000541537,7025,0,20.50740216382088,20.500000012378536,699,20970.0,349.5,2025-04-23 20:18:30,2025-04-23 20:18:30,20.45014381408692,257645.0,0.9597086106852452,2025-04-23,20:18:30
20.50140566356796,21.613380432128903,20.500000000002665,0.02444164730636369,0.0,0.0,,20.500049774350643,21.613380432128903,20.65486655645399,20.50000038894199,20.500000328138363,20.500000002863846,20.500000054175715,21.36134850003625,20.677468533995718,20.50048922181577,20.500000000532374,7025,0,20.507410483429354,20.500000012112537,700,21000.0,350.0,2025-04-23 20:19:00,2025-04-23 20:19:00,20.455427169799805,257596.0,0.9592807754196494,2025-04-23,20:19:00
20.50140717471861,21.613380432128903,20.500000000002665,0.0244506789949966,0.0,0.0,,20.50004956643047,21.613380432128903,20.65482456744099,20.500000355414393,20.500000304510227,20.500000002843088,20.50000005410942,21.36134895737403,20.677927150494572,20.50049018050949,20.500000000526573,7025,0,20.507419735432613,20.50000001193624,701,21030.0,350.5,2025-04-23 20:19:30,2025-04-23 20:19:30,20.46466636657715,257607.0,0.9597531317083776,2025-04-23,20:19:30
20.501408543215778,21.613380432128903,20.500000000002665,0.024459206129955193,0.0,0.0,,20.500049353698994,21.613380432128903,20.654784529962242,20.500000325184565,20.500000283123143,20.500000002824173,20.500000054056038,21.361349530839114,20.678341688631075,20.500491060653935,20.50000000051345,7025,0,20.507428230097506,20.50000001191523,702,21060.0,351.0,2025-04-23 20:20:00,2025-04-23 20:20:00,20.46681022644043,257494.0,0.9597301296340884,2025-04-23,20:20:00
20.50142027928129,21.649105072021484,20.500000000002665,0.024797006501980565,0.0,0.0,,20.500049136486723,21.649105072021484,20.655304723425083,20.50000029792498,20.500000263760967,20.500000002806296,20.500000054017004,21.372981455481415,20.67971403222078,20.500491928881683,20.50000000050117,7025,0,20.50746692958301,20.50000001169584,703,21090.0,351.5,2025-04-23 20:20:30,2025-04-23 20:20:30,20.45474433898925,257484.0,0.959656049016638,2025-04-23,20:20:30
20.50142351414753,21.649105072021484,20.500000000002665,0.02483339520736043,0.0,0.0,,20.500048915308376,21.649105072021484,20.655786143529124,20.500000273340675,20.500000246229202,20.50000000278988,20.500000053993727,21.372983809977825,20.68042706245759,20.500492882839715,20.50000000049743,7025,0,20.507491280383014,20.50000001110078,704,21120.0,352.0,2025-04-23 20:21:00,2025-04-23 20:21:00,20.462127685546875,257640.0,0.9599347078287532,2025-04-23,20:21:00
20.501434397998395,21.631818771362305,20.500000000002665,0.0250785828082863,0.0,0.0,,20.50004869083568,21.631818771362305,20.655944363276078,20.500000251166043,20.50000023035179,20.500000002774865,20.500000053988316,21.390513871200667,20.682435003671355,20.50049395017564,20.5000000004926,7025,0,20.50753675057495,20.500000010427257,705,21150.0,352.5,2025-04-23 20:21:30,2025-04-23 20:21:30,20.450660705566406,257580.0,0.9594998398555789,2025-04-23,20:21:30
20.501437669511546,21.631818771362305,20.500000000002665,0.02511023975931046,0.0,0.0,,20.500048463866,21.631818771362305,20.6560701881478,20.500000231162353,20.50000021596876,20.500000002761396,20.500000054002896,21.39051739502817,20.68341652297454,20.500495181252294,20.500000000487603,7025,0,20.507560457879087,20.500000010416443,706,21180.0,353.0,2025-04-23 20:22:00,2025-04-23 20:22:00,20.439353942871094,257477.0,0.9600495869533978,2025-04-23,20:22:00
20.501458539732578,21.64595603942871,20.500000000002665,0.025667678333173294,0.0,0.0,,20.50004823528788,21.64595603942871,20.65639645786081,20.500000213113708,20.500000202936405,20.500000002748767,20.50000005403851,21.419831697021188,20.68660107044935,20.50049658984384,20.50000000048266,7025,0,20.507633765675934,20.500000010227815,707,21210.0,353.5,2025-04-23 20:22:30,2025-04-23 20:22:30,20.482391357421875,257847.0,0.959929543973752,2025-04-23,20:22:30
20.501463647784963,21.64595603942871,20.500000000002665,0.025721328072399643,0.0,0.0,,20.500048006049187,21.64595603942871,20.656691441686835,20.500000196826814,20.500000191124595,20.500000002736922,20.500000054096112,21.419837383713123,20.688095518066344,20.500498283460285,20.50000000046916,7025,0,20.507671536576016,20.50000000984309,708,21240.0,354.0,2025-04-23 20:23:00,2025-04-23 20:23:00,20.46003532409668,257888.0,0.9602518826001986,2025-04-23,20:23:00
20.50140859895067,21.62795639038086,20.500000000002665,0.024080791532548714,0.0,0.0,,20.50004777713114,21.62795639038086,20.656671374553397,20.500000182127117,20.500000180415324,20.500000002725347,20.500000054175853,21.32165285336577,20.680464507130022,20.50049959325801,20.500000000467054,7025,0,20.507515045510242,20.500000009716544,709,21270.0,354.5,2025-04-23 20:23:30,2025-04-23 20:23:30,20.452980041503903,258130.0,0.9610620738581336,2025-04-23,20:23:30
20.501401996324542,21.62795639038086,20.500000000002665,0.023978394015366517,0.0,0.0,,20.500047549527874,21.62795639038086,20.656640448679173,20.500000168856353,20.50000017070225,20.500000002715094,20.500000054277685,21.321638093501726,20.67770850559136,20.500499837076607,20.500000000463423,7025,0,20.50746008405339,20.50000000923039,710,21300.0,355.0,2025-04-23 20:24:00,2025-04-23 20:24:00,20.465576171875,258021.0,0.9612446758209604,2025-04-23,20:24:00
20.501425908567857,21.65041160583496,20.500000000002665,0.02471961390121663,0.0,0.0,,20.50004732422812,21.65041160583496,20.65695997456703,20.500000156874197,20.500000161889137,20.500000002705864,20.50000005440107,21.364672963028816,20.6801446514987,20.50049975593923,20.50000000045079,7025,0,20.507517955933686,20.500000008908795,711,21330.0,355.5,2025-04-23 20:24:30,2025-04-23 20:24:30,20.457950592041016,258006.0,0.9605269596443492,2025-04-23,20:24:30
20.501428334361233,21.65041160583496,20.500000000002665,0.024756769398611808,0.0,0.0,,20.50004710219703,21.65041160583496,20.6572563484331,20.500000146052063,20.50000015388886,20.500000002697615,20.500000054544955,21.36467791476459,20.680851805142492,20.500499925824478,20.500000000440732,7025,0,20.50753858134028,20.500000008823534,712,21360.0,356.0,2025-04-23 20:25:00,2025-04-23 20:25:00,20.46862030029297,257979.0,0.9615006817415372,2025-04-23,20:25:00
20.50139523567611,21.658939361572266,20.500000000002665,0.023830174572193642,0.0,0.0,,20.500046884357932,21.658939361572266,20.657653996957656,20.500000136275222,20.500000146622693,20.500000002690456,20.500000054708593,21.30366480104317,20.675781445985965,20.500499940892656,20.50000000042016,7025,0,20.50744151519379,20.500000008444296,713,21390.0,356.5,2025-04-23 20:25:30,2025-04-23 20:25:30,20.441251754760746,258093.0,0.961274194282681,2025-04-23,20:25:30
20.501390811705296,21.658939361572266,20.500000000002665,0.02377327594036496,0.0,0.0,,20.500046671574765,21.658939361572266,20.658010280038955,20.50000012744095,20.500000140020262,20.500000002684114,20.500000054890744,21.303655192644246,20.673758800453033,20.500499374853327,20.500000000412484,7025,0,20.50740721187435,20.500000008273933,714,21420.0,357.0,2025-04-23 20:26:00,2025-04-23 20:26:00,20.52129173278809,258285.0,0.960671109433378,2025-04-23,20:26:00
20.501439468714278,21.73700714111328,20.500000000002665,0.02525277395665335,0.0,0.0,,20.500046464634888,21.73700714111328,20.659542959288377,20.50000011945588,20.500000134017437,20.500000002679283,20.500000055090222,21.37745388180839,20.679105598063803,20.500498926800894,20.500000000407496,7025,0,20.507546471632057,20.50000000811397,715,21450.0,357.5,2025-04-23 20:26:30,2025-04-23 20:26:30,20.54032325744629,258359.0,0.9612398590720664,2025-04-23,20:26:30
20.501447116421293,21.73700714111328,20.500000000002665,0.02536294899735113,0.0,0.0,,20.500046264234832,21.73700714111328,20.66094629614503,20.50000011223481,20.500000128555687,20.500000002676387,20.500000055305545,21.37746430868389,20.680962795470965,20.500499276832066,20.500000000402423,7025,0,20.507610398755453,20.500000007572673,716,21480.0,358.0,2025-04-23 20:27:00,2025-04-23 20:27:00,20.49700736999512,258386.0,0.9613225223115804,2025-04-23,20:27:00
20.501459923535084,21.712615966796875,20.500000000002665,0.02561234842092188,0.0,0.0,,20.500046070972196,21.712615966796875,20.66181220094178,20.500000105703325,20.500000123582897,20.50000000267406,20.50000005553507,21.395234638371207,20.683359902197356,20.500500175326373,20.50000000038746,7025,0,20.50767656308767,20.500000007084047,717,21510.0,358.5,2025-04-23 20:27:30,2025-04-23 20:27:30,20.507143020629883,258094.0,0.960614640402334,2025-04-23,20:27:30
20.501464882660077,21.712615966796875,20.500000000002665,0.025664568406665,0.0,0.0,,20.500045885345486,21.712615966796875,20.662556282199223,20.500000099793684,20.50000011905217,20.50000000267221,20.500000055776187,21.39523889314405,20.684479805427667,20.50050148556707,20.500000000383412,7025,0,20.50771471311692,20.50000000697431,718,21540.0,359.0,2025-04-23 20:28:00,2025-04-23 20:28:00,20.506147384643555,258324.0,0.9611429106470945,2025-04-23,20:28:00
20.501474215196453,21.72410011291504,20.500000000002665,0.02586497387456855,0.0,0.0,,20.500045707763014,21.72410011291504,20.663383181827356,20.500000094443294,20.500000114921917,20.500000002671527,20.500000056026316,21.402696502575928,20.6858108901063,20.500503028130485,20.500000000376343,7025,0,20.50775949294234,20.500000006767657,719,21570.0,359.5,2025-04-23 20:28:30,2025-04-23 20:28:30,20.50706672668457,257923.0,0.9605806529468096,2025-04-23,20:28:30
20.501478455827588,21.72410011291504,20.500000000002665,0.025903673859763523,0.0,0.0,,20.5000455385623,21.72410011291504,20.664116148482783,20.500000089597755,20.500000111153067,20.50000000267149,20.500000056282925,21.402698740832857,20.686558576271533,20.500504736714174,20.500000000371763,7025,0,20.50779092921844,20.500000006255988,720,21600.0,360.0,2025-04-23 20:29:00,2025-04-23 20:29:00,20.50430679321289,258165.0,0.961164432146108,2025-04-23,20:29:00
